modul,einheit,zyklus,domaene,kennzahl,wert,art,quelle,hinweis
M479/M480,B-S-J-Z (China),2025,sci,Mittelwert,597.0,OFFICIAL_STATLINK,StatLink xgs41b Table I.2.o3–o6,
M479/M480,B-S-J-Z (China),2025,sci,SE (aus 95-%-KI),2.04,DERIVED_CI,"KI-Breite/(2·1,96)",
M479,B-S-J-Z (China),2025,sci,Rangspanne (alle),1–1,OFFICIAL_STATLINK,Table I.2.o3–o6,
M479/M480,B-S-J-Z (China),2025,read,Mittelwert,526.5,OFFICIAL_STATLINK,StatLink xgs41b Table I.2.o3–o6,
M479/M480,B-S-J-Z (China),2025,read,SE (aus 95-%-KI),1.79,DERIVED_CI,"KI-Breite/(2·1,96)",
M479,B-S-J-Z (China),2025,read,Rangspanne (alle),1–2,OFFICIAL_STATLINK,Table I.2.o3–o6,
M479/M480,B-S-J-Z (China),2025,math,Mittelwert,612.4,OFFICIAL_STATLINK,StatLink xgs41b Table I.2.o3–o6,
M479/M480,B-S-J-Z (China),2025,math,SE (aus 95-%-KI),2.55,DERIVED_CI,"KI-Breite/(2·1,96)",
M479,B-S-J-Z (China),2025,math,Rangspanne (alle),1–1,OFFICIAL_STATLINK,Table I.2.o3–o6,
M479/M480,B-S-J-Z (China),2025,cps,Mittelwert,560.3,OFFICIAL_STATLINK,StatLink xgs41b Table I.2.o3–o6,
M479/M480,B-S-J-Z (China),2025,cps,SE (aus 95-%-KI),1.53,DERIVED_CI,"KI-Breite/(2·1,96)",
M479,B-S-J-Z (China),2025,cps,Rangspanne (alle),2–4,OFFICIAL_STATLINK,Table I.2.o3–o6,
M479,B-S-J-Z (China),2025,sci,P10,481.9,OFFICIAL_STATLINK,Figure I.2.1,
M479,B-S-J-Z (China),2025,sci,P25,542.0,OFFICIAL_STATLINK,Figure I.2.1,
M479,B-S-J-Z (China),2025,sci,P50,602.5,OFFICIAL_STATLINK,Figure I.2.1,
M479,B-S-J-Z (China),2025,sci,P75,658.0,OFFICIAL_STATLINK,Figure I.2.1,
M479,B-S-J-Z (China),2025,sci,P90,705.0,OFFICIAL_STATLINK,Figure I.2.1,
M479/M480,B-S-J-Z (China),2025,sci,P90−P10,223.0,DERIVED_OFFICIAL,"Figure I.2.1, Differenz",
M479/M480,B-S-J-Z (China),2025,sci,unter Stufe 2 (%),2.5,DERIVED_OFFICIAL,"Figure I.2.3, Summe Stufen <1b–1a",
M479/M480,B-S-J-Z (China),2025,sci,Stufe 5–6 (%),35.6,DERIVED_OFFICIAL,"Figure I.2.3, Summe Stufen 5–6",
M479/M480,Singapore,2025,sci,Mittelwert,559.9,OFFICIAL_STATLINK,StatLink xgs41b Table I.2.o3–o6,
M479/M480,Singapore,2025,sci,SE (aus 95-%-KI),1.79,DERIVED_CI,"KI-Breite/(2·1,96)",
M479,Singapore,2025,sci,Rangspanne (alle),2–2,OFFICIAL_STATLINK,Table I.2.o3–o6,
M479/M480,Singapore,2025,read,Mittelwert,534.9,OFFICIAL_STATLINK,StatLink xgs41b Table I.2.o3–o6,
M479/M480,Singapore,2025,read,SE (aus 95-%-KI),2.04,DERIVED_CI,"KI-Breite/(2·1,96)",
M479,Singapore,2025,read,Rangspanne (alle),1–2,OFFICIAL_STATLINK,Table I.2.o3–o6,
M479/M480,Singapore,2025,math,Mittelwert,562.9,OFFICIAL_STATLINK,StatLink xgs41b Table I.2.o3–o6,
M479/M480,Singapore,2025,math,SE (aus 95-%-KI),1.53,DERIVED_CI,"KI-Breite/(2·1,96)",
M479,Singapore,2025,math,Rangspanne (alle),2–2,OFFICIAL_STATLINK,Table I.2.o3–o6,
M479/M480,Singapore,2025,cps,Mittelwert,563.5,OFFICIAL_STATLINK,StatLink xgs41b Table I.2.o3–o6,
M479/M480,Singapore,2025,cps,SE (aus 95-%-KI),1.28,DERIVED_CI,"KI-Breite/(2·1,96)",
M479,Singapore,2025,cps,Rangspanne (alle),2–4,OFFICIAL_STATLINK,Table I.2.o3–o6,
M479,Singapore,2025,sci,P10,410.6,OFFICIAL_STATLINK,Figure I.2.1,
M479,Singapore,2025,sci,P25,491.2,OFFICIAL_STATLINK,Figure I.2.1,
M479,Singapore,2025,sci,P50,571.4,OFFICIAL_STATLINK,Figure I.2.1,
M479,Singapore,2025,sci,P75,636.2,OFFICIAL_STATLINK,Figure I.2.1,
M479,Singapore,2025,sci,P90,686.6,OFFICIAL_STATLINK,Figure I.2.1,
M479/M480,Singapore,2025,sci,P90−P10,276.0,DERIVED_OFFICIAL,"Figure I.2.1, Differenz",
M479/M480,Singapore,2025,sci,unter Stufe 2 (%),9.9,DERIVED_OFFICIAL,"Figure I.2.3, Summe Stufen <1b–1a",
M479/M480,Singapore,2025,sci,Stufe 5–6 (%),26.1,DERIVED_OFFICIAL,"Figure I.2.3, Summe Stufen 5–6",
M479,Singapore,2022→2025,sci,Veränderung (n. s.),-1.6,OFFICIAL_STATLINK,Table I.2.6,
M479,Singapore,2022→2025,read,Veränderung (sig.),-7.7,OFFICIAL_STATLINK,Table I.2.6,
M479,Singapore,2022→2025,math,Veränderung (sig.),-11.8,OFFICIAL_STATLINK,Table I.2.6,
M479,Singapore,10 Jahre,sci,Dezennaltrend (sig.),7.3,OFFICIAL_STATLINK,Table I.2.9,
M479,Singapore,10 Jahre,read,Dezennaltrend (n. s.),-2.6,OFFICIAL_STATLINK,Table I.2.9,
M479,Singapore,10 Jahre,math,Dezennaltrend (n. s.),0.8,OFFICIAL_STATLINK,Table I.2.9,
M479/M480,Macao (China),2025,sci,Mittelwert,540.8,OFFICIAL_STATLINK,StatLink xgs41b Table I.2.o3–o6,
M479/M480,Macao (China),2025,sci,SE (aus 95-%-KI),1.02,DERIVED_CI,"KI-Breite/(2·1,96)",
M479,Macao (China),2025,sci,Rangspanne (alle),3–5,OFFICIAL_STATLINK,Table I.2.o3–o6,
M479/M480,Macao (China),2025,read,Mittelwert,501.1,OFFICIAL_STATLINK,StatLink xgs41b Table I.2.o3–o6,
M479/M480,Macao (China),2025,read,SE (aus 95-%-KI),1.02,DERIVED_CI,"KI-Breite/(2·1,96)",
M479,Macao (China),2025,read,Rangspanne (alle),3–11,OFFICIAL_STATLINK,Table I.2.o3–o6,
M479/M480,Macao (China),2025,math,Mittelwert,549.3,OFFICIAL_STATLINK,StatLink xgs41b Table I.2.o3–o6,
M479/M480,Macao (China),2025,math,SE (aus 95-%-KI),1.28,DERIVED_CI,"KI-Breite/(2·1,96)",
M479,Macao (China),2025,math,Rangspanne (alle),3–4,OFFICIAL_STATLINK,Table I.2.o3–o6,
M479/M480,Macao (China),2025,cps,Mittelwert,571.9,OFFICIAL_STATLINK,StatLink xgs41b Table I.2.o3–o6,
M479/M480,Macao (China),2025,cps,SE (aus 95-%-KI),1.02,DERIVED_CI,"KI-Breite/(2·1,96)",
M479,Macao (China),2025,cps,Rangspanne (alle),1–1,OFFICIAL_STATLINK,Table I.2.o3–o6,
M479,Macao (China),2025,sci,P10,423.1,OFFICIAL_STATLINK,Figure I.2.1,
M479,Macao (China),2025,sci,P25,484.6,OFFICIAL_STATLINK,Figure I.2.1,
M479,Macao (China),2025,sci,P50,545.8,OFFICIAL_STATLINK,Figure I.2.1,
M479,Macao (China),2025,sci,P75,603.1,OFFICIAL_STATLINK,Figure I.2.1,
M479,Macao (China),2025,sci,P90,649.8,OFFICIAL_STATLINK,Figure I.2.1,
M479/M480,Macao (China),2025,sci,P90−P10,226.7,DERIVED_OFFICIAL,"Figure I.2.1, Differenz",
M479/M480,Macao (China),2025,sci,unter Stufe 2 (%),7.9,DERIVED_OFFICIAL,"Figure I.2.3, Summe Stufen <1b–1a",
M479/M480,Macao (China),2025,sci,Stufe 5–6 (%),14.5,DERIVED_OFFICIAL,"Figure I.2.3, Summe Stufen 5–6",
M479,Macao (China),2022→2025,sci,Veränderung (n. s.),-2.3,OFFICIAL_STATLINK,Table I.2.6,
M479,Macao (China),2022→2025,read,Veränderung (sig.),-9.4,OFFICIAL_STATLINK,Table I.2.6,
M479,Macao (China),2022→2025,math,Veränderung (n. s.),-2.6,OFFICIAL_STATLINK,Table I.2.6,
M479,Macao (China),10 Jahre,sci,Dezennaltrend (sig.),10.4,OFFICIAL_STATLINK,Table I.2.9,
M479,Macao (China),10 Jahre,read,Dezennaltrend (sig.),-11.7,OFFICIAL_STATLINK,Table I.2.9,
M479,Macao (China),10 Jahre,math,Dezennaltrend (n. s.),2.8,OFFICIAL_STATLINK,Table I.2.9,
M479/M480,Chinese Taipei,2025,sci,Mittelwert,539.7,OFFICIAL_STATLINK,StatLink xgs41b Table I.2.o3–o6,
M479/M480,Chinese Taipei,2025,sci,SE (aus 95-%-KI),3.06,DERIVED_CI,"KI-Breite/(2·1,96)",
M479,Chinese Taipei,2025,sci,Rangspanne (alle),3–5,OFFICIAL_STATLINK,Table I.2.o3–o6,
M479/M480,Chinese Taipei,2025,read,Mittelwert,507.8,OFFICIAL_STATLINK,StatLink xgs41b Table I.2.o3–o6,
M479/M480,Chinese Taipei,2025,read,SE (aus 95-%-KI),3.06,DERIVED_CI,"KI-Breite/(2·1,96)",
M479,Chinese Taipei,2025,read,Rangspanne (alle),3–10,OFFICIAL_STATLINK,Table I.2.o3–o6,
M479/M480,Chinese Taipei,2025,math,Mittelwert,546.2,OFFICIAL_STATLINK,StatLink xgs41b Table I.2.o3–o6,
M479/M480,Chinese Taipei,2025,math,SE (aus 95-%-KI),3.06,DERIVED_CI,"KI-Breite/(2·1,96)",
M479,Chinese Taipei,2025,math,Rangspanne (alle),3–4,OFFICIAL_STATLINK,Table I.2.o3–o6,
M479/M480,Chinese Taipei,2025,cps,Mittelwert,550.9,OFFICIAL_STATLINK,StatLink xgs41b Table I.2.o3–o6,
M479/M480,Chinese Taipei,2025,cps,SE (aus 95-%-KI),2.55,DERIVED_CI,"KI-Breite/(2·1,96)",
M479,Chinese Taipei,2025,cps,Rangspanne (alle),4–6,OFFICIAL_STATLINK,Table I.2.o3–o6,
M479,Chinese Taipei,2025,sci,P10,390.7,OFFICIAL_STATLINK,Figure I.2.1,
M479,Chinese Taipei,2025,sci,P25,467.7,OFFICIAL_STATLINK,Figure I.2.1,
M479,Chinese Taipei,2025,sci,P50,548.2,OFFICIAL_STATLINK,Figure I.2.1,
M479,Chinese Taipei,2025,sci,P75,618.2,OFFICIAL_STATLINK,Figure I.2.1,
M479,Chinese Taipei,2025,sci,P90,672.0,OFFICIAL_STATLINK,Figure I.2.1,
M479/M480,Chinese Taipei,2025,sci,P90−P10,281.4,DERIVED_OFFICIAL,"Figure I.2.1, Differenz",
M479/M480,Chinese Taipei,2025,sci,unter Stufe 2 (%),12.9,DERIVED_OFFICIAL,"Figure I.2.3, Summe Stufen <1b–1a",
M479/M480,Chinese Taipei,2025,sci,Stufe 5–6 (%),20.1,DERIVED_OFFICIAL,"Figure I.2.3, Summe Stufen 5–6",
M479,Chinese Taipei,2022→2025,sci,Veränderung (n. s.),2.3,OFFICIAL_STATLINK,Table I.2.6,
M479,Chinese Taipei,2022→2025,read,Veränderung (n. s.),-7.4,OFFICIAL_STATLINK,Table I.2.6,
M479,Chinese Taipei,2022→2025,math,Veränderung (n. s.),-0.9,OFFICIAL_STATLINK,Table I.2.6,
M479,Chinese Taipei,10 Jahre,sci,Dezennaltrend (sig.),13.8,OFFICIAL_STATLINK,Table I.2.9,
M479,Chinese Taipei,10 Jahre,read,Dezennaltrend (sig.),13.5,OFFICIAL_STATLINK,Table I.2.9,
M479,Chinese Taipei,10 Jahre,math,Dezennaltrend (n. s.),8.8,OFFICIAL_STATLINK,Table I.2.9,
M479/M480,Japan,2025,sci,Mittelwert,537.6,OFFICIAL_STATLINK,StatLink xgs41b Table I.2.o3–o6,
M479/M480,Japan,2025,sci,SE (aus 95-%-KI),3.83,DERIVED_CI,"KI-Breite/(2·1,96)",
M479,Japan,2025,sci,Rangspanne (alle),3–7,OFFICIAL_STATLINK,Table I.2.o3–o6,
M479/M480,Japan,2025,read,Mittelwert,502.7,OFFICIAL_STATLINK,StatLink xgs41b Table I.2.o3–o6,
M479/M480,Japan,2025,read,SE (aus 95-%-KI),3.83,DERIVED_CI,"KI-Breite/(2·1,96)",
M479,Japan,2025,read,Rangspanne (alle),3–12,OFFICIAL_STATLINK,Table I.2.o3–o6,
M479/M480,Japan,2025,math,Mittelwert,525.4,OFFICIAL_STATLINK,StatLink xgs41b Table I.2.o3–o6,
M479/M480,Japan,2025,math,SE (aus 95-%-KI),4.34,DERIVED_CI,"KI-Breite/(2·1,96)",
M479,Japan,2025,math,Rangspanne (alle),5–7,OFFICIAL_STATLINK,Table I.2.o3–o6,
M479/M480,Japan,2025,cps,Mittelwert,557.3,OFFICIAL_STATLINK,StatLink xgs41b Table I.2.o3–o6,
M479/M480,Japan,2025,cps,SE (aus 95-%-KI),3.32,DERIVED_CI,"KI-Breite/(2·1,96)",
M479,Japan,2025,cps,Rangspanne (alle),2–5,OFFICIAL_STATLINK,Table I.2.o3–o6,
M479,Japan,2025,sci,P10,401.0,OFFICIAL_STATLINK,Figure I.2.1,
M479,Japan,2025,sci,P25,470.7,OFFICIAL_STATLINK,Figure I.2.1,
M479,Japan,2025,sci,P50,544.3,OFFICIAL_STATLINK,Figure I.2.1,
M479,Japan,2025,sci,P75,608.5,OFFICIAL_STATLINK,Figure I.2.1,
M479,Japan,2025,sci,P90,661.4,OFFICIAL_STATLINK,Figure I.2.1,
M479/M480,Japan,2025,sci,P90−P10,260.4,DERIVED_OFFICIAL,"Figure I.2.1, Differenz",
M479/M480,Japan,2025,sci,unter Stufe 2 (%),11.3,DERIVED_OFFICIAL,"Figure I.2.3, Summe Stufen <1b–1a",
M479/M480,Japan,2025,sci,Stufe 5–6 (%),17.2,DERIVED_OFFICIAL,"Figure I.2.3, Summe Stufen 5–6",
M479,Japan,2022→2025,sci,Veränderung (n. s.),-9.0,OFFICIAL_STATLINK,Table I.2.6,
M479,Japan,2022→2025,read,Veränderung (sig.),-13.1,OFFICIAL_STATLINK,Table I.2.6,
M479,Japan,2022→2025,math,Veränderung (n. s.),-10.2,OFFICIAL_STATLINK,Table I.2.6,
M479,Japan,10 Jahre,sci,Dezennaltrend (n. s.),5.3,OFFICIAL_STATLINK,Table I.2.9,
M479,Japan,10 Jahre,read,Dezennaltrend (n. s.),-7.3,OFFICIAL_STATLINK,Table I.2.9,
M479,Japan,10 Jahre,math,Dezennaltrend (n. s.),-3.1,OFFICIAL_STATLINK,Table I.2.9,
M479/M480,Estonia,2025,sci,Mittelwert,527.1,OFFICIAL_STATLINK,StatLink xgs41b Table I.2.o3–o6,
M479/M480,Estonia,2025,sci,SE (aus 95-%-KI),2.3,DERIVED_CI,"KI-Breite/(2·1,96)",
M479,Estonia,2025,sci,Rangspanne (alle),5–7,OFFICIAL_STATLINK,Table I.2.o3–o6,
M479/M480,Estonia,2025,read,Mittelwert,499.2,OFFICIAL_STATLINK,StatLink xgs41b Table I.2.o3–o6,
M479/M480,Estonia,2025,read,SE (aus 95-%-KI),2.55,DERIVED_CI,"KI-Breite/(2·1,96)",
M479,Estonia,2025,read,Rangspanne (alle),3–13,OFFICIAL_STATLINK,Table I.2.o3–o6,
M479/M480,Estonia,2025,math,Mittelwert,507.9,OFFICIAL_STATLINK,StatLink xgs41b Table I.2.o3–o6,
M479/M480,Estonia,2025,math,SE (aus 95-%-KI),2.3,DERIVED_CI,"KI-Breite/(2·1,96)",
M479,Estonia,2025,math,Rangspanne (alle),8–9,OFFICIAL_STATLINK,Table I.2.o3–o6,
M479/M480,Estonia,2025,cps,Mittelwert,540.7,OFFICIAL_STATLINK,StatLink xgs41b Table I.2.o3–o6,
M479/M480,Estonia,2025,cps,SE (aus 95-%-KI),1.79,DERIVED_CI,"KI-Breite/(2·1,96)",
M479,Estonia,2025,cps,Rangspanne (alle),6–8,OFFICIAL_STATLINK,Table I.2.o3–o6,
M479,Estonia,2025,sci,P10,409.8,OFFICIAL_STATLINK,Figure I.2.1,
M479,Estonia,2025,sci,P25,466.4,OFFICIAL_STATLINK,Figure I.2.1,
M479,Estonia,2025,sci,P50,529.7,OFFICIAL_STATLINK,Figure I.2.1,
M479,Estonia,2025,sci,P75,588.9,OFFICIAL_STATLINK,Figure I.2.1,
M479,Estonia,2025,sci,P90,639.5,OFFICIAL_STATLINK,Figure I.2.1,
M479/M480,Estonia,2025,sci,P90−P10,229.7,DERIVED_OFFICIAL,"Figure I.2.1, Differenz",
M479/M480,Estonia,2025,sci,unter Stufe 2 (%),9.9,DERIVED_OFFICIAL,"Figure I.2.3, Summe Stufen <1b–1a",
M479/M480,Estonia,2025,sci,Stufe 5–6 (%),11.3,DERIVED_OFFICIAL,"Figure I.2.3, Summe Stufen 5–6",
M479,Estonia,2022→2025,sci,Veränderung (n. s.),1.3,OFFICIAL_STATLINK,Table I.2.6,
M479,Estonia,2022→2025,read,Veränderung (sig.),-11.8,OFFICIAL_STATLINK,Table I.2.6,
M479,Estonia,2022→2025,math,Veränderung (n. s.),-2.1,OFFICIAL_STATLINK,Table I.2.6,
M479,Estonia,10 Jahre,sci,Dezennaltrend (n. s.),-7.6,OFFICIAL_STATLINK,Table I.2.9,
M479,Estonia,10 Jahre,read,Dezennaltrend (sig.),-21.3,OFFICIAL_STATLINK,Table I.2.9,
M479,Estonia,10 Jahre,math,Dezennaltrend (sig.),-14.7,OFFICIAL_STATLINK,Table I.2.9,
M479/M480,Korea,2025,sci,Mittelwert,526.1,OFFICIAL_STATLINK,StatLink xgs41b Table I.2.o3–o6,
M479/M480,Korea,2025,sci,SE (aus 95-%-KI),3.32,DERIVED_CI,"KI-Breite/(2·1,96)",
M479,Korea,2025,sci,Rangspanne (alle),5–7,OFFICIAL_STATLINK,Table I.2.o3–o6,
M479/M480,Korea,2025,read,Mittelwert,500.6,OFFICIAL_STATLINK,StatLink xgs41b Table I.2.o3–o6,
M479/M480,Korea,2025,read,SE (aus 95-%-KI),3.32,DERIVED_CI,"KI-Breite/(2·1,96)",
M479,Korea,2025,read,Rangspanne (alle),3–13,OFFICIAL_STATLINK,Table I.2.o3–o6,
M479/M480,Korea,2025,math,Mittelwert,522.3,OFFICIAL_STATLINK,StatLink xgs41b Table I.2.o3–o6,
M479/M480,Korea,2025,math,SE (aus 95-%-KI),3.83,DERIVED_CI,"KI-Breite/(2·1,96)",
M479,Korea,2025,math,Rangspanne (alle),5–7,OFFICIAL_STATLINK,Table I.2.o3–o6,
M479/M480,Korea,2025,cps,Mittelwert,537.7,OFFICIAL_STATLINK,StatLink xgs41b Table I.2.o3–o6,
M479/M480,Korea,2025,cps,SE (aus 95-%-KI),2.81,DERIVED_CI,"KI-Breite/(2·1,96)",
M479,Korea,2025,cps,Rangspanne (alle),6–10,OFFICIAL_STATLINK,Table I.2.o3–o6,
M479,Korea,2025,sci,P10,384.1,OFFICIAL_STATLINK,Figure I.2.1,
M479,Korea,2025,sci,P25,458.5,OFFICIAL_STATLINK,Figure I.2.1,
M479,Korea,2025,sci,P50,534.2,OFFICIAL_STATLINK,Figure I.2.1,
M479,Korea,2025,sci,P75,599.2,OFFICIAL_STATLINK,Figure I.2.1,
M479,Korea,2025,sci,P90,653.8,OFFICIAL_STATLINK,Figure I.2.1,
M479/M480,Korea,2025,sci,P90−P10,269.7,DERIVED_OFFICIAL,"Figure I.2.1, Differenz",
M479/M480,Korea,2025,sci,unter Stufe 2 (%),14.2,DERIVED_OFFICIAL,"Figure I.2.3, Summe Stufen <1b–1a",
M479/M480,Korea,2025,sci,Stufe 5–6 (%),14.7,DERIVED_OFFICIAL,"Figure I.2.3, Summe Stufen 5–6",
M479,Korea,2022→2025,sci,Veränderung (n. s.),-1.7,OFFICIAL_STATLINK,Table I.2.6,
M479,Korea,2022→2025,read,Veränderung (sig.),-14.9,OFFICIAL_STATLINK,Table I.2.6,
M479,Korea,2022→2025,math,Veränderung (n. s.),-5.0,OFFICIAL_STATLINK,Table I.2.6,
M479,Korea,10 Jahre,sci,Dezennaltrend (sig.),11.9,OFFICIAL_STATLINK,Table I.2.9,
M479,Korea,10 Jahre,read,Dezennaltrend (sig.),-14.1,OFFICIAL_STATLINK,Table I.2.9,
M479,Korea,10 Jahre,math,Dezennaltrend (n. s.),-1.1,OFFICIAL_STATLINK,Table I.2.9,
M479/M480,United Kingdom,2025,sci,Mittelwert,511.4,OFFICIAL_STATLINK,StatLink xgs41b Table I.2.o3–o6,
M479/M480,United Kingdom,2025,sci,SE (aus 95-%-KI),2.04,DERIVED_CI,"KI-Breite/(2·1,96)",
M479,United Kingdom,2025,sci,Rangspanne (alle),8–14,OFFICIAL_STATLINK,Table I.2.o3–o6,
M479/M480,United Kingdom,2025,read,Mittelwert,494.2,OFFICIAL_STATLINK,StatLink xgs41b Table I.2.o3–o6,
M479/M480,United Kingdom,2025,read,SE (aus 95-%-KI),2.04,DERIVED_CI,"KI-Breite/(2·1,96)",
M479,United Kingdom,2025,read,Rangspanne (alle),4–13,OFFICIAL_STATLINK,Table I.2.o3–o6,
M479/M480,United Kingdom,2025,math,Mittelwert,487.6,OFFICIAL_STATLINK,StatLink xgs41b Table I.2.o3–o6,
M479/M480,United Kingdom,2025,math,SE (aus 95-%-KI),2.3,DERIVED_CI,"KI-Breite/(2·1,96)",
M479,United Kingdom,2025,math,Rangspanne (alle),10–18,OFFICIAL_STATLINK,Table I.2.o3–o6,
M479/M480,United Kingdom,2025,cps,Mittelwert,522.6,OFFICIAL_STATLINK,StatLink xgs41b Table I.2.o3–o6,
M479/M480,United Kingdom,2025,cps,SE (aus 95-%-KI),1.79,DERIVED_CI,"KI-Breite/(2·1,96)",
M479,United Kingdom,2025,cps,Rangspanne (alle),11–15,OFFICIAL_STATLINK,Table I.2.o3–o6,
M479,United Kingdom,2025,sci,P10,373.8,OFFICIAL_STATLINK,Figure I.2.1,
M479,United Kingdom,2025,sci,P25,437.9,OFFICIAL_STATLINK,Figure I.2.1,
M479,United Kingdom,2025,sci,P50,512.1,OFFICIAL_STATLINK,Figure I.2.1,
M479,United Kingdom,2025,sci,P75,585.4,OFFICIAL_STATLINK,Figure I.2.1,
M479,United Kingdom,2025,sci,P90,646.5,OFFICIAL_STATLINK,Figure I.2.1,
M479/M480,United Kingdom,2025,sci,P90−P10,272.7,DERIVED_OFFICIAL,"Figure I.2.1, Differenz",
M479/M480,United Kingdom,2025,sci,unter Stufe 2 (%),17.4,DERIVED_OFFICIAL,"Figure I.2.3, Summe Stufen <1b–1a",
M479/M480,United Kingdom,2025,sci,Stufe 5–6 (%),12.6,DERIVED_OFFICIAL,"Figure I.2.3, Summe Stufen 5–6",
M479,United Kingdom,2022→2025,sci,Veränderung (sig.),11.7,OFFICIAL_STATLINK,Table I.2.6,
M479,United Kingdom,2022→2025,read,Veränderung (n. s.),-0.2,OFFICIAL_STATLINK,Table I.2.6,
M479,United Kingdom,2022→2025,math,Veränderung (n. s.),-1.4,OFFICIAL_STATLINK,Table I.2.6,
M479,United Kingdom,10 Jahre,sci,Dezennaltrend (n. s.),0.1,OFFICIAL_STATLINK,Table I.2.9,
M479,United Kingdom,10 Jahre,read,Dezennaltrend (n. s.),-6.5,OFFICIAL_STATLINK,Table I.2.9,
M479,United Kingdom,10 Jahre,math,Dezennaltrend (sig.),-8.6,OFFICIAL_STATLINK,Table I.2.9,
M479/M480,Canada,2025,sci,Mittelwert,510.1,OFFICIAL_STATLINK,StatLink xgs41b Table I.2.o3–o6,
M479/M480,Canada,2025,sci,SE (aus 95-%-KI),1.79,DERIVED_CI,"KI-Breite/(2·1,96)",
M479,Canada,2025,sci,Rangspanne (alle),8–14,OFFICIAL_STATLINK,Table I.2.o3–o6,
M479/M480,Canada,2025,read,Mittelwert,489.8,OFFICIAL_STATLINK,StatLink xgs41b Table I.2.o3–o6,
M479/M480,Canada,2025,read,SE (aus 95-%-KI),1.79,DERIVED_CI,"KI-Breite/(2·1,96)",
M479,Canada,2025,read,Rangspanne (alle),6–15,OFFICIAL_STATLINK,Table I.2.o3–o6,
M479/M480,Canada,2025,math,Mittelwert,485.3,OFFICIAL_STATLINK,StatLink xgs41b Table I.2.o3–o6,
M479/M480,Canada,2025,math,SE (aus 95-%-KI),1.79,DERIVED_CI,"KI-Breite/(2·1,96)",
M479,Canada,2025,math,Rangspanne (alle),10–19,OFFICIAL_STATLINK,Table I.2.o3–o6,
M479/M480,Canada,2025,cps,Mittelwert,524.9,OFFICIAL_STATLINK,StatLink xgs41b Table I.2.o3–o6,
M479/M480,Canada,2025,cps,SE (aus 95-%-KI),1.53,DERIVED_CI,"KI-Breite/(2·1,96)",
M479,Canada,2025,cps,Rangspanne (alle),9–15,OFFICIAL_STATLINK,Table I.2.o3–o6,
M479,Canada,2025,sci,P10,378.6,OFFICIAL_STATLINK,Figure I.2.1,
M479,Canada,2025,sci,P25,442.1,OFFICIAL_STATLINK,Figure I.2.1,
M479,Canada,2025,sci,P50,512.5,OFFICIAL_STATLINK,Figure I.2.1,
M479,Canada,2025,sci,P75,580.0,OFFICIAL_STATLINK,Figure I.2.1,
M479,Canada,2025,sci,P90,636.3,OFFICIAL_STATLINK,Figure I.2.1,
M479/M480,Canada,2025,sci,P90−P10,257.6,DERIVED_OFFICIAL,"Figure I.2.1, Differenz",
M479/M480,Canada,2025,sci,unter Stufe 2 (%),16.3,DERIVED_OFFICIAL,"Figure I.2.3, Summe Stufen <1b–1a",
M479/M480,Canada,2025,sci,Stufe 5–6 (%),10.6,DERIVED_OFFICIAL,"Figure I.2.3, Summe Stufen 5–6",
M479,Canada,2022→2025,sci,Veränderung (n. s.),-5.0,OFFICIAL_STATLINK,Table I.2.6,
M479,Canada,2022→2025,read,Veränderung (sig.),-17.3,OFFICIAL_STATLINK,Table I.2.6,
M479,Canada,2022→2025,math,Veränderung (sig.),-11.6,OFFICIAL_STATLINK,Table I.2.6,
M479,Canada,10 Jahre,sci,Dezennaltrend (sig.),-16.2,OFFICIAL_STATLINK,Table I.2.9,
M479,Canada,10 Jahre,read,Dezennaltrend (sig.),-36.2,OFFICIAL_STATLINK,Table I.2.9,
M479,Canada,10 Jahre,math,Dezennaltrend (sig.),-31.3,OFFICIAL_STATLINK,Table I.2.9,
M479/M480,New Zealand,2025,sci,Mittelwert,509.4,OFFICIAL_STATLINK,StatLink xgs41b Table I.2.o3–o6,
M479/M480,New Zealand,2025,sci,SE (aus 95-%-KI),2.3,DERIVED_CI,"KI-Breite/(2·1,96)",
M479,New Zealand,2025,sci,Rangspanne (alle),8–15,OFFICIAL_STATLINK,Table I.2.o3–o6,
M479/M480,New Zealand,2025,read,Mittelwert,497.0,OFFICIAL_STATLINK,StatLink xgs41b Table I.2.o3–o6,
M479/M480,New Zealand,2025,read,SE (aus 95-%-KI),2.55,DERIVED_CI,"KI-Breite/(2·1,96)",
M479,New Zealand,2025,read,Rangspanne (alle),3–13,OFFICIAL_STATLINK,Table I.2.o3–o6,
M479/M480,New Zealand,2025,math,Mittelwert,479.6,OFFICIAL_STATLINK,StatLink xgs41b Table I.2.o3–o6,
M479/M480,New Zealand,2025,math,SE (aus 95-%-KI),2.3,DERIVED_CI,"KI-Breite/(2·1,96)",
M479,New Zealand,2025,math,Rangspanne (alle),10–21,OFFICIAL_STATLINK,Table I.2.o3–o6,
M479/M480,New Zealand,2025,cps,Mittelwert,530.9,OFFICIAL_STATLINK,StatLink xgs41b Table I.2.o3–o6,
M479/M480,New Zealand,2025,cps,SE (aus 95-%-KI),1.53,DERIVED_CI,"KI-Breite/(2·1,96)",
M479,New Zealand,2025,cps,Rangspanne (alle),8–11,OFFICIAL_STATLINK,Table I.2.o3–o6,
M479,New Zealand,2025,sci,P10,366.4,OFFICIAL_STATLINK,Figure I.2.1,
M479,New Zealand,2025,sci,P25,432.1,OFFICIAL_STATLINK,Figure I.2.1,
M479,New Zealand,2025,sci,P50,510.7,OFFICIAL_STATLINK,Figure I.2.1,
M479,New Zealand,2025,sci,P75,587.3,OFFICIAL_STATLINK,Figure I.2.1,
M479,New Zealand,2025,sci,P90,650.3,OFFICIAL_STATLINK,Figure I.2.1,
M479/M480,New Zealand,2025,sci,P90−P10,283.9,DERIVED_OFFICIAL,"Figure I.2.1, Differenz",
M479/M480,New Zealand,2025,sci,unter Stufe 2 (%),19.1,DERIVED_OFFICIAL,"Figure I.2.3, Summe Stufen <1b–1a",
M479/M480,New Zealand,2025,sci,Stufe 5–6 (%),13.4,DERIVED_OFFICIAL,"Figure I.2.3, Summe Stufen 5–6",
M479,New Zealand,2022→2025,sci,Veränderung (n. s.),5.3,OFFICIAL_STATLINK,Table I.2.6,
M479,New Zealand,2022→2025,read,Veränderung (n. s.),-3.8,OFFICIAL_STATLINK,Table I.2.6,
M479,New Zealand,2022→2025,math,Veränderung (n. s.),0.5,OFFICIAL_STATLINK,Table I.2.6,
M479,New Zealand,10 Jahre,sci,Dezennaltrend (n. s.),-4.9,OFFICIAL_STATLINK,Table I.2.9,
M479,New Zealand,10 Jahre,read,Dezennaltrend (sig.),-12.2,OFFICIAL_STATLINK,Table I.2.9,
M479,New Zealand,10 Jahre,math,Dezennaltrend (sig.),-18.8,OFFICIAL_STATLINK,Table I.2.9,
M479/M480,Australia,2025,sci,Mittelwert,509.1,OFFICIAL_STATLINK,StatLink xgs41b Table I.2.o3–o6,
M479/M480,Australia,2025,sci,SE (aus 95-%-KI),2.04,DERIVED_CI,"KI-Breite/(2·1,96)",
M479,Australia,2025,sci,Rangspanne (alle),8–14,OFFICIAL_STATLINK,Table I.2.o3–o6,
M479/M480,Australia,2025,read,Mittelwert,490.9,OFFICIAL_STATLINK,StatLink xgs41b Table I.2.o3–o6,
M479/M480,Australia,2025,read,SE (aus 95-%-KI),1.79,DERIVED_CI,"KI-Breite/(2·1,96)",
M479,Australia,2025,read,Rangspanne (alle),6–15,OFFICIAL_STATLINK,Table I.2.o3–o6,
M479/M480,Australia,2025,math,Mittelwert,477.5,OFFICIAL_STATLINK,StatLink xgs41b Table I.2.o3–o6,
M479/M480,Australia,2025,math,SE (aus 95-%-KI),1.79,DERIVED_CI,"KI-Breite/(2·1,96)",
M479,Australia,2025,math,Rangspanne (alle),11–25,OFFICIAL_STATLINK,Table I.2.o3–o6,
M479/M480,Australia,2025,cps,Mittelwert,531.8,OFFICIAL_STATLINK,StatLink xgs41b Table I.2.o3–o6,
M479/M480,Australia,2025,cps,SE (aus 95-%-KI),1.79,DERIVED_CI,"KI-Breite/(2·1,96)",
M479,Australia,2025,cps,Rangspanne (alle),8–11,OFFICIAL_STATLINK,Table I.2.o3–o6,
M479,Australia,2025,sci,P10,367.9,OFFICIAL_STATLINK,Figure I.2.1,
M479,Australia,2025,sci,P25,435.3,OFFICIAL_STATLINK,Figure I.2.1,
M479,Australia,2025,sci,P50,513.3,OFFICIAL_STATLINK,Figure I.2.1,
M479,Australia,2025,sci,P75,584.3,OFFICIAL_STATLINK,Figure I.2.1,
M479,Australia,2025,sci,P90,643.0,OFFICIAL_STATLINK,Figure I.2.1,
M479/M480,Australia,2025,sci,P90−P10,275.1,DERIVED_OFFICIAL,"Figure I.2.1, Differenz",
M479/M480,Australia,2025,sci,unter Stufe 2 (%),18.4,DERIVED_OFFICIAL,"Figure I.2.3, Summe Stufen <1b–1a",
M479/M480,Australia,2025,sci,Stufe 5–6 (%),12.0,DERIVED_OFFICIAL,"Figure I.2.3, Summe Stufen 5–6",
M479,Australia,2022→2025,sci,Veränderung (n. s.),2.1,OFFICIAL_STATLINK,Table I.2.6,
M479,Australia,2022→2025,read,Veränderung (sig.),-7.2,OFFICIAL_STATLINK,Table I.2.6,
M479,Australia,2022→2025,math,Veränderung (sig.),-9.6,OFFICIAL_STATLINK,Table I.2.6,
M479,Australia,10 Jahre,sci,Dezennaltrend (n. s.),0.6,OFFICIAL_STATLINK,Table I.2.9,
M479,Australia,10 Jahre,read,Dezennaltrend (sig.),-12.0,OFFICIAL_STATLINK,Table I.2.9,
M479,Australia,10 Jahre,math,Dezennaltrend (sig.),-15.6,OFFICIAL_STATLINK,Table I.2.9,
M479/M480,Finland,2025,sci,Mittelwert,504.4,OFFICIAL_STATLINK,StatLink xgs41b Table I.2.o3–o6,
M479/M480,Finland,2025,sci,SE (aus 95-%-KI),2.3,DERIVED_CI,"KI-Breite/(2·1,96)",
M479,Finland,2025,sci,Rangspanne (alle),8–18,OFFICIAL_STATLINK,Table I.2.o3–o6,
M479/M480,Finland,2025,read,Mittelwert,474.3,OFFICIAL_STATLINK,StatLink xgs41b Table I.2.o3–o6,
M479/M480,Finland,2025,read,SE (aus 95-%-KI),2.04,DERIVED_CI,"KI-Breite/(2·1,96)",
M479,Finland,2025,read,Rangspanne (alle),13–25,OFFICIAL_STATLINK,Table I.2.o3–o6,
M479/M480,Finland,2025,math,Mittelwert,468.7,OFFICIAL_STATLINK,StatLink xgs41b Table I.2.o3–o6,
M479/M480,Finland,2025,math,SE (aus 95-%-KI),2.3,DERIVED_CI,"KI-Breite/(2·1,96)",
M479,Finland,2025,math,Rangspanne (alle),16–32,OFFICIAL_STATLINK,Table I.2.o3–o6,
M479/M480,Finland,2025,cps,Mittelwert,506.6,OFFICIAL_STATLINK,StatLink xgs41b Table I.2.o3–o6,
M479/M480,Finland,2025,cps,SE (aus 95-%-KI),2.3,DERIVED_CI,"KI-Breite/(2·1,96)",
M479,Finland,2025,cps,Rangspanne (alle),14–31,OFFICIAL_STATLINK,Table I.2.o3–o6,
M479,Finland,2025,sci,P10,363.3,OFFICIAL_STATLINK,Figure I.2.1,
M479,Finland,2025,sci,P25,431.1,OFFICIAL_STATLINK,Figure I.2.1,
M479,Finland,2025,sci,P50,508.3,OFFICIAL_STATLINK,Figure I.2.1,
M479,Finland,2025,sci,P75,579.6,OFFICIAL_STATLINK,Figure I.2.1,
M479,Finland,2025,sci,P90,638.1,OFFICIAL_STATLINK,Figure I.2.1,
M479/M480,Finland,2025,sci,P90−P10,274.8,DERIVED_OFFICIAL,"Figure I.2.1, Differenz",
M479/M480,Finland,2025,sci,unter Stufe 2 (%),19.4,DERIVED_OFFICIAL,"Figure I.2.3, Summe Stufen <1b–1a",
M479/M480,Finland,2025,sci,Stufe 5–6 (%),11.0,DERIVED_OFFICIAL,"Figure I.2.3, Summe Stufen 5–6",
M479,Finland,2022→2025,sci,Veränderung (n. s.),-6.6,OFFICIAL_STATLINK,Table I.2.6,
M479,Finland,2022→2025,read,Veränderung (sig.),-15.9,OFFICIAL_STATLINK,Table I.2.6,
M479,Finland,2022→2025,math,Veränderung (sig.),-15.4,OFFICIAL_STATLINK,Table I.2.6,
M479,Finland,10 Jahre,sci,Dezennaltrend (sig.),-26.4,OFFICIAL_STATLINK,Table I.2.9,
M479,Finland,10 Jahre,read,Dezennaltrend (sig.),-55.2,OFFICIAL_STATLINK,Table I.2.9,
M479,Finland,10 Jahre,math,Dezennaltrend (sig.),-44.5,OFFICIAL_STATLINK,Table I.2.9,
M479/M480,United States,2025,sci,Mittelwert,501.6,OFFICIAL_STATLINK,StatLink xgs41b Table I.2.o3–o6,
M479/M480,United States,2025,sci,SE (aus 95-%-KI),5.87,DERIVED_CI,"KI-Breite/(2·1,96)",
M479,United States,2025,sci,Rangspanne (alle),8–26,OFFICIAL_STATLINK,Table I.2.o3–o6,
M479/M480,United States,2025,read,Mittelwert,489.5,OFFICIAL_STATLINK,StatLink xgs41b Table I.2.o3–o6,
M479/M480,United States,2025,read,SE (aus 95-%-KI),5.87,DERIVED_CI,"KI-Breite/(2·1,96)",
M479,United States,2025,read,Rangspanne (alle),4–17,OFFICIAL_STATLINK,Table I.2.o3–o6,
M479/M480,United States,2025,math,Mittelwert,462.8,OFFICIAL_STATLINK,StatLink xgs41b Table I.2.o3–o6,
M479/M480,United States,2025,math,SE (aus 95-%-KI),5.36,DERIVED_CI,"KI-Breite/(2·1,96)",
M479,United States,2025,math,Rangspanne (alle),16–39,OFFICIAL_STATLINK,Table I.2.o3–o6,
M479/M480,United States,2025,cps,Mittelwert,513.2,OFFICIAL_STATLINK,StatLink xgs41b Table I.2.o3–o6,
M479/M480,United States,2025,cps,SE (aus 95-%-KI),5.1,DERIVED_CI,"KI-Breite/(2·1,96)",
M479,United States,2025,cps,Rangspanne (alle),11–30,OFFICIAL_STATLINK,Table I.2.o3–o6,
M479,United States,2025,sci,P10,351.4,OFFICIAL_STATLINK,Figure I.2.1,
M479,United States,2025,sci,P25,419.5,OFFICIAL_STATLINK,Figure I.2.1,
M479,United States,2025,sci,P50,501.7,OFFICIAL_STATLINK,Figure I.2.1,
M479,United States,2025,sci,P75,583.3,OFFICIAL_STATLINK,Figure I.2.1,
M479,United States,2025,sci,P90,649.3,OFFICIAL_STATLINK,Figure I.2.1,
M479/M480,United States,2025,sci,P90−P10,297.9,DERIVED_OFFICIAL,"Figure I.2.1, Differenz",
M479/M480,United States,2025,sci,unter Stufe 2 (%),22.3,DERIVED_OFFICIAL,"Figure I.2.3, Summe Stufen <1b–1a",
M479/M480,United States,2025,sci,Stufe 5–6 (%),12.9,DERIVED_OFFICIAL,"Figure I.2.3, Summe Stufen 5–6",
M479,United States,2022→2025,sci,Veränderung (n. s.),2.2,OFFICIAL_STATLINK,Table I.2.6,
M479,United States,2022→2025,read,Veränderung (sig.),-14.4,OFFICIAL_STATLINK,Table I.2.6,
M479,United States,2022→2025,math,Veränderung (n. s.),-2.0,OFFICIAL_STATLINK,Table I.2.6,
M479,United States,10 Jahre,sci,Dezennaltrend (n. s.),3.6,OFFICIAL_STATLINK,Table I.2.9,
M479,United States,10 Jahre,read,Dezennaltrend (n. s.),-6.9,OFFICIAL_STATLINK,Table I.2.9,
M479,United States,10 Jahre,math,Dezennaltrend (n. s.),-10.5,OFFICIAL_STATLINK,Table I.2.9,
M479/M480,Switzerland,2025,sci,Mittelwert,501.2,OFFICIAL_STATLINK,StatLink xgs41b Table I.2.o3–o6,
M479/M480,Switzerland,2025,sci,SE (aus 95-%-KI),2.55,DERIVED_CI,"KI-Breite/(2·1,96)",
M479,Switzerland,2025,sci,Rangspanne (alle),8–21,OFFICIAL_STATLINK,Table I.2.o3–o6,
M479/M480,Switzerland,2025,read,Mittelwert,470.1,OFFICIAL_STATLINK,StatLink xgs41b Table I.2.o3–o6,
M479/M480,Switzerland,2025,read,SE (aus 95-%-KI),3.06,DERIVED_CI,"KI-Breite/(2·1,96)",
M479,Switzerland,2025,read,Rangspanne (alle),13–27,OFFICIAL_STATLINK,Table I.2.o3–o6,
M479/M480,Switzerland,2025,math,Mittelwert,499.1,OFFICIAL_STATLINK,StatLink xgs41b Table I.2.o3–o6,
M479/M480,Switzerland,2025,math,SE (aus 95-%-KI),2.55,DERIVED_CI,"KI-Breite/(2·1,96)",
M479,Switzerland,2025,math,Rangspanne (alle),8–9,OFFICIAL_STATLINK,Table I.2.o3–o6,
M479/M480,Switzerland,2025,cps,Mittelwert,519.8,OFFICIAL_STATLINK,StatLink xgs41b Table I.2.o3–o6,
M479/M480,Switzerland,2025,cps,SE (aus 95-%-KI),2.3,DERIVED_CI,"KI-Breite/(2·1,96)",
M479,Switzerland,2025,cps,Rangspanne (alle),11–18,OFFICIAL_STATLINK,Table I.2.o3–o6,
M479,Switzerland,2025,sci,P10,361.7,OFFICIAL_STATLINK,Figure I.2.1,
M479,Switzerland,2025,sci,P25,425.6,OFFICIAL_STATLINK,Figure I.2.1,
M479,Switzerland,2025,sci,P50,504.5,OFFICIAL_STATLINK,Figure I.2.1,
M479,Switzerland,2025,sci,P75,577.0,OFFICIAL_STATLINK,Figure I.2.1,
M479,Switzerland,2025,sci,P90,634.2,OFFICIAL_STATLINK,Figure I.2.1,
M479/M480,Switzerland,2025,sci,P90−P10,272.5,DERIVED_OFFICIAL,"Figure I.2.1, Differenz",
M479/M480,Switzerland,2025,sci,unter Stufe 2 (%),20.8,DERIVED_OFFICIAL,"Figure I.2.3, Summe Stufen <1b–1a",
M479/M480,Switzerland,2025,sci,Stufe 5–6 (%),10.2,DERIVED_OFFICIAL,"Figure I.2.3, Summe Stufen 5–6",
M479,Switzerland,2022→2025,sci,Veränderung (n. s.),-1.3,OFFICIAL_STATLINK,Table I.2.6,
M479,Switzerland,2022→2025,read,Veränderung (sig.),-13.3,OFFICIAL_STATLINK,Table I.2.6,
M479,Switzerland,2022→2025,math,Veränderung (sig.),-8.8,OFFICIAL_STATLINK,Table I.2.6,
M479,Switzerland,10 Jahre,sci,Dezennaltrend (n. s.),-1.2,OFFICIAL_STATLINK,Table I.2.9,
M479,Switzerland,10 Jahre,read,Dezennaltrend (sig.),-19.3,OFFICIAL_STATLINK,Table I.2.9,
M479,Switzerland,10 Jahre,math,Dezennaltrend (sig.),-21.6,OFFICIAL_STATLINK,Table I.2.9,
M479/M480,Ireland,2025,sci,Mittelwert,499.6,OFFICIAL_STATLINK,StatLink xgs41b Table I.2.o3–o6,
M479/M480,Ireland,2025,sci,SE (aus 95-%-KI),2.3,DERIVED_CI,"KI-Breite/(2·1,96)",
M479,Ireland,2025,sci,Rangspanne (alle),11–21,OFFICIAL_STATLINK,Table I.2.o3–o6,
M479/M480,Ireland,2025,read,Mittelwert,500.4,OFFICIAL_STATLINK,StatLink xgs41b Table I.2.o3–o6,
M479/M480,Ireland,2025,read,SE (aus 95-%-KI),2.04,DERIVED_CI,"KI-Breite/(2·1,96)",
M479,Ireland,2025,read,Rangspanne (alle),3–11,OFFICIAL_STATLINK,Table I.2.o3–o6,
M479/M480,Ireland,2025,math,Mittelwert,479.9,OFFICIAL_STATLINK,StatLink xgs41b Table I.2.o3–o6,
M479/M480,Ireland,2025,math,SE (aus 95-%-KI),1.79,DERIVED_CI,"KI-Breite/(2·1,96)",
M479,Ireland,2025,math,Rangspanne (alle),10–20,OFFICIAL_STATLINK,Table I.2.o3–o6,
M479/M480,Ireland,2025,cps,Mittelwert,511.4,OFFICIAL_STATLINK,StatLink xgs41b Table I.2.o3–o6,
M479/M480,Ireland,2025,cps,SE (aus 95-%-KI),1.79,DERIVED_CI,"KI-Breite/(2·1,96)",
M479,Ireland,2025,cps,Rangspanne (alle),13–25,OFFICIAL_STATLINK,Table I.2.o3–o6,
M479,Ireland,2025,sci,P10,376.5,OFFICIAL_STATLINK,Figure I.2.1,
M479,Ireland,2025,sci,P25,434.4,OFFICIAL_STATLINK,Figure I.2.1,
M479,Ireland,2025,sci,P50,501.9,OFFICIAL_STATLINK,Figure I.2.1,
M479,Ireland,2025,sci,P75,565.6,OFFICIAL_STATLINK,Figure I.2.1,
M479,Ireland,2025,sci,P90,619.2,OFFICIAL_STATLINK,Figure I.2.1,
M479/M480,Ireland,2025,sci,P90−P10,242.8,DERIVED_OFFICIAL,"Figure I.2.1, Differenz",
M479/M480,Ireland,2025,sci,unter Stufe 2 (%),17.6,DERIVED_OFFICIAL,"Figure I.2.3, Summe Stufen <1b–1a",
M479/M480,Ireland,2025,sci,Stufe 5–6 (%),7.4,DERIVED_OFFICIAL,"Figure I.2.3, Summe Stufen 5–6",
M479,Ireland,2022→2025,sci,Veränderung (n. s.),-4.2,OFFICIAL_STATLINK,Table I.2.6,
M479,Ireland,2022→2025,read,Veränderung (sig.),-15.6,OFFICIAL_STATLINK,Table I.2.6,
M479,Ireland,2022→2025,math,Veränderung (sig.),-11.8,OFFICIAL_STATLINK,Table I.2.6,
M479,Ireland,10 Jahre,sci,Dezennaltrend (n. s.),0.1,OFFICIAL_STATLINK,Table I.2.9,
M479,Ireland,10 Jahre,read,Dezennaltrend (sig.),-18.3,OFFICIAL_STATLINK,Table I.2.9,
M479,Ireland,10 Jahre,math,Dezennaltrend (sig.),-23.3,OFFICIAL_STATLINK,Table I.2.9,
M479/M480,Austria,2025,sci,Mittelwert,496.9,OFFICIAL_STATLINK,StatLink xgs41b Table I.2.o3–o6,
M479/M480,Austria,2025,sci,SE (aus 95-%-KI),2.55,DERIVED_CI,"KI-Breite/(2·1,96)",
M479,Austria,2025,sci,Rangspanne (alle),12–25,OFFICIAL_STATLINK,Table I.2.o3–o6,
M479/M480,Austria,2025,read,Mittelwert,467.2,OFFICIAL_STATLINK,StatLink xgs41b Table I.2.o3–o6,
M479/M480,Austria,2025,read,SE (aus 95-%-KI),2.55,DERIVED_CI,"KI-Breite/(2·1,96)",
M479,Austria,2025,read,Rangspanne (alle),16–28,OFFICIAL_STATLINK,Table I.2.o3–o6,
M479/M480,Austria,2025,math,Mittelwert,477.2,OFFICIAL_STATLINK,StatLink xgs41b Table I.2.o3–o6,
M479/M480,Austria,2025,math,SE (aus 95-%-KI),2.55,DERIVED_CI,"KI-Breite/(2·1,96)",
M479,Austria,2025,math,Rangspanne (alle),10–25,OFFICIAL_STATLINK,Table I.2.o3–o6,
M479/M480,Austria,2025,cps,Mittelwert,509.5,OFFICIAL_STATLINK,StatLink xgs41b Table I.2.o3–o6,
M479/M480,Austria,2025,cps,SE (aus 95-%-KI),2.55,DERIVED_CI,"KI-Breite/(2·1,96)",
M479,Austria,2025,cps,Rangspanne (alle),13–28,OFFICIAL_STATLINK,Table I.2.o3–o6,
M479,Austria,2025,sci,P10,359.6,OFFICIAL_STATLINK,Figure I.2.1,
M479,Austria,2025,sci,P25,423.5,OFFICIAL_STATLINK,Figure I.2.1,
M479,Austria,2025,sci,P50,500.2,OFFICIAL_STATLINK,Figure I.2.1,
M479,Austria,2025,sci,P75,571.0,OFFICIAL_STATLINK,Figure I.2.1,
M479,Austria,2025,sci,P90,627.7,OFFICIAL_STATLINK,Figure I.2.1,
M479/M480,Austria,2025,sci,P90−P10,268.1,DERIVED_OFFICIAL,"Figure I.2.1, Differenz",
M479/M480,Austria,2025,sci,unter Stufe 2 (%),21.1,DERIVED_OFFICIAL,"Figure I.2.3, Summe Stufen <1b–1a",
M479/M480,Austria,2025,sci,Stufe 5–6 (%),8.9,DERIVED_OFFICIAL,"Figure I.2.3, Summe Stufen 5–6",
M479,Austria,2022→2025,sci,Veränderung (n. s.),5.6,OFFICIAL_STATLINK,Table I.2.6,
M479,Austria,2022→2025,read,Veränderung (sig.),-13.2,OFFICIAL_STATLINK,Table I.2.6,
M479,Austria,2022→2025,math,Veränderung (sig.),-10.1,OFFICIAL_STATLINK,Table I.2.6,
M479,Austria,10 Jahre,sci,Dezennaltrend (n. s.),2.1,OFFICIAL_STATLINK,Table I.2.9,
M479,Austria,10 Jahre,read,Dezennaltrend (sig.),-16.6,OFFICIAL_STATLINK,Table I.2.9,
M479,Austria,10 Jahre,math,Dezennaltrend (sig.),-20.9,OFFICIAL_STATLINK,Table I.2.9,
M479/M480,Hong Kong (China),2025,sci,Mittelwert,495.6,OFFICIAL_STATLINK,StatLink xgs41b Table I.2.o3–o6,
M479/M480,Hong Kong (China),2025,sci,SE (aus 95-%-KI),3.06,DERIVED_CI,"KI-Breite/(2·1,96)",
M479,Hong Kong (China),2025,sci,Rangspanne (alle),12–27,OFFICIAL_STATLINK,Table I.2.o3–o6,
M479/M480,Hong Kong (China),2025,read,Mittelwert,480.1,OFFICIAL_STATLINK,StatLink xgs41b Table I.2.o3–o6,
M479/M480,Hong Kong (China),2025,read,SE (aus 95-%-KI),3.06,DERIVED_CI,"KI-Breite/(2·1,96)",
M479,Hong Kong (China),2025,read,Rangspanne (alle),11–20,OFFICIAL_STATLINK,Table I.2.o3–o6,
M479/M480,Hong Kong (China),2025,math,Mittelwert,521.7,OFFICIAL_STATLINK,StatLink xgs41b Table I.2.o3–o6,
M479/M480,Hong Kong (China),2025,math,SE (aus 95-%-KI),2.81,DERIVED_CI,"KI-Breite/(2·1,96)",
M479,Hong Kong (China),2025,math,Rangspanne (alle),5–7,OFFICIAL_STATLINK,Table I.2.o3–o6,
M479/M480,Hong Kong (China),2025,cps,Mittelwert,545.5,OFFICIAL_STATLINK,StatLink xgs41b Table I.2.o3–o6,
M479/M480,Hong Kong (China),2025,cps,SE (aus 95-%-KI),2.3,DERIVED_CI,"KI-Breite/(2·1,96)",
M479,Hong Kong (China),2025,cps,Rangspanne (alle),5–8,OFFICIAL_STATLINK,Table I.2.o3–o6,
M479,Hong Kong (China),2025,sci,P10,360.5,OFFICIAL_STATLINK,Figure I.2.1,
M479,Hong Kong (China),2025,sci,P25,424.2,OFFICIAL_STATLINK,Figure I.2.1,
M479,Hong Kong (China),2025,sci,P50,497.9,OFFICIAL_STATLINK,Figure I.2.1,
M479,Hong Kong (China),2025,sci,P75,567.3,OFFICIAL_STATLINK,Figure I.2.1,
M479,Hong Kong (China),2025,sci,P90,628.1,OFFICIAL_STATLINK,Figure I.2.1,
M479/M480,Hong Kong (China),2025,sci,P90−P10,267.5,DERIVED_OFFICIAL,"Figure I.2.1, Differenz",
M479/M480,Hong Kong (China),2025,sci,unter Stufe 2 (%),20.9,DERIVED_OFFICIAL,"Figure I.2.3, Summe Stufen <1b–1a",
M479/M480,Hong Kong (China),2025,sci,Stufe 5–6 (%),9.1,DERIVED_OFFICIAL,"Figure I.2.3, Summe Stufen 5–6",
M479,Hong Kong (China),2022→2025,sci,Veränderung (sig.),-24.8,OFFICIAL_STATLINK,Table I.2.6,
M479,Hong Kong (China),2022→2025,read,Veränderung (sig.),-19.6,OFFICIAL_STATLINK,Table I.2.6,
M479,Hong Kong (China),2022→2025,math,Veränderung (sig.),-18.6,OFFICIAL_STATLINK,Table I.2.6,
M479,Hong Kong (China),10 Jahre,sci,Dezennaltrend (sig.),-22.5,OFFICIAL_STATLINK,Table I.2.9,
M479,Hong Kong (China),10 Jahre,read,Dezennaltrend (sig.),-48.6,OFFICIAL_STATLINK,Table I.2.9,
M479,Hong Kong (China),10 Jahre,math,Dezennaltrend (sig.),-26.3,OFFICIAL_STATLINK,Table I.2.9,
M479/M480,Poland,2025,sci,Mittelwert,495.1,OFFICIAL_STATLINK,StatLink xgs41b Table I.2.o3–o6,
M479/M480,Poland,2025,sci,SE (aus 95-%-KI),2.55,DERIVED_CI,"KI-Breite/(2·1,96)",
M479,Poland,2025,sci,Rangspanne (alle),12–27,OFFICIAL_STATLINK,Table I.2.o3–o6,
M479/M480,Poland,2025,read,Mittelwert,481.5,OFFICIAL_STATLINK,StatLink xgs41b Table I.2.o3–o6,
M479/M480,Poland,2025,read,SE (aus 95-%-KI),2.81,DERIVED_CI,"KI-Breite/(2·1,96)",
M479,Poland,2025,read,Rangspanne (alle),11–19,OFFICIAL_STATLINK,Table I.2.o3–o6,
M479/M480,Poland,2025,math,Mittelwert,484.1,OFFICIAL_STATLINK,StatLink xgs41b Table I.2.o3–o6,
M479/M480,Poland,2025,math,SE (aus 95-%-KI),2.81,DERIVED_CI,"KI-Breite/(2·1,96)",
M479,Poland,2025,math,Rangspanne (alle),10–19,OFFICIAL_STATLINK,Table I.2.o3–o6,
M479/M480,Poland,2025,cps,Mittelwert,506.7,OFFICIAL_STATLINK,StatLink xgs41b Table I.2.o3–o6,
M479/M480,Poland,2025,cps,SE (aus 95-%-KI),2.81,DERIVED_CI,"KI-Breite/(2·1,96)",
M479,Poland,2025,cps,Rangspanne (alle),14–31,OFFICIAL_STATLINK,Table I.2.o3–o6,
M479,Poland,2025,sci,P10,365.6,OFFICIAL_STATLINK,Figure I.2.1,
M479,Poland,2025,sci,P25,427.4,OFFICIAL_STATLINK,Figure I.2.1,
M479,Poland,2025,sci,P50,498.1,OFFICIAL_STATLINK,Figure I.2.1,
M479,Poland,2025,sci,P75,564.2,OFFICIAL_STATLINK,Figure I.2.1,
M479,Poland,2025,sci,P90,619.0,OFFICIAL_STATLINK,Figure I.2.1,
M479/M480,Poland,2025,sci,P90−P10,253.3,DERIVED_OFFICIAL,"Figure I.2.1, Differenz",
M479/M480,Poland,2025,sci,unter Stufe 2 (%),20.0,DERIVED_OFFICIAL,"Figure I.2.3, Summe Stufen <1b–1a",
M479/M480,Poland,2025,sci,Stufe 5–6 (%),7.5,DERIVED_OFFICIAL,"Figure I.2.3, Summe Stufen 5–6",
M479,Poland,2022→2025,sci,Veränderung (n. s.),-4.1,OFFICIAL_STATLINK,Table I.2.6,
M479,Poland,2022→2025,read,Veränderung (n. s.),-7.2,OFFICIAL_STATLINK,Table I.2.6,
M479,Poland,2022→2025,math,Veränderung (n. s.),-4.8,OFFICIAL_STATLINK,Table I.2.6,
M479,Poland,10 Jahre,sci,Dezennaltrend (sig.),-9.6,OFFICIAL_STATLINK,Table I.2.9,
M479,Poland,10 Jahre,read,Dezennaltrend (sig.),-28.8,OFFICIAL_STATLINK,Table I.2.9,
M479,Poland,10 Jahre,math,Dezennaltrend (sig.),-26.7,OFFICIAL_STATLINK,Table I.2.9,
M479/M480,Türkiye,2025,sci,Mittelwert,494.3,OFFICIAL_STATLINK,StatLink xgs41b Table I.2.o3–o6,
M479/M480,Türkiye,2025,sci,SE (aus 95-%-KI),2.3,DERIVED_CI,"KI-Breite/(2·1,96)",
M479,Türkiye,2025,sci,Rangspanne (alle),13–27,OFFICIAL_STATLINK,Table I.2.o3–o6,
M479/M480,Türkiye,2025,read,Mittelwert,472.1,OFFICIAL_STATLINK,StatLink xgs41b Table I.2.o3–o6,
M479/M480,Türkiye,2025,read,SE (aus 95-%-KI),2.3,DERIVED_CI,"KI-Breite/(2·1,96)",
M479,Türkiye,2025,read,Rangspanne (alle),13–26,OFFICIAL_STATLINK,Table I.2.o3–o6,
M479/M480,Türkiye,2025,math,Mittelwert,461.5,OFFICIAL_STATLINK,StatLink xgs41b Table I.2.o3–o6,
M479/M480,Türkiye,2025,math,SE (aus 95-%-KI),2.3,DERIVED_CI,"KI-Breite/(2·1,96)",
M479,Türkiye,2025,math,Rangspanne (alle),20–38,OFFICIAL_STATLINK,Table I.2.o3–o6,
M479/M480,Türkiye,2025,cps,Mittelwert,472.9,OFFICIAL_STATLINK,StatLink xgs41b Table I.2.o3–o6,
M479/M480,Türkiye,2025,cps,SE (aus 95-%-KI),2.04,DERIVED_CI,"KI-Breite/(2·1,96)",
M479,Türkiye,2025,cps,Rangspanne (alle),39–43,OFFICIAL_STATLINK,Table I.2.o3–o6,
M479,Türkiye,2025,sci,P10,370.7,OFFICIAL_STATLINK,Figure I.2.1,
M479,Türkiye,2025,sci,P25,427.8,OFFICIAL_STATLINK,Figure I.2.1,
M479,Türkiye,2025,sci,P50,494.3,OFFICIAL_STATLINK,Figure I.2.1,
M479,Türkiye,2025,sci,P75,560.0,OFFICIAL_STATLINK,Figure I.2.1,
M479,Türkiye,2025,sci,P90,618.6,OFFICIAL_STATLINK,Figure I.2.1,
M479/M480,Türkiye,2025,sci,P90−P10,247.9,DERIVED_OFFICIAL,"Figure I.2.1, Differenz",
M479/M480,Türkiye,2025,sci,unter Stufe 2 (%),19.5,DERIVED_OFFICIAL,"Figure I.2.3, Summe Stufen <1b–1a",
M479/M480,Türkiye,2025,sci,Stufe 5–6 (%),7.4,DERIVED_OFFICIAL,"Figure I.2.3, Summe Stufen 5–6",
M479,Türkiye,2022→2025,sci,Veränderung (sig.),18.3,OFFICIAL_STATLINK,Table I.2.6,
M479,Türkiye,2022→2025,read,Veränderung (sig.),16.0,OFFICIAL_STATLINK,Table I.2.6,
M479,Türkiye,2022→2025,math,Veränderung (sig.),8.4,OFFICIAL_STATLINK,Table I.2.6,
M479,Türkiye,10 Jahre,sci,Dezennaltrend (sig.),61.9,OFFICIAL_STATLINK,Table I.2.9,
M479,Türkiye,10 Jahre,read,Dezennaltrend (sig.),34.4,OFFICIAL_STATLINK,Table I.2.9,
M479,Türkiye,10 Jahre,math,Dezennaltrend (sig.),35.3,OFFICIAL_STATLINK,Table I.2.9,
M479/M480,Czechia,2025,sci,Mittelwert,490.3,OFFICIAL_STATLINK,StatLink xgs41b Table I.2.o3–o6,
M479/M480,Czechia,2025,sci,SE (aus 95-%-KI),2.55,DERIVED_CI,"KI-Breite/(2·1,96)",
M479,Czechia,2025,sci,Rangspanne (alle),13–30,OFFICIAL_STATLINK,Table I.2.o3–o6,
M479/M480,Czechia,2025,read,Mittelwert,468.4,OFFICIAL_STATLINK,StatLink xgs41b Table I.2.o3–o6,
M479/M480,Czechia,2025,read,SE (aus 95-%-KI),2.81,DERIVED_CI,"KI-Breite/(2·1,96)",
M479,Czechia,2025,read,Rangspanne (alle),15–28,OFFICIAL_STATLINK,Table I.2.o3–o6,
M479/M480,Czechia,2025,math,Mittelwert,477.1,OFFICIAL_STATLINK,StatLink xgs41b Table I.2.o3–o6,
M479/M480,Czechia,2025,math,SE (aus 95-%-KI),2.55,DERIVED_CI,"KI-Breite/(2·1,96)",
M479,Czechia,2025,math,Rangspanne (alle),11–25,OFFICIAL_STATLINK,Table I.2.o3–o6,
M479/M480,Czechia,2025,cps,Mittelwert,516.5,OFFICIAL_STATLINK,StatLink xgs41b Table I.2.o3–o6,
M479/M480,Czechia,2025,cps,SE (aus 95-%-KI),2.3,DERIVED_CI,"KI-Breite/(2·1,96)",
M479,Czechia,2025,cps,Rangspanne (alle),11–21,OFFICIAL_STATLINK,Table I.2.o3–o6,
M479,Czechia,2025,sci,P10,362.5,OFFICIAL_STATLINK,Figure I.2.1,
M479,Czechia,2025,sci,P25,421.8,OFFICIAL_STATLINK,Figure I.2.1,
M479,Czechia,2025,sci,P50,490.7,OFFICIAL_STATLINK,Figure I.2.1,
M479,Czechia,2025,sci,P75,558.7,OFFICIAL_STATLINK,Figure I.2.1,
M479,Czechia,2025,sci,P90,616.2,OFFICIAL_STATLINK,Figure I.2.1,
M479/M480,Czechia,2025,sci,P90−P10,253.8,DERIVED_OFFICIAL,"Figure I.2.1, Differenz",
M479/M480,Czechia,2025,sci,unter Stufe 2 (%),21.3,DERIVED_OFFICIAL,"Figure I.2.3, Summe Stufen <1b–1a",
M479/M480,Czechia,2025,sci,Stufe 5–6 (%),7.0,DERIVED_OFFICIAL,"Figure I.2.3, Summe Stufen 5–6",
M479,Czechia,2022→2025,sci,Veränderung (n. s.),-7.5,OFFICIAL_STATLINK,Table I.2.6,
M479,Czechia,2022→2025,read,Veränderung (sig.),-20.2,OFFICIAL_STATLINK,Table I.2.6,
M479,Czechia,2022→2025,math,Veränderung (sig.),-9.9,OFFICIAL_STATLINK,Table I.2.6,
M479,Czechia,10 Jahre,sci,Dezennaltrend (n. s.),-1.9,OFFICIAL_STATLINK,Table I.2.9,
M479,Czechia,10 Jahre,read,Dezennaltrend (sig.),-16.8,OFFICIAL_STATLINK,Table I.2.9,
M479,Czechia,10 Jahre,math,Dezennaltrend (sig.),-17.4,OFFICIAL_STATLINK,Table I.2.9,
M479/M480,Belgium,2025,sci,Mittelwert,489.7,OFFICIAL_STATLINK,StatLink xgs41b Table I.2.o3–o6,
M479/M480,Belgium,2025,sci,SE (aus 95-%-KI),2.81,DERIVED_CI,"KI-Breite/(2·1,96)",
M479,Belgium,2025,sci,Rangspanne (alle),13–30,OFFICIAL_STATLINK,Table I.2.o3–o6,
M479/M480,Belgium,2025,read,Mittelwert,466.3,OFFICIAL_STATLINK,StatLink xgs41b Table I.2.o3–o6,
M479/M480,Belgium,2025,read,SE (aus 95-%-KI),3.06,DERIVED_CI,"KI-Breite/(2·1,96)",
M479,Belgium,2025,read,Rangspanne (alle),16–28,OFFICIAL_STATLINK,Table I.2.o3–o6,
M479/M480,Belgium,2025,math,Mittelwert,479.7,OFFICIAL_STATLINK,StatLink xgs41b Table I.2.o3–o6,
M479/M480,Belgium,2025,math,SE (aus 95-%-KI),2.81,DERIVED_CI,"KI-Breite/(2·1,96)",
M479,Belgium,2025,math,Rangspanne (alle),10–25,OFFICIAL_STATLINK,Table I.2.o3–o6,
M479/M480,Belgium,2025,cps,Mittelwert,508.1,OFFICIAL_STATLINK,StatLink xgs41b Table I.2.o3–o6,
M479/M480,Belgium,2025,cps,SE (aus 95-%-KI),2.55,DERIVED_CI,"KI-Breite/(2·1,96)",
M479,Belgium,2025,cps,Rangspanne (alle),14–30,OFFICIAL_STATLINK,Table I.2.o3–o6,
M479,Belgium,2025,sci,P10,349.0,OFFICIAL_STATLINK,Figure I.2.1,
M479,Belgium,2025,sci,P25,415.6,OFFICIAL_STATLINK,Figure I.2.1,
M479,Belgium,2025,sci,P50,496.5,OFFICIAL_STATLINK,Figure I.2.1,
M479,Belgium,2025,sci,P75,565.3,OFFICIAL_STATLINK,Figure I.2.1,
M479,Belgium,2025,sci,P90,618.7,OFFICIAL_STATLINK,Figure I.2.1,
M479/M480,Belgium,2025,sci,P90−P10,269.7,DERIVED_OFFICIAL,"Figure I.2.1, Differenz",
M479/M480,Belgium,2025,sci,unter Stufe 2 (%),23.4,DERIVED_OFFICIAL,"Figure I.2.3, Summe Stufen <1b–1a",
M479/M480,Belgium,2025,sci,Stufe 5–6 (%),7.3,DERIVED_OFFICIAL,"Figure I.2.3, Summe Stufen 5–6",
M479,Belgium,2022→2025,sci,Veränderung (n. s.),-0.9,OFFICIAL_STATLINK,Table I.2.6,
M479,Belgium,2022→2025,read,Veränderung (sig.),-12.5,OFFICIAL_STATLINK,Table I.2.6,
M479,Belgium,2022→2025,math,Veränderung (sig.),-9.8,OFFICIAL_STATLINK,Table I.2.6,
M479,Belgium,10 Jahre,sci,Dezennaltrend (sig.),-13.4,OFFICIAL_STATLINK,Table I.2.9,
M479,Belgium,10 Jahre,read,Dezennaltrend (sig.),-32.6,OFFICIAL_STATLINK,Table I.2.9,
M479,Belgium,10 Jahre,math,Dezennaltrend (sig.),-29.9,OFFICIAL_STATLINK,Table I.2.9,
M479/M480,Lithuania,2025,sci,Mittelwert,487.7,OFFICIAL_STATLINK,StatLink xgs41b Table I.2.o3–o6,
M479/M480,Lithuania,2025,sci,SE (aus 95-%-KI),1.79,DERIVED_CI,"KI-Breite/(2·1,96)",
M479,Lithuania,2025,sci,Rangspanne (alle),15–30,OFFICIAL_STATLINK,Table I.2.o3–o6,
M479/M480,Lithuania,2025,read,Mittelwert,464.1,OFFICIAL_STATLINK,StatLink xgs41b Table I.2.o3–o6,
M479/M480,Lithuania,2025,read,SE (aus 95-%-KI),2.04,DERIVED_CI,"KI-Breite/(2·1,96)",
M479,Lithuania,2025,read,Rangspanne (alle),17–28,OFFICIAL_STATLINK,Table I.2.o3–o6,
M479/M480,Lithuania,2025,math,Mittelwert,470.5,OFFICIAL_STATLINK,StatLink xgs41b Table I.2.o3–o6,
M479/M480,Lithuania,2025,math,SE (aus 95-%-KI),1.79,DERIVED_CI,"KI-Breite/(2·1,96)",
M479,Lithuania,2025,math,Rangspanne (alle),15–29,OFFICIAL_STATLINK,Table I.2.o3–o6,
M479/M480,Lithuania,2025,cps,Mittelwert,511.8,OFFICIAL_STATLINK,StatLink xgs41b Table I.2.o3–o6,
M479/M480,Lithuania,2025,cps,SE (aus 95-%-KI),1.53,DERIVED_CI,"KI-Breite/(2·1,96)",
M479,Lithuania,2025,cps,Rangspanne (alle),13–25,OFFICIAL_STATLINK,Table I.2.o3–o6,
M479,Lithuania,2025,sci,P10,370.6,OFFICIAL_STATLINK,Figure I.2.1,
M479,Lithuania,2025,sci,P25,425.8,OFFICIAL_STATLINK,Figure I.2.1,
M479,Lithuania,2025,sci,P50,488.5,OFFICIAL_STATLINK,Figure I.2.1,
M479,Lithuania,2025,sci,P75,550.6,OFFICIAL_STATLINK,Figure I.2.1,
M479,Lithuania,2025,sci,P90,601.8,OFFICIAL_STATLINK,Figure I.2.1,
M479/M480,Lithuania,2025,sci,P90−P10,231.3,DERIVED_OFFICIAL,"Figure I.2.1, Differenz",
M479/M480,Lithuania,2025,sci,unter Stufe 2 (%),19.7,DERIVED_OFFICIAL,"Figure I.2.3, Summe Stufen <1b–1a",
M479/M480,Lithuania,2025,sci,Stufe 5–6 (%),4.8,DERIVED_OFFICIAL,"Figure I.2.3, Summe Stufen 5–6",
M479,Lithuania,2022→2025,sci,Veränderung (n. s.),3.3,OFFICIAL_STATLINK,Table I.2.6,
M479,Lithuania,2022→2025,read,Veränderung (sig.),-7.8,OFFICIAL_STATLINK,Table I.2.6,
M479,Lithuania,2022→2025,math,Veränderung (n. s.),-4.7,OFFICIAL_STATLINK,Table I.2.6,
M479,Lithuania,10 Jahre,sci,Dezennaltrend (sig.),11.5,OFFICIAL_STATLINK,Table I.2.9,
M479,Lithuania,10 Jahre,read,Dezennaltrend (n. s.),-8.6,OFFICIAL_STATLINK,Table I.2.9,
M479,Lithuania,10 Jahre,math,Dezennaltrend (sig.),-8.9,OFFICIAL_STATLINK,Table I.2.9,
M479/M480,Germany,2025,sci,Mittelwert,485.5,OFFICIAL_STATLINK,StatLink xgs41b Table I.2.o3–o6,
M479/M480,Germany,2025,sci,SE (aus 95-%-KI),3.32,DERIVED_CI,"KI-Breite/(2·1,96)",
M479,Germany,2025,sci,Rangspanne (alle),15–34,OFFICIAL_STATLINK,Table I.2.o3–o6,
M479/M480,Germany,2025,read,Mittelwert,465.3,OFFICIAL_STATLINK,StatLink xgs41b Table I.2.o3–o6,
M479/M480,Germany,2025,read,SE (aus 95-%-KI),3.57,DERIVED_CI,"KI-Breite/(2·1,96)",
M479,Germany,2025,read,Rangspanne (alle),16–28,OFFICIAL_STATLINK,Table I.2.o3–o6,
M479/M480,Germany,2025,math,Mittelwert,463.8,OFFICIAL_STATLINK,StatLink xgs41b Table I.2.o3–o6,
M479/M480,Germany,2025,math,SE (aus 95-%-KI),3.06,DERIVED_CI,"KI-Breite/(2·1,96)",
M479,Germany,2025,math,Rangspanne (alle),20–37,OFFICIAL_STATLINK,Table I.2.o3–o6,
M479/M480,Germany,2025,cps,Mittelwert,497.5,OFFICIAL_STATLINK,StatLink xgs41b Table I.2.o3–o6,
M479/M480,Germany,2025,cps,SE (aus 95-%-KI),2.81,DERIVED_CI,"KI-Breite/(2·1,96)",
M479,Germany,2025,cps,Rangspanne (alle),18–36,OFFICIAL_STATLINK,Table I.2.o3–o6,
M479,Germany,2025,sci,P10,341.6,OFFICIAL_STATLINK,Figure I.2.1,
M479,Germany,2025,sci,P25,403.1,OFFICIAL_STATLINK,Figure I.2.1,
M479,Germany,2025,sci,P50,485.0,OFFICIAL_STATLINK,Figure I.2.1,
M479,Germany,2025,sci,P75,566.1,OFFICIAL_STATLINK,Figure I.2.1,
M479,Germany,2025,sci,P90,630.1,OFFICIAL_STATLINK,Figure I.2.1,
M479/M480,Germany,2025,sci,P90−P10,288.5,DERIVED_OFFICIAL,"Figure I.2.1, Differenz",
M479/M480,Germany,2025,sci,unter Stufe 2 (%),26.8,DERIVED_OFFICIAL,"Figure I.2.3, Summe Stufen <1b–1a",
M479/M480,Germany,2025,sci,Stufe 5–6 (%),9.4,DERIVED_OFFICIAL,"Figure I.2.3, Summe Stufen 5–6",
M479,Germany,2022→2025,sci,Veränderung (n. s.),-6.9,OFFICIAL_STATLINK,Table I.2.6,
M479,Germany,2022→2025,read,Veränderung (sig.),-14.5,OFFICIAL_STATLINK,Table I.2.6,
M479,Germany,2022→2025,math,Veränderung (sig.),-11.0,OFFICIAL_STATLINK,Table I.2.6,
M479,Germany,10 Jahre,sci,Dezennaltrend (sig.),-24.0,OFFICIAL_STATLINK,Table I.2.9,
M479,Germany,10 Jahre,read,Dezennaltrend (sig.),-44.2,OFFICIAL_STATLINK,Table I.2.9,
M479,Germany,10 Jahre,math,Dezennaltrend (sig.),-45.0,OFFICIAL_STATLINK,Table I.2.9,
M479/M480,Netherlands,2025,sci,Mittelwert,485.5,OFFICIAL_STATLINK,StatLink xgs41b Table I.2.o3–o6,
M479/M480,Netherlands,2025,sci,SE (aus 95-%-KI),2.81,DERIVED_CI,"KI-Breite/(2·1,96)",
M479,Netherlands,2025,sci,Rangspanne (alle),15–34,OFFICIAL_STATLINK,Table I.2.o3–o6,
M479/M480,Netherlands,2025,read,Mittelwert,441.3,OFFICIAL_STATLINK,StatLink xgs41b Table I.2.o3–o6,
M479/M480,Netherlands,2025,read,SE (aus 95-%-KI),2.81,DERIVED_CI,"KI-Breite/(2·1,96)",
M479,Netherlands,2025,read,Rangspanne (alle),31–39,OFFICIAL_STATLINK,Table I.2.o3–o6,
M479/M480,Netherlands,2025,math,Mittelwert,483.3,OFFICIAL_STATLINK,StatLink xgs41b Table I.2.o3–o6,
M479/M480,Netherlands,2025,math,SE (aus 95-%-KI),2.81,DERIVED_CI,"KI-Breite/(2·1,96)",
M479,Netherlands,2025,math,Rangspanne (alle),10–19,OFFICIAL_STATLINK,Table I.2.o3–o6,
M479/M480,Netherlands,2025,cps,Mittelwert,506.1,OFFICIAL_STATLINK,StatLink xgs41b Table I.2.o3–o6,
M479/M480,Netherlands,2025,cps,SE (aus 95-%-KI),2.55,DERIVED_CI,"KI-Breite/(2·1,96)",
M479,Netherlands,2025,cps,Rangspanne (alle),14–31,OFFICIAL_STATLINK,Table I.2.o3–o6,
M479,Netherlands,2025,sci,P10,338.1,OFFICIAL_STATLINK,Figure I.2.1,
M479,Netherlands,2025,sci,P25,401.9,OFFICIAL_STATLINK,Figure I.2.1,
M479,Netherlands,2025,sci,P50,489.6,OFFICIAL_STATLINK,Figure I.2.1,
M479,Netherlands,2025,sci,P75,568.3,OFFICIAL_STATLINK,Figure I.2.1,
M479,Netherlands,2025,sci,P90,626.3,OFFICIAL_STATLINK,Figure I.2.1,
M479/M480,Netherlands,2025,sci,P90−P10,288.1,DERIVED_OFFICIAL,"Figure I.2.1, Differenz",
M479/M480,Netherlands,2025,sci,unter Stufe 2 (%),27.0,DERIVED_OFFICIAL,"Figure I.2.3, Summe Stufen <1b–1a",
M479/M480,Netherlands,2025,sci,Stufe 5–6 (%),8.7,DERIVED_OFFICIAL,"Figure I.2.3, Summe Stufen 5–6",
M479,Netherlands,2022→2025,sci,Veränderung (n. s.),-2.9,OFFICIAL_STATLINK,Table I.2.6,
M479,Netherlands,2022→2025,read,Veränderung (sig.),-17.9,OFFICIAL_STATLINK,Table I.2.6,
M479,Netherlands,2022→2025,math,Veränderung (n. s.),-9.4,OFFICIAL_STATLINK,Table I.2.6,
M479,Netherlands,10 Jahre,sci,Dezennaltrend (sig.),-25.1,OFFICIAL_STATLINK,Table I.2.9,
M479,Netherlands,10 Jahre,read,Dezennaltrend (sig.),-61.9,OFFICIAL_STATLINK,Table I.2.9,
M479,Netherlands,10 Jahre,math,Dezennaltrend (sig.),-34.1,OFFICIAL_STATLINK,Table I.2.9,
M479/M480,Sweden,2025,sci,Mittelwert,485.1,OFFICIAL_STATLINK,StatLink xgs41b Table I.2.o3–o6,
M479/M480,Sweden,2025,sci,SE (aus 95-%-KI),3.06,DERIVED_CI,"KI-Breite/(2·1,96)",
M479,Sweden,2025,sci,Rangspanne (alle),15–34,OFFICIAL_STATLINK,Table I.2.o3–o6,
M479/M480,Sweden,2025,read,Mittelwert,466.4,OFFICIAL_STATLINK,StatLink xgs41b Table I.2.o3–o6,
M479/M480,Sweden,2025,read,SE (aus 95-%-KI),3.32,DERIVED_CI,"KI-Breite/(2·1,96)",
M479,Sweden,2025,read,Rangspanne (alle),15–28,OFFICIAL_STATLINK,Table I.2.o3–o6,
M479/M480,Sweden,2025,math,Mittelwert,464.3,OFFICIAL_STATLINK,StatLink xgs41b Table I.2.o3–o6,
M479/M480,Sweden,2025,math,SE (aus 95-%-KI),2.55,DERIVED_CI,"KI-Breite/(2·1,96)",
M479,Sweden,2025,math,Rangspanne (alle),20–36,OFFICIAL_STATLINK,Table I.2.o3–o6,
M479/M480,Sweden,2025,cps,Mittelwert,502.6,OFFICIAL_STATLINK,StatLink xgs41b Table I.2.o3–o6,
M479/M480,Sweden,2025,cps,SE (aus 95-%-KI),2.3,DERIVED_CI,"KI-Breite/(2·1,96)",
M479,Sweden,2025,cps,Rangspanne (alle),17–33,OFFICIAL_STATLINK,Table I.2.o3–o6,
M479,Sweden,2025,sci,P10,341.9,OFFICIAL_STATLINK,Figure I.2.1,
M479,Sweden,2025,sci,P25,407.2,OFFICIAL_STATLINK,Figure I.2.1,
M479,Sweden,2025,sci,P50,486.7,OFFICIAL_STATLINK,Figure I.2.1,
M479,Sweden,2025,sci,P75,563.1,OFFICIAL_STATLINK,Figure I.2.1,
M479,Sweden,2025,sci,P90,625.9,OFFICIAL_STATLINK,Figure I.2.1,
M479/M480,Sweden,2025,sci,P90−P10,283.9,DERIVED_OFFICIAL,"Figure I.2.1, Differenz",
M479/M480,Sweden,2025,sci,unter Stufe 2 (%),25.7,DERIVED_OFFICIAL,"Figure I.2.3, Summe Stufen <1b–1a",
M479/M480,Sweden,2025,sci,Stufe 5–6 (%),8.7,DERIVED_OFFICIAL,"Figure I.2.3, Summe Stufen 5–6",
M479,Sweden,2022→2025,sci,Veränderung (n. s.),-8.4,OFFICIAL_STATLINK,Table I.2.6,
M479,Sweden,2022→2025,read,Veränderung (sig.),-20.5,OFFICIAL_STATLINK,Table I.2.6,
M479,Sweden,2022→2025,math,Veränderung (sig.),-17.5,OFFICIAL_STATLINK,Table I.2.6,
M479,Sweden,10 Jahre,sci,Dezennaltrend (n. s.),-9.2,OFFICIAL_STATLINK,Table I.2.9,
M479,Sweden,10 Jahre,read,Dezennaltrend (sig.),-35.6,OFFICIAL_STATLINK,Table I.2.9,
M479,Sweden,10 Jahre,math,Dezennaltrend (sig.),-32.7,OFFICIAL_STATLINK,Table I.2.9,
M479/M480,Slovenia,2025,sci,Mittelwert,483.7,OFFICIAL_STATLINK,StatLink xgs41b Table I.2.o3–o6,
M479/M480,Slovenia,2025,sci,SE (aus 95-%-KI),1.28,DERIVED_CI,"KI-Breite/(2·1,96)",
M479,Slovenia,2025,sci,Rangspanne (alle),19–33,OFFICIAL_STATLINK,Table I.2.o3–o6,
M479/M480,Slovenia,2025,read,Mittelwert,444.7,OFFICIAL_STATLINK,StatLink xgs41b Table I.2.o3–o6,
M479/M480,Slovenia,2025,read,SE (aus 95-%-KI),1.28,DERIVED_CI,"KI-Breite/(2·1,96)",
M479,Slovenia,2025,read,Rangspanne (alle),31–38,OFFICIAL_STATLINK,Table I.2.o3–o6,
M479/M480,Slovenia,2025,math,Mittelwert,459.8,OFFICIAL_STATLINK,StatLink xgs41b Table I.2.o3–o6,
M479/M480,Slovenia,2025,math,SE (aus 95-%-KI),1.02,DERIVED_CI,"KI-Breite/(2·1,96)",
M479,Slovenia,2025,math,Rangspanne (alle),24–37,OFFICIAL_STATLINK,Table I.2.o3–o6,
M479/M480,Slovenia,2025,cps,Mittelwert,485.9,OFFICIAL_STATLINK,StatLink xgs41b Table I.2.o3–o6,
M479/M480,Slovenia,2025,cps,SE (aus 95-%-KI),1.53,DERIVED_CI,"KI-Breite/(2·1,96)",
M479,Slovenia,2025,cps,Rangspanne (alle),34–38,OFFICIAL_STATLINK,Table I.2.o3–o6,
M479,Slovenia,2025,sci,P10,352.0,OFFICIAL_STATLINK,Figure I.2.1,
M479,Slovenia,2025,sci,P25,412.0,OFFICIAL_STATLINK,Figure I.2.1,
M479,Slovenia,2025,sci,P50,484.9,OFFICIAL_STATLINK,Figure I.2.1,
M479,Slovenia,2025,sci,P75,555.7,OFFICIAL_STATLINK,Figure I.2.1,
M479,Slovenia,2025,sci,P90,613.9,OFFICIAL_STATLINK,Figure I.2.1,
M479/M480,Slovenia,2025,sci,P90−P10,261.9,DERIVED_OFFICIAL,"Figure I.2.1, Differenz",
M479/M480,Slovenia,2025,sci,unter Stufe 2 (%),24.2,DERIVED_OFFICIAL,"Figure I.2.3, Summe Stufen <1b–1a",
M479/M480,Slovenia,2025,sci,Stufe 5–6 (%),6.6,DERIVED_OFFICIAL,"Figure I.2.3, Summe Stufen 5–6",
M479,Slovenia,2022→2025,sci,Veränderung (sig.),-16.2,OFFICIAL_STATLINK,Table I.2.6,
M479,Slovenia,2022→2025,read,Veränderung (sig.),-23.8,OFFICIAL_STATLINK,Table I.2.6,
M479,Slovenia,2022→2025,math,Veränderung (sig.),-24.7,OFFICIAL_STATLINK,Table I.2.6,
M479,Slovenia,10 Jahre,sci,Dezennaltrend (sig.),-27.6,OFFICIAL_STATLINK,Table I.2.9,
M479,Slovenia,10 Jahre,read,Dezennaltrend (sig.),-61.4,OFFICIAL_STATLINK,Table I.2.9,
M479,Slovenia,10 Jahre,math,Dezennaltrend (sig.),-51.6,OFFICIAL_STATLINK,Table I.2.9,
M479/M480,France,2025,sci,Mittelwert,483.4,OFFICIAL_STATLINK,StatLink xgs41b Table I.2.o3–o6,
M479/M480,France,2025,sci,SE (aus 95-%-KI),3.32,DERIVED_CI,"KI-Breite/(2·1,96)",
M479,France,2025,sci,Rangspanne (alle),16–35,OFFICIAL_STATLINK,Table I.2.o3–o6,
M479/M480,France,2025,read,Mittelwert,456.3,OFFICIAL_STATLINK,StatLink xgs41b Table I.2.o3–o6,
M479/M480,France,2025,read,SE (aus 95-%-KI),3.32,DERIVED_CI,"KI-Breite/(2·1,96)",
M479,France,2025,read,Rangspanne (alle),20–33,OFFICIAL_STATLINK,Table I.2.o3–o6,
M479/M480,France,2025,math,Mittelwert,457.7,OFFICIAL_STATLINK,StatLink xgs41b Table I.2.o3–o6,
M479/M480,France,2025,math,SE (aus 95-%-KI),3.06,DERIVED_CI,"KI-Breite/(2·1,96)",
M479,France,2025,math,Rangspanne (alle),22–40,OFFICIAL_STATLINK,Table I.2.o3–o6,
M479/M480,France,2025,cps,Mittelwert,497.5,OFFICIAL_STATLINK,StatLink xgs41b Table I.2.o3–o6,
M479/M480,France,2025,cps,SE (aus 95-%-KI),2.81,DERIVED_CI,"KI-Breite/(2·1,96)",
M479,France,2025,cps,Rangspanne (alle),17–36,OFFICIAL_STATLINK,Table I.2.o3–o6,
M479,France,2025,sci,P10,342.4,OFFICIAL_STATLINK,Figure I.2.1,
M479,France,2025,sci,P25,406.6,OFFICIAL_STATLINK,Figure I.2.1,
M479,France,2025,sci,P50,489.6,OFFICIAL_STATLINK,Figure I.2.1,
M479,France,2025,sci,P75,559.7,OFFICIAL_STATLINK,Figure I.2.1,
M479,France,2025,sci,P90,614.9,OFFICIAL_STATLINK,Figure I.2.1,
M479/M480,France,2025,sci,P90−P10,272.5,DERIVED_OFFICIAL,"Figure I.2.1, Differenz",
M479/M480,France,2025,sci,unter Stufe 2 (%),25.8,DERIVED_OFFICIAL,"Figure I.2.3, Summe Stufen <1b–1a",
M479/M480,France,2025,sci,Stufe 5–6 (%),6.7,DERIVED_OFFICIAL,"Figure I.2.3, Summe Stufen 5–6",
M479,France,2022→2025,sci,Veränderung (n. s.),-3.8,OFFICIAL_STATLINK,Table I.2.6,
M479,France,2022→2025,read,Veränderung (sig.),-17.5,OFFICIAL_STATLINK,Table I.2.6,
M479,France,2022→2025,math,Veränderung (sig.),-16.3,OFFICIAL_STATLINK,Table I.2.6,
M479,France,10 Jahre,sci,Dezennaltrend (sig.),-11.9,OFFICIAL_STATLINK,Table I.2.9,
M479,France,10 Jahre,read,Dezennaltrend (sig.),-43.5,OFFICIAL_STATLINK,Table I.2.9,
M479,France,10 Jahre,math,Dezennaltrend (sig.),-37.8,OFFICIAL_STATLINK,Table I.2.9,
M479/M480,Italy,2025,sci,Mittelwert,483.0,OFFICIAL_STATLINK,StatLink xgs41b Table I.2.o3–o6,
M479/M480,Italy,2025,sci,SE (aus 95-%-KI),2.55,DERIVED_CI,"KI-Breite/(2·1,96)",
M479,Italy,2025,sci,Rangspanne (alle),19–34,OFFICIAL_STATLINK,Table I.2.o3–o6,
M479/M480,Italy,2025,read,Mittelwert,474.3,OFFICIAL_STATLINK,StatLink xgs41b Table I.2.o3–o6,
M479/M480,Italy,2025,read,SE (aus 95-%-KI),2.55,DERIVED_CI,"KI-Breite/(2·1,96)",
M479,Italy,2025,read,Rangspanne (alle),13–25,OFFICIAL_STATLINK,Table I.2.o3–o6,
M479/M480,Italy,2025,math,Mittelwert,467.8,OFFICIAL_STATLINK,StatLink xgs41b Table I.2.o3–o6,
M479/M480,Italy,2025,math,SE (aus 95-%-KI),2.81,DERIVED_CI,"KI-Breite/(2·1,96)",
M479,Italy,2025,math,Rangspanne (alle),16–33,OFFICIAL_STATLINK,Table I.2.o3–o6,
M479/M480,Italy,2025,cps,Mittelwert,490.0,OFFICIAL_STATLINK,StatLink xgs41b Table I.2.o3–o6,
M479/M480,Italy,2025,cps,SE (aus 95-%-KI),2.04,DERIVED_CI,"KI-Breite/(2·1,96)",
M479,Italy,2025,cps,Rangspanne (alle),27–38,OFFICIAL_STATLINK,Table I.2.o3–o6,
M479,Italy,2025,sci,P10,360.5,OFFICIAL_STATLINK,Figure I.2.1,
M479,Italy,2025,sci,P25,418.4,OFFICIAL_STATLINK,Figure I.2.1,
M479,Italy,2025,sci,P50,485.5,OFFICIAL_STATLINK,Figure I.2.1,
M479,Italy,2025,sci,P75,548.9,OFFICIAL_STATLINK,Figure I.2.1,
M479,Italy,2025,sci,P90,600.8,OFFICIAL_STATLINK,Figure I.2.1,
M479/M480,Italy,2025,sci,P90−P10,240.3,DERIVED_OFFICIAL,"Figure I.2.1, Differenz",
M479/M480,Italy,2025,sci,unter Stufe 2 (%),22.3,DERIVED_OFFICIAL,"Figure I.2.3, Summe Stufen <1b–1a",
M479/M480,Italy,2025,sci,Stufe 5–6 (%),4.4,DERIVED_OFFICIAL,"Figure I.2.3, Summe Stufen 5–6",
M479,Italy,2022→2025,sci,Veränderung (n. s.),5.5,OFFICIAL_STATLINK,Table I.2.6,
M479,Italy,2022→2025,read,Veränderung (n. s.),-7.3,OFFICIAL_STATLINK,Table I.2.6,
M479,Italy,2022→2025,math,Veränderung (n. s.),-3.5,OFFICIAL_STATLINK,Table I.2.6,
M479,Italy,10 Jahre,sci,Dezennaltrend (n. s.),5.4,OFFICIAL_STATLINK,Table I.2.9,
M479,Italy,10 Jahre,read,Dezennaltrend (n. s.),-7.2,OFFICIAL_STATLINK,Table I.2.9,
M479,Italy,10 Jahre,math,Dezennaltrend (sig.),-24.2,OFFICIAL_STATLINK,Table I.2.9,
M479/M480,Portugal,2025,sci,Mittelwert,481.7,OFFICIAL_STATLINK,StatLink xgs41b Table I.2.o3–o6,
M479/M480,Portugal,2025,sci,SE (aus 95-%-KI),3.57,DERIVED_CI,"KI-Breite/(2·1,96)",
M479,Portugal,2025,sci,Rangspanne (alle),16–36,OFFICIAL_STATLINK,Table I.2.o3–o6,
M479/M480,Portugal,2025,read,Mittelwert,462.0,OFFICIAL_STATLINK,StatLink xgs41b Table I.2.o3–o6,
M479/M480,Portugal,2025,read,SE (aus 95-%-KI),3.06,DERIVED_CI,"KI-Breite/(2·1,96)",
M479,Portugal,2025,read,Rangspanne (alle),17–32,OFFICIAL_STATLINK,Table I.2.o3–o6,
M479/M480,Portugal,2025,math,Mittelwert,459.9,OFFICIAL_STATLINK,StatLink xgs41b Table I.2.o3–o6,
M479/M480,Portugal,2025,math,SE (aus 95-%-KI),3.57,DERIVED_CI,"KI-Breite/(2·1,96)",
M479,Portugal,2025,math,Rangspanne (alle),20–39,OFFICIAL_STATLINK,Table I.2.o3–o6,
M479/M480,Portugal,2025,cps,Mittelwert,500.6,OFFICIAL_STATLINK,StatLink xgs41b Table I.2.o3–o6,
M479/M480,Portugal,2025,cps,SE (aus 95-%-KI),2.81,DERIVED_CI,"KI-Breite/(2·1,96)",
M479,Portugal,2025,cps,Rangspanne (alle),17–35,OFFICIAL_STATLINK,Table I.2.o3–o6,
M479,Portugal,2025,sci,P10,353.3,OFFICIAL_STATLINK,Figure I.2.1,
M479,Portugal,2025,sci,P25,411.6,OFFICIAL_STATLINK,Figure I.2.1,
M479,Portugal,2025,sci,P50,482.7,OFFICIAL_STATLINK,Figure I.2.1,
M479,Portugal,2025,sci,P75,552.1,OFFICIAL_STATLINK,Figure I.2.1,
M479,Portugal,2025,sci,P90,607.5,OFFICIAL_STATLINK,Figure I.2.1,
M479/M480,Portugal,2025,sci,P90−P10,254.2,DERIVED_OFFICIAL,"Figure I.2.1, Differenz",
M479/M480,Portugal,2025,sci,unter Stufe 2 (%),24.4,DERIVED_OFFICIAL,"Figure I.2.3, Summe Stufen <1b–1a",
M479/M480,Portugal,2025,sci,Stufe 5–6 (%),5.7,DERIVED_OFFICIAL,"Figure I.2.3, Summe Stufen 5–6",
M479,Portugal,2022→2025,sci,Veränderung (n. s.),-2.7,OFFICIAL_STATLINK,Table I.2.6,
M479,Portugal,2022→2025,read,Veränderung (sig.),-14.6,OFFICIAL_STATLINK,Table I.2.6,
M479,Portugal,2022→2025,math,Veränderung (sig.),-12.0,OFFICIAL_STATLINK,Table I.2.6,
M479,Portugal,10 Jahre,sci,Dezennaltrend (sig.),-19.2,OFFICIAL_STATLINK,Table I.2.9,
M479,Portugal,10 Jahre,read,Dezennaltrend (sig.),-36.4,OFFICIAL_STATLINK,Table I.2.9,
M479,Portugal,10 Jahre,math,Dezennaltrend (sig.),-34.4,OFFICIAL_STATLINK,Table I.2.9,
M479/M480,Hungary,2025,sci,Mittelwert,479.9,OFFICIAL_STATLINK,StatLink xgs41b Table I.2.o3–o6,
M479/M480,Hungary,2025,sci,SE (aus 95-%-KI),2.55,DERIVED_CI,"KI-Breite/(2·1,96)",
M479,Hungary,2025,sci,Rangspanne (alle),20–36,OFFICIAL_STATLINK,Table I.2.o3–o6,
M479/M480,Hungary,2025,read,Mittelwert,452.3,OFFICIAL_STATLINK,StatLink xgs41b Table I.2.o3–o6,
M479/M480,Hungary,2025,read,SE (aus 95-%-KI),2.3,DERIVED_CI,"KI-Breite/(2·1,96)",
M479,Hungary,2025,read,Rangspanne (alle),25–35,OFFICIAL_STATLINK,Table I.2.o3–o6,
M479/M480,Hungary,2025,math,Mittelwert,459.5,OFFICIAL_STATLINK,StatLink xgs41b Table I.2.o3–o6,
M479/M480,Hungary,2025,math,SE (aus 95-%-KI),2.3,DERIVED_CI,"KI-Breite/(2·1,96)",
M479,Hungary,2025,math,Rangspanne (alle),22–38,OFFICIAL_STATLINK,Table I.2.o3–o6,
M479/M480,Hungary,2025,cps,Mittelwert,495.0,OFFICIAL_STATLINK,StatLink xgs41b Table I.2.o3–o6,
M479/M480,Hungary,2025,cps,SE (aus 95-%-KI),2.55,DERIVED_CI,"KI-Breite/(2·1,96)",
M479,Hungary,2025,cps,Rangspanne (alle),25–36,OFFICIAL_STATLINK,Table I.2.o3–o6,
M479,Hungary,2025,sci,P10,352.4,OFFICIAL_STATLINK,Figure I.2.1,
M479,Hungary,2025,sci,P25,412.7,OFFICIAL_STATLINK,Figure I.2.1,
M479,Hungary,2025,sci,P50,482.6,OFFICIAL_STATLINK,Figure I.2.1,
M479,Hungary,2025,sci,P75,548.3,OFFICIAL_STATLINK,Figure I.2.1,
M479,Hungary,2025,sci,P90,601.7,OFFICIAL_STATLINK,Figure I.2.1,
M479/M480,Hungary,2025,sci,P90−P10,249.3,DERIVED_OFFICIAL,"Figure I.2.1, Differenz",
M479/M480,Hungary,2025,sci,unter Stufe 2 (%),24.0,DERIVED_OFFICIAL,"Figure I.2.3, Summe Stufen <1b–1a",
M479/M480,Hungary,2025,sci,Stufe 5–6 (%),4.9,DERIVED_OFFICIAL,"Figure I.2.3, Summe Stufen 5–6",
M479,Hungary,2022→2025,sci,Veränderung (n. s.),-6.0,OFFICIAL_STATLINK,Table I.2.6,
M479,Hungary,2022→2025,read,Veränderung (sig.),-20.7,OFFICIAL_STATLINK,Table I.2.6,
M479,Hungary,2022→2025,math,Veränderung (sig.),-13.3,OFFICIAL_STATLINK,Table I.2.6,
M479,Hungary,10 Jahre,sci,Dezennaltrend (n. s.),4.4,OFFICIAL_STATLINK,Table I.2.9,
M479,Hungary,10 Jahre,read,Dezennaltrend (sig.),-15.9,OFFICIAL_STATLINK,Table I.2.9,
M479,Hungary,10 Jahre,math,Dezennaltrend (sig.),-17.8,OFFICIAL_STATLINK,Table I.2.9,
M479/M480,Denmark,2025,sci,Mittelwert,477.5,OFFICIAL_STATLINK,StatLink xgs41b Table I.2.o3–o6,
M479/M480,Denmark,2025,sci,SE (aus 95-%-KI),2.3,DERIVED_CI,"KI-Breite/(2·1,96)",
M479,Denmark,2025,sci,Rangspanne (alle),23–37,OFFICIAL_STATLINK,Table I.2.o3–o6,
M479/M480,Denmark,2025,read,Mittelwert,460.0,OFFICIAL_STATLINK,StatLink xgs41b Table I.2.o3–o6,
M479/M480,Denmark,2025,read,SE (aus 95-%-KI),2.55,DERIVED_CI,"KI-Breite/(2·1,96)",
M479,Denmark,2025,read,Rangspanne (alle),19–32,OFFICIAL_STATLINK,Table I.2.o3–o6,
M479/M480,Denmark,2025,math,Mittelwert,470.6,OFFICIAL_STATLINK,StatLink xgs41b Table I.2.o3–o6,
M479/M480,Denmark,2025,math,SE (aus 95-%-KI),2.3,DERIVED_CI,"KI-Breite/(2·1,96)",
M479,Denmark,2025,math,Rangspanne (alle),15–29,OFFICIAL_STATLINK,Table I.2.o3–o6,
M479/M480,Denmark,2025,cps,Mittelwert,505.9,OFFICIAL_STATLINK,StatLink xgs41b Table I.2.o3–o6,
M479/M480,Denmark,2025,cps,SE (aus 95-%-KI),2.3,DERIVED_CI,"KI-Breite/(2·1,96)",
M479,Denmark,2025,cps,Rangspanne (alle),15–31,OFFICIAL_STATLINK,Table I.2.o3–o6,
M479,Denmark,2025,sci,P10,351.1,OFFICIAL_STATLINK,Figure I.2.1,
M479,Denmark,2025,sci,P25,409.7,OFFICIAL_STATLINK,Figure I.2.1,
M479,Denmark,2025,sci,P50,479.5,OFFICIAL_STATLINK,Figure I.2.1,
M479,Denmark,2025,sci,P75,546.0,OFFICIAL_STATLINK,Figure I.2.1,
M479,Denmark,2025,sci,P90,599.6,OFFICIAL_STATLINK,Figure I.2.1,
M479/M480,Denmark,2025,sci,P90−P10,248.5,DERIVED_OFFICIAL,"Figure I.2.1, Differenz",
M479/M480,Denmark,2025,sci,unter Stufe 2 (%),24.9,DERIVED_OFFICIAL,"Figure I.2.3, Summe Stufen <1b–1a",
M479/M480,Denmark,2025,sci,Stufe 5–6 (%),4.8,DERIVED_OFFICIAL,"Figure I.2.3, Summe Stufen 5–6",
M479,Denmark,2022→2025,sci,Veränderung (sig.),-16.3,OFFICIAL_STATLINK,Table I.2.6,
M479,Denmark,2022→2025,read,Veränderung (sig.),-28.8,OFFICIAL_STATLINK,Table I.2.6,
M479,Denmark,2022→2025,math,Veränderung (sig.),-18.6,OFFICIAL_STATLINK,Table I.2.6,
M479,Denmark,10 Jahre,sci,Dezennaltrend (sig.),-20.6,OFFICIAL_STATLINK,Table I.2.9,
M479,Denmark,10 Jahre,read,Dezennaltrend (sig.),-38.6,OFFICIAL_STATLINK,Table I.2.9,
M479,Denmark,10 Jahre,math,Dezennaltrend (sig.),-41.8,OFFICIAL_STATLINK,Table I.2.9,
M479/M480,Spain,2025,sci,Mittelwert,477.1,OFFICIAL_STATLINK,StatLink xgs41b Table I.2.o3–o6,
M479/M480,Spain,2025,sci,SE (aus 95-%-KI),2.04,DERIVED_CI,"KI-Breite/(2·1,96)",
M479,Spain,2025,sci,Rangspanne (alle),23–37,OFFICIAL_STATLINK,Table I.2.o3–o6,
M479/M480,Spain,2025,read,Mittelwert,451.4,OFFICIAL_STATLINK,StatLink xgs41b Table I.2.o3–o6,
M479/M480,Spain,2025,read,SE (aus 95-%-KI),1.79,DERIVED_CI,"KI-Breite/(2·1,96)",
M479,Spain,2025,read,Rangspanne (alle),26–35,OFFICIAL_STATLINK,Table I.2.o3–o6,
M479/M480,Spain,2025,math,Mittelwert,457.4,OFFICIAL_STATLINK,StatLink xgs41b Table I.2.o3–o6,
M479/M480,Spain,2025,math,SE (aus 95-%-KI),1.79,DERIVED_CI,"KI-Breite/(2·1,96)",
M479,Spain,2025,math,Rangspanne (alle),24–38,OFFICIAL_STATLINK,Table I.2.o3–o6,
M479/M480,Spain,2025,cps,Mittelwert,498.8,OFFICIAL_STATLINK,StatLink xgs41b Table I.2.o3–o6,
M479/M480,Spain,2025,cps,SE (aus 95-%-KI),1.79,DERIVED_CI,"KI-Breite/(2·1,96)",
M479,Spain,2025,cps,Rangspanne (alle),18–35,OFFICIAL_STATLINK,Table I.2.o3–o6,
M479,Spain,2025,sci,P10,352.5,OFFICIAL_STATLINK,Figure I.2.1,
M479,Spain,2025,sci,P25,411.5,OFFICIAL_STATLINK,Figure I.2.1,
M479,Spain,2025,sci,P50,479.7,OFFICIAL_STATLINK,Figure I.2.1,
M479,Spain,2025,sci,P75,543.6,OFFICIAL_STATLINK,Figure I.2.1,
M479,Spain,2025,sci,P90,596.6,OFFICIAL_STATLINK,Figure I.2.1,
M479/M480,Spain,2025,sci,P90−P10,244.1,DERIVED_OFFICIAL,"Figure I.2.1, Differenz",
M479/M480,Spain,2025,sci,unter Stufe 2 (%),24.4,DERIVED_OFFICIAL,"Figure I.2.3, Summe Stufen <1b–1a",
M479/M480,Spain,2025,sci,Stufe 5–6 (%),4.2,DERIVED_OFFICIAL,"Figure I.2.3, Summe Stufen 5–6",
M479,Spain,2022→2025,sci,Veränderung (n. s.),-7.4,OFFICIAL_STATLINK,Table I.2.6,
M479,Spain,2022→2025,read,Veränderung (sig.),-23.0,OFFICIAL_STATLINK,Table I.2.6,
M479,Spain,2022→2025,math,Veränderung (sig.),-15.7,OFFICIAL_STATLINK,Table I.2.6,
M479,Spain,10 Jahre,sci,Dezennaltrend (sig.),-15.0,OFFICIAL_STATLINK,Table I.2.9,
M479,Spain,10 Jahre,read,Dezennaltrend (sig.),-41.8,OFFICIAL_STATLINK,Table I.2.9,
M479,Spain,10 Jahre,math,Dezennaltrend (sig.),-26.6,OFFICIAL_STATLINK,Table I.2.9,
M479/M480,Croatia,2025,sci,Mittelwert,476.3,OFFICIAL_STATLINK,StatLink xgs41b Table I.2.o3–o6,
M479/M480,Croatia,2025,sci,SE (aus 95-%-KI),1.79,DERIVED_CI,"KI-Breite/(2·1,96)",
M479,Croatia,2025,sci,Rangspanne (alle),24–37,OFFICIAL_STATLINK,Table I.2.o3–o6,
M479/M480,Croatia,2025,read,Mittelwert,453.4,OFFICIAL_STATLINK,StatLink xgs41b Table I.2.o3–o6,
M479/M480,Croatia,2025,read,SE (aus 95-%-KI),1.79,DERIVED_CI,"KI-Breite/(2·1,96)",
M479,Croatia,2025,read,Rangspanne (alle),25–33,OFFICIAL_STATLINK,Table I.2.o3–o6,
M479/M480,Croatia,2025,math,Mittelwert,455.3,OFFICIAL_STATLINK,StatLink xgs41b Table I.2.o3–o6,
M479/M480,Croatia,2025,math,SE (aus 95-%-KI),1.79,DERIVED_CI,"KI-Breite/(2·1,96)",
M479,Croatia,2025,math,Rangspanne (alle),25–40,OFFICIAL_STATLINK,Table I.2.o3–o6,
M479/M480,Croatia,2025,cps,Mittelwert,463.8,OFFICIAL_STATLINK,StatLink xgs41b Table I.2.o3–o6,
M479/M480,Croatia,2025,cps,SE (aus 95-%-KI),2.04,DERIVED_CI,"KI-Breite/(2·1,96)",
M479,Croatia,2025,cps,Rangspanne (alle),43–48,OFFICIAL_STATLINK,Table I.2.o3–o6,
M479,Croatia,2025,sci,P10,350.7,OFFICIAL_STATLINK,Figure I.2.1,
M479,Croatia,2025,sci,P25,408.6,OFFICIAL_STATLINK,Figure I.2.1,
M479,Croatia,2025,sci,P50,476.5,OFFICIAL_STATLINK,Figure I.2.1,
M479,Croatia,2025,sci,P75,543.3,OFFICIAL_STATLINK,Figure I.2.1,
M479,Croatia,2025,sci,P90,600.2,OFFICIAL_STATLINK,Figure I.2.1,
M479/M480,Croatia,2025,sci,P90−P10,249.5,DERIVED_OFFICIAL,"Figure I.2.1, Differenz",
M479/M480,Croatia,2025,sci,unter Stufe 2 (%),25.3,DERIVED_OFFICIAL,"Figure I.2.3, Summe Stufen <1b–1a",
M479/M480,Croatia,2025,sci,Stufe 5–6 (%),4.9,DERIVED_OFFICIAL,"Figure I.2.3, Summe Stufen 5–6",
M479,Croatia,2022→2025,sci,Veränderung (n. s.),-6.4,OFFICIAL_STATLINK,Table I.2.6,
M479,Croatia,2022→2025,read,Veränderung (sig.),-22.1,OFFICIAL_STATLINK,Table I.2.6,
M479,Croatia,2022→2025,math,Veränderung (sig.),-7.8,OFFICIAL_STATLINK,Table I.2.6,
M479,Croatia,10 Jahre,sci,Dezennaltrend (n. s.),4.3,OFFICIAL_STATLINK,Table I.2.9,
M479,Croatia,10 Jahre,read,Dezennaltrend (sig.),-30.1,OFFICIAL_STATLINK,Table I.2.9,
M479,Croatia,10 Jahre,math,Dezennaltrend (n. s.),-7.9,OFFICIAL_STATLINK,Table I.2.9,
M479/M480,Slovak Republic,2025,sci,Mittelwert,474.9,OFFICIAL_STATLINK,StatLink xgs41b Table I.2.o3–o6,
M479/M480,Slovak Republic,2025,sci,SE (aus 95-%-KI),2.55,DERIVED_CI,"KI-Breite/(2·1,96)",
M479,Slovak Republic,2025,sci,Rangspanne (alle),23–37,OFFICIAL_STATLINK,Table I.2.o3–o6,
M479/M480,Slovak Republic,2025,read,Mittelwert,448.0,OFFICIAL_STATLINK,StatLink xgs41b Table I.2.o3–o6,
M479/M480,Slovak Republic,2025,read,SE (aus 95-%-KI),2.55,DERIVED_CI,"KI-Breite/(2·1,96)",
M479,Slovak Republic,2025,read,Rangspanne (alle),28–37,OFFICIAL_STATLINK,Table I.2.o3–o6,
M479/M480,Slovak Republic,2025,math,Mittelwert,469.1,OFFICIAL_STATLINK,StatLink xgs41b Table I.2.o3–o6,
M479/M480,Slovak Republic,2025,math,SE (aus 95-%-KI),2.55,DERIVED_CI,"KI-Breite/(2·1,96)",
M479,Slovak Republic,2025,math,Rangspanne (alle),16–32,OFFICIAL_STATLINK,Table I.2.o3–o6,
M479/M480,Slovak Republic,2025,cps,Mittelwert,496.8,OFFICIAL_STATLINK,StatLink xgs41b Table I.2.o3–o6,
M479/M480,Slovak Republic,2025,cps,SE (aus 95-%-KI),2.3,DERIVED_CI,"KI-Breite/(2·1,96)",
M479,Slovak Republic,2025,cps,Rangspanne (alle),22–36,OFFICIAL_STATLINK,Table I.2.o3–o6,
M479,Slovak Republic,2025,sci,P10,340.4,OFFICIAL_STATLINK,Figure I.2.1,
M479,Slovak Republic,2025,sci,P25,404.0,OFFICIAL_STATLINK,Figure I.2.1,
M479,Slovak Republic,2025,sci,P50,478.6,OFFICIAL_STATLINK,Figure I.2.1,
M479,Slovak Republic,2025,sci,P75,547.1,OFFICIAL_STATLINK,Figure I.2.1,
M479,Slovak Republic,2025,sci,P90,603.1,OFFICIAL_STATLINK,Figure I.2.1,
M479/M480,Slovak Republic,2025,sci,P90−P10,262.6,DERIVED_OFFICIAL,"Figure I.2.1, Differenz",
M479/M480,Slovak Republic,2025,sci,unter Stufe 2 (%),26.6,DERIVED_OFFICIAL,"Figure I.2.3, Summe Stufen <1b–1a",
M479/M480,Slovak Republic,2025,sci,Stufe 5–6 (%),5.1,DERIVED_OFFICIAL,"Figure I.2.3, Summe Stufen 5–6",
M479,Slovak Republic,2022→2025,sci,Veränderung (sig.),12.6,OFFICIAL_STATLINK,Table I.2.6,
M479,Slovak Republic,2022→2025,read,Veränderung (n. s.),1.1,OFFICIAL_STATLINK,Table I.2.6,
M479,Slovak Republic,2022→2025,math,Veränderung (n. s.),5.1,OFFICIAL_STATLINK,Table I.2.6,
M479,Slovak Republic,10 Jahre,sci,Dezennaltrend (sig.),11.5,OFFICIAL_STATLINK,Table I.2.9,
M479,Slovak Republic,10 Jahre,read,Dezennaltrend (n. s.),-7.8,OFFICIAL_STATLINK,Table I.2.9,
M479,Slovak Republic,10 Jahre,math,Dezennaltrend (sig.),-12.9,OFFICIAL_STATLINK,Table I.2.9,
M479/M480,Luxembourg,2025,sci,Mittelwert,473.8,OFFICIAL_STATLINK,StatLink xgs41b Table I.2.o3–o6,
M479/M480,Luxembourg,2025,sci,SE (aus 95-%-KI),1.02,DERIVED_CI,"KI-Breite/(2·1,96)",
M479,Luxembourg,2025,sci,Rangspanne (alle),27–37,OFFICIAL_STATLINK,Table I.2.o3–o6,
M479/M480,Luxembourg,2025,read,Mittelwert,443.2,OFFICIAL_STATLINK,StatLink xgs41b Table I.2.o3–o6,
M479/M480,Luxembourg,2025,read,SE (aus 95-%-KI),1.02,DERIVED_CI,"KI-Breite/(2·1,96)",
M479,Luxembourg,2025,read,Rangspanne (alle),33–38,OFFICIAL_STATLINK,Table I.2.o3–o6,
M479/M480,Luxembourg,2025,math,Mittelwert,458.1,OFFICIAL_STATLINK,StatLink xgs41b Table I.2.o3–o6,
M479/M480,Luxembourg,2025,math,SE (aus 95-%-KI),1.02,DERIVED_CI,"KI-Breite/(2·1,96)",
M479,Luxembourg,2025,math,Rangspanne (alle),24–38,OFFICIAL_STATLINK,Table I.2.o3–o6,
M479/M480,Luxembourg,2025,cps,Mittelwert,505.6,OFFICIAL_STATLINK,StatLink xgs41b Table I.2.o3–o6,
M479/M480,Luxembourg,2025,cps,SE (aus 95-%-KI),1.28,DERIVED_CI,"KI-Breite/(2·1,96)",
M479,Luxembourg,2025,cps,Rangspanne (alle),15–30,OFFICIAL_STATLINK,Table I.2.o3–o6,
M479,Luxembourg,2025,sci,P10,325.6,OFFICIAL_STATLINK,Figure I.2.1,
M479,Luxembourg,2025,sci,P25,386.6,OFFICIAL_STATLINK,Figure I.2.1,
M479,Luxembourg,2025,sci,P50,472.5,OFFICIAL_STATLINK,Figure I.2.1,
M479,Luxembourg,2025,sci,P75,557.8,OFFICIAL_STATLINK,Figure I.2.1,
M479,Luxembourg,2025,sci,P90,624.5,OFFICIAL_STATLINK,Figure I.2.1,
M479/M480,Luxembourg,2025,sci,P90−P10,299.0,DERIVED_OFFICIAL,"Figure I.2.1, Differenz",
M479/M480,Luxembourg,2025,sci,unter Stufe 2 (%),31.5,DERIVED_OFFICIAL,"Figure I.2.3, Summe Stufen <1b–1a",
M479/M480,Luxembourg,2025,sci,Stufe 5–6 (%),8.6,DERIVED_OFFICIAL,"Figure I.2.3, Summe Stufen 5–6",
M479,Luxembourg,10 Jahre,sci,Dezennaltrend (sig.),-8.2,OFFICIAL_STATLINK,Table I.2.9,
M479,Luxembourg,10 Jahre,read,Dezennaltrend (sig.),-38.2,OFFICIAL_STATLINK,Table I.2.9,
M479,Luxembourg,10 Jahre,math,Dezennaltrend (sig.),-29.1,OFFICIAL_STATLINK,Table I.2.9,
M479/M480,Norway,2025,sci,Mittelwert,470.2,OFFICIAL_STATLINK,StatLink xgs41b Table I.2.o3–o6,
M479/M480,Norway,2025,sci,SE (aus 95-%-KI),2.04,DERIVED_CI,"KI-Breite/(2·1,96)",
M479,Norway,2025,sci,Rangspanne (alle),29–38,OFFICIAL_STATLINK,Table I.2.o3–o6,
M479/M480,Norway,2025,read,Mittelwert,452.8,OFFICIAL_STATLINK,StatLink xgs41b Table I.2.o3–o6,
M479/M480,Norway,2025,read,SE (aus 95-%-KI),2.04,DERIVED_CI,"KI-Breite/(2·1,96)",
M479,Norway,2025,read,Rangspanne (alle),25–33,OFFICIAL_STATLINK,Table I.2.o3–o6,
M479/M480,Norway,2025,math,Mittelwert,451.8,OFFICIAL_STATLINK,StatLink xgs41b Table I.2.o3–o6,
M479/M480,Norway,2025,math,SE (aus 95-%-KI),2.04,DERIVED_CI,"KI-Breite/(2·1,96)",
M479,Norway,2025,math,Rangspanne (alle),29–40,OFFICIAL_STATLINK,Table I.2.o3–o6,
M479/M480,Norway,2025,cps,Mittelwert,491.1,OFFICIAL_STATLINK,StatLink xgs41b Table I.2.o3–o6,
M479/M480,Norway,2025,cps,SE (aus 95-%-KI),2.04,DERIVED_CI,"KI-Breite/(2·1,96)",
M479,Norway,2025,cps,Rangspanne (alle),27–38,OFFICIAL_STATLINK,Table I.2.o3–o6,
M479,Norway,2025,sci,P10,335.1,OFFICIAL_STATLINK,Figure I.2.1,
M479,Norway,2025,sci,P25,396.1,OFFICIAL_STATLINK,Figure I.2.1,
M479,Norway,2025,sci,P50,471.2,OFFICIAL_STATLINK,Figure I.2.1,
M479,Norway,2025,sci,P75,543.1,OFFICIAL_STATLINK,Figure I.2.1,
M479,Norway,2025,sci,P90,603.7,OFFICIAL_STATLINK,Figure I.2.1,
M479/M480,Norway,2025,sci,P90−P10,268.6,DERIVED_OFFICIAL,"Figure I.2.1, Differenz",
M479/M480,Norway,2025,sci,unter Stufe 2 (%),29.1,DERIVED_OFFICIAL,"Figure I.2.3, Summe Stufen <1b–1a",
M479/M480,Norway,2025,sci,Stufe 5–6 (%),5.5,DERIVED_OFFICIAL,"Figure I.2.3, Summe Stufen 5–6",
M479,Norway,2022→2025,sci,Veränderung (n. s.),-8.0,OFFICIAL_STATLINK,Table I.2.6,
M479,Norway,2022→2025,read,Veränderung (sig.),-23.7,OFFICIAL_STATLINK,Table I.2.6,
M479,Norway,2022→2025,math,Veränderung (sig.),-16.7,OFFICIAL_STATLINK,Table I.2.6,
M479,Norway,10 Jahre,sci,Dezennaltrend (sig.),-28.6,OFFICIAL_STATLINK,Table I.2.9,
M479,Norway,10 Jahre,read,Dezennaltrend (sig.),-60.0,OFFICIAL_STATLINK,Table I.2.9,
M479,Norway,10 Jahre,math,Dezennaltrend (sig.),-54.3,OFFICIAL_STATLINK,Table I.2.9,
M479/M480,Latvia,2025,sci,Mittelwert,468.4,OFFICIAL_STATLINK,StatLink xgs41b Table I.2.o3–o6,
M479/M480,Latvia,2025,sci,SE (aus 95-%-KI),2.04,DERIVED_CI,"KI-Breite/(2·1,96)",
M479,Latvia,2025,sci,Rangspanne (alle),32–38,OFFICIAL_STATLINK,Table I.2.o3–o6,
M479/M480,Latvia,2025,read,Mittelwert,429.7,OFFICIAL_STATLINK,StatLink xgs41b Table I.2.o3–o6,
M479/M480,Latvia,2025,read,SE (aus 95-%-KI),2.04,DERIVED_CI,"KI-Breite/(2·1,96)",
M479,Latvia,2025,read,Rangspanne (alle),37–44,OFFICIAL_STATLINK,Table I.2.o3–o6,
M479/M480,Latvia,2025,math,Mittelwert,460.5,OFFICIAL_STATLINK,StatLink xgs41b Table I.2.o3–o6,
M479/M480,Latvia,2025,math,SE (aus 95-%-KI),1.79,DERIVED_CI,"KI-Breite/(2·1,96)",
M479,Latvia,2025,math,Rangspanne (alle),22–37,OFFICIAL_STATLINK,Table I.2.o3–o6,
M479/M480,Latvia,2025,cps,Mittelwert,506.8,OFFICIAL_STATLINK,StatLink xgs41b Table I.2.o3–o6,
M479/M480,Latvia,2025,cps,SE (aus 95-%-KI),1.79,DERIVED_CI,"KI-Breite/(2·1,96)",
M479,Latvia,2025,cps,Rangspanne (alle),15–30,OFFICIAL_STATLINK,Table I.2.o3–o6,
M479,Latvia,2025,sci,P10,341.4,OFFICIAL_STATLINK,Figure I.2.1,
M479,Latvia,2025,sci,P25,400.9,OFFICIAL_STATLINK,Figure I.2.1,
M479,Latvia,2025,sci,P50,470.2,OFFICIAL_STATLINK,Figure I.2.1,
M479,Latvia,2025,sci,P75,536.9,OFFICIAL_STATLINK,Figure I.2.1,
M479,Latvia,2025,sci,P90,591.9,OFFICIAL_STATLINK,Figure I.2.1,
M479/M480,Latvia,2025,sci,P90−P10,250.5,DERIVED_OFFICIAL,"Figure I.2.1, Differenz",
M479/M480,Latvia,2025,sci,unter Stufe 2 (%),27.8,DERIVED_OFFICIAL,"Figure I.2.3, Summe Stufen <1b–1a",
M479/M480,Latvia,2025,sci,Stufe 5–6 (%),3.7,DERIVED_OFFICIAL,"Figure I.2.3, Summe Stufen 5–6",
M479,Latvia,2022→2025,sci,Veränderung (sig.),-25.5,OFFICIAL_STATLINK,Table I.2.6,
M479,Latvia,2022→2025,read,Veränderung (sig.),-44.9,OFFICIAL_STATLINK,Table I.2.6,
M479,Latvia,2022→2025,math,Veränderung (sig.),-22.7,OFFICIAL_STATLINK,Table I.2.6,
M479,Latvia,10 Jahre,sci,Dezennaltrend (sig.),-16.6,OFFICIAL_STATLINK,Table I.2.9,
M479,Latvia,10 Jahre,read,Dezennaltrend (sig.),-51.5,OFFICIAL_STATLINK,Table I.2.9,
M479,Latvia,10 Jahre,math,Dezennaltrend (sig.),-23.3,OFFICIAL_STATLINK,Table I.2.9,
M479/M480,United Arab Emirates,2025,sci,Mittelwert,458.1,OFFICIAL_STATLINK,StatLink xgs41b Table I.2.o3–o6,
M479/M480,United Arab Emirates,2025,sci,SE (aus 95-%-KI),2.04,DERIVED_CI,"KI-Breite/(2·1,96)",
M479,United Arab Emirates,2025,sci,Rangspanne (alle),38–41,OFFICIAL_STATLINK,Table I.2.o3–o6,
M479/M480,United Arab Emirates,2025,read,Mittelwert,432.8,OFFICIAL_STATLINK,StatLink xgs41b Table I.2.o3–o6,
M479/M480,United Arab Emirates,2025,read,SE (aus 95-%-KI),1.53,DERIVED_CI,"KI-Breite/(2·1,96)",
M479,United Arab Emirates,2025,read,Rangspanne (alle),36–41,OFFICIAL_STATLINK,Table I.2.o3–o6,
M479/M480,United Arab Emirates,2025,math,Mittelwert,452.6,OFFICIAL_STATLINK,StatLink xgs41b Table I.2.o3–o6,
M479/M480,United Arab Emirates,2025,math,SE (aus 95-%-KI),2.3,DERIVED_CI,"KI-Breite/(2·1,96)",
M479,United Arab Emirates,2025,math,Rangspanne (alle),26–40,OFFICIAL_STATLINK,Table I.2.o3–o6,
M479/M480,United Arab Emirates,2025,cps,Mittelwert,475.6,OFFICIAL_STATLINK,StatLink xgs41b Table I.2.o3–o6,
M479/M480,United Arab Emirates,2025,cps,SE (aus 95-%-KI),1.53,DERIVED_CI,"KI-Breite/(2·1,96)",
M479,United Arab Emirates,2025,cps,Rangspanne (alle),39–43,OFFICIAL_STATLINK,Table I.2.o3–o6,
M479,United Arab Emirates,2025,sci,P10,314.0,OFFICIAL_STATLINK,Figure I.2.1,
M479,United Arab Emirates,2025,sci,P25,374.8,OFFICIAL_STATLINK,Figure I.2.1,
M479,United Arab Emirates,2025,sci,P50,457.6,OFFICIAL_STATLINK,Figure I.2.1,
M479,United Arab Emirates,2025,sci,P75,538.9,OFFICIAL_STATLINK,Figure I.2.1,
M479,United Arab Emirates,2025,sci,P90,602.8,OFFICIAL_STATLINK,Figure I.2.1,
M479/M480,United Arab Emirates,2025,sci,P90−P10,288.9,DERIVED_OFFICIAL,"Figure I.2.1, Differenz",
M479/M480,United Arab Emirates,2025,sci,unter Stufe 2 (%),35.1,DERIVED_OFFICIAL,"Figure I.2.3, Summe Stufen <1b–1a",
M479/M480,United Arab Emirates,2025,sci,Stufe 5–6 (%),5.6,DERIVED_OFFICIAL,"Figure I.2.3, Summe Stufen 5–6",
M479,United Arab Emirates,2022→2025,sci,Veränderung (sig.),26.1,OFFICIAL_STATLINK,Table I.2.6,
M479,United Arab Emirates,2022→2025,read,Veränderung (sig.),15.5,OFFICIAL_STATLINK,Table I.2.6,
M479,United Arab Emirates,2022→2025,math,Veränderung (sig.),21.5,OFFICIAL_STATLINK,Table I.2.6,
M479,United Arab Emirates,10 Jahre,sci,Dezennaltrend (sig.),17.8,OFFICIAL_STATLINK,Table I.2.9,
M479,United Arab Emirates,10 Jahre,read,Dezennaltrend (n. s.),-5.6,OFFICIAL_STATLINK,Table I.2.9,
M479,United Arab Emirates,10 Jahre,math,Dezennaltrend (sig.),20.3,OFFICIAL_STATLINK,Table I.2.9,
M479/M480,Viet Nam,2025,sci,Mittelwert,457.4,OFFICIAL_STATLINK,StatLink xgs41b Table I.2.o3–o6,
M479/M480,Viet Nam,2025,sci,SE (aus 95-%-KI),3.83,DERIVED_CI,"KI-Breite/(2·1,96)",
M479,Viet Nam,2025,sci,Rangspanne (alle),36–41,OFFICIAL_STATLINK,Table I.2.o3–o6,
M479/M480,Viet Nam,2025,read,Mittelwert,391.5,OFFICIAL_STATLINK,StatLink xgs41b Table I.2.o3–o6,
M479/M480,Viet Nam,2025,read,SE (aus 95-%-KI),3.83,DERIVED_CI,"KI-Breite/(2·1,96)",
M479,Viet Nam,2025,read,Rangspanne (alle),55–67,OFFICIAL_STATLINK,Table I.2.o3–o6,
M479/M480,Viet Nam,2025,math,Mittelwert,443.2,OFFICIAL_STATLINK,StatLink xgs41b Table I.2.o3–o6,
M479/M480,Viet Nam,2025,math,SE (aus 95-%-KI),4.34,DERIVED_CI,"KI-Breite/(2·1,96)",
M479,Viet Nam,2025,math,Rangspanne (alle),34–45,OFFICIAL_STATLINK,Table I.2.o3–o6,
M479/M480,Viet Nam,2025,cps,Mittelwert,461.4,OFFICIAL_STATLINK,StatLink xgs41b Table I.2.o3–o6,
M479/M480,Viet Nam,2025,cps,SE (aus 95-%-KI),2.81,DERIVED_CI,"KI-Breite/(2·1,96)",
M479,Viet Nam,2025,cps,Rangspanne (alle),43–52,OFFICIAL_STATLINK,Table I.2.o3–o6,
M479,Viet Nam,2025,sci,P10,354.5,OFFICIAL_STATLINK,Figure I.2.1,
M479,Viet Nam,2025,sci,P25,400.2,OFFICIAL_STATLINK,Figure I.2.1,
M479,Viet Nam,2025,sci,P50,455.5,OFFICIAL_STATLINK,Figure I.2.1,
M479,Viet Nam,2025,sci,P75,512.8,OFFICIAL_STATLINK,Figure I.2.1,
M479,Viet Nam,2025,sci,P90,563.2,OFFICIAL_STATLINK,Figure I.2.1,
M479/M480,Viet Nam,2025,sci,P90−P10,208.8,DERIVED_OFFICIAL,"Figure I.2.1, Differenz",
M479/M480,Viet Nam,2025,sci,unter Stufe 2 (%),28.7,DERIVED_OFFICIAL,"Figure I.2.3, Summe Stufen <1b–1a",
M479/M480,Viet Nam,2025,sci,Stufe 5–6 (%),1.6,DERIVED_OFFICIAL,"Figure I.2.3, Summe Stufen 5–6",
M479/M480,Malta,2025,sci,Mittelwert,452.5,OFFICIAL_STATLINK,StatLink xgs41b Table I.2.o3–o6,
M479/M480,Malta,2025,sci,SE (aus 95-%-KI),1.79,DERIVED_CI,"KI-Breite/(2·1,96)",
M479,Malta,2025,sci,Rangspanne (alle),38–42,OFFICIAL_STATLINK,Table I.2.o3–o6,
M479/M480,Malta,2025,read,Mittelwert,414.6,OFFICIAL_STATLINK,StatLink xgs41b Table I.2.o3–o6,
M479/M480,Malta,2025,read,SE (aus 95-%-KI),1.79,DERIVED_CI,"KI-Breite/(2·1,96)",
M479,Malta,2025,read,Rangspanne (alle),44–55,OFFICIAL_STATLINK,Table I.2.o3–o6,
M479/M480,Malta,2025,math,Mittelwert,439.1,OFFICIAL_STATLINK,StatLink xgs41b Table I.2.o3–o6,
M479/M480,Malta,2025,math,SE (aus 95-%-KI),1.79,DERIVED_CI,"KI-Breite/(2·1,96)",
M479,Malta,2025,math,Rangspanne (alle),40–45,OFFICIAL_STATLINK,Table I.2.o3–o6,
M479/M480,Malta,2025,cps,Mittelwert,462.6,OFFICIAL_STATLINK,StatLink xgs41b Table I.2.o3–o6,
M479/M480,Malta,2025,cps,SE (aus 95-%-KI),2.3,DERIVED_CI,"KI-Breite/(2·1,96)",
M479,Malta,2025,cps,Rangspanne (alle),43–49,OFFICIAL_STATLINK,Table I.2.o3–o6,
M479,Malta,2025,sci,P10,313.0,OFFICIAL_STATLINK,Figure I.2.1,
M479,Malta,2025,sci,P25,372.6,OFFICIAL_STATLINK,Figure I.2.1,
M479,Malta,2025,sci,P50,449.2,OFFICIAL_STATLINK,Figure I.2.1,
M479,Malta,2025,sci,P75,530.1,OFFICIAL_STATLINK,Figure I.2.1,
M479,Malta,2025,sci,P90,597.0,OFFICIAL_STATLINK,Figure I.2.1,
M479/M480,Malta,2025,sci,P90−P10,284.0,DERIVED_OFFICIAL,"Figure I.2.1, Differenz",
M479/M480,Malta,2025,sci,unter Stufe 2 (%),36.6,DERIVED_OFFICIAL,"Figure I.2.3, Summe Stufen <1b–1a",
M479/M480,Malta,2025,sci,Stufe 5–6 (%),5.1,DERIVED_OFFICIAL,"Figure I.2.3, Summe Stufen 5–6",
M479,Malta,2022→2025,sci,Veränderung (sig.),-13.1,OFFICIAL_STATLINK,Table I.2.6,
M479,Malta,2022→2025,read,Veränderung (sig.),-30.7,OFFICIAL_STATLINK,Table I.2.6,
M479,Malta,2022→2025,math,Veränderung (sig.),-26.9,OFFICIAL_STATLINK,Table I.2.6,
M479,Malta,10 Jahre,sci,Dezennaltrend (sig.),-7.5,OFFICIAL_STATLINK,Table I.2.9,
M479,Malta,10 Jahre,read,Dezennaltrend (sig.),-28.6,OFFICIAL_STATLINK,Table I.2.9,
M479,Malta,10 Jahre,math,Dezennaltrend (sig.),-36.1,OFFICIAL_STATLINK,Table I.2.9,
M479/M480,Ukrainian regions (17 of 27),2025,sci,Mittelwert,448.1,OFFICIAL_STATLINK,StatLink xgs41b Table I.2.o3–o6,
M479/M480,Ukrainian regions (17 of 27),2025,sci,SE (aus 95-%-KI),2.55,DERIVED_CI,"KI-Breite/(2·1,96)",
M479,Ukrainian regions (17 of 27),2025,sci,Rangspanne (alle),39–47,OFFICIAL_STATLINK,Table I.2.o3–o6,
M479/M480,Ukrainian regions (17 of 27),2025,read,Mittelwert,418.4,OFFICIAL_STATLINK,StatLink xgs41b Table I.2.o3–o6,
M479/M480,Ukrainian regions (17 of 27),2025,read,SE (aus 95-%-KI),2.3,DERIVED_CI,"KI-Breite/(2·1,96)",
M479,Ukrainian regions (17 of 27),2025,read,Rangspanne (alle),41–53,OFFICIAL_STATLINK,Table I.2.o3–o6,
M479/M480,Ukrainian regions (17 of 27),2025,math,Mittelwert,431.0,OFFICIAL_STATLINK,StatLink xgs41b Table I.2.o3–o6,
M479/M480,Ukrainian regions (17 of 27),2025,math,SE (aus 95-%-KI),2.55,DERIVED_CI,"KI-Breite/(2·1,96)",
M479,Ukrainian regions (17 of 27),2025,math,Rangspanne (alle),40–48,OFFICIAL_STATLINK,Table I.2.o3–o6,
M479/M480,Ukrainian regions (17 of 27),2025,cps,Mittelwert,477.5,OFFICIAL_STATLINK,StatLink xgs41b Table I.2.o3–o6,
M479/M480,Ukrainian regions (17 of 27),2025,cps,SE (aus 95-%-KI),2.3,DERIVED_CI,"KI-Breite/(2·1,96)",
M479,Ukrainian regions (17 of 27),2025,cps,Rangspanne (alle),38–42,OFFICIAL_STATLINK,Table I.2.o3–o6,
M479,Ukrainian regions (17 of 27),2025,sci,P10,329.7,OFFICIAL_STATLINK,Figure I.2.1,
M479,Ukrainian regions (17 of 27),2025,sci,P25,382.5,OFFICIAL_STATLINK,Figure I.2.1,
M479,Ukrainian regions (17 of 27),2025,sci,P50,447.5,OFFICIAL_STATLINK,Figure I.2.1,
M479,Ukrainian regions (17 of 27),2025,sci,P75,512.1,OFFICIAL_STATLINK,Figure I.2.1,
M479,Ukrainian regions (17 of 27),2025,sci,P90,566.6,OFFICIAL_STATLINK,Figure I.2.1,
M479/M480,Ukrainian regions (17 of 27),2025,sci,P90−P10,236.9,DERIVED_OFFICIAL,"Figure I.2.1, Differenz",
M479/M480,Ukrainian regions (17 of 27),2025,sci,unter Stufe 2 (%),34.8,DERIVED_OFFICIAL,"Figure I.2.3, Summe Stufen <1b–1a",
M479/M480,Ukrainian regions (17 of 27),2025,sci,Stufe 5–6 (%),2.0,DERIVED_OFFICIAL,"Figure I.2.3, Summe Stufen 5–6",
M479,Ukrainian regions (17 of 27),2022→2025,sci,Veränderung (n. s.),-1.2,OFFICIAL_STATLINK,Table I.2.6,
M479,Ukrainian regions (17 of 27),2022→2025,read,Veränderung (n. s.),-8.3,OFFICIAL_STATLINK,Table I.2.6,
M479,Ukrainian regions (17 of 27),2022→2025,math,Veränderung (n. s.),-9.1,OFFICIAL_STATLINK,Table I.2.6,
M479/M480,Uruguay,2025,sci,Mittelwert,444.5,OFFICIAL_STATLINK,StatLink xgs41b Table I.2.o3–o6,
M479/M480,Uruguay,2025,sci,SE (aus 95-%-KI),1.79,DERIVED_CI,"KI-Breite/(2·1,96)",
M479,Uruguay,2025,sci,Rangspanne (alle),40–50,OFFICIAL_STATLINK,Table I.2.o3–o6,
M479/M480,Uruguay,2025,read,Mittelwert,423.2,OFFICIAL_STATLINK,StatLink xgs41b Table I.2.o3–o6,
M479/M480,Uruguay,2025,read,SE (aus 95-%-KI),2.04,DERIVED_CI,"KI-Breite/(2·1,96)",
M479,Uruguay,2025,read,Rangspanne (alle),39–50,OFFICIAL_STATLINK,Table I.2.o3–o6,
M479/M480,Uruguay,2025,math,Mittelwert,404.9,OFFICIAL_STATLINK,StatLink xgs41b Table I.2.o3–o6,
M479/M480,Uruguay,2025,math,SE (aus 95-%-KI),2.04,DERIVED_CI,"KI-Breite/(2·1,96)",
M479,Uruguay,2025,math,Rangspanne (alle),53–62,OFFICIAL_STATLINK,Table I.2.o3–o6,
M479/M480,Uruguay,2025,cps,Mittelwert,461.9,OFFICIAL_STATLINK,StatLink xgs41b Table I.2.o3–o6,
M479/M480,Uruguay,2025,cps,SE (aus 95-%-KI),2.04,DERIVED_CI,"KI-Breite/(2·1,96)",
M479,Uruguay,2025,cps,Rangspanne (alle),43–49,OFFICIAL_STATLINK,Table I.2.o3–o6,
M479,Uruguay,2025,sci,P10,330.7,OFFICIAL_STATLINK,Figure I.2.1,
M479,Uruguay,2025,sci,P25,381.7,OFFICIAL_STATLINK,Figure I.2.1,
M479,Uruguay,2025,sci,P50,443.3,OFFICIAL_STATLINK,Figure I.2.1,
M479,Uruguay,2025,sci,P75,505.4,OFFICIAL_STATLINK,Figure I.2.1,
M479,Uruguay,2025,sci,P90,560.2,OFFICIAL_STATLINK,Figure I.2.1,
M479/M480,Uruguay,2025,sci,P90−P10,229.6,DERIVED_OFFICIAL,"Figure I.2.1, Differenz",
M479/M480,Uruguay,2025,sci,unter Stufe 2 (%),35.8,DERIVED_OFFICIAL,"Figure I.2.3, Summe Stufen <1b–1a",
M479/M480,Uruguay,2025,sci,Stufe 5–6 (%),1.5,DERIVED_OFFICIAL,"Figure I.2.3, Summe Stufen 5–6",
M479,Uruguay,2022→2025,sci,Veränderung (sig.),9.2,OFFICIAL_STATLINK,Table I.2.6,
M479,Uruguay,2022→2025,read,Veränderung (sig.),-7.1,OFFICIAL_STATLINK,Table I.2.6,
M479,Uruguay,2022→2025,math,Veränderung (n. s.),-3.8,OFFICIAL_STATLINK,Table I.2.6,
M479,Uruguay,10 Jahre,sci,Dezennaltrend (sig.),11.2,OFFICIAL_STATLINK,Table I.2.9,
M479,Uruguay,10 Jahre,read,Dezennaltrend (sig.),-10.4,OFFICIAL_STATLINK,Table I.2.9,
M479,Uruguay,10 Jahre,math,Dezennaltrend (sig.),-14.4,OFFICIAL_STATLINK,Table I.2.9,
M479/M480,Chile,2025,sci,Mittelwert,442.4,OFFICIAL_STATLINK,StatLink xgs41b Table I.2.o3–o6,
M479/M480,Chile,2025,sci,SE (aus 95-%-KI),2.55,DERIVED_CI,"KI-Breite/(2·1,96)",
M479,Chile,2025,sci,Rangspanne (alle),41–53,OFFICIAL_STATLINK,Table I.2.o3–o6,
M479/M480,Chile,2025,read,Mittelwert,435.7,OFFICIAL_STATLINK,StatLink xgs41b Table I.2.o3–o6,
M479/M480,Chile,2025,read,SE (aus 95-%-KI),2.81,DERIVED_CI,"KI-Breite/(2·1,96)",
M479,Chile,2025,read,Rangspanne (alle),34–40,OFFICIAL_STATLINK,Table I.2.o3–o6,
M479/M480,Chile,2025,math,Mittelwert,402.6,OFFICIAL_STATLINK,StatLink xgs41b Table I.2.o3–o6,
M479/M480,Chile,2025,math,SE (aus 95-%-KI),2.3,DERIVED_CI,"KI-Breite/(2·1,96)",
M479,Chile,2025,math,Rangspanne (alle),56–62,OFFICIAL_STATLINK,Table I.2.o3–o6,
M479/M480,Chile,2025,cps,Mittelwert,466.2,OFFICIAL_STATLINK,StatLink xgs41b Table I.2.o3–o6,
M479/M480,Chile,2025,cps,SE (aus 95-%-KI),2.81,DERIVED_CI,"KI-Breite/(2·1,96)",
M479,Chile,2025,cps,Rangspanne (alle),41–48,OFFICIAL_STATLINK,Table I.2.o3–o6,
M479,Chile,2025,sci,P10,329.9,OFFICIAL_STATLINK,Figure I.2.1,
M479,Chile,2025,sci,P25,379.7,OFFICIAL_STATLINK,Figure I.2.1,
M479,Chile,2025,sci,P50,441.0,OFFICIAL_STATLINK,Figure I.2.1,
M479,Chile,2025,sci,P75,503.4,OFFICIAL_STATLINK,Figure I.2.1,
M479,Chile,2025,sci,P90,558.2,OFFICIAL_STATLINK,Figure I.2.1,
M479/M480,Chile,2025,sci,P90−P10,228.3,DERIVED_OFFICIAL,"Figure I.2.1, Differenz",
M479/M480,Chile,2025,sci,unter Stufe 2 (%),36.7,DERIVED_OFFICIAL,"Figure I.2.3, Summe Stufen <1b–1a",
M479/M480,Chile,2025,sci,Stufe 5–6 (%),1.4,DERIVED_OFFICIAL,"Figure I.2.3, Summe Stufen 5–6",
M479,Chile,2022→2025,sci,Veränderung (n. s.),-1.2,OFFICIAL_STATLINK,Table I.2.6,
M479,Chile,2022→2025,read,Veränderung (sig.),-12.3,OFFICIAL_STATLINK,Table I.2.6,
M479,Chile,2022→2025,math,Veränderung (sig.),-9.1,OFFICIAL_STATLINK,Table I.2.6,
M479,Chile,10 Jahre,sci,Dezennaltrend (n. s.),-4.0,OFFICIAL_STATLINK,Table I.2.9,
M479,Chile,10 Jahre,read,Dezennaltrend (sig.),-21.2,OFFICIAL_STATLINK,Table I.2.9,
M479,Chile,10 Jahre,math,Dezennaltrend (sig.),-19.2,OFFICIAL_STATLINK,Table I.2.9,
M479/M480,Israel,2025,sci,Mittelwert,442.0,OFFICIAL_STATLINK,StatLink xgs41b Table I.2.o3–o6,
M479/M480,Israel,2025,sci,SE (aus 95-%-KI),3.57,DERIVED_CI,"KI-Breite/(2·1,96)",
M479,Israel,2025,sci,Rangspanne (alle),39–54,OFFICIAL_STATLINK,Table I.2.o3–o6,
M479/M480,Israel,2025,read,Mittelwert,435.8,OFFICIAL_STATLINK,StatLink xgs41b Table I.2.o3–o6,
M479/M480,Israel,2025,read,SE (aus 95-%-KI),3.57,DERIVED_CI,"KI-Breite/(2·1,96)",
M479,Israel,2025,read,Rangspanne (alle),33–42,OFFICIAL_STATLINK,Table I.2.o3–o6,
M479/M480,Israel,2025,math,Mittelwert,433.4,OFFICIAL_STATLINK,StatLink xgs41b Table I.2.o3–o6,
M479/M480,Israel,2025,math,SE (aus 95-%-KI),3.06,DERIVED_CI,"KI-Breite/(2·1,96)",
M479,Israel,2025,math,Rangspanne (alle),40–48,OFFICIAL_STATLINK,Table I.2.o3–o6,
M479/M480,Israel,2025,cps,Mittelwert,443.8,OFFICIAL_STATLINK,StatLink xgs41b Table I.2.o3–o6,
M479/M480,Israel,2025,cps,SE (aus 95-%-KI),3.32,DERIVED_CI,"KI-Breite/(2·1,96)",
M479,Israel,2025,cps,Rangspanne (alle),49–61,OFFICIAL_STATLINK,Table I.2.o3–o6,
M479,Israel,2025,sci,P10,298.1,OFFICIAL_STATLINK,Figure I.2.1,
M479,Israel,2025,sci,P25,360.7,OFFICIAL_STATLINK,Figure I.2.1,
M479,Israel,2025,sci,P50,440.6,OFFICIAL_STATLINK,Figure I.2.1,
M479,Israel,2025,sci,P75,521.3,OFFICIAL_STATLINK,Figure I.2.1,
M479,Israel,2025,sci,P90,587.8,OFFICIAL_STATLINK,Figure I.2.1,
M479/M480,Israel,2025,sci,P90−P10,289.6,DERIVED_OFFICIAL,"Figure I.2.1, Differenz",
M479/M480,Israel,2025,sci,unter Stufe 2 (%),40.0,DERIVED_OFFICIAL,"Figure I.2.3, Summe Stufen <1b–1a",
M479/M480,Israel,2025,sci,Stufe 5–6 (%),4.3,DERIVED_OFFICIAL,"Figure I.2.3, Summe Stufen 5–6",
M479,Israel,2022→2025,sci,Veränderung (sig.),-22.7,OFFICIAL_STATLINK,Table I.2.6,
M479,Israel,2022→2025,read,Veränderung (sig.),-38.0,OFFICIAL_STATLINK,Table I.2.6,
M479,Israel,2022→2025,math,Veränderung (sig.),-24.5,OFFICIAL_STATLINK,Table I.2.6,
M479,Israel,10 Jahre,sci,Dezennaltrend (sig.),-20.3,OFFICIAL_STATLINK,Table I.2.9,
M479,Israel,10 Jahre,read,Dezennaltrend (sig.),-36.0,OFFICIAL_STATLINK,Table I.2.9,
M479,Israel,10 Jahre,math,Dezennaltrend (sig.),-33.1,OFFICIAL_STATLINK,Table I.2.9,
M479/M480,Iceland,2025,sci,Mittelwert,441.4,OFFICIAL_STATLINK,StatLink xgs41b Table I.2.o3–o6,
M479/M480,Iceland,2025,sci,SE (aus 95-%-KI),1.79,DERIVED_CI,"KI-Breite/(2·1,96)",
M479,Iceland,2025,sci,Rangspanne (alle),41–52,OFFICIAL_STATLINK,Table I.2.o3–o6,
M479/M480,Iceland,2025,read,Mittelwert,422.3,OFFICIAL_STATLINK,StatLink xgs41b Table I.2.o3–o6,
M479/M480,Iceland,2025,read,SE (aus 95-%-KI),1.53,DERIVED_CI,"KI-Breite/(2·1,96)",
M479,Iceland,2025,read,Rangspanne (alle),40–50,OFFICIAL_STATLINK,Table I.2.o3–o6,
M479/M480,Iceland,2025,math,Mittelwert,449.7,OFFICIAL_STATLINK,StatLink xgs41b Table I.2.o3–o6,
M479/M480,Iceland,2025,math,SE (aus 95-%-KI),1.53,DERIVED_CI,"KI-Breite/(2·1,96)",
M479,Iceland,2025,math,Rangspanne (alle),33–40,OFFICIAL_STATLINK,Table I.2.o3–o6,
M479/M480,Iceland,2025,cps,Mittelwert,489.8,OFFICIAL_STATLINK,StatLink xgs41b Table I.2.o3–o6,
M479/M480,Iceland,2025,cps,SE (aus 95-%-KI),1.79,DERIVED_CI,"KI-Breite/(2·1,96)",
M479,Iceland,2025,cps,Rangspanne (alle),29–38,OFFICIAL_STATLINK,Table I.2.o3–o6,
M479,Iceland,2025,sci,P10,314.3,OFFICIAL_STATLINK,Figure I.2.1,
M479,Iceland,2025,sci,P25,371.2,OFFICIAL_STATLINK,Figure I.2.1,
M479,Iceland,2025,sci,P50,439.2,OFFICIAL_STATLINK,Figure I.2.1,
M479,Iceland,2025,sci,P75,509.3,OFFICIAL_STATLINK,Figure I.2.1,
M479,Iceland,2025,sci,P90,570.8,OFFICIAL_STATLINK,Figure I.2.1,
M479/M480,Iceland,2025,sci,P90−P10,256.5,DERIVED_OFFICIAL,"Figure I.2.1, Differenz",
M479/M480,Iceland,2025,sci,unter Stufe 2 (%),38.4,DERIVED_OFFICIAL,"Figure I.2.3, Summe Stufen <1b–1a",
M479/M480,Iceland,2025,sci,Stufe 5–6 (%),2.7,DERIVED_OFFICIAL,"Figure I.2.3, Summe Stufen 5–6",
M479,Iceland,2022→2025,sci,Veränderung (n. s.),-5.6,OFFICIAL_STATLINK,Table I.2.6,
M479,Iceland,2022→2025,read,Veränderung (sig.),-13.6,OFFICIAL_STATLINK,Table I.2.6,
M479,Iceland,2022→2025,math,Veränderung (sig.),-9.2,OFFICIAL_STATLINK,Table I.2.6,
M479,Iceland,10 Jahre,sci,Dezennaltrend (sig.),-37.1,OFFICIAL_STATLINK,Table I.2.9,
M479,Iceland,10 Jahre,read,Dezennaltrend (sig.),-64.2,OFFICIAL_STATLINK,Table I.2.9,
M479,Iceland,10 Jahre,math,Dezennaltrend (sig.),-45.5,OFFICIAL_STATLINK,Table I.2.9,
M479/M480,Brunei Darussalam,2025,sci,Mittelwert,439.5,OFFICIAL_STATLINK,StatLink xgs41b Table I.2.o3–o6,
M479/M480,Brunei Darussalam,2025,sci,SE (aus 95-%-KI),0.77,DERIVED_CI,"KI-Breite/(2·1,96)",
M479,Brunei Darussalam,2025,sci,Rangspanne (alle),42–53,OFFICIAL_STATLINK,Table I.2.o3–o6,
M479/M480,Brunei Darussalam,2025,read,Mittelwert,425.7,OFFICIAL_STATLINK,StatLink xgs41b Table I.2.o3–o6,
M479/M480,Brunei Darussalam,2025,read,SE (aus 95-%-KI),0.77,DERIVED_CI,"KI-Breite/(2·1,96)",
M479,Brunei Darussalam,2025,read,Rangspanne (alle),39–48,OFFICIAL_STATLINK,Table I.2.o3–o6,
M479/M480,Brunei Darussalam,2025,math,Mittelwert,435.2,OFFICIAL_STATLINK,StatLink xgs41b Table I.2.o3–o6,
M479/M480,Brunei Darussalam,2025,math,SE (aus 95-%-KI),0.77,DERIVED_CI,"KI-Breite/(2·1,96)",
M479,Brunei Darussalam,2025,math,Rangspanne (alle),40–46,OFFICIAL_STATLINK,Table I.2.o3–o6,
M479/M480,Brunei Darussalam,2025,cps,Mittelwert,496.3,OFFICIAL_STATLINK,StatLink xgs41b Table I.2.o3–o6,
M479/M480,Brunei Darussalam,2025,cps,SE (aus 95-%-KI),0.77,DERIVED_CI,"KI-Breite/(2·1,96)",
M479,Brunei Darussalam,2025,cps,Rangspanne (alle),25–36,OFFICIAL_STATLINK,Table I.2.o3–o6,
M479,Brunei Darussalam,2025,sci,P10,319.1,OFFICIAL_STATLINK,Figure I.2.1,
M479,Brunei Darussalam,2025,sci,P25,372.1,OFFICIAL_STATLINK,Figure I.2.1,
M479,Brunei Darussalam,2025,sci,P50,436.7,OFFICIAL_STATLINK,Figure I.2.1,
M479,Brunei Darussalam,2025,sci,P75,504.6,OFFICIAL_STATLINK,Figure I.2.1,
M479,Brunei Darussalam,2025,sci,P90,563.7,OFFICIAL_STATLINK,Figure I.2.1,
M479/M480,Brunei Darussalam,2025,sci,P90−P10,244.6,DERIVED_OFFICIAL,"Figure I.2.1, Differenz",
M479/M480,Brunei Darussalam,2025,sci,unter Stufe 2 (%),38.9,DERIVED_OFFICIAL,"Figure I.2.3, Summe Stufen <1b–1a",
M479/M480,Brunei Darussalam,2025,sci,Stufe 5–6 (%),1.7,DERIVED_OFFICIAL,"Figure I.2.3, Summe Stufen 5–6",
M479,Brunei Darussalam,2022→2025,sci,Veränderung (n. s.),-6.4,OFFICIAL_STATLINK,Table I.2.6,
M479,Brunei Darussalam,2022→2025,read,Veränderung (n. s.),-3.6,OFFICIAL_STATLINK,Table I.2.6,
M479,Brunei Darussalam,2022→2025,math,Veränderung (sig.),-6.9,OFFICIAL_STATLINK,Table I.2.6,
M479,Brunei Darussalam,10 Jahre,sci,Dezennaltrend (sig.),13.5,OFFICIAL_STATLINK,Table I.2.9,
M479,Brunei Darussalam,10 Jahre,read,Dezennaltrend (sig.),26.7,OFFICIAL_STATLINK,Table I.2.9,
M479,Brunei Darussalam,10 Jahre,math,Dezennaltrend (sig.),8.5,OFFICIAL_STATLINK,Table I.2.9,
M479/M480,Mauritius,2025,sci,Mittelwert,438.2,OFFICIAL_STATLINK,StatLink xgs41b Table I.2.o3–o6,
M479/M480,Mauritius,2025,sci,SE (aus 95-%-KI),4.08,DERIVED_CI,"KI-Breite/(2·1,96)",
M479,Mauritius,2025,sci,Rangspanne (alle),41–56,OFFICIAL_STATLINK,Table I.2.o3–o6,
M479/M480,Mauritius,2025,read,Mittelwert,405.3,OFFICIAL_STATLINK,StatLink xgs41b Table I.2.o3–o6,
M479/M480,Mauritius,2025,read,SE (aus 95-%-KI),3.57,DERIVED_CI,"KI-Breite/(2·1,96)",
M479,Mauritius,2025,read,Rangspanne (alle),48–59,OFFICIAL_STATLINK,Table I.2.o3–o6,
M479/M480,Mauritius,2025,math,Mittelwert,406.9,OFFICIAL_STATLINK,StatLink xgs41b Table I.2.o3–o6,
M479/M480,Mauritius,2025,math,SE (aus 95-%-KI),3.57,DERIVED_CI,"KI-Breite/(2·1,96)",
M479,Mauritius,2025,math,Rangspanne (alle),47–62,OFFICIAL_STATLINK,Table I.2.o3–o6,
M479,Mauritius,2025,sci,P10,303.5,OFFICIAL_STATLINK,Figure I.2.1,
M479,Mauritius,2025,sci,P25,363.4,OFFICIAL_STATLINK,Figure I.2.1,
M479,Mauritius,2025,sci,P50,438.3,OFFICIAL_STATLINK,Figure I.2.1,
M479,Mauritius,2025,sci,P75,510.6,OFFICIAL_STATLINK,Figure I.2.1,
M479,Mauritius,2025,sci,P90,572.3,OFFICIAL_STATLINK,Figure I.2.1,
M479/M480,Mauritius,2025,sci,P90−P10,268.9,DERIVED_OFFICIAL,"Figure I.2.1, Differenz",
M479/M480,Mauritius,2025,sci,unter Stufe 2 (%),39.8,DERIVED_OFFICIAL,"Figure I.2.3, Summe Stufen <1b–1a",
M479/M480,Mauritius,2025,sci,Stufe 5–6 (%),2.6,DERIVED_OFFICIAL,"Figure I.2.3, Summe Stufen 5–6",
M479/M480,Uzbekistan,2025,sci,Mittelwert,437.6,OFFICIAL_STATLINK,StatLink xgs41b Table I.2.o3–o6,
M479/M480,Uzbekistan,2025,sci,SE (aus 95-%-KI),2.81,DERIVED_CI,"KI-Breite/(2·1,96)",
M479,Uzbekistan,2025,sci,Rangspanne (alle),41–55,OFFICIAL_STATLINK,Table I.2.o3–o6,
M479/M480,Uzbekistan,2025,cps,Mittelwert,402.4,OFFICIAL_STATLINK,StatLink xgs41b Table I.2.o3–o6,
M479/M480,Uzbekistan,2025,cps,SE (aus 95-%-KI),1.79,DERIVED_CI,"KI-Breite/(2·1,96)",
M479,Uzbekistan,2025,cps,Rangspanne (alle),69–74,OFFICIAL_STATLINK,Table I.2.o3–o6,
M479,Uzbekistan,2025,sci,P10,350.2,OFFICIAL_STATLINK,Figure I.2.1,
M479,Uzbekistan,2025,sci,P25,389.9,OFFICIAL_STATLINK,Figure I.2.1,
M479,Uzbekistan,2025,sci,P50,435.5,OFFICIAL_STATLINK,Figure I.2.1,
M479,Uzbekistan,2025,sci,P75,483.1,OFFICIAL_STATLINK,Figure I.2.1,
M479,Uzbekistan,2025,sci,P90,527.8,OFFICIAL_STATLINK,Figure I.2.1,
M479/M480,Uzbekistan,2025,sci,P90−P10,177.6,DERIVED_OFFICIAL,"Figure I.2.1, Differenz",
M479/M480,Uzbekistan,2025,sci,unter Stufe 2 (%),35.0,DERIVED_OFFICIAL,"Figure I.2.3, Summe Stufen <1b–1a",
M479/M480,Uzbekistan,2025,sci,Stufe 5–6 (%),0.5,DERIVED_OFFICIAL,"Figure I.2.3, Summe Stufen 5–6",
M479/M480,Montenegro,2025,sci,Mittelwert,435.2,OFFICIAL_STATLINK,StatLink xgs41b Table I.2.o3–o6,
M479/M480,Montenegro,2025,sci,SE (aus 95-%-KI),1.28,DERIVED_CI,"KI-Breite/(2·1,96)",
M479,Montenegro,2025,sci,Rangspanne (alle),43–55,OFFICIAL_STATLINK,Table I.2.o3–o6,
M479/M480,Montenegro,2025,read,Mittelwert,418.4,OFFICIAL_STATLINK,StatLink xgs41b Table I.2.o3–o6,
M479/M480,Montenegro,2025,read,SE (aus 95-%-KI),1.28,DERIVED_CI,"KI-Breite/(2·1,96)",
M479,Montenegro,2025,read,Rangspanne (alle),42–51,OFFICIAL_STATLINK,Table I.2.o3–o6,
M479/M480,Montenegro,2025,math,Mittelwert,411.1,OFFICIAL_STATLINK,StatLink xgs41b Table I.2.o3–o6,
M479/M480,Montenegro,2025,math,SE (aus 95-%-KI),1.02,DERIVED_CI,"KI-Breite/(2·1,96)",
M479,Montenegro,2025,math,Rangspanne (alle),47–60,OFFICIAL_STATLINK,Table I.2.o3–o6,
M479/M480,Montenegro,2025,cps,Mittelwert,423.1,OFFICIAL_STATLINK,StatLink xgs41b Table I.2.o3–o6,
M479/M480,Montenegro,2025,cps,SE (aus 95-%-KI),1.53,DERIVED_CI,"KI-Breite/(2·1,96)",
M479,Montenegro,2025,cps,Rangspanne (alle),61–68,OFFICIAL_STATLINK,Table I.2.o3–o6,
M479,Montenegro,2025,sci,P10,322.2,OFFICIAL_STATLINK,Figure I.2.1,
M479,Montenegro,2025,sci,P25,371.8,OFFICIAL_STATLINK,Figure I.2.1,
M479,Montenegro,2025,sci,P50,433.9,OFFICIAL_STATLINK,Figure I.2.1,
M479,Montenegro,2025,sci,P75,496.2,OFFICIAL_STATLINK,Figure I.2.1,
M479,Montenegro,2025,sci,P90,550.1,OFFICIAL_STATLINK,Figure I.2.1,
M479/M480,Montenegro,2025,sci,P90−P10,227.9,DERIVED_OFFICIAL,"Figure I.2.1, Differenz",
M479/M480,Montenegro,2025,sci,unter Stufe 2 (%),39.8,DERIVED_OFFICIAL,"Figure I.2.3, Summe Stufen <1b–1a",
M479/M480,Montenegro,2025,sci,Stufe 5–6 (%),1.2,DERIVED_OFFICIAL,"Figure I.2.3, Summe Stufen 5–6",
M479,Montenegro,2022→2025,sci,Veränderung (sig.),32.1,OFFICIAL_STATLINK,Table I.2.6,
M479,Montenegro,2022→2025,read,Veränderung (sig.),13.4,OFFICIAL_STATLINK,Table I.2.6,
M479,Montenegro,2022→2025,math,Veränderung (sig.),5.5,OFFICIAL_STATLINK,Table I.2.6,
M479,Montenegro,10 Jahre,sci,Dezennaltrend (sig.),16.4,OFFICIAL_STATLINK,Table I.2.9,
M479,Montenegro,10 Jahre,read,Dezennaltrend (sig.),-12.9,OFFICIAL_STATLINK,Table I.2.9,
M479,Montenegro,10 Jahre,math,Dezennaltrend (sig.),-14.2,OFFICIAL_STATLINK,Table I.2.9,
M479/M480,Albania,2025,sci,Mittelwert,434.6,OFFICIAL_STATLINK,StatLink xgs41b Table I.2.o3–o6,
M479/M480,Albania,2025,sci,SE (aus 95-%-KI),2.81,DERIVED_CI,"KI-Breite/(2·1,96)",
M479,Albania,2025,sci,Rangspanne (alle),42–58,OFFICIAL_STATLINK,Table I.2.o3–o6,
M479/M480,Albania,2025,read,Mittelwert,407.6,OFFICIAL_STATLINK,StatLink xgs41b Table I.2.o3–o6,
M479/M480,Albania,2025,read,SE (aus 95-%-KI),2.55,DERIVED_CI,"KI-Breite/(2·1,96)",
M479,Albania,2025,read,Rangspanne (alle),47–57,OFFICIAL_STATLINK,Table I.2.o3–o6,
M479/M480,Albania,2025,math,Mittelwert,432.8,OFFICIAL_STATLINK,StatLink xgs41b Table I.2.o3–o6,
M479/M480,Albania,2025,math,SE (aus 95-%-KI),2.81,DERIVED_CI,"KI-Breite/(2·1,96)",
M479,Albania,2025,math,Rangspanne (alle),40–48,OFFICIAL_STATLINK,Table I.2.o3–o6,
M479/M480,Albania,2025,cps,Mittelwert,437.0,OFFICIAL_STATLINK,StatLink xgs41b Table I.2.o3–o6,
M479/M480,Albania,2025,cps,SE (aus 95-%-KI),2.55,DERIVED_CI,"KI-Breite/(2·1,96)",
M479,Albania,2025,cps,Rangspanne (alle),54–65,OFFICIAL_STATLINK,Table I.2.o3–o6,
M479,Albania,2025,sci,P10,332.4,OFFICIAL_STATLINK,Figure I.2.1,
M479,Albania,2025,sci,P25,379.1,OFFICIAL_STATLINK,Figure I.2.1,
M479,Albania,2025,sci,P50,433.6,OFFICIAL_STATLINK,Figure I.2.1,
M479,Albania,2025,sci,P75,488.5,OFFICIAL_STATLINK,Figure I.2.1,
M479,Albania,2025,sci,P90,538.1,OFFICIAL_STATLINK,Figure I.2.1,
M479/M480,Albania,2025,sci,P90−P10,205.6,DERIVED_OFFICIAL,"Figure I.2.1, Differenz",
M479/M480,Albania,2025,sci,unter Stufe 2 (%),38.5,DERIVED_OFFICIAL,"Figure I.2.3, Summe Stufen <1b–1a",
M479/M480,Albania,2025,sci,Stufe 5–6 (%),0.6,DERIVED_OFFICIAL,"Figure I.2.3, Summe Stufen 5–6",
M479/M480,Qatar,2025,sci,Mittelwert,434.4,OFFICIAL_STATLINK,StatLink xgs41b Table I.2.o3–o6,
M479/M480,Qatar,2025,sci,SE (aus 95-%-KI),1.28,DERIVED_CI,"KI-Breite/(2·1,96)",
M479,Qatar,2025,sci,Rangspanne (alle),43–56,OFFICIAL_STATLINK,Table I.2.o3–o6,
M479/M480,Qatar,2025,read,Mittelwert,418.0,OFFICIAL_STATLINK,StatLink xgs41b Table I.2.o3–o6,
M479/M480,Qatar,2025,read,SE (aus 95-%-KI),1.53,DERIVED_CI,"KI-Breite/(2·1,96)",
M479,Qatar,2025,read,Rangspanne (alle),42–51,OFFICIAL_STATLINK,Table I.2.o3–o6,
M479/M480,Qatar,2025,math,Mittelwert,416.2,OFFICIAL_STATLINK,StatLink xgs41b Table I.2.o3–o6,
M479/M480,Qatar,2025,math,SE (aus 95-%-KI),1.28,DERIVED_CI,"KI-Breite/(2·1,96)",
M479,Qatar,2025,math,Rangspanne (alle),46–59,OFFICIAL_STATLINK,Table I.2.o3–o6,
M479/M480,Qatar,2025,cps,Mittelwert,452.2,OFFICIAL_STATLINK,StatLink xgs41b Table I.2.o3–o6,
M479/M480,Qatar,2025,cps,SE (aus 95-%-KI),1.53,DERIVED_CI,"KI-Breite/(2·1,96)",
M479,Qatar,2025,cps,Rangspanne (alle),47–55,OFFICIAL_STATLINK,Table I.2.o3–o6,
M479,Qatar,2025,sci,P10,306.9,OFFICIAL_STATLINK,Figure I.2.1,
M479,Qatar,2025,sci,P25,358.8,OFFICIAL_STATLINK,Figure I.2.1,
M479,Qatar,2025,sci,P50,429.4,OFFICIAL_STATLINK,Figure I.2.1,
M479,Qatar,2025,sci,P75,505.2,OFFICIAL_STATLINK,Figure I.2.1,
M479,Qatar,2025,sci,P90,570.7,OFFICIAL_STATLINK,Figure I.2.1,
M479/M480,Qatar,2025,sci,P90−P10,263.8,DERIVED_OFFICIAL,"Figure I.2.1, Differenz",
M479/M480,Qatar,2025,sci,unter Stufe 2 (%),42.9,DERIVED_OFFICIAL,"Figure I.2.3, Summe Stufen <1b–1a",
M479/M480,Qatar,2025,sci,Stufe 5–6 (%),2.7,DERIVED_OFFICIAL,"Figure I.2.3, Summe Stufen 5–6",
M479,Qatar,2022→2025,sci,Veränderung (n. s.),2.0,OFFICIAL_STATLINK,Table I.2.6,
M479,Qatar,2022→2025,read,Veränderung (n. s.),-1.3,OFFICIAL_STATLINK,Table I.2.6,
M479,Qatar,2022→2025,math,Veränderung (n. s.),2.1,OFFICIAL_STATLINK,Table I.2.6,
M479,Qatar,10 Jahre,sci,Dezennaltrend (sig.),19.1,OFFICIAL_STATLINK,Table I.2.9,
M479,Qatar,10 Jahre,read,Dezennaltrend (sig.),18.1,OFFICIAL_STATLINK,Table I.2.9,
M479,Qatar,10 Jahre,math,Dezennaltrend (sig.),11.8,OFFICIAL_STATLINK,Table I.2.9,
M479/M480,Greece,2025,sci,Mittelwert,434.3,OFFICIAL_STATLINK,StatLink xgs41b Table I.2.o3–o6,
M479/M480,Greece,2025,sci,SE (aus 95-%-KI),2.81,DERIVED_CI,"KI-Breite/(2·1,96)",
M479,Greece,2025,sci,Rangspanne (alle),42–60,OFFICIAL_STATLINK,Table I.2.o3–o6,
M479/M480,Greece,2025,read,Mittelwert,422.7,OFFICIAL_STATLINK,StatLink xgs41b Table I.2.o3–o6,
M479/M480,Greece,2025,read,SE (aus 95-%-KI),3.32,DERIVED_CI,"KI-Breite/(2·1,96)",
M479,Greece,2025,read,Rangspanne (alle),37–51,OFFICIAL_STATLINK,Table I.2.o3–o6,
M479/M480,Greece,2025,math,Mittelwert,423.9,OFFICIAL_STATLINK,StatLink xgs41b Table I.2.o3–o6,
M479/M480,Greece,2025,math,SE (aus 95-%-KI),3.06,DERIVED_CI,"KI-Breite/(2·1,96)",
M479,Greece,2025,math,Rangspanne (alle),43–53,OFFICIAL_STATLINK,Table I.2.o3–o6,
M479/M480,Greece,2025,cps,Mittelwert,461.0,OFFICIAL_STATLINK,StatLink xgs41b Table I.2.o3–o6,
M479/M480,Greece,2025,cps,SE (aus 95-%-KI),3.06,DERIVED_CI,"KI-Breite/(2·1,96)",
M479,Greece,2025,cps,Rangspanne (alle),43–52,OFFICIAL_STATLINK,Table I.2.o3–o6,
M479,Greece,2025,sci,P10,315.7,OFFICIAL_STATLINK,Figure I.2.1,
M479,Greece,2025,sci,P25,367.8,OFFICIAL_STATLINK,Figure I.2.1,
M479,Greece,2025,sci,P50,432.0,OFFICIAL_STATLINK,Figure I.2.1,
M479,Greece,2025,sci,P75,498.8,OFFICIAL_STATLINK,Figure I.2.1,
M479,Greece,2025,sci,P90,557.2,OFFICIAL_STATLINK,Figure I.2.1,
M479/M480,Greece,2025,sci,P90−P10,241.5,DERIVED_OFFICIAL,"Figure I.2.1, Differenz",
M479/M480,Greece,2025,sci,unter Stufe 2 (%),41.0,DERIVED_OFFICIAL,"Figure I.2.3, Summe Stufen <1b–1a",
M479/M480,Greece,2025,sci,Stufe 5–6 (%),1.4,DERIVED_OFFICIAL,"Figure I.2.3, Summe Stufen 5–6",
M479,Greece,2022→2025,sci,Veränderung (n. s.),-6.5,OFFICIAL_STATLINK,Table I.2.6,
M479,Greece,2022→2025,read,Veränderung (sig.),-15.8,OFFICIAL_STATLINK,Table I.2.6,
M479,Greece,2022→2025,math,Veränderung (n. s.),-6.3,OFFICIAL_STATLINK,Table I.2.6,
M479,Greece,10 Jahre,sci,Dezennaltrend (sig.),-21.5,OFFICIAL_STATLINK,Table I.2.9,
M479,Greece,10 Jahre,read,Dezennaltrend (sig.),-44.8,OFFICIAL_STATLINK,Table I.2.9,
M479,Greece,10 Jahre,math,Dezennaltrend (sig.),-33.0,OFFICIAL_STATLINK,Table I.2.9,
M479/M480,Thailand,2025,sci,Mittelwert,432.2,OFFICIAL_STATLINK,StatLink xgs41b Table I.2.o3–o6,
M479/M480,Thailand,2025,sci,SE (aus 95-%-KI),3.06,DERIVED_CI,"KI-Breite/(2·1,96)",
M479,Thailand,2025,sci,Rangspanne (alle),43–60,OFFICIAL_STATLINK,Table I.2.o3–o6,
M479/M480,Thailand,2025,read,Mittelwert,391.8,OFFICIAL_STATLINK,StatLink xgs41b Table I.2.o3–o6,
M479/M480,Thailand,2025,read,SE (aus 95-%-KI),3.06,DERIVED_CI,"KI-Breite/(2·1,96)",
M479,Thailand,2025,read,Rangspanne (alle),55–67,OFFICIAL_STATLINK,Table I.2.o3–o6,
M479/M480,Thailand,2025,math,Mittelwert,406.8,OFFICIAL_STATLINK,StatLink xgs41b Table I.2.o3–o6,
M479/M480,Thailand,2025,math,SE (aus 95-%-KI),2.81,DERIVED_CI,"KI-Breite/(2·1,96)",
M479,Thailand,2025,math,Rangspanne (alle),49–62,OFFICIAL_STATLINK,Table I.2.o3–o6,
M479/M480,Thailand,2025,cps,Mittelwert,476.1,OFFICIAL_STATLINK,StatLink xgs41b Table I.2.o3–o6,
M479/M480,Thailand,2025,cps,SE (aus 95-%-KI),2.55,DERIVED_CI,"KI-Breite/(2·1,96)",
M479,Thailand,2025,cps,Rangspanne (alle),38–43,OFFICIAL_STATLINK,Table I.2.o3–o6,
M479,Thailand,2025,sci,P10,330.2,OFFICIAL_STATLINK,Figure I.2.1,
M479,Thailand,2025,sci,P25,374.8,OFFICIAL_STATLINK,Figure I.2.1,
M479,Thailand,2025,sci,P50,428.4,OFFICIAL_STATLINK,Figure I.2.1,
M479,Thailand,2025,sci,P75,487.0,OFFICIAL_STATLINK,Figure I.2.1,
M479,Thailand,2025,sci,P90,540.7,OFFICIAL_STATLINK,Figure I.2.1,
M479/M480,Thailand,2025,sci,P90−P10,210.5,DERIVED_OFFICIAL,"Figure I.2.1, Differenz",
M479/M480,Thailand,2025,sci,unter Stufe 2 (%),41.0,DERIVED_OFFICIAL,"Figure I.2.3, Summe Stufen <1b–1a",
M479/M480,Thailand,2025,sci,Stufe 5–6 (%),0.8,DERIVED_OFFICIAL,"Figure I.2.3, Summe Stufen 5–6",
M479,Thailand,2022→2025,sci,Veränderung (sig.),23.0,OFFICIAL_STATLINK,Table I.2.6,
M479,Thailand,2022→2025,read,Veränderung (sig.),13.2,OFFICIAL_STATLINK,Table I.2.6,
M479,Thailand,2022→2025,math,Veränderung (sig.),12.8,OFFICIAL_STATLINK,Table I.2.6,
M479,Thailand,10 Jahre,sci,Dezennaltrend (n. s.),3.7,OFFICIAL_STATLINK,Table I.2.9,
M479,Thailand,10 Jahre,read,Dezennaltrend (sig.),-19.8,OFFICIAL_STATLINK,Table I.2.9,
M479,Thailand,10 Jahre,math,Dezennaltrend (sig.),-16.0,OFFICIAL_STATLINK,Table I.2.9,
M479/M480,Serbia,2025,sci,Mittelwert,429.0,OFFICIAL_STATLINK,StatLink xgs41b Table I.2.o3–o6,
M479/M480,Serbia,2025,sci,SE (aus 95-%-KI),3.06,DERIVED_CI,"KI-Breite/(2·1,96)",
M479,Serbia,2025,sci,Rangspanne (alle),46–62,OFFICIAL_STATLINK,Table I.2.o3–o6,
M479/M480,Serbia,2025,read,Mittelwert,414.6,OFFICIAL_STATLINK,StatLink xgs41b Table I.2.o3–o6,
M479/M480,Serbia,2025,read,SE (aus 95-%-KI),3.32,DERIVED_CI,"KI-Breite/(2·1,96)",
M479,Serbia,2025,read,Rangspanne (alle),42–56,OFFICIAL_STATLINK,Table I.2.o3–o6,
M479/M480,Serbia,2025,math,Mittelwert,416.7,OFFICIAL_STATLINK,StatLink xgs41b Table I.2.o3–o6,
M479/M480,Serbia,2025,math,SE (aus 95-%-KI),3.06,DERIVED_CI,"KI-Breite/(2·1,96)",
M479,Serbia,2025,math,Rangspanne (alle),46–59,OFFICIAL_STATLINK,Table I.2.o3–o6,
M479/M480,Serbia,2025,cps,Mittelwert,437.5,OFFICIAL_STATLINK,StatLink xgs41b Table I.2.o3–o6,
M479/M480,Serbia,2025,cps,SE (aus 95-%-KI),3.32,DERIVED_CI,"KI-Breite/(2·1,96)",
M479,Serbia,2025,cps,Rangspanne (alle),54–65,OFFICIAL_STATLINK,Table I.2.o3–o6,
M479,Serbia,2025,sci,P10,312.8,OFFICIAL_STATLINK,Figure I.2.1,
M479,Serbia,2025,sci,P25,362.4,OFFICIAL_STATLINK,Figure I.2.1,
M479,Serbia,2025,sci,P50,426.8,OFFICIAL_STATLINK,Figure I.2.1,
M479,Serbia,2025,sci,P75,492.7,OFFICIAL_STATLINK,Figure I.2.1,
M479,Serbia,2025,sci,P90,548.9,OFFICIAL_STATLINK,Figure I.2.1,
M479/M480,Serbia,2025,sci,P90−P10,236.1,DERIVED_OFFICIAL,"Figure I.2.1, Differenz",
M479/M480,Serbia,2025,sci,unter Stufe 2 (%),43.0,DERIVED_OFFICIAL,"Figure I.2.3, Summe Stufen <1b–1a",
M479/M480,Serbia,2025,sci,Stufe 5–6 (%),1.2,DERIVED_OFFICIAL,"Figure I.2.3, Summe Stufen 5–6",
M479,Serbia,2022→2025,sci,Veränderung (sig.),-18.5,OFFICIAL_STATLINK,Table I.2.6,
M479,Serbia,2022→2025,read,Veränderung (sig.),-25.8,OFFICIAL_STATLINK,Table I.2.6,
M479,Serbia,2022→2025,math,Veränderung (sig.),-23.1,OFFICIAL_STATLINK,Table I.2.6,
M479,Serbia,10 Jahre,sci,Dezennaltrend (n. s.),-13.7,OFFICIAL_STATLINK,Table I.2.9,
M479,Serbia,10 Jahre,read,Dezennaltrend (sig.),-33.5,OFFICIAL_STATLINK,Table I.2.9,
M479,Serbia,10 Jahre,math,Dezennaltrend (sig.),-43.8,OFFICIAL_STATLINK,Table I.2.9,
M479/M480,Romania,2025,sci,Mittelwert,424.7,OFFICIAL_STATLINK,StatLink xgs41b Table I.2.o3–o6,
M479/M480,Romania,2025,sci,SE (aus 95-%-KI),4.08,DERIVED_CI,"KI-Breite/(2·1,96)",
M479,Romania,2025,sci,Rangspanne (alle),47–65,OFFICIAL_STATLINK,Table I.2.o3–o6,
M479/M480,Romania,2025,read,Mittelwert,412.9,OFFICIAL_STATLINK,StatLink xgs41b Table I.2.o3–o6,
M479/M480,Romania,2025,read,SE (aus 95-%-KI),4.08,DERIVED_CI,"KI-Breite/(2·1,96)",
M479,Romania,2025,read,Rangspanne (alle),42–57,OFFICIAL_STATLINK,Table I.2.o3–o6,
M479/M480,Romania,2025,math,Mittelwert,419.1,OFFICIAL_STATLINK,StatLink xgs41b Table I.2.o3–o6,
M479/M480,Romania,2025,math,SE (aus 95-%-KI),4.59,DERIVED_CI,"KI-Breite/(2·1,96)",
M479,Romania,2025,math,Rangspanne (alle),43–60,OFFICIAL_STATLINK,Table I.2.o3–o6,
M479/M480,Romania,2025,cps,Mittelwert,442.2,OFFICIAL_STATLINK,StatLink xgs41b Table I.2.o3–o6,
M479/M480,Romania,2025,cps,SE (aus 95-%-KI),4.08,DERIVED_CI,"KI-Breite/(2·1,96)",
M479,Romania,2025,cps,Rangspanne (alle),49–61,OFFICIAL_STATLINK,Table I.2.o3–o6,
M479,Romania,2025,sci,P10,296.2,OFFICIAL_STATLINK,Figure I.2.1,
M479,Romania,2025,sci,P25,350.0,OFFICIAL_STATLINK,Figure I.2.1,
M479,Romania,2025,sci,P50,421.3,OFFICIAL_STATLINK,Figure I.2.1,
M479,Romania,2025,sci,P75,496.8,OFFICIAL_STATLINK,Figure I.2.1,
M479,Romania,2025,sci,P90,559.0,OFFICIAL_STATLINK,Figure I.2.1,
M479/M480,Romania,2025,sci,P90−P10,262.8,DERIVED_OFFICIAL,"Figure I.2.1, Differenz",
M479/M480,Romania,2025,sci,unter Stufe 2 (%),45.8,DERIVED_OFFICIAL,"Figure I.2.3, Summe Stufen <1b–1a",
M479/M480,Romania,2025,sci,Stufe 5–6 (%),1.8,DERIVED_OFFICIAL,"Figure I.2.3, Summe Stufen 5–6",
M479,Romania,2022→2025,sci,Veränderung (n. s.),-2.8,OFFICIAL_STATLINK,Table I.2.6,
M479,Romania,2022→2025,read,Veränderung (sig.),-15.5,OFFICIAL_STATLINK,Table I.2.6,
M479,Romania,2022→2025,math,Veränderung (n. s.),-8.6,OFFICIAL_STATLINK,Table I.2.6,
M479,Romania,10 Jahre,sci,Dezennaltrend (n. s.),-8.2,OFFICIAL_STATLINK,Table I.2.9,
M479,Romania,10 Jahre,read,Dezennaltrend (sig.),-17.5,OFFICIAL_STATLINK,Table I.2.9,
M479,Romania,10 Jahre,math,Dezennaltrend (sig.),-22.1,OFFICIAL_STATLINK,Table I.2.9,
M479/M480,Mongolia,2025,sci,Mittelwert,424.0,OFFICIAL_STATLINK,StatLink xgs41b Table I.2.o3–o6,
M479/M480,Mongolia,2025,sci,SE (aus 95-%-KI),2.04,DERIVED_CI,"KI-Breite/(2·1,96)",
M479,Mongolia,2025,sci,Rangspanne (alle),50–64,OFFICIAL_STATLINK,Table I.2.o3–o6,
M479/M480,Mongolia,2025,read,Mittelwert,374.3,OFFICIAL_STATLINK,StatLink xgs41b Table I.2.o3–o6,
M479/M480,Mongolia,2025,read,SE (aus 95-%-KI),1.79,DERIVED_CI,"KI-Breite/(2·1,96)",
M479,Mongolia,2025,read,Rangspanne (alle),67–74,OFFICIAL_STATLINK,Table I.2.o3–o6,
M479/M480,Mongolia,2025,math,Mittelwert,418.6,OFFICIAL_STATLINK,StatLink xgs41b Table I.2.o3–o6,
M479/M480,Mongolia,2025,math,SE (aus 95-%-KI),2.3,DERIVED_CI,"KI-Breite/(2·1,96)",
M479,Mongolia,2025,math,Rangspanne (alle),46–58,OFFICIAL_STATLINK,Table I.2.o3–o6,
M479/M480,Mongolia,2025,cps,Mittelwert,443.0,OFFICIAL_STATLINK,StatLink xgs41b Table I.2.o3–o6,
M479/M480,Mongolia,2025,cps,SE (aus 95-%-KI),2.04,DERIVED_CI,"KI-Breite/(2·1,96)",
M479,Mongolia,2025,cps,Rangspanne (alle),51–61,OFFICIAL_STATLINK,Table I.2.o3–o6,
M479,Mongolia,2025,sci,P10,319.0,OFFICIAL_STATLINK,Figure I.2.1,
M479,Mongolia,2025,sci,P25,367.2,OFFICIAL_STATLINK,Figure I.2.1,
M479,Mongolia,2025,sci,P50,424.5,OFFICIAL_STATLINK,Figure I.2.1,
M479,Mongolia,2025,sci,P75,480.8,OFFICIAL_STATLINK,Figure I.2.1,
M479,Mongolia,2025,sci,P90,529.0,OFFICIAL_STATLINK,Figure I.2.1,
M479/M480,Mongolia,2025,sci,P90−P10,210.1,DERIVED_OFFICIAL,"Figure I.2.1, Differenz",
M479/M480,Mongolia,2025,sci,unter Stufe 2 (%),43.1,DERIVED_OFFICIAL,"Figure I.2.3, Summe Stufen <1b–1a",
M479/M480,Mongolia,2025,sci,Stufe 5–6 (%),0.3,DERIVED_OFFICIAL,"Figure I.2.3, Summe Stufen 5–6",
M479,Mongolia,2022→2025,sci,Veränderung (sig.),11.7,OFFICIAL_STATLINK,Table I.2.6,
M479,Mongolia,2022→2025,read,Veränderung (n. s.),-4.2,OFFICIAL_STATLINK,Table I.2.6,
M479,Mongolia,2022→2025,math,Veränderung (n. s.),-6.0,OFFICIAL_STATLINK,Table I.2.6,
M479/M480,Costa Rica,2025,sci,Mittelwert,424.0,OFFICIAL_STATLINK,StatLink xgs41b Table I.2.o3–o6,
M479/M480,Costa Rica,2025,sci,SE (aus 95-%-KI),2.55,DERIVED_CI,"KI-Breite/(2·1,96)",
M479,Costa Rica,2025,sci,Rangspanne (alle),50–64,OFFICIAL_STATLINK,Table I.2.o3–o6,
M479/M480,Costa Rica,2025,read,Mittelwert,416.0,OFFICIAL_STATLINK,StatLink xgs41b Table I.2.o3–o6,
M479/M480,Costa Rica,2025,read,SE (aus 95-%-KI),2.55,DERIVED_CI,"KI-Breite/(2·1,96)",
M479,Costa Rica,2025,read,Rangspanne (alle),42–55,OFFICIAL_STATLINK,Table I.2.o3–o6,
M479/M480,Costa Rica,2025,math,Mittelwert,387.1,OFFICIAL_STATLINK,StatLink xgs41b Table I.2.o3–o6,
M479/M480,Costa Rica,2025,math,SE (aus 95-%-KI),2.3,DERIVED_CI,"KI-Breite/(2·1,96)",
M479,Costa Rica,2025,math,Rangspanne (alle),63–71,OFFICIAL_STATLINK,Table I.2.o3–o6,
M479/M480,Costa Rica,2025,cps,Mittelwert,451.9,OFFICIAL_STATLINK,StatLink xgs41b Table I.2.o3–o6,
M479/M480,Costa Rica,2025,cps,SE (aus 95-%-KI),2.55,DERIVED_CI,"KI-Breite/(2·1,96)",
M479,Costa Rica,2025,cps,Rangspanne (alle),47–56,OFFICIAL_STATLINK,Table I.2.o3–o6,
M479,Costa Rica,2025,sci,P10,325.0,OFFICIAL_STATLINK,Figure I.2.1,
M479,Costa Rica,2025,sci,P25,368.4,OFFICIAL_STATLINK,Figure I.2.1,
M479,Costa Rica,2025,sci,P50,421.0,OFFICIAL_STATLINK,Figure I.2.1,
M479,Costa Rica,2025,sci,P75,477.0,OFFICIAL_STATLINK,Figure I.2.1,
M479,Costa Rica,2025,sci,P90,528.3,OFFICIAL_STATLINK,Figure I.2.1,
M479/M480,Costa Rica,2025,sci,P90−P10,203.4,DERIVED_OFFICIAL,"Figure I.2.1, Differenz",
M479/M480,Costa Rica,2025,sci,unter Stufe 2 (%),44.4,DERIVED_OFFICIAL,"Figure I.2.3, Summe Stufen <1b–1a",
M479/M480,Costa Rica,2025,sci,Stufe 5–6 (%),0.4,DERIVED_OFFICIAL,"Figure I.2.3, Summe Stufen 5–6",
M479,Costa Rica,2022→2025,sci,Veränderung (sig.),13.0,OFFICIAL_STATLINK,Table I.2.6,
M479,Costa Rica,2022→2025,read,Veränderung (n. s.),0.8,OFFICIAL_STATLINK,Table I.2.6,
M479,Costa Rica,2022→2025,math,Veränderung (n. s.),2.5,OFFICIAL_STATLINK,Table I.2.6,
M479,Costa Rica,10 Jahre,sci,Dezennaltrend (n. s.),2.2,OFFICIAL_STATLINK,Table I.2.9,
M479,Costa Rica,10 Jahre,read,Dezennaltrend (sig.),-13.8,OFFICIAL_STATLINK,Table I.2.9,
M479,Costa Rica,10 Jahre,math,Dezennaltrend (sig.),-17.5,OFFICIAL_STATLINK,Table I.2.9,
M479/M480,Georgia,2025,sci,Mittelwert,422.1,OFFICIAL_STATLINK,StatLink xgs41b Table I.2.o3–o6,
M479/M480,Georgia,2025,sci,SE (aus 95-%-KI),2.55,DERIVED_CI,"KI-Breite/(2·1,96)",
M479,Georgia,2025,sci,Rangspanne (alle),53–65,OFFICIAL_STATLINK,Table I.2.o3–o6,
M479/M480,Georgia,2025,read,Mittelwert,384.2,OFFICIAL_STATLINK,StatLink xgs41b Table I.2.o3–o6,
M479/M480,Georgia,2025,read,SE (aus 95-%-KI),2.55,DERIVED_CI,"KI-Breite/(2·1,96)",
M479,Georgia,2025,read,Rangspanne (alle),58–69,OFFICIAL_STATLINK,Table I.2.o3–o6,
M479/M480,Georgia,2025,math,Mittelwert,416.4,OFFICIAL_STATLINK,StatLink xgs41b Table I.2.o3–o6,
M479/M480,Georgia,2025,math,SE (aus 95-%-KI),2.81,DERIVED_CI,"KI-Breite/(2·1,96)",
M479,Georgia,2025,math,Rangspanne (alle),46–59,OFFICIAL_STATLINK,Table I.2.o3–o6,
M479/M480,Georgia,2025,cps,Mittelwert,413.3,OFFICIAL_STATLINK,StatLink xgs41b Table I.2.o3–o6,
M479/M480,Georgia,2025,cps,SE (aus 95-%-KI),2.81,DERIVED_CI,"KI-Breite/(2·1,96)",
M479,Georgia,2025,cps,Rangspanne (alle),66–71,OFFICIAL_STATLINK,Table I.2.o3–o6,
M479,Georgia,2025,sci,P10,313.2,OFFICIAL_STATLINK,Figure I.2.1,
M479,Georgia,2025,sci,P25,362.8,OFFICIAL_STATLINK,Figure I.2.1,
M479,Georgia,2025,sci,P50,420.5,OFFICIAL_STATLINK,Figure I.2.1,
M479,Georgia,2025,sci,P75,479.5,OFFICIAL_STATLINK,Figure I.2.1,
M479,Georgia,2025,sci,P90,533.5,OFFICIAL_STATLINK,Figure I.2.1,
M479/M480,Georgia,2025,sci,P90−P10,220.3,DERIVED_OFFICIAL,"Figure I.2.1, Differenz",
M479/M480,Georgia,2025,sci,unter Stufe 2 (%),45.0,DERIVED_OFFICIAL,"Figure I.2.3, Summe Stufen <1b–1a",
M479/M480,Georgia,2025,sci,Stufe 5–6 (%),0.8,DERIVED_OFFICIAL,"Figure I.2.3, Summe Stufen 5–6",
M479,Georgia,2022→2025,sci,Veränderung (sig.),38.1,OFFICIAL_STATLINK,Table I.2.6,
M479,Georgia,2022→2025,read,Veränderung (sig.),10.3,OFFICIAL_STATLINK,Table I.2.6,
M479,Georgia,2022→2025,math,Veränderung (sig.),26.3,OFFICIAL_STATLINK,Table I.2.6,
M479,Georgia,10 Jahre,sci,Dezennaltrend (sig.),10.0,OFFICIAL_STATLINK,Table I.2.9,
M479,Georgia,10 Jahre,read,Dezennaltrend (sig.),-16.8,OFFICIAL_STATLINK,Table I.2.9,
M479,Georgia,10 Jahre,math,Dezennaltrend (n. s.),8.2,OFFICIAL_STATLINK,Table I.2.9,
M479/M480,Moldova,2025,sci,Mittelwert,421.9,OFFICIAL_STATLINK,StatLink xgs41b Table I.2.o3–o6,
M479/M480,Moldova,2025,sci,SE (aus 95-%-KI),3.06,DERIVED_CI,"KI-Breite/(2·1,96)",
M479,Moldova,2025,sci,Rangspanne (alle),52–65,OFFICIAL_STATLINK,Table I.2.o3–o6,
M479/M480,Moldova,2025,read,Mittelwert,403.7,OFFICIAL_STATLINK,StatLink xgs41b Table I.2.o3–o6,
M479/M480,Moldova,2025,read,SE (aus 95-%-KI),2.81,DERIVED_CI,"KI-Breite/(2·1,96)",
M479,Moldova,2025,read,Rangspanne (alle),50–60,OFFICIAL_STATLINK,Table I.2.o3–o6,
M479/M480,Moldova,2025,math,Mittelwert,410.1,OFFICIAL_STATLINK,StatLink xgs41b Table I.2.o3–o6,
M479/M480,Moldova,2025,math,SE (aus 95-%-KI),2.55,DERIVED_CI,"KI-Breite/(2·1,96)",
M479,Moldova,2025,math,Rangspanne (alle),47–61,OFFICIAL_STATLINK,Table I.2.o3–o6,
M479/M480,Moldova,2025,cps,Mittelwert,452.3,OFFICIAL_STATLINK,StatLink xgs41b Table I.2.o3–o6,
M479/M480,Moldova,2025,cps,SE (aus 95-%-KI),2.3,DERIVED_CI,"KI-Breite/(2·1,96)",
M479,Moldova,2025,cps,Rangspanne (alle),45–56,OFFICIAL_STATLINK,Table I.2.o3–o6,
M479,Moldova,2025,sci,P10,311.4,OFFICIAL_STATLINK,Figure I.2.1,
M479,Moldova,2025,sci,P25,358.8,OFFICIAL_STATLINK,Figure I.2.1,
M479,Moldova,2025,sci,P50,418.7,OFFICIAL_STATLINK,Figure I.2.1,
M479,Moldova,2025,sci,P75,482.4,OFFICIAL_STATLINK,Figure I.2.1,
M479,Moldova,2025,sci,P90,537.5,OFFICIAL_STATLINK,Figure I.2.1,
M479/M480,Moldova,2025,sci,P90−P10,226.1,DERIVED_OFFICIAL,"Figure I.2.1, Differenz",
M479/M480,Moldova,2025,sci,unter Stufe 2 (%),46.1,DERIVED_OFFICIAL,"Figure I.2.3, Summe Stufen <1b–1a",
M479/M480,Moldova,2025,sci,Stufe 5–6 (%),0.9,DERIVED_OFFICIAL,"Figure I.2.3, Summe Stufen 5–6",
M479,Moldova,2022→2025,sci,Veränderung (n. s.),5.1,OFFICIAL_STATLINK,Table I.2.6,
M479,Moldova,2022→2025,read,Veränderung (n. s.),-7.2,OFFICIAL_STATLINK,Table I.2.6,
M479,Moldova,2022→2025,math,Veränderung (n. s.),-4.1,OFFICIAL_STATLINK,Table I.2.6,
M479,Moldova,10 Jahre,sci,Dezennaltrend (sig.),-9.2,OFFICIAL_STATLINK,Table I.2.9,
M479,Moldova,10 Jahre,read,Dezennaltrend (sig.),-15.3,OFFICIAL_STATLINK,Table I.2.9,
M479,Moldova,10 Jahre,math,Dezennaltrend (sig.),-10.4,OFFICIAL_STATLINK,Table I.2.9,
M479/M480,Bulgaria,2025,sci,Mittelwert,420.8,OFFICIAL_STATLINK,StatLink xgs41b Table I.2.o3–o6,
M479/M480,Bulgaria,2025,sci,SE (aus 95-%-KI),4.08,DERIVED_CI,"KI-Breite/(2·1,96)",
M479,Bulgaria,2025,sci,Rangspanne (alle),51–68,OFFICIAL_STATLINK,Table I.2.o3–o6,
M479/M480,Bulgaria,2025,read,Mittelwert,386.6,OFFICIAL_STATLINK,StatLink xgs41b Table I.2.o3–o6,
M479/M480,Bulgaria,2025,read,SE (aus 95-%-KI),3.83,DERIVED_CI,"KI-Breite/(2·1,96)",
M479,Bulgaria,2025,read,Rangspanne (alle),57–70,OFFICIAL_STATLINK,Table I.2.o3–o6,
M479/M480,Bulgaria,2025,math,Mittelwert,405.1,OFFICIAL_STATLINK,StatLink xgs41b Table I.2.o3–o6,
M479/M480,Bulgaria,2025,math,SE (aus 95-%-KI),4.08,DERIVED_CI,"KI-Breite/(2·1,96)",
M479,Bulgaria,2025,math,Rangspanne (alle),49–62,OFFICIAL_STATLINK,Table I.2.o3–o6,
M479/M480,Bulgaria,2025,cps,Mittelwert,425.3,OFFICIAL_STATLINK,StatLink xgs41b Table I.2.o3–o6,
M479/M480,Bulgaria,2025,cps,SE (aus 95-%-KI),4.08,DERIVED_CI,"KI-Breite/(2·1,96)",
M479,Bulgaria,2025,cps,Rangspanne (alle),56–68,OFFICIAL_STATLINK,Table I.2.o3–o6,
M479,Bulgaria,2025,sci,P10,284.3,OFFICIAL_STATLINK,Figure I.2.1,
M479,Bulgaria,2025,sci,P25,341.2,OFFICIAL_STATLINK,Figure I.2.1,
M479,Bulgaria,2025,sci,P50,416.9,OFFICIAL_STATLINK,Figure I.2.1,
M479,Bulgaria,2025,sci,P75,496.2,OFFICIAL_STATLINK,Figure I.2.1,
M479,Bulgaria,2025,sci,P90,562.8,OFFICIAL_STATLINK,Figure I.2.1,
M479/M480,Bulgaria,2025,sci,P90−P10,278.5,DERIVED_OFFICIAL,"Figure I.2.1, Differenz",
M479/M480,Bulgaria,2025,sci,unter Stufe 2 (%),47.5,DERIVED_OFFICIAL,"Figure I.2.3, Summe Stufen <1b–1a",
M479/M480,Bulgaria,2025,sci,Stufe 5–6 (%),2.4,DERIVED_OFFICIAL,"Figure I.2.3, Summe Stufen 5–6",
M479,Bulgaria,2022→2025,sci,Veränderung (n. s.),-0.2,OFFICIAL_STATLINK,Table I.2.6,
M479,Bulgaria,2022→2025,read,Veränderung (sig.),-17.7,OFFICIAL_STATLINK,Table I.2.6,
M479,Bulgaria,2022→2025,math,Veränderung (sig.),-12.2,OFFICIAL_STATLINK,Table I.2.6,
M479,Bulgaria,10 Jahre,sci,Dezennaltrend (sig.),-22.6,OFFICIAL_STATLINK,Table I.2.9,
M479,Bulgaria,10 Jahre,read,Dezennaltrend (sig.),-44.2,OFFICIAL_STATLINK,Table I.2.9,
M479,Bulgaria,10 Jahre,math,Dezennaltrend (sig.),-37.6,OFFICIAL_STATLINK,Table I.2.9,
M479/M480,Kazakhstan,2025,sci,Mittelwert,419.5,OFFICIAL_STATLINK,StatLink xgs41b Table I.2.o3–o6,
M479/M480,Kazakhstan,2025,sci,SE (aus 95-%-KI),1.79,DERIVED_CI,"KI-Breite/(2·1,96)",
M479,Kazakhstan,2025,sci,Rangspanne (alle),54–66,OFFICIAL_STATLINK,Table I.2.o3–o6,
M479/M480,Kazakhstan,2025,read,Mittelwert,384.8,OFFICIAL_STATLINK,StatLink xgs41b Table I.2.o3–o6,
M479/M480,Kazakhstan,2025,read,SE (aus 95-%-KI),1.53,DERIVED_CI,"KI-Breite/(2·1,96)",
M479,Kazakhstan,2025,read,Rangspanne (alle),58–68,OFFICIAL_STATLINK,Table I.2.o3–o6,
M479/M480,Kazakhstan,2025,math,Mittelwert,413.7,OFFICIAL_STATLINK,StatLink xgs41b Table I.2.o3–o6,
M479/M480,Kazakhstan,2025,math,SE (aus 95-%-KI),1.79,DERIVED_CI,"KI-Breite/(2·1,96)",
M479,Kazakhstan,2025,math,Rangspanne (alle),46–59,OFFICIAL_STATLINK,Table I.2.o3–o6,
M479/M480,Kazakhstan,2025,cps,Mittelwert,448.9,OFFICIAL_STATLINK,StatLink xgs41b Table I.2.o3–o6,
M479/M480,Kazakhstan,2025,cps,SE (aus 95-%-KI),1.53,DERIVED_CI,"KI-Breite/(2·1,96)",
M479,Kazakhstan,2025,cps,Rangspanne (alle),49–56,OFFICIAL_STATLINK,Table I.2.o3–o6,
M479,Kazakhstan,2025,sci,P10,324.1,OFFICIAL_STATLINK,Figure I.2.1,
M479,Kazakhstan,2025,sci,P25,364.4,OFFICIAL_STATLINK,Figure I.2.1,
M479,Kazakhstan,2025,sci,P50,413.6,OFFICIAL_STATLINK,Figure I.2.1,
M479,Kazakhstan,2025,sci,P75,469.6,OFFICIAL_STATLINK,Figure I.2.1,
M479,Kazakhstan,2025,sci,P90,525.1,OFFICIAL_STATLINK,Figure I.2.1,
M479/M480,Kazakhstan,2025,sci,P90−P10,200.9,DERIVED_OFFICIAL,"Figure I.2.1, Differenz",
M479/M480,Kazakhstan,2025,sci,unter Stufe 2 (%),47.9,DERIVED_OFFICIAL,"Figure I.2.3, Summe Stufen <1b–1a",
M479/M480,Kazakhstan,2025,sci,Stufe 5–6 (%),0.5,DERIVED_OFFICIAL,"Figure I.2.3, Summe Stufen 5–6",
M479,Kazakhstan,2022→2025,sci,Veränderung (n. s.),-3.6,OFFICIAL_STATLINK,Table I.2.6,
M479,Kazakhstan,2022→2025,read,Veränderung (n. s.),-1.5,OFFICIAL_STATLINK,Table I.2.6,
M479,Kazakhstan,2022→2025,math,Veränderung (sig.),-11.7,OFFICIAL_STATLINK,Table I.2.6,
M479,Kazakhstan,10 Jahre,sci,Dezennaltrend (sig.),33.8,OFFICIAL_STATLINK,Table I.2.9,
M479,Kazakhstan,10 Jahre,read,Dezennaltrend (n. s.),-2.9,OFFICIAL_STATLINK,Table I.2.9,
M479,Kazakhstan,10 Jahre,math,Dezennaltrend (sig.),-12.4,OFFICIAL_STATLINK,Table I.2.9,
M479/M480,Malaysia,2025,sci,Mittelwert,419.2,OFFICIAL_STATLINK,StatLink xgs41b Table I.2.o3–o6,
M479/M480,Malaysia,2025,sci,SE (aus 95-%-KI),2.04,DERIVED_CI,"KI-Breite/(2·1,96)",
M479,Malaysia,2025,sci,Rangspanne (alle),54–67,OFFICIAL_STATLINK,Table I.2.o3–o6,
M479/M480,Malaysia,2025,read,Mittelwert,392.8,OFFICIAL_STATLINK,StatLink xgs41b Table I.2.o3–o6,
M479/M480,Malaysia,2025,read,SE (aus 95-%-KI),2.04,DERIVED_CI,"KI-Breite/(2·1,96)",
M479,Malaysia,2025,read,Rangspanne (alle),55–67,OFFICIAL_STATLINK,Table I.2.o3–o6,
M479/M480,Malaysia,2025,math,Mittelwert,397.4,OFFICIAL_STATLINK,StatLink xgs41b Table I.2.o3–o6,
M479/M480,Malaysia,2025,math,SE (aus 95-%-KI),2.3,DERIVED_CI,"KI-Breite/(2·1,96)",
M479,Malaysia,2025,math,Rangspanne (alle),57–63,OFFICIAL_STATLINK,Table I.2.o3–o6,
M479/M480,Malaysia,2025,cps,Mittelwert,484.1,OFFICIAL_STATLINK,StatLink xgs41b Table I.2.o3–o6,
M479/M480,Malaysia,2025,cps,SE (aus 95-%-KI),1.79,DERIVED_CI,"KI-Breite/(2·1,96)",
M479,Malaysia,2025,cps,Rangspanne (alle),34–40,OFFICIAL_STATLINK,Table I.2.o3–o6,
M479,Malaysia,2025,sci,P10,316.9,OFFICIAL_STATLINK,Figure I.2.1,
M479,Malaysia,2025,sci,P25,362.7,OFFICIAL_STATLINK,Figure I.2.1,
M479,Malaysia,2025,sci,P50,417.1,OFFICIAL_STATLINK,Figure I.2.1,
M479,Malaysia,2025,sci,P75,472.5,OFFICIAL_STATLINK,Figure I.2.1,
M479,Malaysia,2025,sci,P90,524.7,OFFICIAL_STATLINK,Figure I.2.1,
M479/M480,Malaysia,2025,sci,P90−P10,207.7,DERIVED_OFFICIAL,"Figure I.2.1, Differenz",
M479/M480,Malaysia,2025,sci,unter Stufe 2 (%),46.4,DERIVED_OFFICIAL,"Figure I.2.3, Summe Stufen <1b–1a",
M479/M480,Malaysia,2025,sci,Stufe 5–6 (%),0.5,DERIVED_OFFICIAL,"Figure I.2.3, Summe Stufen 5–6",
M479,Malaysia,2022→2025,sci,Veränderung (n. s.),2.9,OFFICIAL_STATLINK,Table I.2.6,
M479,Malaysia,2022→2025,read,Veränderung (n. s.),4.7,OFFICIAL_STATLINK,Table I.2.6,
M479,Malaysia,2022→2025,math,Veränderung (sig.),-11.3,OFFICIAL_STATLINK,Table I.2.6,
M479,Malaysia,10 Jahre,sci,Dezennaltrend (sig.),-27.8,OFFICIAL_STATLINK,Table I.2.9,
M479,Malaysia,10 Jahre,read,Dezennaltrend (sig.),-33.6,OFFICIAL_STATLINK,Table I.2.9,
M479,Malaysia,10 Jahre,math,Dezennaltrend (sig.),-62.1,OFFICIAL_STATLINK,Table I.2.9,
M479/M480,Colombia,2025,sci,Mittelwert,413.7,OFFICIAL_STATLINK,StatLink xgs41b Table I.2.o3–o6,
M479/M480,Colombia,2025,sci,SE (aus 95-%-KI),3.32,DERIVED_CI,"KI-Breite/(2·1,96)",
M479,Colombia,2025,sci,Rangspanne (alle),55–70,OFFICIAL_STATLINK,Table I.2.o3–o6,
M479/M480,Colombia,2025,read,Mittelwert,399.3,OFFICIAL_STATLINK,StatLink xgs41b Table I.2.o3–o6,
M479/M480,Colombia,2025,read,SE (aus 95-%-KI),3.32,DERIVED_CI,"KI-Breite/(2·1,96)",
M479,Colombia,2025,read,Rangspanne (alle),51–64,OFFICIAL_STATLINK,Table I.2.o3–o6,
M479/M480,Colombia,2025,math,Mittelwert,380.5,OFFICIAL_STATLINK,StatLink xgs41b Table I.2.o3–o6,
M479/M480,Colombia,2025,math,SE (aus 95-%-KI),2.81,DERIVED_CI,"KI-Breite/(2·1,96)",
M479,Colombia,2025,math,Rangspanne (alle),63–73,OFFICIAL_STATLINK,Table I.2.o3–o6,
M479/M480,Colombia,2025,cps,Mittelwert,431.8,OFFICIAL_STATLINK,StatLink xgs41b Table I.2.o3–o6,
M479/M480,Colombia,2025,cps,SE (aus 95-%-KI),3.83,DERIVED_CI,"KI-Breite/(2·1,96)",
M479,Colombia,2025,cps,Rangspanne (alle),54–67,OFFICIAL_STATLINK,Table I.2.o3–o6,
M479,Colombia,2025,sci,P10,301.2,OFFICIAL_STATLINK,Figure I.2.1,
M479,Colombia,2025,sci,P25,348.9,OFFICIAL_STATLINK,Figure I.2.1,
M479,Colombia,2025,sci,P50,409.4,OFFICIAL_STATLINK,Figure I.2.1,
M479,Colombia,2025,sci,P75,474.2,OFFICIAL_STATLINK,Figure I.2.1,
M479,Colombia,2025,sci,P90,534.3,OFFICIAL_STATLINK,Figure I.2.1,
M479/M480,Colombia,2025,sci,P90−P10,233.1,DERIVED_OFFICIAL,"Figure I.2.1, Differenz",
M479/M480,Colombia,2025,sci,unter Stufe 2 (%),50.1,DERIVED_OFFICIAL,"Figure I.2.3, Summe Stufen <1b–1a",
M479/M480,Colombia,2025,sci,Stufe 5–6 (%),0.8,DERIVED_OFFICIAL,"Figure I.2.3, Summe Stufen 5–6",
M479,Colombia,2022→2025,sci,Veränderung (n. s.),2.6,OFFICIAL_STATLINK,Table I.2.6,
M479,Colombia,2022→2025,read,Veränderung (n. s.),-9.4,OFFICIAL_STATLINK,Table I.2.6,
M479,Colombia,2022→2025,math,Veränderung (n. s.),-2.2,OFFICIAL_STATLINK,Table I.2.6,
M479,Colombia,10 Jahre,sci,Dezennaltrend (n. s.),-2.5,OFFICIAL_STATLINK,Table I.2.9,
M479,Colombia,10 Jahre,read,Dezennaltrend (sig.),-23.4,OFFICIAL_STATLINK,Table I.2.9,
M479,Colombia,10 Jahre,math,Dezennaltrend (sig.),-10.7,OFFICIAL_STATLINK,Table I.2.9,
M479/M480,Mexico,2025,sci,Mittelwert,413.6,OFFICIAL_STATLINK,StatLink xgs41b Table I.2.o3–o6,
M479/M480,Mexico,2025,sci,SE (aus 95-%-KI),1.79,DERIVED_CI,"KI-Breite/(2·1,96)",
M479,Mexico,2025,sci,Rangspanne (alle),57–70,OFFICIAL_STATLINK,Table I.2.o3–o6,
M479/M480,Mexico,2025,read,Mittelwert,407.9,OFFICIAL_STATLINK,StatLink xgs41b Table I.2.o3–o6,
M479/M480,Mexico,2025,read,SE (aus 95-%-KI),2.04,DERIVED_CI,"KI-Breite/(2·1,96)",
M479,Mexico,2025,read,Rangspanne (alle),47–57,OFFICIAL_STATLINK,Table I.2.o3–o6,
M479/M480,Mexico,2025,math,Mittelwert,387.6,OFFICIAL_STATLINK,StatLink xgs41b Table I.2.o3–o6,
M479/M480,Mexico,2025,math,SE (aus 95-%-KI),1.79,DERIVED_CI,"KI-Breite/(2·1,96)",
M479,Mexico,2025,math,Rangspanne (alle),63–70,OFFICIAL_STATLINK,Table I.2.o3–o6,
M479/M480,Mexico,2025,cps,Mittelwert,453.0,OFFICIAL_STATLINK,StatLink xgs41b Table I.2.o3–o6,
M479/M480,Mexico,2025,cps,SE (aus 95-%-KI),2.04,DERIVED_CI,"KI-Breite/(2·1,96)",
M479,Mexico,2025,cps,Rangspanne (alle),46–55,OFFICIAL_STATLINK,Table I.2.o3–o6,
M479,Mexico,2025,sci,P10,319.8,OFFICIAL_STATLINK,Figure I.2.1,
M479,Mexico,2025,sci,P25,360.7,OFFICIAL_STATLINK,Figure I.2.1,
M479,Mexico,2025,sci,P50,410.3,OFFICIAL_STATLINK,Figure I.2.1,
M479,Mexico,2025,sci,P75,463.3,OFFICIAL_STATLINK,Figure I.2.1,
M479,Mexico,2025,sci,P90,512.6,OFFICIAL_STATLINK,Figure I.2.1,
M479/M480,Mexico,2025,sci,P90−P10,192.9,DERIVED_OFFICIAL,"Figure I.2.1, Differenz",
M479/M480,Mexico,2025,sci,unter Stufe 2 (%),49.6,DERIVED_OFFICIAL,"Figure I.2.3, Summe Stufen <1b–1a",
M479/M480,Mexico,2025,sci,Stufe 5–6 (%),0.2,DERIVED_OFFICIAL,"Figure I.2.3, Summe Stufen 5–6",
M479,Mexico,2022→2025,sci,Veränderung (n. s.),3.7,OFFICIAL_STATLINK,Table I.2.6,
M479,Mexico,2022→2025,read,Veränderung (n. s.),-7.4,OFFICIAL_STATLINK,Table I.2.6,
M479,Mexico,2022→2025,math,Veränderung (sig.),-7.4,OFFICIAL_STATLINK,Table I.2.6,
M479,Mexico,10 Jahre,sci,Dezennaltrend (n. s.),-5.1,OFFICIAL_STATLINK,Table I.2.9,
M479,Mexico,10 Jahre,read,Dezennaltrend (sig.),-15.0,OFFICIAL_STATLINK,Table I.2.9,
M479,Mexico,10 Jahre,math,Dezennaltrend (sig.),-22.4,OFFICIAL_STATLINK,Table I.2.9,
M479/M480,Saudi Arabia,2025,sci,Mittelwert,413.4,OFFICIAL_STATLINK,StatLink xgs41b Table I.2.o3–o6,
M479/M480,Saudi Arabia,2025,sci,SE (aus 95-%-KI),2.81,DERIVED_CI,"KI-Breite/(2·1,96)",
M479,Saudi Arabia,2025,sci,Rangspanne (alle),55–70,OFFICIAL_STATLINK,Table I.2.o3–o6,
M479/M480,Saudi Arabia,2025,read,Mittelwert,387.3,OFFICIAL_STATLINK,StatLink xgs41b Table I.2.o3–o6,
M479/M480,Saudi Arabia,2025,read,SE (aus 95-%-KI),2.3,DERIVED_CI,"KI-Breite/(2·1,96)",
M479,Saudi Arabia,2025,read,Rangspanne (alle),57–68,OFFICIAL_STATLINK,Table I.2.o3–o6,
M479/M480,Saudi Arabia,2025,math,Mittelwert,389.9,OFFICIAL_STATLINK,StatLink xgs41b Table I.2.o3–o6,
M479/M480,Saudi Arabia,2025,math,SE (aus 95-%-KI),2.55,DERIVED_CI,"KI-Breite/(2·1,96)",
M479,Saudi Arabia,2025,math,Rangspanne (alle),62–69,OFFICIAL_STATLINK,Table I.2.o3–o6,
M479/M480,Saudi Arabia,2025,cps,Mittelwert,425.8,OFFICIAL_STATLINK,StatLink xgs41b Table I.2.o3–o6,
M479/M480,Saudi Arabia,2025,cps,SE (aus 95-%-KI),2.81,DERIVED_CI,"KI-Breite/(2·1,96)",
M479,Saudi Arabia,2025,cps,Rangspanne (alle),57–67,OFFICIAL_STATLINK,Table I.2.o3–o6,
M479,Saudi Arabia,2025,sci,P10,310.4,OFFICIAL_STATLINK,Figure I.2.1,
M479,Saudi Arabia,2025,sci,P25,356.4,OFFICIAL_STATLINK,Figure I.2.1,
M479,Saudi Arabia,2025,sci,P50,411.2,OFFICIAL_STATLINK,Figure I.2.1,
M479,Saudi Arabia,2025,sci,P75,468.0,OFFICIAL_STATLINK,Figure I.2.1,
M479,Saudi Arabia,2025,sci,P90,519.6,OFFICIAL_STATLINK,Figure I.2.1,
M479/M480,Saudi Arabia,2025,sci,P90−P10,209.1,DERIVED_OFFICIAL,"Figure I.2.1, Differenz",
M479/M480,Saudi Arabia,2025,sci,unter Stufe 2 (%),49.2,DERIVED_OFFICIAL,"Figure I.2.3, Summe Stufen <1b–1a",
M479/M480,Saudi Arabia,2025,sci,Stufe 5–6 (%),0.4,DERIVED_OFFICIAL,"Figure I.2.3, Summe Stufen 5–6",
M479,Saudi Arabia,2022→2025,sci,Veränderung (sig.),23.0,OFFICIAL_STATLINK,Table I.2.6,
M479,Saudi Arabia,2022→2025,read,Veränderung (n. s.),4.7,OFFICIAL_STATLINK,Table I.2.6,
M479,Saudi Arabia,2022→2025,math,Veränderung (n. s.),1.1,OFFICIAL_STATLINK,Table I.2.6,
M479,Saudi Arabia,10 Jahre,sci,Dezennaltrend (sig.),37.3,OFFICIAL_STATLINK,Table I.2.9,
M479,Saudi Arabia,10 Jahre,read,Dezennaltrend (sig.),-18.3,OFFICIAL_STATLINK,Table I.2.9,
M479,Saudi Arabia,10 Jahre,math,Dezennaltrend (sig.),24.6,OFFICIAL_STATLINK,Table I.2.9,
M479/M480,Cyprus,2025,sci,Mittelwert,411.2,OFFICIAL_STATLINK,StatLink xgs41b Table I.2.o3–o6,
M479/M480,Cyprus,2025,sci,SE (aus 95-%-KI),1.53,DERIVED_CI,"KI-Breite/(2·1,96)",
M479,Cyprus,2025,sci,Rangspanne (alle),60–70,OFFICIAL_STATLINK,Table I.2.o3–o6,
M479/M480,Cyprus,2025,read,Mittelwert,379.4,OFFICIAL_STATLINK,StatLink xgs41b Table I.2.o3–o6,
M479/M480,Cyprus,2025,read,SE (aus 95-%-KI),1.28,DERIVED_CI,"KI-Breite/(2·1,96)",
M479,Cyprus,2025,read,Rangspanne (alle),61–70,OFFICIAL_STATLINK,Table I.2.o3–o6,
M479/M480,Cyprus,2025,math,Mittelwert,411.8,OFFICIAL_STATLINK,StatLink xgs41b Table I.2.o3–o6,
M479/M480,Cyprus,2025,math,SE (aus 95-%-KI),1.28,DERIVED_CI,"KI-Breite/(2·1,96)",
M479,Cyprus,2025,math,Rangspanne (alle),47–60,OFFICIAL_STATLINK,Table I.2.o3–o6,
M479/M480,Cyprus,2025,cps,Mittelwert,427.2,OFFICIAL_STATLINK,StatLink xgs41b Table I.2.o3–o6,
M479/M480,Cyprus,2025,cps,SE (aus 95-%-KI),2.04,DERIVED_CI,"KI-Breite/(2·1,96)",
M479,Cyprus,2025,cps,Rangspanne (alle),57–67,OFFICIAL_STATLINK,Table I.2.o3–o6,
M479/M480,Azerbaijan,2025,sci,Mittelwert,408.6,OFFICIAL_STATLINK,StatLink xgs41b Table I.2.o3–o6,
M479/M480,Azerbaijan,2025,sci,SE (aus 95-%-KI),3.32,DERIVED_CI,"KI-Breite/(2·1,96)",
M479,Azerbaijan,2025,sci,Rangspanne (alle),61–70,OFFICIAL_STATLINK,Table I.2.o3–o6,
M479/M480,Azerbaijan,2025,read,Mittelwert,373.6,OFFICIAL_STATLINK,StatLink xgs41b Table I.2.o3–o6,
M479/M480,Azerbaijan,2025,read,SE (aus 95-%-KI),2.81,DERIVED_CI,"KI-Breite/(2·1,96)",
M479,Azerbaijan,2025,read,Rangspanne (alle),66–74,OFFICIAL_STATLINK,Table I.2.o3–o6,
M479/M480,Azerbaijan,2025,math,Mittelwert,422.4,OFFICIAL_STATLINK,StatLink xgs41b Table I.2.o3–o6,
M479/M480,Azerbaijan,2025,math,SE (aus 95-%-KI),3.83,DERIVED_CI,"KI-Breite/(2·1,96)",
M479,Azerbaijan,2025,math,Rangspanne (alle),43–57,OFFICIAL_STATLINK,Table I.2.o3–o6,
M479/M480,Azerbaijan,2025,cps,Mittelwert,387.8,OFFICIAL_STATLINK,StatLink xgs41b Table I.2.o3–o6,
M479/M480,Azerbaijan,2025,cps,SE (aus 95-%-KI),3.57,DERIVED_CI,"KI-Breite/(2·1,96)",
M479,Azerbaijan,2025,cps,Rangspanne (alle),74–79,OFFICIAL_STATLINK,Table I.2.o3–o6,
M479,Azerbaijan,2025,sci,P10,294.7,OFFICIAL_STATLINK,Figure I.2.1,
M479,Azerbaijan,2025,sci,P25,343.3,OFFICIAL_STATLINK,Figure I.2.1,
M479,Azerbaijan,2025,sci,P50,404.1,OFFICIAL_STATLINK,Figure I.2.1,
M479,Azerbaijan,2025,sci,P75,470.7,OFFICIAL_STATLINK,Figure I.2.1,
M479,Azerbaijan,2025,sci,P90,530.8,OFFICIAL_STATLINK,Figure I.2.1,
M479/M480,Azerbaijan,2025,sci,P90−P10,236.1,DERIVED_OFFICIAL,"Figure I.2.1, Differenz",
M479/M480,Azerbaijan,2025,sci,unter Stufe 2 (%),52.3,DERIVED_OFFICIAL,"Figure I.2.3, Summe Stufen <1b–1a",
M479/M480,Azerbaijan,2025,sci,Stufe 5–6 (%),0.7,DERIVED_OFFICIAL,"Figure I.2.3, Summe Stufen 5–6",
M479/M480,Brazil,2025,sci,Mittelwert,408.5,OFFICIAL_STATLINK,StatLink xgs41b Table I.2.o3–o6,
M479/M480,Brazil,2025,sci,SE (aus 95-%-KI),1.79,DERIVED_CI,"KI-Breite/(2·1,96)",
M479,Brazil,2025,sci,Rangspanne (alle),62–70,OFFICIAL_STATLINK,Table I.2.o3–o6,
M479/M480,Brazil,2025,read,Mittelwert,408.0,OFFICIAL_STATLINK,StatLink xgs41b Table I.2.o3–o6,
M479/M480,Brazil,2025,read,SE (aus 95-%-KI),2.04,DERIVED_CI,"KI-Breite/(2·1,96)",
M479,Brazil,2025,read,Rangspanne (alle),48–57,OFFICIAL_STATLINK,Table I.2.o3–o6,
M479/M480,Brazil,2025,math,Mittelwert,376.8,OFFICIAL_STATLINK,StatLink xgs41b Table I.2.o3–o6,
M479/M480,Brazil,2025,math,SE (aus 95-%-KI),1.79,DERIVED_CI,"KI-Breite/(2·1,96)",
M479,Brazil,2025,math,Rangspanne (alle),67–75,OFFICIAL_STATLINK,Table I.2.o3–o6,
M479/M480,Brazil,2025,cps,Mittelwert,405.5,OFFICIAL_STATLINK,StatLink xgs41b Table I.2.o3–o6,
M479/M480,Brazil,2025,cps,SE (aus 95-%-KI),1.79,DERIVED_CI,"KI-Breite/(2·1,96)",
M479,Brazil,2025,cps,Rangspanne (alle),68–73,OFFICIAL_STATLINK,Table I.2.o3–o6,
M479,Brazil,2025,sci,P10,291.0,OFFICIAL_STATLINK,Figure I.2.1,
M479,Brazil,2025,sci,P25,340.7,OFFICIAL_STATLINK,Figure I.2.1,
M479,Brazil,2025,sci,P50,403.5,OFFICIAL_STATLINK,Figure I.2.1,
M479,Brazil,2025,sci,P75,472.5,OFFICIAL_STATLINK,Figure I.2.1,
M479,Brazil,2025,sci,P90,535.5,OFFICIAL_STATLINK,Figure I.2.1,
M479/M480,Brazil,2025,sci,P90−P10,244.5,DERIVED_OFFICIAL,"Figure I.2.1, Differenz",
M479/M480,Brazil,2025,sci,unter Stufe 2 (%),52.4,DERIVED_OFFICIAL,"Figure I.2.3, Summe Stufen <1b–1a",
M479/M480,Brazil,2025,sci,Stufe 5–6 (%),0.9,DERIVED_OFFICIAL,"Figure I.2.3, Summe Stufen 5–6",
M479,Brazil,2022→2025,sci,Veränderung (n. s.),5.5,OFFICIAL_STATLINK,Table I.2.6,
M479,Brazil,2022→2025,read,Veränderung (n. s.),-2.3,OFFICIAL_STATLINK,Table I.2.6,
M479,Brazil,2022→2025,math,Veränderung (n. s.),-1.9,OFFICIAL_STATLINK,Table I.2.6,
M479,Brazil,10 Jahre,sci,Dezennaltrend (n. s.),6.6,OFFICIAL_STATLINK,Table I.2.9,
M479,Brazil,10 Jahre,read,Dezennaltrend (n. s.),-0.3,OFFICIAL_STATLINK,Table I.2.9,
M479,Brazil,10 Jahre,math,Dezennaltrend (n. s.),-1.9,OFFICIAL_STATLINK,Table I.2.9,
M479/M480,Jordan,2025,sci,Mittelwert,406.9,OFFICIAL_STATLINK,StatLink xgs41b Table I.2.o3–o6,
M479/M480,Jordan,2025,sci,SE (aus 95-%-KI),2.55,DERIVED_CI,"KI-Breite/(2·1,96)",
M479,Jordan,2025,sci,Rangspanne (alle),62–70,OFFICIAL_STATLINK,Table I.2.o3–o6,
M479/M480,Jordan,2025,read,Mittelwert,362.6,OFFICIAL_STATLINK,StatLink xgs41b Table I.2.o3–o6,
M479/M480,Jordan,2025,read,SE (aus 95-%-KI),2.04,DERIVED_CI,"KI-Breite/(2·1,96)",
M479,Jordan,2025,read,Rangspanne (alle),70–76,OFFICIAL_STATLINK,Table I.2.o3–o6,
M479/M480,Jordan,2025,math,Mittelwert,387.6,OFFICIAL_STATLINK,StatLink xgs41b Table I.2.o3–o6,
M479/M480,Jordan,2025,math,SE (aus 95-%-KI),2.3,DERIVED_CI,"KI-Breite/(2·1,96)",
M479,Jordan,2025,math,Rangspanne (alle),63–70,OFFICIAL_STATLINK,Table I.2.o3–o6,
M479/M480,Jordan,2025,cps,Mittelwert,407.8,OFFICIAL_STATLINK,StatLink xgs41b Table I.2.o3–o6,
M479/M480,Jordan,2025,cps,SE (aus 95-%-KI),2.3,DERIVED_CI,"KI-Breite/(2·1,96)",
M479,Jordan,2025,cps,Rangspanne (alle),68–73,OFFICIAL_STATLINK,Table I.2.o3–o6,
M479,Jordan,2025,sci,P10,305.0,OFFICIAL_STATLINK,Figure I.2.1,
M479,Jordan,2025,sci,P25,351.1,OFFICIAL_STATLINK,Figure I.2.1,
M479,Jordan,2025,sci,P50,405.6,OFFICIAL_STATLINK,Figure I.2.1,
M479,Jordan,2025,sci,P75,461.0,OFFICIAL_STATLINK,Figure I.2.1,
M479,Jordan,2025,sci,P90,510.4,OFFICIAL_STATLINK,Figure I.2.1,
M479/M480,Jordan,2025,sci,P90−P10,205.4,DERIVED_OFFICIAL,"Figure I.2.1, Differenz",
M479/M480,Jordan,2025,sci,unter Stufe 2 (%),52.0,DERIVED_OFFICIAL,"Figure I.2.3, Summe Stufen <1b–1a",
M479/M480,Jordan,2025,sci,Stufe 5–6 (%),0.3,DERIVED_OFFICIAL,"Figure I.2.3, Summe Stufen 5–6",
M479,Jordan,2022→2025,sci,Veränderung (sig.),32.4,OFFICIAL_STATLINK,Table I.2.6,
M479,Jordan,2022→2025,read,Veränderung (sig.),20.4,OFFICIAL_STATLINK,Table I.2.6,
M479,Jordan,2022→2025,math,Veränderung (sig.),26.3,OFFICIAL_STATLINK,Table I.2.6,
M479/M480,Peru,2025,sci,Mittelwert,405.6,OFFICIAL_STATLINK,StatLink xgs41b Table I.2.o3–o6,
M479/M480,Peru,2025,sci,SE (aus 95-%-KI),2.55,DERIVED_CI,"KI-Breite/(2·1,96)",
M479,Peru,2025,sci,Rangspanne (alle),63–70,OFFICIAL_STATLINK,Table I.2.o3–o6,
M479/M480,Peru,2025,read,Mittelwert,390.1,OFFICIAL_STATLINK,StatLink xgs41b Table I.2.o3–o6,
M479/M480,Peru,2025,read,SE (aus 95-%-KI),3.06,DERIVED_CI,"KI-Breite/(2·1,96)",
M479,Peru,2025,read,Rangspanne (alle),57–67,OFFICIAL_STATLINK,Table I.2.o3–o6,
M479/M480,Peru,2025,math,Mittelwert,382.4,OFFICIAL_STATLINK,StatLink xgs41b Table I.2.o3–o6,
M479/M480,Peru,2025,math,SE (aus 95-%-KI),2.3,DERIVED_CI,"KI-Breite/(2·1,96)",
M479,Peru,2025,math,Rangspanne (alle),63–73,OFFICIAL_STATLINK,Table I.2.o3–o6,
M479/M480,Peru,2025,cps,Mittelwert,436.3,OFFICIAL_STATLINK,StatLink xgs41b Table I.2.o3–o6,
M479/M480,Peru,2025,cps,SE (aus 95-%-KI),2.81,DERIVED_CI,"KI-Breite/(2·1,96)",
M479,Peru,2025,cps,Rangspanne (alle),54–65,OFFICIAL_STATLINK,Table I.2.o3–o6,
M479,Peru,2025,sci,P10,303.1,OFFICIAL_STATLINK,Figure I.2.1,
M479,Peru,2025,sci,P25,349.1,OFFICIAL_STATLINK,Figure I.2.1,
M479,Peru,2025,sci,P50,404.4,OFFICIAL_STATLINK,Figure I.2.1,
M479,Peru,2025,sci,P75,460.4,OFFICIAL_STATLINK,Figure I.2.1,
M479,Peru,2025,sci,P90,510.7,OFFICIAL_STATLINK,Figure I.2.1,
M479/M480,Peru,2025,sci,P90−P10,207.6,DERIVED_OFFICIAL,"Figure I.2.1, Differenz",
M479/M480,Peru,2025,sci,unter Stufe 2 (%),52.5,DERIVED_OFFICIAL,"Figure I.2.3, Summe Stufen <1b–1a",
M479/M480,Peru,2025,sci,Stufe 5–6 (%),0.2,DERIVED_OFFICIAL,"Figure I.2.3, Summe Stufen 5–6",
M479,Peru,2022→2025,sci,Veränderung (n. s.),-2.2,OFFICIAL_STATLINK,Table I.2.6,
M479,Peru,2022→2025,read,Veränderung (sig.),-18.1,OFFICIAL_STATLINK,Table I.2.6,
M479,Peru,2022→2025,math,Veränderung (sig.),-8.8,OFFICIAL_STATLINK,Table I.2.6,
M479,Peru,10 Jahre,sci,Dezennaltrend (sig.),8.9,OFFICIAL_STATLINK,Table I.2.9,
M479,Peru,10 Jahre,read,Dezennaltrend (n. s.),-3.7,OFFICIAL_STATLINK,Table I.2.9,
M479,Peru,10 Jahre,math,Dezennaltrend (n. s.),-6.5,OFFICIAL_STATLINK,Table I.2.9,
M479/M480,Ecuador,2025,sci,Mittelwert,393.4,OFFICIAL_STATLINK,StatLink xgs41b Table I.2.o3–o6,
M479/M480,Ecuador,2025,sci,SE (aus 95-%-KI),2.3,DERIVED_CI,"KI-Breite/(2·1,96)",
M479,Ecuador,2025,sci,Rangspanne (alle),71–74,OFFICIAL_STATLINK,Table I.2.o3–o6,
M479/M480,Ecuador,2025,read,Mittelwert,385.0,OFFICIAL_STATLINK,StatLink xgs41b Table I.2.o3–o6,
M479/M480,Ecuador,2025,read,SE (aus 95-%-KI),2.3,DERIVED_CI,"KI-Breite/(2·1,96)",
M479,Ecuador,2025,read,Rangspanne (alle),58–69,OFFICIAL_STATLINK,Table I.2.o3–o6,
M479/M480,Ecuador,2025,math,Mittelwert,365.8,OFFICIAL_STATLINK,StatLink xgs41b Table I.2.o3–o6,
M479/M480,Ecuador,2025,math,SE (aus 95-%-KI),1.79,DERIVED_CI,"KI-Breite/(2·1,96)",
M479,Ecuador,2025,math,Rangspanne (alle),74–79,OFFICIAL_STATLINK,Table I.2.o3–o6,
M479/M480,Ecuador,2025,cps,Mittelwert,421.9,OFFICIAL_STATLINK,StatLink xgs41b Table I.2.o3–o6,
M479/M480,Ecuador,2025,cps,SE (aus 95-%-KI),2.55,DERIVED_CI,"KI-Breite/(2·1,96)",
M479,Ecuador,2025,cps,Rangspanne (alle),61–68,OFFICIAL_STATLINK,Table I.2.o3–o6,
M479,Ecuador,2025,sci,P10,299.0,OFFICIAL_STATLINK,Figure I.2.1,
M479,Ecuador,2025,sci,P25,339.1,OFFICIAL_STATLINK,Figure I.2.1,
M479,Ecuador,2025,sci,P50,389.8,OFFICIAL_STATLINK,Figure I.2.1,
M479,Ecuador,2025,sci,P75,443.8,OFFICIAL_STATLINK,Figure I.2.1,
M479,Ecuador,2025,sci,P90,494.8,OFFICIAL_STATLINK,Figure I.2.1,
M479/M480,Ecuador,2025,sci,P90−P10,195.9,DERIVED_OFFICIAL,"Figure I.2.1, Differenz",
M479/M480,Ecuador,2025,sci,unter Stufe 2 (%),60.2,DERIVED_OFFICIAL,"Figure I.2.3, Summe Stufen <1b–1a",
M479/M480,Ecuador,2025,sci,Stufe 5–6 (%),0.1,DERIVED_OFFICIAL,"Figure I.2.3, Summe Stufen 5–6",
M479/M480,Argentina,2025,sci,Mittelwert,392.9,OFFICIAL_STATLINK,StatLink xgs41b Table I.2.o3–o6,
M479/M480,Argentina,2025,sci,SE (aus 95-%-KI),3.06,DERIVED_CI,"KI-Breite/(2·1,96)",
M479,Argentina,2025,sci,Rangspanne (alle),71–74,OFFICIAL_STATLINK,Table I.2.o3–o6,
M479/M480,Argentina,2025,read,Mittelwert,388.7,OFFICIAL_STATLINK,StatLink xgs41b Table I.2.o3–o6,
M479/M480,Argentina,2025,read,SE (aus 95-%-KI),2.81,DERIVED_CI,"KI-Breite/(2·1,96)",
M479,Argentina,2025,read,Rangspanne (alle),57–68,OFFICIAL_STATLINK,Table I.2.o3–o6,
M479/M480,Argentina,2025,math,Mittelwert,366.8,OFFICIAL_STATLINK,StatLink xgs41b Table I.2.o3–o6,
M479/M480,Argentina,2025,math,SE (aus 95-%-KI),2.55,DERIVED_CI,"KI-Breite/(2·1,96)",
M479,Argentina,2025,math,Rangspanne (alle),72–79,OFFICIAL_STATLINK,Table I.2.o3–o6,
M479/M480,Argentina,2025,cps,Mittelwert,403.3,OFFICIAL_STATLINK,StatLink xgs41b Table I.2.o3–o6,
M479/M480,Argentina,2025,cps,SE (aus 95-%-KI),3.32,DERIVED_CI,"KI-Breite/(2·1,96)",
M479,Argentina,2025,cps,Rangspanne (alle),68–74,OFFICIAL_STATLINK,Table I.2.o3–o6,
M479,Argentina,2025,sci,P10,280.2,OFFICIAL_STATLINK,Figure I.2.1,
M479,Argentina,2025,sci,P25,327.1,OFFICIAL_STATLINK,Figure I.2.1,
M479,Argentina,2025,sci,P50,386.8,OFFICIAL_STATLINK,Figure I.2.1,
M479,Argentina,2025,sci,P75,454.1,OFFICIAL_STATLINK,Figure I.2.1,
M479,Argentina,2025,sci,P90,515.5,OFFICIAL_STATLINK,Figure I.2.1,
M479/M480,Argentina,2025,sci,P90−P10,235.4,DERIVED_OFFICIAL,"Figure I.2.1, Differenz",
M479/M480,Argentina,2025,sci,unter Stufe 2 (%),59.3,DERIVED_OFFICIAL,"Figure I.2.3, Summe Stufen <1b–1a",
M479/M480,Argentina,2025,sci,Stufe 5–6 (%),0.7,DERIVED_OFFICIAL,"Figure I.2.3, Summe Stufen 5–6",
M479,Argentina,2022→2025,sci,Veränderung (sig.),-13.3,OFFICIAL_STATLINK,Table I.2.6,
M479,Argentina,2022→2025,read,Veränderung (sig.),-12.0,OFFICIAL_STATLINK,Table I.2.6,
M479,Argentina,2022→2025,math,Veränderung (sig.),-10.7,OFFICIAL_STATLINK,Table I.2.6,
M479,Argentina,10 Jahre,sci,Dezennaltrend (n. s.),-14.8,OFFICIAL_STATLINK,Table I.2.9,
M479,Argentina,10 Jahre,read,Dezennaltrend (sig.),-17.4,OFFICIAL_STATLINK,Table I.2.9,
M479,Argentina,10 Jahre,math,Dezennaltrend (sig.),-17.3,OFFICIAL_STATLINK,Table I.2.9,
M479/M480,Indonesia,2025,sci,Mittelwert,388.7,OFFICIAL_STATLINK,StatLink xgs41b Table I.2.o3–o6,
M479/M480,Indonesia,2025,sci,SE (aus 95-%-KI),2.3,DERIVED_CI,"KI-Breite/(2·1,96)",
M479,Indonesia,2025,sci,Rangspanne (alle),71–75,OFFICIAL_STATLINK,Table I.2.o3–o6,
M479/M480,Indonesia,2025,read,Mittelwert,365.2,OFFICIAL_STATLINK,StatLink xgs41b Table I.2.o3–o6,
M479/M480,Indonesia,2025,read,SE (aus 95-%-KI),2.55,DERIVED_CI,"KI-Breite/(2·1,96)",
M479,Indonesia,2025,read,Rangspanne (alle),69–76,OFFICIAL_STATLINK,Table I.2.o3–o6,
M479/M480,Indonesia,2025,math,Mittelwert,363.9,OFFICIAL_STATLINK,StatLink xgs41b Table I.2.o3–o6,
M479/M480,Indonesia,2025,math,SE (aus 95-%-KI),2.04,DERIVED_CI,"KI-Breite/(2·1,96)",
M479,Indonesia,2025,math,Rangspanne (alle),74–80,OFFICIAL_STATLINK,Table I.2.o3–o6,
M479/M480,Indonesia,2025,cps,Mittelwert,426.9,OFFICIAL_STATLINK,StatLink xgs41b Table I.2.o3–o6,
M479/M480,Indonesia,2025,cps,SE (aus 95-%-KI),2.55,DERIVED_CI,"KI-Breite/(2·1,96)",
M479,Indonesia,2025,cps,Rangspanne (alle),57–67,OFFICIAL_STATLINK,Table I.2.o3–o6,
M479,Indonesia,2025,sci,P10,304.7,OFFICIAL_STATLINK,Figure I.2.1,
M479,Indonesia,2025,sci,P25,341.3,OFFICIAL_STATLINK,Figure I.2.1,
M479,Indonesia,2025,sci,P50,385.9,OFFICIAL_STATLINK,Figure I.2.1,
M479,Indonesia,2025,sci,P75,433.3,OFFICIAL_STATLINK,Figure I.2.1,
M479,Indonesia,2025,sci,P90,477.6,OFFICIAL_STATLINK,Figure I.2.1,
M479/M480,Indonesia,2025,sci,P90−P10,173.0,DERIVED_OFFICIAL,"Figure I.2.1, Differenz",
M479/M480,Indonesia,2025,sci,unter Stufe 2 (%),63.2,DERIVED_OFFICIAL,"Figure I.2.3, Summe Stufen <1b–1a",
M479/M480,Indonesia,2025,sci,Stufe 5–6 (%),0.0,DERIVED_OFFICIAL,"Figure I.2.3, Summe Stufen 5–6",
M479,Indonesia,2022→2025,sci,Veränderung (n. s.),5.8,OFFICIAL_STATLINK,Table I.2.6,
M479,Indonesia,2022→2025,read,Veränderung (n. s.),6.6,OFFICIAL_STATLINK,Table I.2.6,
M479,Indonesia,2022→2025,math,Veränderung (n. s.),-1.6,OFFICIAL_STATLINK,Table I.2.6,
M479,Indonesia,10 Jahre,sci,Dezennaltrend (sig.),-17.0,OFFICIAL_STATLINK,Table I.2.9,
M479,Indonesia,10 Jahre,read,Dezennaltrend (sig.),-31.9,OFFICIAL_STATLINK,Table I.2.9,
M479,Indonesia,10 Jahre,math,Dezennaltrend (sig.),-23.7,OFFICIAL_STATLINK,Table I.2.9,
M479/M480,El Salvador,2025,sci,Mittelwert,384.7,OFFICIAL_STATLINK,StatLink xgs41b Table I.2.o3–o6,
M479/M480,El Salvador,2025,sci,SE (aus 95-%-KI),2.3,DERIVED_CI,"KI-Breite/(2·1,96)",
M479,El Salvador,2025,sci,Rangspanne (alle),71–77,OFFICIAL_STATLINK,Table I.2.o3–o6,
M479/M480,El Salvador,2025,read,Mittelwert,366.4,OFFICIAL_STATLINK,StatLink xgs41b Table I.2.o3–o6,
M479/M480,El Salvador,2025,read,SE (aus 95-%-KI),2.3,DERIVED_CI,"KI-Breite/(2·1,96)",
M479,El Salvador,2025,read,Rangspanne (alle),69–75,OFFICIAL_STATLINK,Table I.2.o3–o6,
M479/M480,El Salvador,2025,math,Mittelwert,346.2,OFFICIAL_STATLINK,StatLink xgs41b Table I.2.o3–o6,
M479/M480,El Salvador,2025,math,SE (aus 95-%-KI),1.79,DERIVED_CI,"KI-Breite/(2·1,96)",
M479,El Salvador,2025,math,Rangspanne (alle),80–85,OFFICIAL_STATLINK,Table I.2.o3–o6,
M479/M480,El Salvador,2025,cps,Mittelwert,401.3,OFFICIAL_STATLINK,StatLink xgs41b Table I.2.o3–o6,
M479/M480,El Salvador,2025,cps,SE (aus 95-%-KI),2.55,DERIVED_CI,"KI-Breite/(2·1,96)",
M479,El Salvador,2025,cps,Rangspanne (alle),69–74,OFFICIAL_STATLINK,Table I.2.o3–o6,
M479,El Salvador,2025,sci,P10,290.7,OFFICIAL_STATLINK,Figure I.2.1,
M479,El Salvador,2025,sci,P25,330.0,OFFICIAL_STATLINK,Figure I.2.1,
M479,El Salvador,2025,sci,P50,378.6,OFFICIAL_STATLINK,Figure I.2.1,
M479,El Salvador,2025,sci,P75,434.1,OFFICIAL_STATLINK,Figure I.2.1,
M479,El Salvador,2025,sci,P90,488.7,OFFICIAL_STATLINK,Figure I.2.1,
M479/M480,El Salvador,2025,sci,P90−P10,198.0,DERIVED_OFFICIAL,"Figure I.2.1, Differenz",
M479/M480,El Salvador,2025,sci,unter Stufe 2 (%),65.0,DERIVED_OFFICIAL,"Figure I.2.3, Summe Stufen <1b–1a",
M479/M480,El Salvador,2025,sci,Stufe 5–6 (%),0.1,DERIVED_OFFICIAL,"Figure I.2.3, Summe Stufen 5–6",
M479,El Salvador,2022→2025,sci,Veränderung (sig.),11.5,OFFICIAL_STATLINK,Table I.2.6,
M479,El Salvador,2022→2025,read,Veränderung (n. s.),1.5,OFFICIAL_STATLINK,Table I.2.6,
M479,El Salvador,2022→2025,math,Veränderung (n. s.),2.8,OFFICIAL_STATLINK,Table I.2.6,
M479/M480,Cambodia,2025,sci,Mittelwert,381.9,OFFICIAL_STATLINK,StatLink xgs41b Table I.2.o3–o6,
M479/M480,Cambodia,2025,sci,SE (aus 95-%-KI),1.53,DERIVED_CI,"KI-Breite/(2·1,96)",
M479,Cambodia,2025,sci,Rangspanne (alle),72–78,OFFICIAL_STATLINK,Table I.2.o3–o6,
M479/M480,Cambodia,2025,read,Mittelwert,347.2,OFFICIAL_STATLINK,StatLink xgs41b Table I.2.o3–o6,
M479/M480,Cambodia,2025,read,SE (aus 95-%-KI),1.53,DERIVED_CI,"KI-Breite/(2·1,96)",
M479,Cambodia,2025,read,Rangspanne (alle),77–83,OFFICIAL_STATLINK,Table I.2.o3–o6,
M479/M480,Cambodia,2025,math,Mittelwert,365.8,OFFICIAL_STATLINK,StatLink xgs41b Table I.2.o3–o6,
M479/M480,Cambodia,2025,math,SE (aus 95-%-KI),1.53,DERIVED_CI,"KI-Breite/(2·1,96)",
M479,Cambodia,2025,math,Rangspanne (alle),74–79,OFFICIAL_STATLINK,Table I.2.o3–o6,
M479,Cambodia,2025,sci,P10,302.2,OFFICIAL_STATLINK,Figure I.2.1,
M479,Cambodia,2025,sci,P25,338.7,OFFICIAL_STATLINK,Figure I.2.1,
M479,Cambodia,2025,sci,P50,380.8,OFFICIAL_STATLINK,Figure I.2.1,
M479,Cambodia,2025,sci,P75,424.1,OFFICIAL_STATLINK,Figure I.2.1,
M479,Cambodia,2025,sci,P90,464.2,OFFICIAL_STATLINK,Figure I.2.1,
M479/M480,Cambodia,2025,sci,P90−P10,162.1,DERIVED_OFFICIAL,"Figure I.2.1, Differenz",
M479/M480,Cambodia,2025,sci,unter Stufe 2 (%),67.5,DERIVED_OFFICIAL,"Figure I.2.3, Summe Stufen <1b–1a",
M479/M480,Cambodia,2025,sci,Stufe 5–6 (%),0.0,DERIVED_OFFICIAL,"Figure I.2.3, Summe Stufen 5–6",
M479,Cambodia,2022→2025,sci,Veränderung (sig.),34.8,OFFICIAL_STATLINK,Table I.2.6,
M479,Cambodia,2022→2025,read,Veränderung (sig.),18.4,OFFICIAL_STATLINK,Table I.2.6,
M479,Cambodia,2022→2025,math,Veränderung (sig.),29.4,OFFICIAL_STATLINK,Table I.2.6,
M479,Cambodia,10 Jahre,sci,Dezennaltrend (sig.),72.1,OFFICIAL_STATLINK,Table I.2.9,
M479,Cambodia,10 Jahre,read,Dezennaltrend (sig.),36.5,OFFICIAL_STATLINK,Table I.2.9,
M479,Cambodia,10 Jahre,math,Dezennaltrend (sig.),57.2,OFFICIAL_STATLINK,Table I.2.9,
M479/M480,North Macedonia,2025,sci,Mittelwert,378.5,OFFICIAL_STATLINK,StatLink xgs41b Table I.2.o3–o6,
M479/M480,North Macedonia,2025,sci,SE (aus 95-%-KI),1.28,DERIVED_CI,"KI-Breite/(2·1,96)",
M479,North Macedonia,2025,sci,Rangspanne (alle),74–78,OFFICIAL_STATLINK,Table I.2.o3–o6,
M479/M480,North Macedonia,2025,read,Mittelwert,357.4,OFFICIAL_STATLINK,StatLink xgs41b Table I.2.o3–o6,
M479/M480,North Macedonia,2025,read,SE (aus 95-%-KI),1.02,DERIVED_CI,"KI-Breite/(2·1,96)",
M479,North Macedonia,2025,read,Rangspanne (alle),74–77,OFFICIAL_STATLINK,Table I.2.o3–o6,
M479/M480,North Macedonia,2025,math,Mittelwert,379.8,OFFICIAL_STATLINK,StatLink xgs41b Table I.2.o3–o6,
M479/M480,North Macedonia,2025,math,SE (aus 95-%-KI),1.02,DERIVED_CI,"KI-Breite/(2·1,96)",
M479,North Macedonia,2025,math,Rangspanne (alle),65–73,OFFICIAL_STATLINK,Table I.2.o3–o6,
M479/M480,North Macedonia,2025,cps,Mittelwert,389.1,OFFICIAL_STATLINK,StatLink xgs41b Table I.2.o3–o6,
M479/M480,North Macedonia,2025,cps,SE (aus 95-%-KI),1.53,DERIVED_CI,"KI-Breite/(2·1,96)",
M479,North Macedonia,2025,cps,Rangspanne (alle),74–77,OFFICIAL_STATLINK,Table I.2.o3–o6,
M479,North Macedonia,2025,sci,P10,266.1,OFFICIAL_STATLINK,Figure I.2.1,
M479,North Macedonia,2025,sci,P25,314.7,OFFICIAL_STATLINK,Figure I.2.1,
M479,North Macedonia,2025,sci,P50,374.4,OFFICIAL_STATLINK,Figure I.2.1,
M479,North Macedonia,2025,sci,P75,439.3,OFFICIAL_STATLINK,Figure I.2.1,
M479,North Macedonia,2025,sci,P90,496.0,OFFICIAL_STATLINK,Figure I.2.1,
M479/M480,North Macedonia,2025,sci,P90−P10,229.9,DERIVED_OFFICIAL,"Figure I.2.1, Differenz",
M479/M480,North Macedonia,2025,sci,unter Stufe 2 (%),64.3,DERIVED_OFFICIAL,"Figure I.2.3, Summe Stufen <1b–1a",
M479/M480,North Macedonia,2025,sci,Stufe 5–6 (%),0.2,DERIVED_OFFICIAL,"Figure I.2.3, Summe Stufen 5–6",
M479,North Macedonia,2022→2025,sci,Veränderung (n. s.),-1.4,OFFICIAL_STATLINK,Table I.2.6,
M479,North Macedonia,2022→2025,read,Veränderung (n. s.),-1.1,OFFICIAL_STATLINK,Table I.2.6,
M479,North Macedonia,2022→2025,math,Veränderung (sig.),-8.8,OFFICIAL_STATLINK,Table I.2.6,
M479,North Macedonia,10 Jahre,sci,Dezennaltrend (sig.),-15.9,OFFICIAL_STATLINK,Table I.2.9,
M479,North Macedonia,10 Jahre,read,Dezennaltrend (n. s.),-6.9,OFFICIAL_STATLINK,Table I.2.9,
M479,North Macedonia,10 Jahre,math,Dezennaltrend (n. s.),5.3,OFFICIAL_STATLINK,Table I.2.9,
M479/M480,Philippines,2025,sci,Mittelwert,373.3,OFFICIAL_STATLINK,StatLink xgs41b Table I.2.o3–o6,
M479/M480,Philippines,2025,sci,SE (aus 95-%-KI),2.3,DERIVED_CI,"KI-Breite/(2·1,96)",
M479,Philippines,2025,sci,Rangspanne (alle),75–79,OFFICIAL_STATLINK,Table I.2.o3–o6,
M479/M480,Philippines,2025,read,Mittelwert,366.9,OFFICIAL_STATLINK,StatLink xgs41b Table I.2.o3–o6,
M479/M480,Philippines,2025,read,SE (aus 95-%-KI),2.55,DERIVED_CI,"KI-Breite/(2·1,96)",
M479,Philippines,2025,read,Rangspanne (alle),69–75,OFFICIAL_STATLINK,Table I.2.o3–o6,
M479/M480,Philippines,2025,math,Mittelwert,370.6,OFFICIAL_STATLINK,StatLink xgs41b Table I.2.o3–o6,
M479/M480,Philippines,2025,math,SE (aus 95-%-KI),1.79,DERIVED_CI,"KI-Breite/(2·1,96)",
M479,Philippines,2025,math,Rangspanne (alle),70–79,OFFICIAL_STATLINK,Table I.2.o3–o6,
M479/M480,Philippines,2025,cps,Mittelwert,434.4,OFFICIAL_STATLINK,StatLink xgs41b Table I.2.o3–o6,
M479/M480,Philippines,2025,cps,SE (aus 95-%-KI),1.79,DERIVED_CI,"KI-Breite/(2·1,96)",
M479,Philippines,2025,cps,Rangspanne (alle),54–65,OFFICIAL_STATLINK,Table I.2.o3–o6,
M479,Philippines,2025,sci,P10,270.1,OFFICIAL_STATLINK,Figure I.2.1,
M479,Philippines,2025,sci,P25,309.1,OFFICIAL_STATLINK,Figure I.2.1,
M479,Philippines,2025,sci,P50,363.6,OFFICIAL_STATLINK,Figure I.2.1,
M479,Philippines,2025,sci,P75,429.5,OFFICIAL_STATLINK,Figure I.2.1,
M479,Philippines,2025,sci,P90,492.4,OFFICIAL_STATLINK,Figure I.2.1,
M479/M480,Philippines,2025,sci,P90−P10,222.3,DERIVED_OFFICIAL,"Figure I.2.1, Differenz",
M479/M480,Philippines,2025,sci,unter Stufe 2 (%),68.4,DERIVED_OFFICIAL,"Figure I.2.3, Summe Stufen <1b–1a",
M479/M480,Philippines,2025,sci,Stufe 5–6 (%),0.2,DERIVED_OFFICIAL,"Figure I.2.3, Summe Stufen 5–6",
M479,Philippines,2022→2025,sci,Veränderung (sig.),17.2,OFFICIAL_STATLINK,Table I.2.6,
M479,Philippines,2022→2025,read,Veränderung (sig.),20.4,OFFICIAL_STATLINK,Table I.2.6,
M479,Philippines,2022→2025,math,Veränderung (sig.),15.9,OFFICIAL_STATLINK,Table I.2.6,
M479,Philippines,10 Jahre,sci,Dezennaltrend (sig.),22.0,OFFICIAL_STATLINK,Table I.2.9,
M479,Philippines,10 Jahre,read,Dezennaltrend (sig.),37.7,OFFICIAL_STATLINK,Table I.2.9,
M479,Philippines,10 Jahre,math,Dezennaltrend (sig.),24.7,OFFICIAL_STATLINK,Table I.2.9,
M479/M480,Lebanon,2025,sci,Mittelwert,372.0,OFFICIAL_STATLINK,StatLink xgs41b Table I.2.o3–o6,
M479/M480,Lebanon,2025,sci,SE (aus 95-%-KI),3.57,DERIVED_CI,"KI-Breite/(2·1,96)",
M479,Lebanon,2025,sci,Rangspanne (alle),75–81,OFFICIAL_STATLINK,Table I.2.o3–o6,
M479/M480,Lebanon,2025,read,Mittelwert,330.9,OFFICIAL_STATLINK,StatLink xgs41b Table I.2.o3–o6,
M479/M480,Lebanon,2025,read,SE (aus 95-%-KI),3.32,DERIVED_CI,"KI-Breite/(2·1,96)",
M479,Lebanon,2025,read,Rangspanne (alle),83–88,OFFICIAL_STATLINK,Table I.2.o3–o6,
M479/M480,Lebanon,2025,math,Mittelwert,377.1,OFFICIAL_STATLINK,StatLink xgs41b Table I.2.o3–o6,
M479/M480,Lebanon,2025,math,SE (aus 95-%-KI),3.06,DERIVED_CI,"KI-Breite/(2·1,96)",
M479,Lebanon,2025,math,Rangspanne (alle),64–75,OFFICIAL_STATLINK,Table I.2.o3–o6,
M479/M480,Lebanon,2025,cps,Mittelwert,358.2,OFFICIAL_STATLINK,StatLink xgs41b Table I.2.o3–o6,
M479/M480,Lebanon,2025,cps,SE (aus 95-%-KI),4.08,DERIVED_CI,"KI-Breite/(2·1,96)",
M479,Lebanon,2025,cps,Rangspanne (alle),80–84,OFFICIAL_STATLINK,Table I.2.o3–o6,
M479,Lebanon,2025,sci,P10,250.5,OFFICIAL_STATLINK,Figure I.2.1,
M479,Lebanon,2025,sci,P25,299.5,OFFICIAL_STATLINK,Figure I.2.1,
M479,Lebanon,2025,sci,P50,363.8,OFFICIAL_STATLINK,Figure I.2.1,
M479,Lebanon,2025,sci,P75,438.8,OFFICIAL_STATLINK,Figure I.2.1,
M479,Lebanon,2025,sci,P90,507.5,OFFICIAL_STATLINK,Figure I.2.1,
M479/M480,Lebanon,2025,sci,P90−P10,257.0,DERIVED_OFFICIAL,"Figure I.2.1, Differenz",
M479/M480,Lebanon,2025,sci,unter Stufe 2 (%),66.2,DERIVED_OFFICIAL,"Figure I.2.3, Summe Stufen <1b–1a",
M479/M480,Lebanon,2025,sci,Stufe 5–6 (%),0.6,DERIVED_OFFICIAL,"Figure I.2.3, Summe Stufen 5–6",
M479,Lebanon,10 Jahre,sci,Dezennaltrend (sig.),-14.9,OFFICIAL_STATLINK,Table I.2.9,
M479,Lebanon,10 Jahre,read,Dezennaltrend (sig.),-18.6,OFFICIAL_STATLINK,Table I.2.9,
M479,Lebanon,10 Jahre,math,Dezennaltrend (sig.),-19.9,OFFICIAL_STATLINK,Table I.2.9,
M479/M480,Armenia,2025,sci,Mittelwert,368.6,OFFICIAL_STATLINK,StatLink xgs41b Table I.2.o3–o6,
M479/M480,Armenia,2025,sci,SE (aus 95-%-KI),1.79,DERIVED_CI,"KI-Breite/(2·1,96)",
M479,Armenia,2025,sci,Rangspanne (alle),77–83,OFFICIAL_STATLINK,Table I.2.o3–o6,
M479/M480,Armenia,2025,read,Mittelwert,348.3,OFFICIAL_STATLINK,StatLink xgs41b Table I.2.o3–o6,
M479/M480,Armenia,2025,read,SE (aus 95-%-KI),1.53,DERIVED_CI,"KI-Breite/(2·1,96)",
M479,Armenia,2025,read,Rangspanne (alle),77–83,OFFICIAL_STATLINK,Table I.2.o3–o6,
M479/M480,Armenia,2025,math,Mittelwert,375.8,OFFICIAL_STATLINK,StatLink xgs41b Table I.2.o3–o6,
M479/M480,Armenia,2025,math,SE (aus 95-%-KI),2.04,DERIVED_CI,"KI-Breite/(2·1,96)",
M479,Armenia,2025,math,Rangspanne (alle),67–75,OFFICIAL_STATLINK,Table I.2.o3–o6,
M479/M480,Armenia,2025,cps,Mittelwert,354.4,OFFICIAL_STATLINK,StatLink xgs41b Table I.2.o3–o6,
M479/M480,Armenia,2025,cps,SE (aus 95-%-KI),2.81,DERIVED_CI,"KI-Breite/(2·1,96)",
M479,Armenia,2025,cps,Rangspanne (alle),81–84,OFFICIAL_STATLINK,Table I.2.o3–o6,
M479,Armenia,2025,sci,P10,275.4,OFFICIAL_STATLINK,Figure I.2.1,
M479,Armenia,2025,sci,P25,316.8,OFFICIAL_STATLINK,Figure I.2.1,
M479,Armenia,2025,sci,P50,365.4,OFFICIAL_STATLINK,Figure I.2.1,
M479,Armenia,2025,sci,P75,417.7,OFFICIAL_STATLINK,Figure I.2.1,
M479,Armenia,2025,sci,P90,466.4,OFFICIAL_STATLINK,Figure I.2.1,
M479/M480,Armenia,2025,sci,P90−P10,191.0,DERIVED_OFFICIAL,"Figure I.2.1, Differenz",
M479/M480,Armenia,2025,sci,unter Stufe 2 (%),71.5,DERIVED_OFFICIAL,"Figure I.2.3, Summe Stufen <1b–1a",
M479/M480,Armenia,2025,sci,Stufe 5–6 (%),0.1,DERIVED_OFFICIAL,"Figure I.2.3, Summe Stufen 5–6",
M479/M480,Kyrgyzstan,2025,sci,Mittelwert,362.5,OFFICIAL_STATLINK,StatLink xgs41b Table I.2.o3–o6,
M479/M480,Kyrgyzstan,2025,sci,SE (aus 95-%-KI),2.3,DERIVED_CI,"KI-Breite/(2·1,96)",
M479,Kyrgyzstan,2025,sci,Rangspanne (alle),78–86,OFFICIAL_STATLINK,Table I.2.o3–o6,
M479/M480,Kyrgyzstan,2025,read,Mittelwert,344.4,OFFICIAL_STATLINK,StatLink xgs41b Table I.2.o3–o6,
M479/M480,Kyrgyzstan,2025,read,SE (aus 95-%-KI),2.3,DERIVED_CI,"KI-Breite/(2·1,96)",
M479,Kyrgyzstan,2025,read,Rangspanne (alle),77–85,OFFICIAL_STATLINK,Table I.2.o3–o6,
M479/M480,Kyrgyzstan,2025,math,Mittelwert,363.8,OFFICIAL_STATLINK,StatLink xgs41b Table I.2.o3–o6,
M479/M480,Kyrgyzstan,2025,math,SE (aus 95-%-KI),2.04,DERIVED_CI,"KI-Breite/(2·1,96)",
M479,Kyrgyzstan,2025,math,Rangspanne (alle),74–80,OFFICIAL_STATLINK,Table I.2.o3–o6,
M479/M480,Kyrgyzstan,2025,cps,Mittelwert,387.8,OFFICIAL_STATLINK,StatLink xgs41b Table I.2.o3–o6,
M479/M480,Kyrgyzstan,2025,cps,SE (aus 95-%-KI),2.3,DERIVED_CI,"KI-Breite/(2·1,96)",
M479,Kyrgyzstan,2025,cps,Rangspanne (alle),74–78,OFFICIAL_STATLINK,Table I.2.o3–o6,
M479,Kyrgyzstan,2025,sci,P10,280.1,OFFICIAL_STATLINK,Figure I.2.1,
M479,Kyrgyzstan,2025,sci,P25,314.1,OFFICIAL_STATLINK,Figure I.2.1,
M479,Kyrgyzstan,2025,sci,P50,356.3,OFFICIAL_STATLINK,Figure I.2.1,
M479,Kyrgyzstan,2025,sci,P75,405.5,OFFICIAL_STATLINK,Figure I.2.1,
M479,Kyrgyzstan,2025,sci,P90,455.7,OFFICIAL_STATLINK,Figure I.2.1,
M479/M480,Kyrgyzstan,2025,sci,P90−P10,175.6,DERIVED_OFFICIAL,"Figure I.2.1, Differenz",
M479/M480,Kyrgyzstan,2025,sci,unter Stufe 2 (%),76.6,DERIVED_OFFICIAL,"Figure I.2.3, Summe Stufen <1b–1a",
M479/M480,Kyrgyzstan,2025,sci,Stufe 5–6 (%),0.0,DERIVED_OFFICIAL,"Figure I.2.3, Summe Stufen 5–6",
M479/M480,Dominican Republic,2025,sci,Mittelwert,360.8,OFFICIAL_STATLINK,StatLink xgs41b Table I.2.o3–o6,
M479/M480,Dominican Republic,2025,sci,SE (aus 95-%-KI),2.3,DERIVED_CI,"KI-Breite/(2·1,96)",
M479,Dominican Republic,2025,sci,Rangspanne (alle),78–88,OFFICIAL_STATLINK,Table I.2.o3–o6,
M479/M480,Dominican Republic,2025,read,Mittelwert,345.5,OFFICIAL_STATLINK,StatLink xgs41b Table I.2.o3–o6,
M479/M480,Dominican Republic,2025,read,SE (aus 95-%-KI),2.3,DERIVED_CI,"KI-Breite/(2·1,96)",
M479,Dominican Republic,2025,read,Rangspanne (alle),77–85,OFFICIAL_STATLINK,Table I.2.o3–o6,
M479/M480,Dominican Republic,2025,math,Mittelwert,338.8,OFFICIAL_STATLINK,StatLink xgs41b Table I.2.o3–o6,
M479/M480,Dominican Republic,2025,math,SE (aus 95-%-KI),1.53,DERIVED_CI,"KI-Breite/(2·1,96)",
M479,Dominican Republic,2025,math,Rangspanne (alle),83–88,OFFICIAL_STATLINK,Table I.2.o3–o6,
M479/M480,Dominican Republic,2025,cps,Mittelwert,378.8,OFFICIAL_STATLINK,StatLink xgs41b Table I.2.o3–o6,
M479/M480,Dominican Republic,2025,cps,SE (aus 95-%-KI),2.81,DERIVED_CI,"KI-Breite/(2·1,96)",
M479,Dominican Republic,2025,cps,Rangspanne (alle),76–80,OFFICIAL_STATLINK,Table I.2.o3–o6,
M479,Dominican Republic,2025,sci,P10,267.1,OFFICIAL_STATLINK,Figure I.2.1,
M479,Dominican Republic,2025,sci,P25,305.0,OFFICIAL_STATLINK,Figure I.2.1,
M479,Dominican Republic,2025,sci,P50,354.4,OFFICIAL_STATLINK,Figure I.2.1,
M479,Dominican Republic,2025,sci,P75,412.1,OFFICIAL_STATLINK,Figure I.2.1,
M479,Dominican Republic,2025,sci,P90,465.4,OFFICIAL_STATLINK,Figure I.2.1,
M479/M480,Dominican Republic,2025,sci,P90−P10,198.3,DERIVED_OFFICIAL,"Figure I.2.1, Differenz",
M479/M480,Dominican Republic,2025,sci,unter Stufe 2 (%),74.1,DERIVED_OFFICIAL,"Figure I.2.3, Summe Stufen <1b–1a",
M479/M480,Dominican Republic,2025,sci,Stufe 5–6 (%),0.0,DERIVED_OFFICIAL,"Figure I.2.3, Summe Stufen 5–6",
M479,Dominican Republic,2022→2025,sci,Veränderung (n. s.),0.4,OFFICIAL_STATLINK,Table I.2.6,
M479,Dominican Republic,2022→2025,read,Veränderung (n. s.),-5.8,OFFICIAL_STATLINK,Table I.2.6,
M479,Dominican Republic,2022→2025,math,Veränderung (n. s.),-0.3,OFFICIAL_STATLINK,Table I.2.6,
M479,Dominican Republic,10 Jahre,sci,Dezennaltrend (sig.),33.7,OFFICIAL_STATLINK,Table I.2.9,
M479,Dominican Republic,10 Jahre,read,Dezennaltrend (n. s.),-7.2,OFFICIAL_STATLINK,Table I.2.9,
M479,Dominican Republic,10 Jahre,math,Dezennaltrend (sig.),14.4,OFFICIAL_STATLINK,Table I.2.9,
M479/M480,Palestinian Authority,2025,sci,Mittelwert,358.7,OFFICIAL_STATLINK,StatLink xgs41b Table I.2.o3–o6,
M479/M480,Palestinian Authority,2025,sci,SE (aus 95-%-KI),2.04,DERIVED_CI,"KI-Breite/(2·1,96)",
M479,Palestinian Authority,2025,sci,Rangspanne (alle),80–88,OFFICIAL_STATLINK,Table I.2.o3–o6,
M479/M480,Palestinian Authority,2025,read,Mittelwert,349.9,OFFICIAL_STATLINK,StatLink xgs41b Table I.2.o3–o6,
M479/M480,Palestinian Authority,2025,read,SE (aus 95-%-KI),2.04,DERIVED_CI,"KI-Breite/(2·1,96)",
M479,Palestinian Authority,2025,read,Rangspanne (alle),77–83,OFFICIAL_STATLINK,Table I.2.o3–o6,
M479/M480,Palestinian Authority,2025,math,Mittelwert,354.3,OFFICIAL_STATLINK,StatLink xgs41b Table I.2.o3–o6,
M479/M480,Palestinian Authority,2025,math,SE (aus 95-%-KI),1.79,DERIVED_CI,"KI-Breite/(2·1,96)",
M479,Palestinian Authority,2025,math,Rangspanne (alle),80–82,OFFICIAL_STATLINK,Table I.2.o3–o6,
M479/M480,Palestinian Authority,2025,cps,Mittelwert,393.5,OFFICIAL_STATLINK,StatLink xgs41b Table I.2.o3–o6,
M479/M480,Palestinian Authority,2025,cps,SE (aus 95-%-KI),2.3,DERIVED_CI,"KI-Breite/(2·1,96)",
M479,Palestinian Authority,2025,cps,Rangspanne (alle),71–77,OFFICIAL_STATLINK,Table I.2.o3–o6,
M479,Palestinian Authority,2025,sci,P10,270.2,OFFICIAL_STATLINK,Figure I.2.1,
M479,Palestinian Authority,2025,sci,P25,308.7,OFFICIAL_STATLINK,Figure I.2.1,
M479,Palestinian Authority,2025,sci,P50,355.7,OFFICIAL_STATLINK,Figure I.2.1,
M479,Palestinian Authority,2025,sci,P75,406.2,OFFICIAL_STATLINK,Figure I.2.1,
M479,Palestinian Authority,2025,sci,P90,452.7,OFFICIAL_STATLINK,Figure I.2.1,
M479/M480,Palestinian Authority,2025,sci,P90−P10,182.6,DERIVED_OFFICIAL,"Figure I.2.1, Differenz",
M479/M480,Palestinian Authority,2025,sci,unter Stufe 2 (%),76.4,DERIVED_OFFICIAL,"Figure I.2.3, Summe Stufen <1b–1a",
M479/M480,Palestinian Authority,2025,sci,Stufe 5–6 (%),0.0,DERIVED_OFFICIAL,"Figure I.2.3, Summe Stufen 5–6",
M479,Palestinian Authority,2022→2025,sci,Veränderung (sig.),-16.9,OFFICIAL_STATLINK,Table I.2.6,
M479,Palestinian Authority,2022→2025,read,Veränderung (n. s.),-5.8,OFFICIAL_STATLINK,Table I.2.6,
M479,Palestinian Authority,2022→2025,math,Veränderung (sig.),-17.8,OFFICIAL_STATLINK,Table I.2.6,
M479/M480,Morocco,2025,sci,Mittelwert,358.0,OFFICIAL_STATLINK,StatLink xgs41b Table I.2.o3–o6,
M479/M480,Morocco,2025,sci,SE (aus 95-%-KI),3.32,DERIVED_CI,"KI-Breite/(2·1,96)",
M479,Morocco,2025,sci,Rangspanne (alle),78–88,OFFICIAL_STATLINK,Table I.2.o3–o6,
M479/M480,Morocco,2025,read,Mittelwert,321.1,OFFICIAL_STATLINK,StatLink xgs41b Table I.2.o3–o6,
M479/M480,Morocco,2025,read,SE (aus 95-%-KI),3.57,DERIVED_CI,"KI-Breite/(2·1,96)",
M479,Morocco,2025,read,Rangspanne (alle),85–89,OFFICIAL_STATLINK,Table I.2.o3–o6,
M479/M480,Morocco,2025,math,Mittelwert,354.8,OFFICIAL_STATLINK,StatLink xgs41b Table I.2.o3–o6,
M479/M480,Morocco,2025,math,SE (aus 95-%-KI),3.06,DERIVED_CI,"KI-Breite/(2·1,96)",
M479,Morocco,2025,math,Rangspanne (alle),77–83,OFFICIAL_STATLINK,Table I.2.o3–o6,
M479/M480,Morocco,2025,cps,Mittelwert,373.9,OFFICIAL_STATLINK,StatLink xgs41b Table I.2.o3–o6,
M479/M480,Morocco,2025,cps,SE (aus 95-%-KI),3.57,DERIVED_CI,"KI-Breite/(2·1,96)",
M479,Morocco,2025,cps,Rangspanne (alle),77–80,OFFICIAL_STATLINK,Table I.2.o3–o6,
M479,Morocco,2025,sci,P10,268.0,OFFICIAL_STATLINK,Figure I.2.1,
M479,Morocco,2025,sci,P25,305.1,OFFICIAL_STATLINK,Figure I.2.1,
M479,Morocco,2025,sci,P50,350.8,OFFICIAL_STATLINK,Figure I.2.1,
M479,Morocco,2025,sci,P75,403.9,OFFICIAL_STATLINK,Figure I.2.1,
M479,Morocco,2025,sci,P90,458.8,OFFICIAL_STATLINK,Figure I.2.1,
M479/M480,Morocco,2025,sci,P90−P10,190.8,DERIVED_OFFICIAL,"Figure I.2.1, Differenz",
M479/M480,Morocco,2025,sci,unter Stufe 2 (%),77.2,DERIVED_OFFICIAL,"Figure I.2.3, Summe Stufen <1b–1a",
M479/M480,Morocco,2025,sci,Stufe 5–6 (%),0.1,DERIVED_OFFICIAL,"Figure I.2.3, Summe Stufen 5–6",
M479,Morocco,2022→2025,sci,Veränderung (n. s.),-7.4,OFFICIAL_STATLINK,Table I.2.6,
M479,Morocco,2022→2025,read,Veränderung (sig.),-18.2,OFFICIAL_STATLINK,Table I.2.6,
M479,Morocco,2022→2025,math,Veränderung (sig.),-10.0,OFFICIAL_STATLINK,Table I.2.6,
M479,Morocco,10 Jahre,sci,Dezennaltrend (sig.),-26.7,OFFICIAL_STATLINK,Table I.2.9,
M479,Morocco,10 Jahre,read,Dezennaltrend (sig.),-54.4,OFFICIAL_STATLINK,Table I.2.9,
M479,Morocco,10 Jahre,math,Dezennaltrend (sig.),-17.9,OFFICIAL_STATLINK,Table I.2.9,
M479/M480,Kosovo,2025,sci,Mittelwert,357.0,OFFICIAL_STATLINK,StatLink xgs41b Table I.2.o3–o6,
M479/M480,Kosovo,2025,sci,SE (aus 95-%-KI),1.53,DERIVED_CI,"KI-Breite/(2·1,96)",
M479,Kosovo,2025,sci,Rangspanne (alle),80–88,OFFICIAL_STATLINK,Table I.2.o3–o6,
M479/M480,Kosovo,2025,read,Mittelwert,340.5,OFFICIAL_STATLINK,StatLink xgs41b Table I.2.o3–o6,
M479/M480,Kosovo,2025,read,SE (aus 95-%-KI),1.28,DERIVED_CI,"KI-Breite/(2·1,96)",
M479,Kosovo,2025,read,Rangspanne (alle),81–86,OFFICIAL_STATLINK,Table I.2.o3–o6,
M479/M480,Kosovo,2025,math,Mittelwert,350.4,OFFICIAL_STATLINK,StatLink xgs41b Table I.2.o3–o6,
M479/M480,Kosovo,2025,math,SE (aus 95-%-KI),1.28,DERIVED_CI,"KI-Breite/(2·1,96)",
M479,Kosovo,2025,math,Rangspanne (alle),80–83,OFFICIAL_STATLINK,Table I.2.o3–o6,
M479/M480,Kosovo,2025,cps,Mittelwert,358.9,OFFICIAL_STATLINK,StatLink xgs41b Table I.2.o3–o6,
M479/M480,Kosovo,2025,cps,SE (aus 95-%-KI),2.04,DERIVED_CI,"KI-Breite/(2·1,96)",
M479,Kosovo,2025,cps,Rangspanne (alle),80–84,OFFICIAL_STATLINK,Table I.2.o3–o6,
M479,Kosovo,2025,sci,P10,272.5,OFFICIAL_STATLINK,Figure I.2.1,
M479,Kosovo,2025,sci,P25,308.3,OFFICIAL_STATLINK,Figure I.2.1,
M479,Kosovo,2025,sci,P50,352.7,OFFICIAL_STATLINK,Figure I.2.1,
M479,Kosovo,2025,sci,P75,400.8,OFFICIAL_STATLINK,Figure I.2.1,
M479,Kosovo,2025,sci,P90,447.7,OFFICIAL_STATLINK,Figure I.2.1,
M479/M480,Kosovo,2025,sci,P90−P10,175.1,DERIVED_OFFICIAL,"Figure I.2.1, Differenz",
M479/M480,Kosovo,2025,sci,unter Stufe 2 (%),78.6,DERIVED_OFFICIAL,"Figure I.2.3, Summe Stufen <1b–1a",
M479/M480,Kosovo,2025,sci,Stufe 5–6 (%),0.0,DERIVED_OFFICIAL,"Figure I.2.3, Summe Stufen 5–6",
M479,Kosovo,2022→2025,sci,Veränderung (n. s.),-0.0,OFFICIAL_STATLINK,Table I.2.6,
M479,Kosovo,2022→2025,read,Veränderung (n. s.),-1.7,OFFICIAL_STATLINK,Table I.2.6,
M479,Kosovo,2022→2025,math,Veränderung (sig.),-4.5,OFFICIAL_STATLINK,Table I.2.6,
M479,Kosovo,10 Jahre,sci,Dezennaltrend (sig.),-21.2,OFFICIAL_STATLINK,Table I.2.9,
M479,Kosovo,10 Jahre,read,Dezennaltrend (sig.),-9.5,OFFICIAL_STATLINK,Table I.2.9,
M479,Kosovo,10 Jahre,math,Dezennaltrend (sig.),-13.3,OFFICIAL_STATLINK,Table I.2.9,
M479/M480,Paraguay,2025,sci,Mittelwert,355.2,OFFICIAL_STATLINK,StatLink xgs41b Table I.2.o3–o6,
M479/M480,Paraguay,2025,sci,SE (aus 95-%-KI),2.04,DERIVED_CI,"KI-Breite/(2·1,96)",
M479,Paraguay,2025,sci,Rangspanne (alle),80–88,OFFICIAL_STATLINK,Table I.2.o3–o6,
M479/M480,Paraguay,2025,read,Mittelwert,352.2,OFFICIAL_STATLINK,StatLink xgs41b Table I.2.o3–o6,
M479/M480,Paraguay,2025,read,SE (aus 95-%-KI),2.04,DERIVED_CI,"KI-Breite/(2·1,96)",
M479,Paraguay,2025,read,Rangspanne (alle),76–82,OFFICIAL_STATLINK,Table I.2.o3–o6,
M479/M480,Paraguay,2025,math,Mittelwert,333.7,OFFICIAL_STATLINK,StatLink xgs41b Table I.2.o3–o6,
M479/M480,Paraguay,2025,math,SE (aus 95-%-KI),1.53,DERIVED_CI,"KI-Breite/(2·1,96)",
M479,Paraguay,2025,math,Rangspanne (alle),84–89,OFFICIAL_STATLINK,Table I.2.o3–o6,
M479/M480,Paraguay,2025,cps,Mittelwert,352.5,OFFICIAL_STATLINK,StatLink xgs41b Table I.2.o3–o6,
M479/M480,Paraguay,2025,cps,SE (aus 95-%-KI),2.3,DERIVED_CI,"KI-Breite/(2·1,96)",
M479,Paraguay,2025,cps,Rangspanne (alle),81–84,OFFICIAL_STATLINK,Table I.2.o3–o6,
M479,Paraguay,2025,sci,P10,256.1,OFFICIAL_STATLINK,Figure I.2.1,
M479,Paraguay,2025,sci,P25,297.7,OFFICIAL_STATLINK,Figure I.2.1,
M479,Paraguay,2025,sci,P50,349.8,OFFICIAL_STATLINK,Figure I.2.1,
M479,Paraguay,2025,sci,P75,407.8,OFFICIAL_STATLINK,Figure I.2.1,
M479,Paraguay,2025,sci,P90,463.7,OFFICIAL_STATLINK,Figure I.2.1,
M479/M480,Paraguay,2025,sci,P90−P10,207.6,DERIVED_OFFICIAL,"Figure I.2.1, Differenz",
M479/M480,Paraguay,2025,sci,unter Stufe 2 (%),75.6,DERIVED_OFFICIAL,"Figure I.2.3, Summe Stufen <1b–1a",
M479/M480,Paraguay,2025,sci,Stufe 5–6 (%),0.0,DERIVED_OFFICIAL,"Figure I.2.3, Summe Stufen 5–6",
M479,Paraguay,2022→2025,sci,Veränderung (sig.),-13.1,OFFICIAL_STATLINK,Table I.2.6,
M479,Paraguay,2022→2025,read,Veränderung (sig.),-20.9,OFFICIAL_STATLINK,Table I.2.6,
M479,Paraguay,2022→2025,math,Veränderung (n. s.),-3.8,OFFICIAL_STATLINK,Table I.2.6,
M479,Paraguay,10 Jahre,sci,Dezennaltrend (n. s.),-2.4,OFFICIAL_STATLINK,Table I.2.9,
M479,Paraguay,10 Jahre,read,Dezennaltrend (sig.),-23.1,OFFICIAL_STATLINK,Table I.2.9,
M479,Paraguay,10 Jahre,math,Dezennaltrend (n. s.),11.7,OFFICIAL_STATLINK,Table I.2.9,
M479/M480,Kurdistan Region (Iraq),2025,sci,Mittelwert,352.2,OFFICIAL_STATLINK,StatLink xgs41b Table I.2.o3–o6,
M479/M480,Kurdistan Region (Iraq),2025,sci,SE (aus 95-%-KI),1.79,DERIVED_CI,"KI-Breite/(2·1,96)",
M479,Kurdistan Region (Iraq),2025,sci,Rangspanne (alle),81–88,OFFICIAL_STATLINK,Table I.2.o3–o6,
M479/M480,Kurdistan Region (Iraq),2025,read,Mittelwert,311.5,OFFICIAL_STATLINK,StatLink xgs41b Table I.2.o3–o6,
M479/M480,Kurdistan Region (Iraq),2025,read,SE (aus 95-%-KI),1.79,DERIVED_CI,"KI-Breite/(2·1,96)",
M479,Kurdistan Region (Iraq),2025,read,Rangspanne (alle),86–89,OFFICIAL_STATLINK,Table I.2.o3–o6,
M479/M480,Kurdistan Region (Iraq),2025,math,Mittelwert,338.8,OFFICIAL_STATLINK,StatLink xgs41b Table I.2.o3–o6,
M479/M480,Kurdistan Region (Iraq),2025,math,SE (aus 95-%-KI),1.79,DERIVED_CI,"KI-Breite/(2·1,96)",
M479,Kurdistan Region (Iraq),2025,math,Rangspanne (alle),83–88,OFFICIAL_STATLINK,Table I.2.o3–o6,
M479,Kurdistan Region (Iraq),2025,sci,P10,270.0,OFFICIAL_STATLINK,Figure I.2.1,
M479,Kurdistan Region (Iraq),2025,sci,P25,307.3,OFFICIAL_STATLINK,Figure I.2.1,
M479,Kurdistan Region (Iraq),2025,sci,P50,350.7,OFFICIAL_STATLINK,Figure I.2.1,
M479,Kurdistan Region (Iraq),2025,sci,P75,395.1,OFFICIAL_STATLINK,Figure I.2.1,
M479,Kurdistan Region (Iraq),2025,sci,P90,437.2,OFFICIAL_STATLINK,Figure I.2.1,
M479/M480,Kurdistan Region (Iraq),2025,sci,P90−P10,167.2,DERIVED_OFFICIAL,"Figure I.2.1, Differenz",
M479/M480,Kurdistan Region (Iraq),2025,sci,unter Stufe 2 (%),81.2,DERIVED_OFFICIAL,"Figure I.2.3, Summe Stufen <1b–1a",
M479/M480,Kurdistan Region (Iraq),2025,sci,Stufe 5–6 (%),0.0,DERIVED_OFFICIAL,"Figure I.2.3, Summe Stufen 5–6",
M479/M480,Guatemala,2025,sci,Mittelwert,351.2,OFFICIAL_STATLINK,StatLink xgs41b Table I.2.o3–o6,
M479/M480,Guatemala,2025,sci,SE (aus 95-%-KI),2.55,DERIVED_CI,"KI-Breite/(2·1,96)",
M479,Guatemala,2025,sci,Rangspanne (alle),81–88,OFFICIAL_STATLINK,Table I.2.o3–o6,
M479/M480,Guatemala,2025,read,Mittelwert,337.1,OFFICIAL_STATLINK,StatLink xgs41b Table I.2.o3–o6,
M479/M480,Guatemala,2025,read,SE (aus 95-%-KI),2.55,DERIVED_CI,"KI-Breite/(2·1,96)",
M479,Guatemala,2025,read,Rangspanne (alle),81–86,OFFICIAL_STATLINK,Table I.2.o3–o6,
M479/M480,Guatemala,2025,math,Mittelwert,334.3,OFFICIAL_STATLINK,StatLink xgs41b Table I.2.o3–o6,
M479/M480,Guatemala,2025,math,SE (aus 95-%-KI),1.79,DERIVED_CI,"KI-Breite/(2·1,96)",
M479,Guatemala,2025,math,Rangspanne (alle),84–89,OFFICIAL_STATLINK,Table I.2.o3–o6,
M479/M480,Guatemala,2025,cps,Mittelwert,369.1,OFFICIAL_STATLINK,StatLink xgs41b Table I.2.o3–o6,
M479/M480,Guatemala,2025,cps,SE (aus 95-%-KI),3.32,DERIVED_CI,"KI-Breite/(2·1,96)",
M479,Guatemala,2025,cps,Rangspanne (alle),78–82,OFFICIAL_STATLINK,Table I.2.o3–o6,
M479,Guatemala,2025,sci,P10,261.1,OFFICIAL_STATLINK,Figure I.2.1,
M479,Guatemala,2025,sci,P25,299.6,OFFICIAL_STATLINK,Figure I.2.1,
M479,Guatemala,2025,sci,P50,345.5,OFFICIAL_STATLINK,Figure I.2.1,
M479,Guatemala,2025,sci,P75,398.1,OFFICIAL_STATLINK,Figure I.2.1,
M479,Guatemala,2025,sci,P90,449.8,OFFICIAL_STATLINK,Figure I.2.1,
M479/M480,Guatemala,2025,sci,P90−P10,188.6,DERIVED_OFFICIAL,"Figure I.2.1, Differenz",
M479/M480,Guatemala,2025,sci,unter Stufe 2 (%),79.2,DERIVED_OFFICIAL,"Figure I.2.3, Summe Stufen <1b–1a",
M479/M480,Guatemala,2025,sci,Stufe 5–6 (%),0.0,DERIVED_OFFICIAL,"Figure I.2.3, Summe Stufen 5–6",
M479,Guatemala,2022→2025,sci,Veränderung (sig.),-21.7,OFFICIAL_STATLINK,Table I.2.6,
M479,Guatemala,2022→2025,read,Veränderung (sig.),-37.0,OFFICIAL_STATLINK,Table I.2.6,
M479,Guatemala,2022→2025,math,Veränderung (sig.),-9.9,OFFICIAL_STATLINK,Table I.2.6,
M479,Guatemala,10 Jahre,sci,Dezennaltrend (sig.),-17.4,OFFICIAL_STATLINK,Table I.2.9,
M479,Guatemala,10 Jahre,read,Dezennaltrend (sig.),-42.1,OFFICIAL_STATLINK,Table I.2.9,
M479,Guatemala,10 Jahre,math,Dezennaltrend (n. s.),1.3,OFFICIAL_STATLINK,Table I.2.9,
M479/M480,Zambia,2025,sci,Mittelwert,337.0,OFFICIAL_STATLINK,StatLink xgs41b Table I.2.o3–o6,
M479/M480,Zambia,2025,sci,SE (aus 95-%-KI),10.97,DERIVED_CI,"KI-Breite/(2·1,96)",
M479,Zambia,2025,sci,Rangspanne (alle),80–91,OFFICIAL_STATLINK,Table I.2.o3–o6,
M479/M480,Zambia,2025,read,Mittelwert,324.9,OFFICIAL_STATLINK,StatLink xgs41b Table I.2.o3–o6,
M479/M480,Zambia,2025,read,SE (aus 95-%-KI),8.16,DERIVED_CI,"KI-Breite/(2·1,96)",
M479,Zambia,2025,read,Rangspanne (alle),81–89,OFFICIAL_STATLINK,Table I.2.o3–o6,
M479/M480,Zambia,2025,math,Mittelwert,313.6,OFFICIAL_STATLINK,StatLink xgs41b Table I.2.o3–o6,
M479/M480,Zambia,2025,math,SE (aus 95-%-KI),9.44,DERIVED_CI,"KI-Breite/(2·1,96)",
M479,Zambia,2025,math,Rangspanne (alle),86–90,OFFICIAL_STATLINK,Table I.2.o3–o6,
M479,Zambia,2025,sci,P10,213.8,OFFICIAL_STATLINK,Figure I.2.1,
M479,Zambia,2025,sci,P25,255.8,OFFICIAL_STATLINK,Figure I.2.1,
M479,Zambia,2025,sci,P50,316.8,OFFICIAL_STATLINK,Figure I.2.1,
M479,Zambia,2025,sci,P75,409.4,OFFICIAL_STATLINK,Figure I.2.1,
M479,Zambia,2025,sci,P90,497.4,OFFICIAL_STATLINK,Figure I.2.1,
M479/M480,Zambia,2025,sci,P90−P10,283.5,DERIVED_OFFICIAL,"Figure I.2.1, Differenz",
M479/M480,Zambia,2025,sci,unter Stufe 2 (%),75.0,DERIVED_OFFICIAL,"Figure I.2.3, Summe Stufen <1b–1a",
M479/M480,Zambia,2025,sci,Stufe 5–6 (%),0.1,DERIVED_OFFICIAL,"Figure I.2.3, Summe Stufen 5–6",
M479/M480,Kenya,2025,sci,Mittelwert,334.9,OFFICIAL_STATLINK,StatLink xgs41b Table I.2.o3–o6,
M479/M480,Kenya,2025,sci,SE (aus 95-%-KI),3.06,DERIVED_CI,"KI-Breite/(2·1,96)",
M479,Kenya,2025,sci,Rangspanne (alle),88–90,OFFICIAL_STATLINK,Table I.2.o3–o6,
M479/M480,Kenya,2025,read,Mittelwert,320.2,OFFICIAL_STATLINK,StatLink xgs41b Table I.2.o3–o6,
M479/M480,Kenya,2025,read,SE (aus 95-%-KI),2.55,DERIVED_CI,"KI-Breite/(2·1,96)",
M479,Kenya,2025,read,Rangspanne (alle),85–89,OFFICIAL_STATLINK,Table I.2.o3–o6,
M479/M480,Kenya,2025,math,Mittelwert,325.9,OFFICIAL_STATLINK,StatLink xgs41b Table I.2.o3–o6,
M479/M480,Kenya,2025,math,SE (aus 95-%-KI),2.55,DERIVED_CI,"KI-Breite/(2·1,96)",
M479,Kenya,2025,math,Rangspanne (alle),86–89,OFFICIAL_STATLINK,Table I.2.o3–o6,
M479/M480,Kenya,2025,cps,Mittelwert,277.9,OFFICIAL_STATLINK,StatLink xgs41b Table I.2.o3–o6,
M479/M480,Kenya,2025,cps,SE (aus 95-%-KI),3.57,DERIVED_CI,"KI-Breite/(2·1,96)",
M479,Kenya,2025,cps,Rangspanne (alle),85–85,OFFICIAL_STATLINK,Table I.2.o3–o6,
M479,Kenya,2025,sci,P10,243.2,OFFICIAL_STATLINK,Figure I.2.1,
M479,Kenya,2025,sci,P25,280.7,OFFICIAL_STATLINK,Figure I.2.1,
M479,Kenya,2025,sci,P50,328.1,OFFICIAL_STATLINK,Figure I.2.1,
M479,Kenya,2025,sci,P75,380.8,OFFICIAL_STATLINK,Figure I.2.1,
M479,Kenya,2025,sci,P90,437.6,OFFICIAL_STATLINK,Figure I.2.1,
M479/M480,Kenya,2025,sci,P90−P10,194.4,DERIVED_OFFICIAL,"Figure I.2.1, Differenz",
M479/M480,Kenya,2025,sci,unter Stufe 2 (%),84.0,DERIVED_OFFICIAL,"Figure I.2.3, Summe Stufen <1b–1a",
M479/M480,Kenya,2025,sci,Stufe 5–6 (%),0.0,DERIVED_OFFICIAL,"Figure I.2.3, Summe Stufen 5–6",
M479/M480,Dushanbe (Tajikistan),2025,sci,Mittelwert,333.8,OFFICIAL_STATLINK,StatLink xgs41b Table I.2.o3–o6,
M479/M480,Dushanbe (Tajikistan),2025,sci,SE (aus 95-%-KI),1.53,DERIVED_CI,"KI-Breite/(2·1,96)",
M479,Dushanbe (Tajikistan),2025,sci,Rangspanne (alle),88–90,OFFICIAL_STATLINK,Table I.2.o3–o6,
M479/M480,Dushanbe (Tajikistan),2025,read,Mittelwert,368.1,OFFICIAL_STATLINK,StatLink xgs41b Table I.2.o3–o6,
M479/M480,Dushanbe (Tajikistan),2025,read,SE (aus 95-%-KI),1.02,DERIVED_CI,"KI-Breite/(2·1,96)",
M479,Dushanbe (Tajikistan),2025,read,Rangspanne (alle),69–75,OFFICIAL_STATLINK,Table I.2.o3–o6,
M479/M480,Dushanbe (Tajikistan),2025,math,Mittelwert,382.1,OFFICIAL_STATLINK,StatLink xgs41b Table I.2.o3–o6,
M479/M480,Dushanbe (Tajikistan),2025,math,SE (aus 95-%-KI),1.02,DERIVED_CI,"KI-Breite/(2·1,96)",
M479,Dushanbe (Tajikistan),2025,math,Rangspanne (alle),63–73,OFFICIAL_STATLINK,Table I.2.o3–o6,
M479,Dushanbe (Tajikistan),2025,sci,P10,257.8,OFFICIAL_STATLINK,Figure I.2.1,
M479,Dushanbe (Tajikistan),2025,sci,P25,289.4,OFFICIAL_STATLINK,Figure I.2.1,
M479,Dushanbe (Tajikistan),2025,sci,P50,327.5,OFFICIAL_STATLINK,Figure I.2.1,
M479,Dushanbe (Tajikistan),2025,sci,P75,370.6,OFFICIAL_STATLINK,Figure I.2.1,
M479,Dushanbe (Tajikistan),2025,sci,P90,418.4,OFFICIAL_STATLINK,Figure I.2.1,
M479/M480,Dushanbe (Tajikistan),2025,sci,P90−P10,160.6,DERIVED_OFFICIAL,"Figure I.2.1, Differenz",
M479/M480,Dushanbe (Tajikistan),2025,sci,unter Stufe 2 (%),88.2,DERIVED_OFFICIAL,"Figure I.2.3, Summe Stufen <1b–1a",
M479/M480,Dushanbe (Tajikistan),2025,sci,Stufe 5–6 (%),0.0,DERIVED_OFFICIAL,"Figure I.2.3, Summe Stufen 5–6",
M479/M480,Rwanda,2025,sci,Mittelwert,317.3,OFFICIAL_STATLINK,StatLink xgs41b Table I.2.o3–o6,
M479/M480,Rwanda,2025,sci,SE (aus 95-%-KI),3.57,DERIVED_CI,"KI-Breite/(2·1,96)",
M479,Rwanda,2025,sci,Rangspanne (alle),90–91,OFFICIAL_STATLINK,Table I.2.o3–o6,
M479/M480,Rwanda,2025,read,Mittelwert,300.9,OFFICIAL_STATLINK,StatLink xgs41b Table I.2.o3–o6,
M479/M480,Rwanda,2025,read,SE (aus 95-%-KI),2.04,DERIVED_CI,"KI-Breite/(2·1,96)",
M479,Rwanda,2025,read,Rangspanne (alle),89–90,OFFICIAL_STATLINK,Table I.2.o3–o6,
M479/M480,Rwanda,2025,math,Mittelwert,311.6,OFFICIAL_STATLINK,StatLink xgs41b Table I.2.o3–o6,
M479/M480,Rwanda,2025,math,SE (aus 95-%-KI),3.06,DERIVED_CI,"KI-Breite/(2·1,96)",
M479,Rwanda,2025,math,Rangspanne (alle),89–90,OFFICIAL_STATLINK,Table I.2.o3–o6,
M479,Rwanda,2025,sci,P10,234.1,OFFICIAL_STATLINK,Figure I.2.1,
M479,Rwanda,2025,sci,P25,264.1,OFFICIAL_STATLINK,Figure I.2.1,
M479,Rwanda,2025,sci,P50,302.5,OFFICIAL_STATLINK,Figure I.2.1,
M479,Rwanda,2025,sci,P75,355.1,OFFICIAL_STATLINK,Figure I.2.1,
M479,Rwanda,2025,sci,P90,428.3,OFFICIAL_STATLINK,Figure I.2.1,
M479/M480,Rwanda,2025,sci,P90−P10,194.1,DERIVED_OFFICIAL,"Figure I.2.1, Differenz",
M479/M480,Rwanda,2025,sci,unter Stufe 2 (%),87.2,DERIVED_OFFICIAL,"Figure I.2.3, Summe Stufen <1b–1a",
M479/M480,Rwanda,2025,sci,Stufe 5–6 (%),0.0,DERIVED_OFFICIAL,"Figure I.2.3, Summe Stufen 5–6",
M481,—,—,—,FACT_PISA25_RELEASE,"Die OECD hat PISA 2025 Band I ('Future-Ready Students') am 08.09.2026 um 09:30 MESZ veröffentlicht: Ergebnisse für Naturwissenschaften, Math",OFFICIAL_COUNTRYNOTE,SRC_OECD_PISA25_VOL1,CONFIRMED · Konf. 0.95
M481,—,—,—,FACT_PISA25_PARTICIPATION,"91 Staaten/Volkswirtschaften, rund 760.000 Schüler:innen; in Deutschland ~6.700 Schüler:innen an ~250 Schulen (März–Mai 2025); nationale Pro",OFFICIAL_COUNTRYNOTE,SRC_ZIB_WAXMANN,CONFIRMED · Konf. 0.88
M481,—,—,—,FACT_PISA25_FRAMEWORK,PISA 2025: Hauptdomäne Naturwissenschaften mit erweiterter Rahmenkonzeption ('Agency in the Anthropocene'); neue Domäne 'Learning in the Dig,OFFICIAL_COUNTRYNOTE,SRC_OECD_PISA25_FRAMEWORK,CONFIRMED · Konf. 0.92
M481,—,—,—,FACT_DEU_SCORES_2025,"Deutschland PISA 2025: Naturwissenschaften 486, Lesen 465, Mathematik 464 Punkte — in allen drei Domänen der niedrigste je gemessene Wert.",OFFICIAL_COUNTRYNOTE,SRC_OECD_LAENDERNOTIZ_DE,CONFIRMED · Konf. 0.95
M481,—,—,—,FACT_OECD_SCORES_2025,"OECD-Durchschnitt 2025: Naturwissenschaften 482, Lesen 461, Mathematik 463. Über 35 OECD-Länder fiel Lesen um ~14 und Mathematik um ~9 Punkt",OFFICIAL_COUNTRYNOTE,SRC_OECD_PRESS_2026,CONFIRMED · Konf. 0.9
M481,—,—,—,FACT_DEU_SCORES_2022,"Baseline PISA 2022 Deutschland: Mathematik 475, Lesen 480, Naturwissenschaften 492 (OECD: 472 / 476 / 485).",OFFICIAL_COUNTRYNOTE,SRC_OECD_PISA22_VOL1,CONFIRMED · Konf. 0.95
M481,—,—,—,FACT_DEU_DELTA_2022_2025,"Veränderung Deutschland 2022→2025: Lesen −15, Mathematik −11, Naturwissenschaften −6 Punkte.",OFFICIAL_COUNTRYNOTE,SRC_OECD_LAENDERNOTIZ_DE,CONFIRMED · Konf. 0.9
M481,—,—,—,FACT_DEU_LOW_PERFORMERS_2025,"Risikogruppe (unter Kompetenzstufe 2) Deutschland 2025: Mathematik 34 %, Lesen 32 %, Naturwissenschaften 27 %.",OFFICIAL_COUNTRYNOTE,SRC_OECD_LAENDERNOTIZ_DE,CONFIRMED · Konf. 0.9
M481,—,—,—,FACT_DEU_TOP_PERFORMERS_2025,"Spitzengruppe (Stufe 5/6) Deutschland 2025: Naturwissenschaften 9 %, Mathematik 8 %, Lesen 7 %.",OFFICIAL_COUNTRYNOTE,SRC_SCHULPORTAL_TOP10,CONFIRMED · Konf. 0.85
M481,—,—,—,FACT_DEU_SCHOOLTYPE_GAP_2025,Institutionelle Segregation 2025 (Anteil unter Stufe 2): Mathematik 6 % (Gymnasium) vs. 47 % (nicht-gymnasial); Lesen 5 % vs. 43 %.,OFFICIAL_COUNTRYNOTE,SRC_SCHULPORTAL_TOP10,CONFIRMED · Konf. 0.85
M481,—,—,—,FACT_DEU_SCHOOLTYPE_SCIENCE_UNVERIFIED,Chat-Angabe: Naturwissenschafts-Risiko 3 % (Gymnasium) vs. 37 % (nicht-gymnasial).,USER_PROVIDED,SRC_RESEARCH_CHAT,USER_PROVIDED · Konf. 0.5
M481,—,—,—,FACT_DEU_ESCS_2025,Sozioökonomischer Status erklärt in Deutschland 19 % der Varianz der naturwissenschaftlichen Leistung (OECD: 12 %). Leistungsabstand begünst,OFFICIAL_COUNTRYNOTE,SRC_OECD_LAENDERNOTIZ_DE,CONFIRMED · Konf. 0.9
M481,—,—,—,FACT_CHAT_111_GAP_DISCREPANT,Chat-Angabe: '111 Punkte Kluft zwischen oberstem und unterstem Quartil' als PISA-2025-Ergebnis.,DISCREPANT,SRC_RESEARCH_CHAT,DISCREPANT · Konf. 0.3
M481,—,—,—,FACT_DEU_BULLYING_2025,31 % der Schüler:innen in Deutschland berichten Mobbing mindestens einige Male pro Monat (OECD: 20 %); 5 % sind häufig betroffen (OECD: 3 %),OFFICIAL_COUNTRYNOTE,SRC_OECD_LAENDERNOTIZ_DE,CONFIRMED · Konf. 0.85
M481,—,—,—,FACT_HASTY_READERS_2025,"Anteil 'flüchtiger Leser:innen' (schnelle, falsche Antworten) stieg im OECD-Mittel von ~7 % (2018) auf 11 % (2025); Zunahme hastiger Antwort",OFFICIAL_COUNTRYNOTE,SRC_OECD_PISA25_VOL1,CONFIRMED · Konf. 0.85
M481,—,—,—,FACT_AI_USE_2025,"50,2 % der Schüler:innen in Deutschland nutzen mindestens wöchentlich KI zur Lernunterstützung (OECD: 45,5 %). KI-Nutzung für schulische Auf",OFFICIAL_COUNTRYNOTE,SRC_HEISE_PISA25,CONFIRMED · Konf. 0.8
M481,—,—,—,FACT_CPS_2025,Computergestütztes Problemlösen (LDW-Komponente) 2025: Deutschland 498 Punkte (OECD: 500); 53 % schneiden besser ab als aufgrund der NaWi-Le,OFFICIAL_COUNTRYNOTE,SRC_OECD_COUNTRY_NOTE_EN,CONFIRMED · Konf. 0.85
M481,—,—,—,FACT_PISA_METHOD_IRT,"PISA skaliert mit Item-Response-Theorie (Rasch/2PL-Hybrid seit 2015), berichtet Plausible Values (10 je Domäne) und nutzt seit 2018 (Lesen) ",OFFICIAL_COUNTRYNOTE,SRC_OECD_TECH_REPORT,CONFIRMED · Konf. 0.92
M481,—,—,—,FACT_PISA_PV_NOT_INDIVIDUAL,Plausible Values sind Ziehungen aus der Posterior-Verteilung und für Populations-/Gruppenschätzungen konstruiert — sie sind ausdrücklich NIC,OFFICIAL_COUNTRYNOTE,SRC_OECD_TECH_REPORT,CONFIRMED · Konf. 0.95
M481,—,—,—,FACT_PISA_PROFICIENCY_LEVELS,Kriterienorientierte Kompetenzstufen (1c–6) mit Can-Do-Deskriptoren; Stufe 2 gilt als Basisniveau für gesellschaftliche Teilhabe (UN-SDG-4-I,OFFICIAL_COUNTRYNOTE,SRC_OECD_PISA25_VOL1,CONFIRMED · Konf. 0.95
M481,—,—,—,FACT_PISA_LOGDATA,"PISA erhebt Prozess-/Logdaten (Antwortzeiten, Navigation); daraus werden u. a. 'hasty responses' (schnell & falsch) und Persistenz-Indikator",OFFICIAL_COUNTRYNOTE,SRC_OECD_PISA25_VOL1,CONFIRMED · Konf. 0.85
M481,—,—,—,FACT_DCM_EXTENSION,"Kognitive Diagnosemodelle (DCM, z. B. DINA mit Q-Matrix) sind Sekundäranalyse-Methoden der psychometrischen Forschung, KEIN Bestandteil der ",OFFICIAL_COUNTRYNOTE,SRC_DCM_LITERATURE,CONFIRMED · Konf. 0.8
M481,—,—,—,FACT_PISA4SCHOOLS,'PISA for Schools' (PISA-based Test for Schools) liefert schulbezogene Ergebnisse auf der PISA-Skala für Einzelschulen — Diagnostik auf Koho,OFFICIAL_COUNTRYNOTE,SRC_OECD_PISA4SCHOOLS,CONFIRMED · Konf. 0.85
M481,—,—,—,FACT_INFE_STRUCTURE,"OECD/INFE-Finanzkompetenz (Toolkit 2022): Knowledge 0–7, Behaviour 0–9, Attitudes 1–5; Summe 1–21, im 2023-Report auf 0–100 reskaliert; Mind",OFFICIAL_COUNTRYNOTE,SRC_OECD_INFE_2023,CONFIRMED · Konf. 0.9
M481,—,—,—,FACT_INFE_DE_2023,"OECD/INFE 2023 (39 Volkswirtschaften, 20 OECD): Deutschland Gesamtscore 76/100 (Spitzengruppe); Finanzwissen DE 85, Hongkong 91, Estland 78;",OFFICIAL_COUNTRYNOTE,SRC_OECD_INFE_2023,CONFIRMED · Konf. 0.85
M481,—,—,—,FACT_AI_ACT_EDU,EU-KI-Verordnung: KI-Systeme zur Bewertung von Lernergebnissen bzw. zur Steuerung des Lernprozesses sind Hochrisiko (Anhang III Nr. 3). Der ,OFFICIAL_COUNTRYNOTE,SRC_EU_AI_ACT_OMNIBUS,CONFIRMED · Konf. 0.9
M481,—,—,—,FACT_GDPR_PROFILING,"DSGVO: Profiling Minderjähriger unterliegt Art. 8 (Einwilligungsalter 16 in DE), Art. 22 (automatisierte Einzelentscheidung), Art. 35 (DSFA ",OFFICIAL_COUNTRYNOTE,SRC_DSGVO,CONFIRMED · Konf. 0.92
M481,—,—,—,FACT_NO_ADVICE_FRAME,"Finanzbildungsinhalte sind von Anlage-, Rechts- und Steuerberatung (WpIG/WpHG, RDG, StBerG, FinDAG) abzugrenzen; keine Produktempfehlung, ke",OFFICIAL_COUNTRYNOTE,SRC_DE_FINREG,CONFIRMED · Konf. 0.9
M481,—,—,—,FACT_MTSS_UDL,"Multi-Tiered System of Supports (MTSS/RTI: Tier 1 universell, Tier 2 Kleingruppe, Tier 3 Einzelintervention) und Universal Design for Learni",OFFICIAL_COUNTRYNOTE,SRC_MTSS_CAST,CONFIRMED · Konf. 0.85
M481,—,—,—,FACT_SOCRATIC_AI,"'KI-Paradoxon' und 'kognitives Bypassing': Die PISA-Korrelation (KI-Nutzung für Aufgaben ↔ schlechtere Leistung, außer bei angeleiteter Inte",SCENARIO,SRC_RESEARCH_CHAT,INTERPRETATION · Konf. 0.6
M481,—,—,—,FACT_SCHOOLYEAR_HEURISTIC,Heuristik '~20 PISA-Punkte ≈ ein Schuljahr' → −15 Punkte Lesen ≈ ¾ Schuljahr.,SCENARIO,SRC_RESEARCH_CHAT,INTERPRETATION · Konf. 0.5
M481,—,—,—,FACT_HYPERIND_MODEL,"Hyperindividualisierungs-Modell mit Kompetenz-Vektor (θ_math, θ_read, θ_cps, Telemetrie, INFE-K/B/A) auf drei Ebenen (A Einzelperson, B Unte",SCENARIO,SRC_SCENARIO,SCENARIO_PROJECTION · Konf. 0.4
M481,—,—,—,FACT_DCM_DEMO,"DINA-Demonstrator: 4 Attribute × 8 Items, Q-Matrix und Parameter (slip 0,10 / guess 0,20) frei gewählt zur Veranschaulichung der Posterior-B",SCENARIO,SRC_SCENARIO,SCENARIO_PROJECTION · Konf. 0.4
M480,alle,2022,alle,SE (Näherung = SE 2025),—,EST,—,2022-SE nicht publiziert
M480,alle,2022→2025,alle,Linking Error,3.0,EST,—,"Voreinstellung, Regler 0–8"
M479 (Karte),Australia,2012,math,Mittelwert,504,SECONDARY_OECDSTAT,"OECD.Stat-Extrakt 2003–2015 (Mirror kirenz/datasets, CC BY)",
M479 (Karte),Australia,2012,read,Mittelwert,512,COMPUTED_MICRODATA,"OECD-Mikrodaten (Public Use Files 2012/2015/2018/2022), aufbereitet in kevinwang09/learningtower; gewichteter Mittelwert (W_FSTUWT) eines Plausible Value je Domäne",
M479 (Karte),Australia,2012,sci,Mittelwert,521,COMPUTED_MICRODATA,"OECD-Mikrodaten (Public Use Files 2012/2015/2018/2022), aufbereitet in kevinwang09/learningtower; gewichteter Mittelwert (W_FSTUWT) eines Plausible Value je Domäne",
M479 (Karte),Australia,2015,math,Mittelwert,494,SECONDARY_OECDSTAT,"OECD.Stat-Extrakt 2003–2015 (Mirror kirenz/datasets, CC BY)",
M479 (Karte),Australia,2015,read,Mittelwert,503,COMPUTED_MICRODATA,"OECD-Mikrodaten (Public Use Files 2012/2015/2018/2022), aufbereitet in kevinwang09/learningtower; gewichteter Mittelwert (W_FSTUWT) eines Plausible Value je Domäne",
M479 (Karte),Australia,2015,sci,Mittelwert,510,COMPUTED_MICRODATA,"OECD-Mikrodaten (Public Use Files 2012/2015/2018/2022), aufbereitet in kevinwang09/learningtower; gewichteter Mittelwert (W_FSTUWT) eines Plausible Value je Domäne",
M479 (Karte),Australia,2022,sci,Mittelwert,507,DERIVED_OFFICIAL,2025-Mittelwert − offizielle Veränderung 2022→2025 (Table I.2.6),
M479 (Karte),Australia,2022,read,Mittelwert,498,DERIVED_OFFICIAL,2025-Mittelwert − offizielle Veränderung 2022→2025 (Table I.2.6),
M479 (Karte),Australia,2022,math,Mittelwert,487,DERIVED_OFFICIAL,2025-Mittelwert − offizielle Veränderung 2022→2025 (Table I.2.6),
M479 (Karte),Australia,2018,math,Mittelwert,492,COMPUTED_MICRODATA,"OECD-Mikrodaten (Public Use Files 2012/2015/2018/2022), aufbereitet in kevinwang09/learningtower; gewichteter Mittelwert (W_FSTUWT) eines Plausible Value je Domäne",
M479 (Karte),Australia,2018,read,Mittelwert,502,COMPUTED_MICRODATA,"OECD-Mikrodaten (Public Use Files 2012/2015/2018/2022), aufbereitet in kevinwang09/learningtower; gewichteter Mittelwert (W_FSTUWT) eines Plausible Value je Domäne",
M479 (Karte),Australia,2018,sci,Mittelwert,502,COMPUTED_MICRODATA,"OECD-Mikrodaten (Public Use Files 2012/2015/2018/2022), aufbereitet in kevinwang09/learningtower; gewichteter Mittelwert (W_FSTUWT) eines Plausible Value je Domäne",
M479 (Karte),Austria,2012,math,Mittelwert,506,SECONDARY_OECDSTAT,"OECD.Stat-Extrakt 2003–2015 (Mirror kirenz/datasets, CC BY)",
M479 (Karte),Austria,2012,read,Mittelwert,489,COMPUTED_MICRODATA,"OECD-Mikrodaten (Public Use Files 2012/2015/2018/2022), aufbereitet in kevinwang09/learningtower; gewichteter Mittelwert (W_FSTUWT) eines Plausible Value je Domäne",
M479 (Karte),Austria,2012,sci,Mittelwert,505,COMPUTED_MICRODATA,"OECD-Mikrodaten (Public Use Files 2012/2015/2018/2022), aufbereitet in kevinwang09/learningtower; gewichteter Mittelwert (W_FSTUWT) eines Plausible Value je Domäne",
M479 (Karte),Austria,2015,math,Mittelwert,497,SECONDARY_OECDSTAT,"OECD.Stat-Extrakt 2003–2015 (Mirror kirenz/datasets, CC BY)",
M479 (Karte),Austria,2015,read,Mittelwert,486,COMPUTED_MICRODATA,"OECD-Mikrodaten (Public Use Files 2012/2015/2018/2022), aufbereitet in kevinwang09/learningtower; gewichteter Mittelwert (W_FSTUWT) eines Plausible Value je Domäne",
M479 (Karte),Austria,2015,sci,Mittelwert,495,COMPUTED_MICRODATA,"OECD-Mikrodaten (Public Use Files 2012/2015/2018/2022), aufbereitet in kevinwang09/learningtower; gewichteter Mittelwert (W_FSTUWT) eines Plausible Value je Domäne",
M479 (Karte),Austria,2022,sci,Mittelwert,491,DERIVED_OFFICIAL,2025-Mittelwert − offizielle Veränderung 2022→2025 (Table I.2.6),
M479 (Karte),Austria,2022,read,Mittelwert,480,DERIVED_OFFICIAL,2025-Mittelwert − offizielle Veränderung 2022→2025 (Table I.2.6),
M479 (Karte),Austria,2022,math,Mittelwert,487,DERIVED_OFFICIAL,2025-Mittelwert − offizielle Veränderung 2022→2025 (Table I.2.6),
M479 (Karte),Austria,2018,math,Mittelwert,500,COMPUTED_MICRODATA,"OECD-Mikrodaten (Public Use Files 2012/2015/2018/2022), aufbereitet in kevinwang09/learningtower; gewichteter Mittelwert (W_FSTUWT) eines Plausible Value je Domäne",
M479 (Karte),Austria,2018,read,Mittelwert,484,COMPUTED_MICRODATA,"OECD-Mikrodaten (Public Use Files 2012/2015/2018/2022), aufbereitet in kevinwang09/learningtower; gewichteter Mittelwert (W_FSTUWT) eines Plausible Value je Domäne",
M479 (Karte),Austria,2018,sci,Mittelwert,489,COMPUTED_MICRODATA,"OECD-Mikrodaten (Public Use Files 2012/2015/2018/2022), aufbereitet in kevinwang09/learningtower; gewichteter Mittelwert (W_FSTUWT) eines Plausible Value je Domäne",
M479 (Karte),Belgium,2012,math,Mittelwert,515,SECONDARY_OECDSTAT,"OECD.Stat-Extrakt 2003–2015 (Mirror kirenz/datasets, CC BY)",
M479 (Karte),Belgium,2012,read,Mittelwert,509,COMPUTED_MICRODATA,"OECD-Mikrodaten (Public Use Files 2012/2015/2018/2022), aufbereitet in kevinwang09/learningtower; gewichteter Mittelwert (W_FSTUWT) eines Plausible Value je Domäne",
M479 (Karte),Belgium,2012,sci,Mittelwert,506,COMPUTED_MICRODATA,"OECD-Mikrodaten (Public Use Files 2012/2015/2018/2022), aufbereitet in kevinwang09/learningtower; gewichteter Mittelwert (W_FSTUWT) eines Plausible Value je Domäne",
M479 (Karte),Belgium,2015,math,Mittelwert,507,SECONDARY_OECDSTAT,"OECD.Stat-Extrakt 2003–2015 (Mirror kirenz/datasets, CC BY)",
M479 (Karte),Belgium,2015,read,Mittelwert,499,COMPUTED_MICRODATA,"OECD-Mikrodaten (Public Use Files 2012/2015/2018/2022), aufbereitet in kevinwang09/learningtower; gewichteter Mittelwert (W_FSTUWT) eines Plausible Value je Domäne",
M479 (Karte),Belgium,2015,sci,Mittelwert,502,COMPUTED_MICRODATA,"OECD-Mikrodaten (Public Use Files 2012/2015/2018/2022), aufbereitet in kevinwang09/learningtower; gewichteter Mittelwert (W_FSTUWT) eines Plausible Value je Domäne",
M479 (Karte),Belgium,2022,sci,Mittelwert,491,DERIVED_OFFICIAL,2025-Mittelwert − offizielle Veränderung 2022→2025 (Table I.2.6),
M479 (Karte),Belgium,2022,read,Mittelwert,479,DERIVED_OFFICIAL,2025-Mittelwert − offizielle Veränderung 2022→2025 (Table I.2.6),
M479 (Karte),Belgium,2022,math,Mittelwert,490,DERIVED_OFFICIAL,2025-Mittelwert − offizielle Veränderung 2022→2025 (Table I.2.6),
M479 (Karte),Belgium,2018,math,Mittelwert,508,COMPUTED_MICRODATA,"OECD-Mikrodaten (Public Use Files 2012/2015/2018/2022), aufbereitet in kevinwang09/learningtower; gewichteter Mittelwert (W_FSTUWT) eines Plausible Value je Domäne",
M479 (Karte),Belgium,2018,read,Mittelwert,493,COMPUTED_MICRODATA,"OECD-Mikrodaten (Public Use Files 2012/2015/2018/2022), aufbereitet in kevinwang09/learningtower; gewichteter Mittelwert (W_FSTUWT) eines Plausible Value je Domäne",
M479 (Karte),Belgium,2018,sci,Mittelwert,500,COMPUTED_MICRODATA,"OECD-Mikrodaten (Public Use Files 2012/2015/2018/2022), aufbereitet in kevinwang09/learningtower; gewichteter Mittelwert (W_FSTUWT) eines Plausible Value je Domäne",
M479 (Karte),Canada,2012,math,Mittelwert,518,SECONDARY_OECDSTAT,"OECD.Stat-Extrakt 2003–2015 (Mirror kirenz/datasets, CC BY)",
M479 (Karte),Canada,2012,read,Mittelwert,523,COMPUTED_MICRODATA,"OECD-Mikrodaten (Public Use Files 2012/2015/2018/2022), aufbereitet in kevinwang09/learningtower; gewichteter Mittelwert (W_FSTUWT) eines Plausible Value je Domäne",
M479 (Karte),Canada,2012,sci,Mittelwert,526,COMPUTED_MICRODATA,"OECD-Mikrodaten (Public Use Files 2012/2015/2018/2022), aufbereitet in kevinwang09/learningtower; gewichteter Mittelwert (W_FSTUWT) eines Plausible Value je Domäne",
M479 (Karte),Canada,2015,math,Mittelwert,516,SECONDARY_OECDSTAT,"OECD.Stat-Extrakt 2003–2015 (Mirror kirenz/datasets, CC BY)",
M479 (Karte),Canada,2015,read,Mittelwert,527,COMPUTED_MICRODATA,"OECD-Mikrodaten (Public Use Files 2012/2015/2018/2022), aufbereitet in kevinwang09/learningtower; gewichteter Mittelwert (W_FSTUWT) eines Plausible Value je Domäne",
M479 (Karte),Canada,2015,sci,Mittelwert,528,COMPUTED_MICRODATA,"OECD-Mikrodaten (Public Use Files 2012/2015/2018/2022), aufbereitet in kevinwang09/learningtower; gewichteter Mittelwert (W_FSTUWT) eines Plausible Value je Domäne",
M479 (Karte),Canada,2022,sci,Mittelwert,515,DERIVED_OFFICIAL,2025-Mittelwert − offizielle Veränderung 2022→2025 (Table I.2.6),
M479 (Karte),Canada,2022,read,Mittelwert,507,DERIVED_OFFICIAL,2025-Mittelwert − offizielle Veränderung 2022→2025 (Table I.2.6),
M479 (Karte),Canada,2022,math,Mittelwert,497,DERIVED_OFFICIAL,2025-Mittelwert − offizielle Veränderung 2022→2025 (Table I.2.6),
M479 (Karte),Canada,2018,math,Mittelwert,512,COMPUTED_MICRODATA,"OECD-Mikrodaten (Public Use Files 2012/2015/2018/2022), aufbereitet in kevinwang09/learningtower; gewichteter Mittelwert (W_FSTUWT) eines Plausible Value je Domäne",
M479 (Karte),Canada,2018,read,Mittelwert,520,COMPUTED_MICRODATA,"OECD-Mikrodaten (Public Use Files 2012/2015/2018/2022), aufbereitet in kevinwang09/learningtower; gewichteter Mittelwert (W_FSTUWT) eines Plausible Value je Domäne",
M479 (Karte),Canada,2018,sci,Mittelwert,518,COMPUTED_MICRODATA,"OECD-Mikrodaten (Public Use Files 2012/2015/2018/2022), aufbereitet in kevinwang09/learningtower; gewichteter Mittelwert (W_FSTUWT) eines Plausible Value je Domäne",
M479 (Karte),Czechia,2012,math,Mittelwert,499,SECONDARY_OECDSTAT,"OECD.Stat-Extrakt 2003–2015 (Mirror kirenz/datasets, CC BY)",
M479 (Karte),Czechia,2012,read,Mittelwert,493,COMPUTED_MICRODATA,"OECD-Mikrodaten (Public Use Files 2012/2015/2018/2022), aufbereitet in kevinwang09/learningtower; gewichteter Mittelwert (W_FSTUWT) eines Plausible Value je Domäne",
M479 (Karte),Czechia,2012,sci,Mittelwert,509,COMPUTED_MICRODATA,"OECD-Mikrodaten (Public Use Files 2012/2015/2018/2022), aufbereitet in kevinwang09/learningtower; gewichteter Mittelwert (W_FSTUWT) eines Plausible Value je Domäne",
M479 (Karte),Czechia,2015,math,Mittelwert,492,SECONDARY_OECDSTAT,"OECD.Stat-Extrakt 2003–2015 (Mirror kirenz/datasets, CC BY)",
M479 (Karte),Czechia,2015,read,Mittelwert,487,COMPUTED_MICRODATA,"OECD-Mikrodaten (Public Use Files 2012/2015/2018/2022), aufbereitet in kevinwang09/learningtower; gewichteter Mittelwert (W_FSTUWT) eines Plausible Value je Domäne",
M479 (Karte),Czechia,2015,sci,Mittelwert,493,COMPUTED_MICRODATA,"OECD-Mikrodaten (Public Use Files 2012/2015/2018/2022), aufbereitet in kevinwang09/learningtower; gewichteter Mittelwert (W_FSTUWT) eines Plausible Value je Domäne",
M479 (Karte),Czechia,2022,sci,Mittelwert,498,DERIVED_OFFICIAL,2025-Mittelwert − offizielle Veränderung 2022→2025 (Table I.2.6),
M479 (Karte),Czechia,2022,read,Mittelwert,489,DERIVED_OFFICIAL,2025-Mittelwert − offizielle Veränderung 2022→2025 (Table I.2.6),
M479 (Karte),Czechia,2022,math,Mittelwert,487,DERIVED_OFFICIAL,2025-Mittelwert − offizielle Veränderung 2022→2025 (Table I.2.6),
M479 (Karte),Czechia,2018,math,Mittelwert,499,COMPUTED_MICRODATA,"OECD-Mikrodaten (Public Use Files 2012/2015/2018/2022), aufbereitet in kevinwang09/learningtower; gewichteter Mittelwert (W_FSTUWT) eines Plausible Value je Domäne",
M479 (Karte),Czechia,2018,read,Mittelwert,490,COMPUTED_MICRODATA,"OECD-Mikrodaten (Public Use Files 2012/2015/2018/2022), aufbereitet in kevinwang09/learningtower; gewichteter Mittelwert (W_FSTUWT) eines Plausible Value je Domäne",
M479 (Karte),Czechia,2018,sci,Mittelwert,497,COMPUTED_MICRODATA,"OECD-Mikrodaten (Public Use Files 2012/2015/2018/2022), aufbereitet in kevinwang09/learningtower; gewichteter Mittelwert (W_FSTUWT) eines Plausible Value je Domäne",
M479 (Karte),Denmark,2012,math,Mittelwert,500,SECONDARY_OECDSTAT,"OECD.Stat-Extrakt 2003–2015 (Mirror kirenz/datasets, CC BY)",
M479 (Karte),Denmark,2012,read,Mittelwert,496,COMPUTED_MICRODATA,"OECD-Mikrodaten (Public Use Files 2012/2015/2018/2022), aufbereitet in kevinwang09/learningtower; gewichteter Mittelwert (W_FSTUWT) eines Plausible Value je Domäne",
M479 (Karte),Denmark,2012,sci,Mittelwert,498,COMPUTED_MICRODATA,"OECD-Mikrodaten (Public Use Files 2012/2015/2018/2022), aufbereitet in kevinwang09/learningtower; gewichteter Mittelwert (W_FSTUWT) eines Plausible Value je Domäne",
M479 (Karte),Denmark,2015,math,Mittelwert,511,SECONDARY_OECDSTAT,"OECD.Stat-Extrakt 2003–2015 (Mirror kirenz/datasets, CC BY)",
M479 (Karte),Denmark,2015,read,Mittelwert,500,COMPUTED_MICRODATA,"OECD-Mikrodaten (Public Use Files 2012/2015/2018/2022), aufbereitet in kevinwang09/learningtower; gewichteter Mittelwert (W_FSTUWT) eines Plausible Value je Domäne",
M479 (Karte),Denmark,2015,sci,Mittelwert,502,COMPUTED_MICRODATA,"OECD-Mikrodaten (Public Use Files 2012/2015/2018/2022), aufbereitet in kevinwang09/learningtower; gewichteter Mittelwert (W_FSTUWT) eines Plausible Value je Domäne",
M479 (Karte),Denmark,2022,sci,Mittelwert,494,DERIVED_OFFICIAL,2025-Mittelwert − offizielle Veränderung 2022→2025 (Table I.2.6),
M479 (Karte),Denmark,2022,read,Mittelwert,489,DERIVED_OFFICIAL,2025-Mittelwert − offizielle Veränderung 2022→2025 (Table I.2.6),
M479 (Karte),Denmark,2022,math,Mittelwert,489,DERIVED_OFFICIAL,2025-Mittelwert − offizielle Veränderung 2022→2025 (Table I.2.6),
M479 (Karte),Denmark,2018,math,Mittelwert,510,COMPUTED_MICRODATA,"OECD-Mikrodaten (Public Use Files 2012/2015/2018/2022), aufbereitet in kevinwang09/learningtower; gewichteter Mittelwert (W_FSTUWT) eines Plausible Value je Domäne",
M479 (Karte),Denmark,2018,read,Mittelwert,502,COMPUTED_MICRODATA,"OECD-Mikrodaten (Public Use Files 2012/2015/2018/2022), aufbereitet in kevinwang09/learningtower; gewichteter Mittelwert (W_FSTUWT) eines Plausible Value je Domäne",
M479 (Karte),Denmark,2018,sci,Mittelwert,493,COMPUTED_MICRODATA,"OECD-Mikrodaten (Public Use Files 2012/2015/2018/2022), aufbereitet in kevinwang09/learningtower; gewichteter Mittelwert (W_FSTUWT) eines Plausible Value je Domäne",
M479 (Karte),Finland,2012,math,Mittelwert,519,SECONDARY_OECDSTAT,"OECD.Stat-Extrakt 2003–2015 (Mirror kirenz/datasets, CC BY)",
M479 (Karte),Finland,2012,read,Mittelwert,525,COMPUTED_MICRODATA,"OECD-Mikrodaten (Public Use Files 2012/2015/2018/2022), aufbereitet in kevinwang09/learningtower; gewichteter Mittelwert (W_FSTUWT) eines Plausible Value je Domäne",
M479 (Karte),Finland,2012,sci,Mittelwert,546,COMPUTED_MICRODATA,"OECD-Mikrodaten (Public Use Files 2012/2015/2018/2022), aufbereitet in kevinwang09/learningtower; gewichteter Mittelwert (W_FSTUWT) eines Plausible Value je Domäne",
M479 (Karte),Finland,2015,math,Mittelwert,511,SECONDARY_OECDSTAT,"OECD.Stat-Extrakt 2003–2015 (Mirror kirenz/datasets, CC BY)",
M479 (Karte),Finland,2015,read,Mittelwert,526,COMPUTED_MICRODATA,"OECD-Mikrodaten (Public Use Files 2012/2015/2018/2022), aufbereitet in kevinwang09/learningtower; gewichteter Mittelwert (W_FSTUWT) eines Plausible Value je Domäne",
M479 (Karte),Finland,2015,sci,Mittelwert,531,COMPUTED_MICRODATA,"OECD-Mikrodaten (Public Use Files 2012/2015/2018/2022), aufbereitet in kevinwang09/learningtower; gewichteter Mittelwert (W_FSTUWT) eines Plausible Value je Domäne",
M479 (Karte),Finland,2022,sci,Mittelwert,511,DERIVED_OFFICIAL,2025-Mittelwert − offizielle Veränderung 2022→2025 (Table I.2.6),
M479 (Karte),Finland,2022,read,Mittelwert,490,DERIVED_OFFICIAL,2025-Mittelwert − offizielle Veränderung 2022→2025 (Table I.2.6),
M479 (Karte),Finland,2022,math,Mittelwert,484,DERIVED_OFFICIAL,2025-Mittelwert − offizielle Veränderung 2022→2025 (Table I.2.6),
M479 (Karte),Finland,2018,math,Mittelwert,508,COMPUTED_MICRODATA,"OECD-Mikrodaten (Public Use Files 2012/2015/2018/2022), aufbereitet in kevinwang09/learningtower; gewichteter Mittelwert (W_FSTUWT) eines Plausible Value je Domäne",
M479 (Karte),Finland,2018,read,Mittelwert,520,COMPUTED_MICRODATA,"OECD-Mikrodaten (Public Use Files 2012/2015/2018/2022), aufbereitet in kevinwang09/learningtower; gewichteter Mittelwert (W_FSTUWT) eines Plausible Value je Domäne",
M479 (Karte),Finland,2018,sci,Mittelwert,519,COMPUTED_MICRODATA,"OECD-Mikrodaten (Public Use Files 2012/2015/2018/2022), aufbereitet in kevinwang09/learningtower; gewichteter Mittelwert (W_FSTUWT) eines Plausible Value je Domäne",
M479 (Karte),France,2012,math,Mittelwert,495,SECONDARY_OECDSTAT,"OECD.Stat-Extrakt 2003–2015 (Mirror kirenz/datasets, CC BY)",
M479 (Karte),France,2012,read,Mittelwert,506,COMPUTED_MICRODATA,"OECD-Mikrodaten (Public Use Files 2012/2015/2018/2022), aufbereitet in kevinwang09/learningtower; gewichteter Mittelwert (W_FSTUWT) eines Plausible Value je Domäne",
M479 (Karte),France,2012,sci,Mittelwert,499,COMPUTED_MICRODATA,"OECD-Mikrodaten (Public Use Files 2012/2015/2018/2022), aufbereitet in kevinwang09/learningtower; gewichteter Mittelwert (W_FSTUWT) eines Plausible Value je Domäne",
M479 (Karte),France,2015,math,Mittelwert,493,SECONDARY_OECDSTAT,"OECD.Stat-Extrakt 2003–2015 (Mirror kirenz/datasets, CC BY)",
M479 (Karte),France,2015,read,Mittelwert,498,COMPUTED_MICRODATA,"OECD-Mikrodaten (Public Use Files 2012/2015/2018/2022), aufbereitet in kevinwang09/learningtower; gewichteter Mittelwert (W_FSTUWT) eines Plausible Value je Domäne",
M479 (Karte),France,2015,sci,Mittelwert,496,COMPUTED_MICRODATA,"OECD-Mikrodaten (Public Use Files 2012/2015/2018/2022), aufbereitet in kevinwang09/learningtower; gewichteter Mittelwert (W_FSTUWT) eines Plausible Value je Domäne",
M479 (Karte),France,2022,sci,Mittelwert,487,DERIVED_OFFICIAL,2025-Mittelwert − offizielle Veränderung 2022→2025 (Table I.2.6),
M479 (Karte),France,2022,read,Mittelwert,474,DERIVED_OFFICIAL,2025-Mittelwert − offizielle Veränderung 2022→2025 (Table I.2.6),
M479 (Karte),France,2022,math,Mittelwert,474,DERIVED_OFFICIAL,2025-Mittelwert − offizielle Veränderung 2022→2025 (Table I.2.6),
M479 (Karte),France,2018,math,Mittelwert,496,COMPUTED_MICRODATA,"OECD-Mikrodaten (Public Use Files 2012/2015/2018/2022), aufbereitet in kevinwang09/learningtower; gewichteter Mittelwert (W_FSTUWT) eines Plausible Value je Domäne",
M479 (Karte),France,2018,read,Mittelwert,493,COMPUTED_MICRODATA,"OECD-Mikrodaten (Public Use Files 2012/2015/2018/2022), aufbereitet in kevinwang09/learningtower; gewichteter Mittelwert (W_FSTUWT) eines Plausible Value je Domäne",
M479 (Karte),France,2018,sci,Mittelwert,494,COMPUTED_MICRODATA,"OECD-Mikrodaten (Public Use Files 2012/2015/2018/2022), aufbereitet in kevinwang09/learningtower; gewichteter Mittelwert (W_FSTUWT) eines Plausible Value je Domäne",
M479 (Karte),Germany,2012,math,Mittelwert,514,SECONDARY_OECDSTAT,"OECD.Stat-Extrakt 2003–2015 (Mirror kirenz/datasets, CC BY)",
M479 (Karte),Germany,2012,read,Mittelwert,508,COMPUTED_MICRODATA,"OECD-Mikrodaten (Public Use Files 2012/2015/2018/2022), aufbereitet in kevinwang09/learningtower; gewichteter Mittelwert (W_FSTUWT) eines Plausible Value je Domäne",
M479 (Karte),Germany,2012,sci,Mittelwert,524,COMPUTED_MICRODATA,"OECD-Mikrodaten (Public Use Files 2012/2015/2018/2022), aufbereitet in kevinwang09/learningtower; gewichteter Mittelwert (W_FSTUWT) eines Plausible Value je Domäne",
M479 (Karte),Germany,2015,math,Mittelwert,506,SECONDARY_OECDSTAT,"OECD.Stat-Extrakt 2003–2015 (Mirror kirenz/datasets, CC BY)",
M479 (Karte),Germany,2015,read,Mittelwert,509,COMPUTED_MICRODATA,"OECD-Mikrodaten (Public Use Files 2012/2015/2018/2022), aufbereitet in kevinwang09/learningtower; gewichteter Mittelwert (W_FSTUWT) eines Plausible Value je Domäne",
M479 (Karte),Germany,2015,sci,Mittelwert,509,COMPUTED_MICRODATA,"OECD-Mikrodaten (Public Use Files 2012/2015/2018/2022), aufbereitet in kevinwang09/learningtower; gewichteter Mittelwert (W_FSTUWT) eines Plausible Value je Domäne",
M479 (Karte),Germany,2022,sci,Mittelwert,492,DERIVED_OFFICIAL,2025-Mittelwert − offizielle Veränderung 2022→2025 (Table I.2.6),
M479 (Karte),Germany,2022,read,Mittelwert,480,DERIVED_OFFICIAL,2025-Mittelwert − offizielle Veränderung 2022→2025 (Table I.2.6),
M479 (Karte),Germany,2022,math,Mittelwert,475,DERIVED_OFFICIAL,2025-Mittelwert − offizielle Veränderung 2022→2025 (Table I.2.6),
M479 (Karte),Germany,2018,math,Mittelwert,500,COMPUTED_MICRODATA,"OECD-Mikrodaten (Public Use Files 2012/2015/2018/2022), aufbereitet in kevinwang09/learningtower; gewichteter Mittelwert (W_FSTUWT) eines Plausible Value je Domäne",
M479 (Karte),Germany,2018,read,Mittelwert,499,COMPUTED_MICRODATA,"OECD-Mikrodaten (Public Use Files 2012/2015/2018/2022), aufbereitet in kevinwang09/learningtower; gewichteter Mittelwert (W_FSTUWT) eines Plausible Value je Domäne",
M479 (Karte),Germany,2018,sci,Mittelwert,503,COMPUTED_MICRODATA,"OECD-Mikrodaten (Public Use Files 2012/2015/2018/2022), aufbereitet in kevinwang09/learningtower; gewichteter Mittelwert (W_FSTUWT) eines Plausible Value je Domäne",
M479 (Karte),Greece,2012,math,Mittelwert,453,SECONDARY_OECDSTAT,"OECD.Stat-Extrakt 2003–2015 (Mirror kirenz/datasets, CC BY)",
M479 (Karte),Greece,2012,read,Mittelwert,477,COMPUTED_MICRODATA,"OECD-Mikrodaten (Public Use Files 2012/2015/2018/2022), aufbereitet in kevinwang09/learningtower; gewichteter Mittelwert (W_FSTUWT) eines Plausible Value je Domäne",
M479 (Karte),Greece,2012,sci,Mittelwert,467,COMPUTED_MICRODATA,"OECD-Mikrodaten (Public Use Files 2012/2015/2018/2022), aufbereitet in kevinwang09/learningtower; gewichteter Mittelwert (W_FSTUWT) eines Plausible Value je Domäne",
M479 (Karte),Greece,2015,math,Mittelwert,454,SECONDARY_OECDSTAT,"OECD.Stat-Extrakt 2003–2015 (Mirror kirenz/datasets, CC BY)",
M479 (Karte),Greece,2015,read,Mittelwert,466,COMPUTED_MICRODATA,"OECD-Mikrodaten (Public Use Files 2012/2015/2018/2022), aufbereitet in kevinwang09/learningtower; gewichteter Mittelwert (W_FSTUWT) eines Plausible Value je Domäne",
M479 (Karte),Greece,2015,sci,Mittelwert,454,COMPUTED_MICRODATA,"OECD-Mikrodaten (Public Use Files 2012/2015/2018/2022), aufbereitet in kevinwang09/learningtower; gewichteter Mittelwert (W_FSTUWT) eines Plausible Value je Domäne",
M479 (Karte),Greece,2022,sci,Mittelwert,441,DERIVED_OFFICIAL,2025-Mittelwert − offizielle Veränderung 2022→2025 (Table I.2.6),
M479 (Karte),Greece,2022,read,Mittelwert,438,DERIVED_OFFICIAL,2025-Mittelwert − offizielle Veränderung 2022→2025 (Table I.2.6),
M479 (Karte),Greece,2022,math,Mittelwert,430,DERIVED_OFFICIAL,2025-Mittelwert − offizielle Veränderung 2022→2025 (Table I.2.6),
M479 (Karte),Greece,2018,math,Mittelwert,451,COMPUTED_MICRODATA,"OECD-Mikrodaten (Public Use Files 2012/2015/2018/2022), aufbereitet in kevinwang09/learningtower; gewichteter Mittelwert (W_FSTUWT) eines Plausible Value je Domäne",
M479 (Karte),Greece,2018,read,Mittelwert,457,COMPUTED_MICRODATA,"OECD-Mikrodaten (Public Use Files 2012/2015/2018/2022), aufbereitet in kevinwang09/learningtower; gewichteter Mittelwert (W_FSTUWT) eines Plausible Value je Domäne",
M479 (Karte),Greece,2018,sci,Mittelwert,452,COMPUTED_MICRODATA,"OECD-Mikrodaten (Public Use Files 2012/2015/2018/2022), aufbereitet in kevinwang09/learningtower; gewichteter Mittelwert (W_FSTUWT) eines Plausible Value je Domäne",
M479 (Karte),Hungary,2012,math,Mittelwert,477,SECONDARY_OECDSTAT,"OECD.Stat-Extrakt 2003–2015 (Mirror kirenz/datasets, CC BY)",
M479 (Karte),Hungary,2012,read,Mittelwert,489,COMPUTED_MICRODATA,"OECD-Mikrodaten (Public Use Files 2012/2015/2018/2022), aufbereitet in kevinwang09/learningtower; gewichteter Mittelwert (W_FSTUWT) eines Plausible Value je Domäne",
M479 (Karte),Hungary,2012,sci,Mittelwert,495,COMPUTED_MICRODATA,"OECD-Mikrodaten (Public Use Files 2012/2015/2018/2022), aufbereitet in kevinwang09/learningtower; gewichteter Mittelwert (W_FSTUWT) eines Plausible Value je Domäne",
M479 (Karte),Hungary,2015,math,Mittelwert,477,SECONDARY_OECDSTAT,"OECD.Stat-Extrakt 2003–2015 (Mirror kirenz/datasets, CC BY)",
M479 (Karte),Hungary,2015,read,Mittelwert,469,COMPUTED_MICRODATA,"OECD-Mikrodaten (Public Use Files 2012/2015/2018/2022), aufbereitet in kevinwang09/learningtower; gewichteter Mittelwert (W_FSTUWT) eines Plausible Value je Domäne",
M479 (Karte),Hungary,2015,sci,Mittelwert,477,COMPUTED_MICRODATA,"OECD-Mikrodaten (Public Use Files 2012/2015/2018/2022), aufbereitet in kevinwang09/learningtower; gewichteter Mittelwert (W_FSTUWT) eines Plausible Value je Domäne",
M479 (Karte),Hungary,2022,sci,Mittelwert,486,DERIVED_OFFICIAL,2025-Mittelwert − offizielle Veränderung 2022→2025 (Table I.2.6),
M479 (Karte),Hungary,2022,read,Mittelwert,473,DERIVED_OFFICIAL,2025-Mittelwert − offizielle Veränderung 2022→2025 (Table I.2.6),
M479 (Karte),Hungary,2022,math,Mittelwert,473,DERIVED_OFFICIAL,2025-Mittelwert − offizielle Veränderung 2022→2025 (Table I.2.6),
M479 (Karte),Hungary,2018,math,Mittelwert,482,COMPUTED_MICRODATA,"OECD-Mikrodaten (Public Use Files 2012/2015/2018/2022), aufbereitet in kevinwang09/learningtower; gewichteter Mittelwert (W_FSTUWT) eines Plausible Value je Domäne",
M479 (Karte),Hungary,2018,read,Mittelwert,476,COMPUTED_MICRODATA,"OECD-Mikrodaten (Public Use Files 2012/2015/2018/2022), aufbereitet in kevinwang09/learningtower; gewichteter Mittelwert (W_FSTUWT) eines Plausible Value je Domäne",
M479 (Karte),Hungary,2018,sci,Mittelwert,480,COMPUTED_MICRODATA,"OECD-Mikrodaten (Public Use Files 2012/2015/2018/2022), aufbereitet in kevinwang09/learningtower; gewichteter Mittelwert (W_FSTUWT) eines Plausible Value je Domäne",
M479 (Karte),Iceland,2012,math,Mittelwert,493,SECONDARY_OECDSTAT,"OECD.Stat-Extrakt 2003–2015 (Mirror kirenz/datasets, CC BY)",
M479 (Karte),Iceland,2012,read,Mittelwert,483,COMPUTED_MICRODATA,"OECD-Mikrodaten (Public Use Files 2012/2015/2018/2022), aufbereitet in kevinwang09/learningtower; gewichteter Mittelwert (W_FSTUWT) eines Plausible Value je Domäne",
M479 (Karte),Iceland,2012,sci,Mittelwert,479,COMPUTED_MICRODATA,"OECD-Mikrodaten (Public Use Files 2012/2015/2018/2022), aufbereitet in kevinwang09/learningtower; gewichteter Mittelwert (W_FSTUWT) eines Plausible Value je Domäne",
M479 (Karte),Iceland,2015,math,Mittelwert,488,SECONDARY_OECDSTAT,"OECD.Stat-Extrakt 2003–2015 (Mirror kirenz/datasets, CC BY)",
M479 (Karte),Iceland,2015,read,Mittelwert,481,COMPUTED_MICRODATA,"OECD-Mikrodaten (Public Use Files 2012/2015/2018/2022), aufbereitet in kevinwang09/learningtower; gewichteter Mittelwert (W_FSTUWT) eines Plausible Value je Domäne",
M479 (Karte),Iceland,2015,sci,Mittelwert,473,COMPUTED_MICRODATA,"OECD-Mikrodaten (Public Use Files 2012/2015/2018/2022), aufbereitet in kevinwang09/learningtower; gewichteter Mittelwert (W_FSTUWT) eines Plausible Value je Domäne",
M479 (Karte),Iceland,2022,sci,Mittelwert,447,DERIVED_OFFICIAL,2025-Mittelwert − offizielle Veränderung 2022→2025 (Table I.2.6),
M479 (Karte),Iceland,2022,read,Mittelwert,436,DERIVED_OFFICIAL,2025-Mittelwert − offizielle Veränderung 2022→2025 (Table I.2.6),
M479 (Karte),Iceland,2022,math,Mittelwert,459,DERIVED_OFFICIAL,2025-Mittelwert − offizielle Veränderung 2022→2025 (Table I.2.6),
M479 (Karte),Iceland,2018,math,Mittelwert,495,COMPUTED_MICRODATA,"OECD-Mikrodaten (Public Use Files 2012/2015/2018/2022), aufbereitet in kevinwang09/learningtower; gewichteter Mittelwert (W_FSTUWT) eines Plausible Value je Domäne",
M479 (Karte),Iceland,2018,read,Mittelwert,474,COMPUTED_MICRODATA,"OECD-Mikrodaten (Public Use Files 2012/2015/2018/2022), aufbereitet in kevinwang09/learningtower; gewichteter Mittelwert (W_FSTUWT) eines Plausible Value je Domäne",
M479 (Karte),Iceland,2018,sci,Mittelwert,474,COMPUTED_MICRODATA,"OECD-Mikrodaten (Public Use Files 2012/2015/2018/2022), aufbereitet in kevinwang09/learningtower; gewichteter Mittelwert (W_FSTUWT) eines Plausible Value je Domäne",
M479 (Karte),Ireland,2012,math,Mittelwert,501,SECONDARY_OECDSTAT,"OECD.Stat-Extrakt 2003–2015 (Mirror kirenz/datasets, CC BY)",
M479 (Karte),Ireland,2012,read,Mittelwert,523,COMPUTED_MICRODATA,"OECD-Mikrodaten (Public Use Files 2012/2015/2018/2022), aufbereitet in kevinwang09/learningtower; gewichteter Mittelwert (W_FSTUWT) eines Plausible Value je Domäne",
M479 (Karte),Ireland,2012,sci,Mittelwert,522,COMPUTED_MICRODATA,"OECD-Mikrodaten (Public Use Files 2012/2015/2018/2022), aufbereitet in kevinwang09/learningtower; gewichteter Mittelwert (W_FSTUWT) eines Plausible Value je Domäne",
M479 (Karte),Ireland,2015,math,Mittelwert,504,SECONDARY_OECDSTAT,"OECD.Stat-Extrakt 2003–2015 (Mirror kirenz/datasets, CC BY)",
M479 (Karte),Ireland,2015,read,Mittelwert,520,COMPUTED_MICRODATA,"OECD-Mikrodaten (Public Use Files 2012/2015/2018/2022), aufbereitet in kevinwang09/learningtower; gewichteter Mittelwert (W_FSTUWT) eines Plausible Value je Domäne",
M479 (Karte),Ireland,2015,sci,Mittelwert,502,COMPUTED_MICRODATA,"OECD-Mikrodaten (Public Use Files 2012/2015/2018/2022), aufbereitet in kevinwang09/learningtower; gewichteter Mittelwert (W_FSTUWT) eines Plausible Value je Domäne",
M479 (Karte),Ireland,2022,sci,Mittelwert,504,DERIVED_OFFICIAL,2025-Mittelwert − offizielle Veränderung 2022→2025 (Table I.2.6),
M479 (Karte),Ireland,2022,read,Mittelwert,516,DERIVED_OFFICIAL,2025-Mittelwert − offizielle Veränderung 2022→2025 (Table I.2.6),
M479 (Karte),Ireland,2022,math,Mittelwert,492,DERIVED_OFFICIAL,2025-Mittelwert − offizielle Veränderung 2022→2025 (Table I.2.6),
M479 (Karte),Ireland,2018,math,Mittelwert,499,COMPUTED_MICRODATA,"OECD-Mikrodaten (Public Use Files 2012/2015/2018/2022), aufbereitet in kevinwang09/learningtower; gewichteter Mittelwert (W_FSTUWT) eines Plausible Value je Domäne",
M479 (Karte),Ireland,2018,read,Mittelwert,518,COMPUTED_MICRODATA,"OECD-Mikrodaten (Public Use Files 2012/2015/2018/2022), aufbereitet in kevinwang09/learningtower; gewichteter Mittelwert (W_FSTUWT) eines Plausible Value je Domäne",
M479 (Karte),Ireland,2018,sci,Mittelwert,495,COMPUTED_MICRODATA,"OECD-Mikrodaten (Public Use Files 2012/2015/2018/2022), aufbereitet in kevinwang09/learningtower; gewichteter Mittelwert (W_FSTUWT) eines Plausible Value je Domäne",
M479 (Karte),Italy,2012,math,Mittelwert,485,SECONDARY_OECDSTAT,"OECD.Stat-Extrakt 2003–2015 (Mirror kirenz/datasets, CC BY)",
M479 (Karte),Italy,2012,read,Mittelwert,490,COMPUTED_MICRODATA,"OECD-Mikrodaten (Public Use Files 2012/2015/2018/2022), aufbereitet in kevinwang09/learningtower; gewichteter Mittelwert (W_FSTUWT) eines Plausible Value je Domäne",
M479 (Karte),Italy,2012,sci,Mittelwert,493,COMPUTED_MICRODATA,"OECD-Mikrodaten (Public Use Files 2012/2015/2018/2022), aufbereitet in kevinwang09/learningtower; gewichteter Mittelwert (W_FSTUWT) eines Plausible Value je Domäne",
M479 (Karte),Italy,2015,math,Mittelwert,490,SECONDARY_OECDSTAT,"OECD.Stat-Extrakt 2003–2015 (Mirror kirenz/datasets, CC BY)",
M479 (Karte),Italy,2015,read,Mittelwert,487,COMPUTED_MICRODATA,"OECD-Mikrodaten (Public Use Files 2012/2015/2018/2022), aufbereitet in kevinwang09/learningtower; gewichteter Mittelwert (W_FSTUWT) eines Plausible Value je Domäne",
M479 (Karte),Italy,2015,sci,Mittelwert,481,COMPUTED_MICRODATA,"OECD-Mikrodaten (Public Use Files 2012/2015/2018/2022), aufbereitet in kevinwang09/learningtower; gewichteter Mittelwert (W_FSTUWT) eines Plausible Value je Domäne",
M479 (Karte),Italy,2022,sci,Mittelwert,478,DERIVED_OFFICIAL,2025-Mittelwert − offizielle Veränderung 2022→2025 (Table I.2.6),
M479 (Karte),Italy,2022,read,Mittelwert,482,DERIVED_OFFICIAL,2025-Mittelwert − offizielle Veränderung 2022→2025 (Table I.2.6),
M479 (Karte),Italy,2022,math,Mittelwert,471,DERIVED_OFFICIAL,2025-Mittelwert − offizielle Veränderung 2022→2025 (Table I.2.6),
M479 (Karte),Italy,2018,math,Mittelwert,486,COMPUTED_MICRODATA,"OECD-Mikrodaten (Public Use Files 2012/2015/2018/2022), aufbereitet in kevinwang09/learningtower; gewichteter Mittelwert (W_FSTUWT) eines Plausible Value je Domäne",
M479 (Karte),Italy,2018,read,Mittelwert,476,COMPUTED_MICRODATA,"OECD-Mikrodaten (Public Use Files 2012/2015/2018/2022), aufbereitet in kevinwang09/learningtower; gewichteter Mittelwert (W_FSTUWT) eines Plausible Value je Domäne",
M479 (Karte),Italy,2018,sci,Mittelwert,468,COMPUTED_MICRODATA,"OECD-Mikrodaten (Public Use Files 2012/2015/2018/2022), aufbereitet in kevinwang09/learningtower; gewichteter Mittelwert (W_FSTUWT) eines Plausible Value je Domäne",
M479 (Karte),Japan,2012,math,Mittelwert,536,SECONDARY_OECDSTAT,"OECD.Stat-Extrakt 2003–2015 (Mirror kirenz/datasets, CC BY)",
M479 (Karte),Japan,2012,read,Mittelwert,538,COMPUTED_MICRODATA,"OECD-Mikrodaten (Public Use Files 2012/2015/2018/2022), aufbereitet in kevinwang09/learningtower; gewichteter Mittelwert (W_FSTUWT) eines Plausible Value je Domäne",
M479 (Karte),Japan,2012,sci,Mittelwert,548,COMPUTED_MICRODATA,"OECD-Mikrodaten (Public Use Files 2012/2015/2018/2022), aufbereitet in kevinwang09/learningtower; gewichteter Mittelwert (W_FSTUWT) eines Plausible Value je Domäne",
M479 (Karte),Japan,2015,math,Mittelwert,532,SECONDARY_OECDSTAT,"OECD.Stat-Extrakt 2003–2015 (Mirror kirenz/datasets, CC BY)",
M479 (Karte),Japan,2015,read,Mittelwert,515,COMPUTED_MICRODATA,"OECD-Mikrodaten (Public Use Files 2012/2015/2018/2022), aufbereitet in kevinwang09/learningtower; gewichteter Mittelwert (W_FSTUWT) eines Plausible Value je Domäne",
M479 (Karte),Japan,2015,sci,Mittelwert,538,COMPUTED_MICRODATA,"OECD-Mikrodaten (Public Use Files 2012/2015/2018/2022), aufbereitet in kevinwang09/learningtower; gewichteter Mittelwert (W_FSTUWT) eines Plausible Value je Domäne",
M479 (Karte),Japan,2022,sci,Mittelwert,547,DERIVED_OFFICIAL,2025-Mittelwert − offizielle Veränderung 2022→2025 (Table I.2.6),
M479 (Karte),Japan,2022,read,Mittelwert,516,DERIVED_OFFICIAL,2025-Mittelwert − offizielle Veränderung 2022→2025 (Table I.2.6),
M479 (Karte),Japan,2022,math,Mittelwert,536,DERIVED_OFFICIAL,2025-Mittelwert − offizielle Veränderung 2022→2025 (Table I.2.6),
M479 (Karte),Japan,2018,math,Mittelwert,529,COMPUTED_MICRODATA,"OECD-Mikrodaten (Public Use Files 2012/2015/2018/2022), aufbereitet in kevinwang09/learningtower; gewichteter Mittelwert (W_FSTUWT) eines Plausible Value je Domäne",
M479 (Karte),Japan,2018,read,Mittelwert,503,COMPUTED_MICRODATA,"OECD-Mikrodaten (Public Use Files 2012/2015/2018/2022), aufbereitet in kevinwang09/learningtower; gewichteter Mittelwert (W_FSTUWT) eines Plausible Value je Domäne",
M479 (Karte),Japan,2018,sci,Mittelwert,529,COMPUTED_MICRODATA,"OECD-Mikrodaten (Public Use Files 2012/2015/2018/2022), aufbereitet in kevinwang09/learningtower; gewichteter Mittelwert (W_FSTUWT) eines Plausible Value je Domäne",
M479 (Karte),Korea,2012,math,Mittelwert,554,SECONDARY_OECDSTAT,"OECD.Stat-Extrakt 2003–2015 (Mirror kirenz/datasets, CC BY)",
M479 (Karte),Korea,2012,read,Mittelwert,536,COMPUTED_MICRODATA,"OECD-Mikrodaten (Public Use Files 2012/2015/2018/2022), aufbereitet in kevinwang09/learningtower; gewichteter Mittelwert (W_FSTUWT) eines Plausible Value je Domäne",
M479 (Karte),Korea,2012,sci,Mittelwert,538,COMPUTED_MICRODATA,"OECD-Mikrodaten (Public Use Files 2012/2015/2018/2022), aufbereitet in kevinwang09/learningtower; gewichteter Mittelwert (W_FSTUWT) eines Plausible Value je Domäne",
M479 (Karte),Korea,2015,math,Mittelwert,524,SECONDARY_OECDSTAT,"OECD.Stat-Extrakt 2003–2015 (Mirror kirenz/datasets, CC BY)",
M479 (Karte),Korea,2015,read,Mittelwert,515,COMPUTED_MICRODATA,"OECD-Mikrodaten (Public Use Files 2012/2015/2018/2022), aufbereitet in kevinwang09/learningtower; gewichteter Mittelwert (W_FSTUWT) eines Plausible Value je Domäne",
M479 (Karte),Korea,2015,sci,Mittelwert,516,COMPUTED_MICRODATA,"OECD-Mikrodaten (Public Use Files 2012/2015/2018/2022), aufbereitet in kevinwang09/learningtower; gewichteter Mittelwert (W_FSTUWT) eines Plausible Value je Domäne",
M479 (Karte),Korea,2022,sci,Mittelwert,528,DERIVED_OFFICIAL,2025-Mittelwert − offizielle Veränderung 2022→2025 (Table I.2.6),
M479 (Karte),Korea,2022,read,Mittelwert,516,DERIVED_OFFICIAL,2025-Mittelwert − offizielle Veränderung 2022→2025 (Table I.2.6),
M479 (Karte),Korea,2022,math,Mittelwert,527,DERIVED_OFFICIAL,2025-Mittelwert − offizielle Veränderung 2022→2025 (Table I.2.6),
M479 (Karte),Korea,2018,math,Mittelwert,525,COMPUTED_MICRODATA,"OECD-Mikrodaten (Public Use Files 2012/2015/2018/2022), aufbereitet in kevinwang09/learningtower; gewichteter Mittelwert (W_FSTUWT) eines Plausible Value je Domäne",
M479 (Karte),Korea,2018,read,Mittelwert,514,COMPUTED_MICRODATA,"OECD-Mikrodaten (Public Use Files 2012/2015/2018/2022), aufbereitet in kevinwang09/learningtower; gewichteter Mittelwert (W_FSTUWT) eines Plausible Value je Domäne",
M479 (Karte),Korea,2018,sci,Mittelwert,519,COMPUTED_MICRODATA,"OECD-Mikrodaten (Public Use Files 2012/2015/2018/2022), aufbereitet in kevinwang09/learningtower; gewichteter Mittelwert (W_FSTUWT) eines Plausible Value je Domäne",
M479 (Karte),Luxembourg,2012,math,Mittelwert,490,SECONDARY_OECDSTAT,"OECD.Stat-Extrakt 2003–2015 (Mirror kirenz/datasets, CC BY)",
M479 (Karte),Luxembourg,2012,read,Mittelwert,487,COMPUTED_MICRODATA,"OECD-Mikrodaten (Public Use Files 2012/2015/2018/2022), aufbereitet in kevinwang09/learningtower; gewichteter Mittelwert (W_FSTUWT) eines Plausible Value je Domäne",
M479 (Karte),Luxembourg,2012,sci,Mittelwert,491,COMPUTED_MICRODATA,"OECD-Mikrodaten (Public Use Files 2012/2015/2018/2022), aufbereitet in kevinwang09/learningtower; gewichteter Mittelwert (W_FSTUWT) eines Plausible Value je Domäne",
M479 (Karte),Luxembourg,2015,math,Mittelwert,486,SECONDARY_OECDSTAT,"OECD.Stat-Extrakt 2003–2015 (Mirror kirenz/datasets, CC BY)",
M479 (Karte),Luxembourg,2015,read,Mittelwert,480,COMPUTED_MICRODATA,"OECD-Mikrodaten (Public Use Files 2012/2015/2018/2022), aufbereitet in kevinwang09/learningtower; gewichteter Mittelwert (W_FSTUWT) eines Plausible Value je Domäne",
M479 (Karte),Luxembourg,2015,sci,Mittelwert,483,COMPUTED_MICRODATA,"OECD-Mikrodaten (Public Use Files 2012/2015/2018/2022), aufbereitet in kevinwang09/learningtower; gewichteter Mittelwert (W_FSTUWT) eines Plausible Value je Domäne",
M479 (Karte),Luxembourg,2018,math,Mittelwert,484,COMPUTED_MICRODATA,"OECD-Mikrodaten (Public Use Files 2012/2015/2018/2022), aufbereitet in kevinwang09/learningtower; gewichteter Mittelwert (W_FSTUWT) eines Plausible Value je Domäne",
M479 (Karte),Luxembourg,2018,read,Mittelwert,470,COMPUTED_MICRODATA,"OECD-Mikrodaten (Public Use Files 2012/2015/2018/2022), aufbereitet in kevinwang09/learningtower; gewichteter Mittelwert (W_FSTUWT) eines Plausible Value je Domäne",
M479 (Karte),Luxembourg,2018,sci,Mittelwert,477,COMPUTED_MICRODATA,"OECD-Mikrodaten (Public Use Files 2012/2015/2018/2022), aufbereitet in kevinwang09/learningtower; gewichteter Mittelwert (W_FSTUWT) eines Plausible Value je Domäne",
M479 (Karte),Mexico,2012,math,Mittelwert,413,SECONDARY_OECDSTAT,"OECD.Stat-Extrakt 2003–2015 (Mirror kirenz/datasets, CC BY)",
M479 (Karte),Mexico,2012,read,Mittelwert,424,COMPUTED_MICRODATA,"OECD-Mikrodaten (Public Use Files 2012/2015/2018/2022), aufbereitet in kevinwang09/learningtower; gewichteter Mittelwert (W_FSTUWT) eines Plausible Value je Domäne",
M479 (Karte),Mexico,2012,sci,Mittelwert,415,COMPUTED_MICRODATA,"OECD-Mikrodaten (Public Use Files 2012/2015/2018/2022), aufbereitet in kevinwang09/learningtower; gewichteter Mittelwert (W_FSTUWT) eines Plausible Value je Domäne",
M479 (Karte),Mexico,2015,math,Mittelwert,408,SECONDARY_OECDSTAT,"OECD.Stat-Extrakt 2003–2015 (Mirror kirenz/datasets, CC BY)",
M479 (Karte),Mexico,2015,read,Mittelwert,423,COMPUTED_MICRODATA,"OECD-Mikrodaten (Public Use Files 2012/2015/2018/2022), aufbereitet in kevinwang09/learningtower; gewichteter Mittelwert (W_FSTUWT) eines Plausible Value je Domäne",
M479 (Karte),Mexico,2015,sci,Mittelwert,416,COMPUTED_MICRODATA,"OECD-Mikrodaten (Public Use Files 2012/2015/2018/2022), aufbereitet in kevinwang09/learningtower; gewichteter Mittelwert (W_FSTUWT) eines Plausible Value je Domäne",
M479 (Karte),Mexico,2022,sci,Mittelwert,410,DERIVED_OFFICIAL,2025-Mittelwert − offizielle Veränderung 2022→2025 (Table I.2.6),
M479 (Karte),Mexico,2022,read,Mittelwert,415,DERIVED_OFFICIAL,2025-Mittelwert − offizielle Veränderung 2022→2025 (Table I.2.6),
M479 (Karte),Mexico,2022,math,Mittelwert,395,DERIVED_OFFICIAL,2025-Mittelwert − offizielle Veränderung 2022→2025 (Table I.2.6),
M479 (Karte),Mexico,2018,math,Mittelwert,409,COMPUTED_MICRODATA,"OECD-Mikrodaten (Public Use Files 2012/2015/2018/2022), aufbereitet in kevinwang09/learningtower; gewichteter Mittelwert (W_FSTUWT) eines Plausible Value je Domäne",
M479 (Karte),Mexico,2018,read,Mittelwert,421,COMPUTED_MICRODATA,"OECD-Mikrodaten (Public Use Files 2012/2015/2018/2022), aufbereitet in kevinwang09/learningtower; gewichteter Mittelwert (W_FSTUWT) eines Plausible Value je Domäne",
M479 (Karte),Mexico,2018,sci,Mittelwert,418,COMPUTED_MICRODATA,"OECD-Mikrodaten (Public Use Files 2012/2015/2018/2022), aufbereitet in kevinwang09/learningtower; gewichteter Mittelwert (W_FSTUWT) eines Plausible Value je Domäne",
M479 (Karte),Netherlands,2012,math,Mittelwert,523,SECONDARY_OECDSTAT,"OECD.Stat-Extrakt 2003–2015 (Mirror kirenz/datasets, CC BY)",
M479 (Karte),Netherlands,2012,read,Mittelwert,511,COMPUTED_MICRODATA,"OECD-Mikrodaten (Public Use Files 2012/2015/2018/2022), aufbereitet in kevinwang09/learningtower; gewichteter Mittelwert (W_FSTUWT) eines Plausible Value je Domäne",
M479 (Karte),Netherlands,2012,sci,Mittelwert,522,COMPUTED_MICRODATA,"OECD-Mikrodaten (Public Use Files 2012/2015/2018/2022), aufbereitet in kevinwang09/learningtower; gewichteter Mittelwert (W_FSTUWT) eines Plausible Value je Domäne",
M479 (Karte),Netherlands,2015,math,Mittelwert,512,SECONDARY_OECDSTAT,"OECD.Stat-Extrakt 2003–2015 (Mirror kirenz/datasets, CC BY)",
M479 (Karte),Netherlands,2015,read,Mittelwert,503,COMPUTED_MICRODATA,"OECD-Mikrodaten (Public Use Files 2012/2015/2018/2022), aufbereitet in kevinwang09/learningtower; gewichteter Mittelwert (W_FSTUWT) eines Plausible Value je Domäne",
M479 (Karte),Netherlands,2015,sci,Mittelwert,509,COMPUTED_MICRODATA,"OECD-Mikrodaten (Public Use Files 2012/2015/2018/2022), aufbereitet in kevinwang09/learningtower; gewichteter Mittelwert (W_FSTUWT) eines Plausible Value je Domäne",
M479 (Karte),Netherlands,2022,sci,Mittelwert,488,DERIVED_OFFICIAL,2025-Mittelwert − offizielle Veränderung 2022→2025 (Table I.2.6),
M479 (Karte),Netherlands,2022,read,Mittelwert,459,DERIVED_OFFICIAL,2025-Mittelwert − offizielle Veränderung 2022→2025 (Table I.2.6),
M479 (Karte),Netherlands,2022,math,Mittelwert,493,DERIVED_OFFICIAL,2025-Mittelwert − offizielle Veränderung 2022→2025 (Table I.2.6),
M479 (Karte),Netherlands,2018,math,Mittelwert,520,COMPUTED_MICRODATA,"OECD-Mikrodaten (Public Use Files 2012/2015/2018/2022), aufbereitet in kevinwang09/learningtower; gewichteter Mittelwert (W_FSTUWT) eines Plausible Value je Domäne",
M479 (Karte),Netherlands,2018,read,Mittelwert,485,COMPUTED_MICRODATA,"OECD-Mikrodaten (Public Use Files 2012/2015/2018/2022), aufbereitet in kevinwang09/learningtower; gewichteter Mittelwert (W_FSTUWT) eines Plausible Value je Domäne",
M479 (Karte),Netherlands,2018,sci,Mittelwert,504,COMPUTED_MICRODATA,"OECD-Mikrodaten (Public Use Files 2012/2015/2018/2022), aufbereitet in kevinwang09/learningtower; gewichteter Mittelwert (W_FSTUWT) eines Plausible Value je Domäne",
M479 (Karte),New Zealand,2012,math,Mittelwert,500,SECONDARY_OECDSTAT,"OECD.Stat-Extrakt 2003–2015 (Mirror kirenz/datasets, CC BY)",
M479 (Karte),New Zealand,2012,read,Mittelwert,512,COMPUTED_MICRODATA,"OECD-Mikrodaten (Public Use Files 2012/2015/2018/2022), aufbereitet in kevinwang09/learningtower; gewichteter Mittelwert (W_FSTUWT) eines Plausible Value je Domäne",
M479 (Karte),New Zealand,2012,sci,Mittelwert,516,COMPUTED_MICRODATA,"OECD-Mikrodaten (Public Use Files 2012/2015/2018/2022), aufbereitet in kevinwang09/learningtower; gewichteter Mittelwert (W_FSTUWT) eines Plausible Value je Domäne",
M479 (Karte),New Zealand,2015,math,Mittelwert,495,SECONDARY_OECDSTAT,"OECD.Stat-Extrakt 2003–2015 (Mirror kirenz/datasets, CC BY)",
M479 (Karte),New Zealand,2015,read,Mittelwert,509,COMPUTED_MICRODATA,"OECD-Mikrodaten (Public Use Files 2012/2015/2018/2022), aufbereitet in kevinwang09/learningtower; gewichteter Mittelwert (W_FSTUWT) eines Plausible Value je Domäne",
M479 (Karte),New Zealand,2015,sci,Mittelwert,514,COMPUTED_MICRODATA,"OECD-Mikrodaten (Public Use Files 2012/2015/2018/2022), aufbereitet in kevinwang09/learningtower; gewichteter Mittelwert (W_FSTUWT) eines Plausible Value je Domäne",
M479 (Karte),New Zealand,2022,sci,Mittelwert,504,DERIVED_OFFICIAL,2025-Mittelwert − offizielle Veränderung 2022→2025 (Table I.2.6),
M479 (Karte),New Zealand,2022,read,Mittelwert,501,DERIVED_OFFICIAL,2025-Mittelwert − offizielle Veränderung 2022→2025 (Table I.2.6),
M479 (Karte),New Zealand,2022,math,Mittelwert,479,DERIVED_OFFICIAL,2025-Mittelwert − offizielle Veränderung 2022→2025 (Table I.2.6),
M479 (Karte),New Zealand,2018,math,Mittelwert,495,COMPUTED_MICRODATA,"OECD-Mikrodaten (Public Use Files 2012/2015/2018/2022), aufbereitet in kevinwang09/learningtower; gewichteter Mittelwert (W_FSTUWT) eines Plausible Value je Domäne",
M479 (Karte),New Zealand,2018,read,Mittelwert,505,COMPUTED_MICRODATA,"OECD-Mikrodaten (Public Use Files 2012/2015/2018/2022), aufbereitet in kevinwang09/learningtower; gewichteter Mittelwert (W_FSTUWT) eines Plausible Value je Domäne",
M479 (Karte),New Zealand,2018,sci,Mittelwert,510,COMPUTED_MICRODATA,"OECD-Mikrodaten (Public Use Files 2012/2015/2018/2022), aufbereitet in kevinwang09/learningtower; gewichteter Mittelwert (W_FSTUWT) eines Plausible Value je Domäne",
M479 (Karte),Norway,2012,math,Mittelwert,489,SECONDARY_OECDSTAT,"OECD.Stat-Extrakt 2003–2015 (Mirror kirenz/datasets, CC BY)",
M479 (Karte),Norway,2012,read,Mittelwert,504,COMPUTED_MICRODATA,"OECD-Mikrodaten (Public Use Files 2012/2015/2018/2022), aufbereitet in kevinwang09/learningtower; gewichteter Mittelwert (W_FSTUWT) eines Plausible Value je Domäne",
M479 (Karte),Norway,2012,sci,Mittelwert,494,COMPUTED_MICRODATA,"OECD-Mikrodaten (Public Use Files 2012/2015/2018/2022), aufbereitet in kevinwang09/learningtower; gewichteter Mittelwert (W_FSTUWT) eines Plausible Value je Domäne",
M479 (Karte),Norway,2015,math,Mittelwert,502,SECONDARY_OECDSTAT,"OECD.Stat-Extrakt 2003–2015 (Mirror kirenz/datasets, CC BY)",
M479 (Karte),Norway,2015,read,Mittelwert,514,COMPUTED_MICRODATA,"OECD-Mikrodaten (Public Use Files 2012/2015/2018/2022), aufbereitet in kevinwang09/learningtower; gewichteter Mittelwert (W_FSTUWT) eines Plausible Value je Domäne",
M479 (Karte),Norway,2015,sci,Mittelwert,499,COMPUTED_MICRODATA,"OECD-Mikrodaten (Public Use Files 2012/2015/2018/2022), aufbereitet in kevinwang09/learningtower; gewichteter Mittelwert (W_FSTUWT) eines Plausible Value je Domäne",
M479 (Karte),Norway,2022,sci,Mittelwert,478,DERIVED_OFFICIAL,2025-Mittelwert − offizielle Veränderung 2022→2025 (Table I.2.6),
M479 (Karte),Norway,2022,read,Mittelwert,476,DERIVED_OFFICIAL,2025-Mittelwert − offizielle Veränderung 2022→2025 (Table I.2.6),
M479 (Karte),Norway,2022,math,Mittelwert,468,DERIVED_OFFICIAL,2025-Mittelwert − offizielle Veränderung 2022→2025 (Table I.2.6),
M479 (Karte),Norway,2018,math,Mittelwert,503,COMPUTED_MICRODATA,"OECD-Mikrodaten (Public Use Files 2012/2015/2018/2022), aufbereitet in kevinwang09/learningtower; gewichteter Mittelwert (W_FSTUWT) eines Plausible Value je Domäne",
M479 (Karte),Norway,2018,read,Mittelwert,499,COMPUTED_MICRODATA,"OECD-Mikrodaten (Public Use Files 2012/2015/2018/2022), aufbereitet in kevinwang09/learningtower; gewichteter Mittelwert (W_FSTUWT) eines Plausible Value je Domäne",
M479 (Karte),Norway,2018,sci,Mittelwert,490,COMPUTED_MICRODATA,"OECD-Mikrodaten (Public Use Files 2012/2015/2018/2022), aufbereitet in kevinwang09/learningtower; gewichteter Mittelwert (W_FSTUWT) eines Plausible Value je Domäne",
M479 (Karte),Poland,2012,math,Mittelwert,518,SECONDARY_OECDSTAT,"OECD.Stat-Extrakt 2003–2015 (Mirror kirenz/datasets, CC BY)",
M479 (Karte),Poland,2012,read,Mittelwert,519,COMPUTED_MICRODATA,"OECD-Mikrodaten (Public Use Files 2012/2015/2018/2022), aufbereitet in kevinwang09/learningtower; gewichteter Mittelwert (W_FSTUWT) eines Plausible Value je Domäne",
M479 (Karte),Poland,2012,sci,Mittelwert,526,COMPUTED_MICRODATA,"OECD-Mikrodaten (Public Use Files 2012/2015/2018/2022), aufbereitet in kevinwang09/learningtower; gewichteter Mittelwert (W_FSTUWT) eines Plausible Value je Domäne",
M479 (Karte),Poland,2015,math,Mittelwert,504,SECONDARY_OECDSTAT,"OECD.Stat-Extrakt 2003–2015 (Mirror kirenz/datasets, CC BY)",
M479 (Karte),Poland,2015,read,Mittelwert,506,COMPUTED_MICRODATA,"OECD-Mikrodaten (Public Use Files 2012/2015/2018/2022), aufbereitet in kevinwang09/learningtower; gewichteter Mittelwert (W_FSTUWT) eines Plausible Value je Domäne",
M479 (Karte),Poland,2015,sci,Mittelwert,501,COMPUTED_MICRODATA,"OECD-Mikrodaten (Public Use Files 2012/2015/2018/2022), aufbereitet in kevinwang09/learningtower; gewichteter Mittelwert (W_FSTUWT) eines Plausible Value je Domäne",
M479 (Karte),Poland,2022,sci,Mittelwert,499,DERIVED_OFFICIAL,2025-Mittelwert − offizielle Veränderung 2022→2025 (Table I.2.6),
M479 (Karte),Poland,2022,read,Mittelwert,489,DERIVED_OFFICIAL,2025-Mittelwert − offizielle Veränderung 2022→2025 (Table I.2.6),
M479 (Karte),Poland,2022,math,Mittelwert,489,DERIVED_OFFICIAL,2025-Mittelwert − offizielle Veränderung 2022→2025 (Table I.2.6),
M479 (Karte),Poland,2018,math,Mittelwert,516,COMPUTED_MICRODATA,"OECD-Mikrodaten (Public Use Files 2012/2015/2018/2022), aufbereitet in kevinwang09/learningtower; gewichteter Mittelwert (W_FSTUWT) eines Plausible Value je Domäne",
M479 (Karte),Poland,2018,read,Mittelwert,512,COMPUTED_MICRODATA,"OECD-Mikrodaten (Public Use Files 2012/2015/2018/2022), aufbereitet in kevinwang09/learningtower; gewichteter Mittelwert (W_FSTUWT) eines Plausible Value je Domäne",
M479 (Karte),Poland,2018,sci,Mittelwert,511,COMPUTED_MICRODATA,"OECD-Mikrodaten (Public Use Files 2012/2015/2018/2022), aufbereitet in kevinwang09/learningtower; gewichteter Mittelwert (W_FSTUWT) eines Plausible Value je Domäne",
M479 (Karte),Portugal,2012,math,Mittelwert,487,SECONDARY_OECDSTAT,"OECD.Stat-Extrakt 2003–2015 (Mirror kirenz/datasets, CC BY)",
M479 (Karte),Portugal,2012,read,Mittelwert,488,COMPUTED_MICRODATA,"OECD-Mikrodaten (Public Use Files 2012/2015/2018/2022), aufbereitet in kevinwang09/learningtower; gewichteter Mittelwert (W_FSTUWT) eines Plausible Value je Domäne",
M479 (Karte),Portugal,2012,sci,Mittelwert,489,COMPUTED_MICRODATA,"OECD-Mikrodaten (Public Use Files 2012/2015/2018/2022), aufbereitet in kevinwang09/learningtower; gewichteter Mittelwert (W_FSTUWT) eines Plausible Value je Domäne",
M479 (Karte),Portugal,2015,math,Mittelwert,492,SECONDARY_OECDSTAT,"OECD.Stat-Extrakt 2003–2015 (Mirror kirenz/datasets, CC BY)",
M479 (Karte),Portugal,2015,read,Mittelwert,498,COMPUTED_MICRODATA,"OECD-Mikrodaten (Public Use Files 2012/2015/2018/2022), aufbereitet in kevinwang09/learningtower; gewichteter Mittelwert (W_FSTUWT) eines Plausible Value je Domäne",
M479 (Karte),Portugal,2015,sci,Mittelwert,500,COMPUTED_MICRODATA,"OECD-Mikrodaten (Public Use Files 2012/2015/2018/2022), aufbereitet in kevinwang09/learningtower; gewichteter Mittelwert (W_FSTUWT) eines Plausible Value je Domäne",
M479 (Karte),Portugal,2022,sci,Mittelwert,484,DERIVED_OFFICIAL,2025-Mittelwert − offizielle Veränderung 2022→2025 (Table I.2.6),
M479 (Karte),Portugal,2022,read,Mittelwert,477,DERIVED_OFFICIAL,2025-Mittelwert − offizielle Veränderung 2022→2025 (Table I.2.6),
M479 (Karte),Portugal,2022,math,Mittelwert,472,DERIVED_OFFICIAL,2025-Mittelwert − offizielle Veränderung 2022→2025 (Table I.2.6),
M479 (Karte),Portugal,2018,math,Mittelwert,493,COMPUTED_MICRODATA,"OECD-Mikrodaten (Public Use Files 2012/2015/2018/2022), aufbereitet in kevinwang09/learningtower; gewichteter Mittelwert (W_FSTUWT) eines Plausible Value je Domäne",
M479 (Karte),Portugal,2018,read,Mittelwert,492,COMPUTED_MICRODATA,"OECD-Mikrodaten (Public Use Files 2012/2015/2018/2022), aufbereitet in kevinwang09/learningtower; gewichteter Mittelwert (W_FSTUWT) eines Plausible Value je Domäne",
M479 (Karte),Portugal,2018,sci,Mittelwert,492,COMPUTED_MICRODATA,"OECD-Mikrodaten (Public Use Files 2012/2015/2018/2022), aufbereitet in kevinwang09/learningtower; gewichteter Mittelwert (W_FSTUWT) eines Plausible Value je Domäne",
M479 (Karte),Slovak Republic,2012,math,Mittelwert,482,SECONDARY_OECDSTAT,"OECD.Stat-Extrakt 2003–2015 (Mirror kirenz/datasets, CC BY)",
M479 (Karte),Slovak Republic,2012,read,Mittelwert,463,COMPUTED_MICRODATA,"OECD-Mikrodaten (Public Use Files 2012/2015/2018/2022), aufbereitet in kevinwang09/learningtower; gewichteter Mittelwert (W_FSTUWT) eines Plausible Value je Domäne",
M479 (Karte),Slovak Republic,2012,sci,Mittelwert,471,COMPUTED_MICRODATA,"OECD-Mikrodaten (Public Use Files 2012/2015/2018/2022), aufbereitet in kevinwang09/learningtower; gewichteter Mittelwert (W_FSTUWT) eines Plausible Value je Domäne",
M479 (Karte),Slovak Republic,2015,math,Mittelwert,475,SECONDARY_OECDSTAT,"OECD.Stat-Extrakt 2003–2015 (Mirror kirenz/datasets, CC BY)",
M479 (Karte),Slovak Republic,2015,read,Mittelwert,453,COMPUTED_MICRODATA,"OECD-Mikrodaten (Public Use Files 2012/2015/2018/2022), aufbereitet in kevinwang09/learningtower; gewichteter Mittelwert (W_FSTUWT) eines Plausible Value je Domäne",
M479 (Karte),Slovak Republic,2015,sci,Mittelwert,462,COMPUTED_MICRODATA,"OECD-Mikrodaten (Public Use Files 2012/2015/2018/2022), aufbereitet in kevinwang09/learningtower; gewichteter Mittelwert (W_FSTUWT) eines Plausible Value je Domäne",
M479 (Karte),Slovak Republic,2022,sci,Mittelwert,462,DERIVED_OFFICIAL,2025-Mittelwert − offizielle Veränderung 2022→2025 (Table I.2.6),
M479 (Karte),Slovak Republic,2022,read,Mittelwert,447,DERIVED_OFFICIAL,2025-Mittelwert − offizielle Veränderung 2022→2025 (Table I.2.6),
M479 (Karte),Slovak Republic,2022,math,Mittelwert,464,DERIVED_OFFICIAL,2025-Mittelwert − offizielle Veränderung 2022→2025 (Table I.2.6),
M479 (Karte),Slovak Republic,2018,math,Mittelwert,488,COMPUTED_MICRODATA,"OECD-Mikrodaten (Public Use Files 2012/2015/2018/2022), aufbereitet in kevinwang09/learningtower; gewichteter Mittelwert (W_FSTUWT) eines Plausible Value je Domäne",
M479 (Karte),Slovak Republic,2018,read,Mittelwert,458,COMPUTED_MICRODATA,"OECD-Mikrodaten (Public Use Files 2012/2015/2018/2022), aufbereitet in kevinwang09/learningtower; gewichteter Mittelwert (W_FSTUWT) eines Plausible Value je Domäne",
M479 (Karte),Slovak Republic,2018,sci,Mittelwert,464,COMPUTED_MICRODATA,"OECD-Mikrodaten (Public Use Files 2012/2015/2018/2022), aufbereitet in kevinwang09/learningtower; gewichteter Mittelwert (W_FSTUWT) eines Plausible Value je Domäne",
M479 (Karte),Spain,2012,math,Mittelwert,484,SECONDARY_OECDSTAT,"OECD.Stat-Extrakt 2003–2015 (Mirror kirenz/datasets, CC BY)",
M479 (Karte),Spain,2012,read,Mittelwert,488,COMPUTED_MICRODATA,"OECD-Mikrodaten (Public Use Files 2012/2015/2018/2022), aufbereitet in kevinwang09/learningtower; gewichteter Mittelwert (W_FSTUWT) eines Plausible Value je Domäne",
M479 (Karte),Spain,2012,sci,Mittelwert,496,COMPUTED_MICRODATA,"OECD-Mikrodaten (Public Use Files 2012/2015/2018/2022), aufbereitet in kevinwang09/learningtower; gewichteter Mittelwert (W_FSTUWT) eines Plausible Value je Domäne",
M479 (Karte),Spain,2015,math,Mittelwert,486,SECONDARY_OECDSTAT,"OECD.Stat-Extrakt 2003–2015 (Mirror kirenz/datasets, CC BY)",
M479 (Karte),Spain,2015,read,Mittelwert,495,COMPUTED_MICRODATA,"OECD-Mikrodaten (Public Use Files 2012/2015/2018/2022), aufbereitet in kevinwang09/learningtower; gewichteter Mittelwert (W_FSTUWT) eines Plausible Value je Domäne",
M479 (Karte),Spain,2015,sci,Mittelwert,493,COMPUTED_MICRODATA,"OECD-Mikrodaten (Public Use Files 2012/2015/2018/2022), aufbereitet in kevinwang09/learningtower; gewichteter Mittelwert (W_FSTUWT) eines Plausible Value je Domäne",
M479 (Karte),Spain,2022,sci,Mittelwert,484,DERIVED_OFFICIAL,2025-Mittelwert − offizielle Veränderung 2022→2025 (Table I.2.6),
M479 (Karte),Spain,2022,read,Mittelwert,474,DERIVED_OFFICIAL,2025-Mittelwert − offizielle Veränderung 2022→2025 (Table I.2.6),
M479 (Karte),Spain,2022,math,Mittelwert,473,DERIVED_OFFICIAL,2025-Mittelwert − offizielle Veränderung 2022→2025 (Table I.2.6),
M479 (Karte),Spain,2018,math,Mittelwert,482,COMPUTED_MICRODATA,"OECD-Mikrodaten (Public Use Files 2012/2015/2018/2022), aufbereitet in kevinwang09/learningtower; gewichteter Mittelwert (W_FSTUWT) eines Plausible Value je Domäne",
M479 (Karte),Spain,2018,read,Mittelwert,477,COMPUTED_MICRODATA,"OECD-Mikrodaten (Public Use Files 2012/2015/2018/2022), aufbereitet in kevinwang09/learningtower; gewichteter Mittelwert (W_FSTUWT) eines Plausible Value je Domäne",
M479 (Karte),Spain,2018,sci,Mittelwert,483,COMPUTED_MICRODATA,"OECD-Mikrodaten (Public Use Files 2012/2015/2018/2022), aufbereitet in kevinwang09/learningtower; gewichteter Mittelwert (W_FSTUWT) eines Plausible Value je Domäne",
M479 (Karte),Sweden,2012,math,Mittelwert,478,SECONDARY_OECDSTAT,"OECD.Stat-Extrakt 2003–2015 (Mirror kirenz/datasets, CC BY)",
M479 (Karte),Sweden,2012,read,Mittelwert,484,COMPUTED_MICRODATA,"OECD-Mikrodaten (Public Use Files 2012/2015/2018/2022), aufbereitet in kevinwang09/learningtower; gewichteter Mittelwert (W_FSTUWT) eines Plausible Value je Domäne",
M479 (Karte),Sweden,2012,sci,Mittelwert,484,COMPUTED_MICRODATA,"OECD-Mikrodaten (Public Use Files 2012/2015/2018/2022), aufbereitet in kevinwang09/learningtower; gewichteter Mittelwert (W_FSTUWT) eines Plausible Value je Domäne",
M479 (Karte),Sweden,2015,math,Mittelwert,494,SECONDARY_OECDSTAT,"OECD.Stat-Extrakt 2003–2015 (Mirror kirenz/datasets, CC BY)",
M479 (Karte),Sweden,2015,read,Mittelwert,500,COMPUTED_MICRODATA,"OECD-Mikrodaten (Public Use Files 2012/2015/2018/2022), aufbereitet in kevinwang09/learningtower; gewichteter Mittelwert (W_FSTUWT) eines Plausible Value je Domäne",
M479 (Karte),Sweden,2015,sci,Mittelwert,493,COMPUTED_MICRODATA,"OECD-Mikrodaten (Public Use Files 2012/2015/2018/2022), aufbereitet in kevinwang09/learningtower; gewichteter Mittelwert (W_FSTUWT) eines Plausible Value je Domäne",
M479 (Karte),Sweden,2022,sci,Mittelwert,494,DERIVED_OFFICIAL,2025-Mittelwert − offizielle Veränderung 2022→2025 (Table I.2.6),
M479 (Karte),Sweden,2022,read,Mittelwert,487,DERIVED_OFFICIAL,2025-Mittelwert − offizielle Veränderung 2022→2025 (Table I.2.6),
M479 (Karte),Sweden,2022,math,Mittelwert,482,DERIVED_OFFICIAL,2025-Mittelwert − offizielle Veränderung 2022→2025 (Table I.2.6),
M479 (Karte),Sweden,2018,math,Mittelwert,503,COMPUTED_MICRODATA,"OECD-Mikrodaten (Public Use Files 2012/2015/2018/2022), aufbereitet in kevinwang09/learningtower; gewichteter Mittelwert (W_FSTUWT) eines Plausible Value je Domäne",
M479 (Karte),Sweden,2018,read,Mittelwert,506,COMPUTED_MICRODATA,"OECD-Mikrodaten (Public Use Files 2012/2015/2018/2022), aufbereitet in kevinwang09/learningtower; gewichteter Mittelwert (W_FSTUWT) eines Plausible Value je Domäne",
M479 (Karte),Sweden,2018,sci,Mittelwert,499,COMPUTED_MICRODATA,"OECD-Mikrodaten (Public Use Files 2012/2015/2018/2022), aufbereitet in kevinwang09/learningtower; gewichteter Mittelwert (W_FSTUWT) eines Plausible Value je Domäne",
M479 (Karte),Switzerland,2012,math,Mittelwert,531,SECONDARY_OECDSTAT,"OECD.Stat-Extrakt 2003–2015 (Mirror kirenz/datasets, CC BY)",
M479 (Karte),Switzerland,2012,read,Mittelwert,508,COMPUTED_MICRODATA,"OECD-Mikrodaten (Public Use Files 2012/2015/2018/2022), aufbereitet in kevinwang09/learningtower; gewichteter Mittelwert (W_FSTUWT) eines Plausible Value je Domäne",
M479 (Karte),Switzerland,2012,sci,Mittelwert,515,COMPUTED_MICRODATA,"OECD-Mikrodaten (Public Use Files 2012/2015/2018/2022), aufbereitet in kevinwang09/learningtower; gewichteter Mittelwert (W_FSTUWT) eines Plausible Value je Domäne",
M479 (Karte),Switzerland,2015,math,Mittelwert,521,SECONDARY_OECDSTAT,"OECD.Stat-Extrakt 2003–2015 (Mirror kirenz/datasets, CC BY)",
M479 (Karte),Switzerland,2015,read,Mittelwert,492,COMPUTED_MICRODATA,"OECD-Mikrodaten (Public Use Files 2012/2015/2018/2022), aufbereitet in kevinwang09/learningtower; gewichteter Mittelwert (W_FSTUWT) eines Plausible Value je Domäne",
M479 (Karte),Switzerland,2015,sci,Mittelwert,506,COMPUTED_MICRODATA,"OECD-Mikrodaten (Public Use Files 2012/2015/2018/2022), aufbereitet in kevinwang09/learningtower; gewichteter Mittelwert (W_FSTUWT) eines Plausible Value je Domäne",
M479 (Karte),Switzerland,2022,sci,Mittelwert,502,DERIVED_OFFICIAL,2025-Mittelwert − offizielle Veränderung 2022→2025 (Table I.2.6),
M479 (Karte),Switzerland,2022,read,Mittelwert,483,DERIVED_OFFICIAL,2025-Mittelwert − offizielle Veränderung 2022→2025 (Table I.2.6),
M479 (Karte),Switzerland,2022,math,Mittelwert,508,DERIVED_OFFICIAL,2025-Mittelwert − offizielle Veränderung 2022→2025 (Table I.2.6),
M479 (Karte),Switzerland,2018,math,Mittelwert,515,COMPUTED_MICRODATA,"OECD-Mikrodaten (Public Use Files 2012/2015/2018/2022), aufbereitet in kevinwang09/learningtower; gewichteter Mittelwert (W_FSTUWT) eines Plausible Value je Domäne",
M479 (Karte),Switzerland,2018,read,Mittelwert,484,COMPUTED_MICRODATA,"OECD-Mikrodaten (Public Use Files 2012/2015/2018/2022), aufbereitet in kevinwang09/learningtower; gewichteter Mittelwert (W_FSTUWT) eines Plausible Value je Domäne",
M479 (Karte),Switzerland,2018,sci,Mittelwert,496,COMPUTED_MICRODATA,"OECD-Mikrodaten (Public Use Files 2012/2015/2018/2022), aufbereitet in kevinwang09/learningtower; gewichteter Mittelwert (W_FSTUWT) eines Plausible Value je Domäne",
M479 (Karte),Türkiye,2012,math,Mittelwert,448,SECONDARY_OECDSTAT,"OECD.Stat-Extrakt 2003–2015 (Mirror kirenz/datasets, CC BY)",
M479 (Karte),Türkiye,2012,read,Mittelwert,475,COMPUTED_MICRODATA,"OECD-Mikrodaten (Public Use Files 2012/2015/2018/2022), aufbereitet in kevinwang09/learningtower; gewichteter Mittelwert (W_FSTUWT) eines Plausible Value je Domäne",
M479 (Karte),Türkiye,2012,sci,Mittelwert,463,COMPUTED_MICRODATA,"OECD-Mikrodaten (Public Use Files 2012/2015/2018/2022), aufbereitet in kevinwang09/learningtower; gewichteter Mittelwert (W_FSTUWT) eines Plausible Value je Domäne",
M479 (Karte),Türkiye,2015,math,Mittelwert,420,SECONDARY_OECDSTAT,"OECD.Stat-Extrakt 2003–2015 (Mirror kirenz/datasets, CC BY)",
M479 (Karte),Türkiye,2015,read,Mittelwert,429,COMPUTED_MICRODATA,"OECD-Mikrodaten (Public Use Files 2012/2015/2018/2022), aufbereitet in kevinwang09/learningtower; gewichteter Mittelwert (W_FSTUWT) eines Plausible Value je Domäne",
M479 (Karte),Türkiye,2015,sci,Mittelwert,426,COMPUTED_MICRODATA,"OECD-Mikrodaten (Public Use Files 2012/2015/2018/2022), aufbereitet in kevinwang09/learningtower; gewichteter Mittelwert (W_FSTUWT) eines Plausible Value je Domäne",
M479 (Karte),Türkiye,2022,sci,Mittelwert,476,DERIVED_OFFICIAL,2025-Mittelwert − offizielle Veränderung 2022→2025 (Table I.2.6),
M479 (Karte),Türkiye,2022,read,Mittelwert,456,DERIVED_OFFICIAL,2025-Mittelwert − offizielle Veränderung 2022→2025 (Table I.2.6),
M479 (Karte),Türkiye,2022,math,Mittelwert,453,DERIVED_OFFICIAL,2025-Mittelwert − offizielle Veränderung 2022→2025 (Table I.2.6),
M479 (Karte),Türkiye,2018,math,Mittelwert,454,COMPUTED_MICRODATA,"OECD-Mikrodaten (Public Use Files 2012/2015/2018/2022), aufbereitet in kevinwang09/learningtower; gewichteter Mittelwert (W_FSTUWT) eines Plausible Value je Domäne",
M479 (Karte),Türkiye,2018,read,Mittelwert,465,COMPUTED_MICRODATA,"OECD-Mikrodaten (Public Use Files 2012/2015/2018/2022), aufbereitet in kevinwang09/learningtower; gewichteter Mittelwert (W_FSTUWT) eines Plausible Value je Domäne",
M479 (Karte),Türkiye,2018,sci,Mittelwert,468,COMPUTED_MICRODATA,"OECD-Mikrodaten (Public Use Files 2012/2015/2018/2022), aufbereitet in kevinwang09/learningtower; gewichteter Mittelwert (W_FSTUWT) eines Plausible Value je Domäne",
M479 (Karte),United Kingdom,2012,math,Mittelwert,494,SECONDARY_OECDSTAT,"OECD.Stat-Extrakt 2003–2015 (Mirror kirenz/datasets, CC BY)",
M479 (Karte),United Kingdom,2012,read,Mittelwert,500,COMPUTED_MICRODATA,"OECD-Mikrodaten (Public Use Files 2012/2015/2018/2022), aufbereitet in kevinwang09/learningtower; gewichteter Mittelwert (W_FSTUWT) eines Plausible Value je Domäne",
M479 (Karte),United Kingdom,2012,sci,Mittelwert,514,COMPUTED_MICRODATA,"OECD-Mikrodaten (Public Use Files 2012/2015/2018/2022), aufbereitet in kevinwang09/learningtower; gewichteter Mittelwert (W_FSTUWT) eines Plausible Value je Domäne",
M479 (Karte),United Kingdom,2015,math,Mittelwert,492,SECONDARY_OECDSTAT,"OECD.Stat-Extrakt 2003–2015 (Mirror kirenz/datasets, CC BY)",
M479 (Karte),United Kingdom,2015,read,Mittelwert,497,COMPUTED_MICRODATA,"OECD-Mikrodaten (Public Use Files 2012/2015/2018/2022), aufbereitet in kevinwang09/learningtower; gewichteter Mittelwert (W_FSTUWT) eines Plausible Value je Domäne",
M479 (Karte),United Kingdom,2015,sci,Mittelwert,510,COMPUTED_MICRODATA,"OECD-Mikrodaten (Public Use Files 2012/2015/2018/2022), aufbereitet in kevinwang09/learningtower; gewichteter Mittelwert (W_FSTUWT) eines Plausible Value je Domäne",
M479 (Karte),United Kingdom,2022,sci,Mittelwert,500,DERIVED_OFFICIAL,2025-Mittelwert − offizielle Veränderung 2022→2025 (Table I.2.6),
M479 (Karte),United Kingdom,2022,read,Mittelwert,494,DERIVED_OFFICIAL,2025-Mittelwert − offizielle Veränderung 2022→2025 (Table I.2.6),
M479 (Karte),United Kingdom,2022,math,Mittelwert,489,DERIVED_OFFICIAL,2025-Mittelwert − offizielle Veränderung 2022→2025 (Table I.2.6),
M479 (Karte),United Kingdom,2018,math,Mittelwert,502,COMPUTED_MICRODATA,"OECD-Mikrodaten (Public Use Files 2012/2015/2018/2022), aufbereitet in kevinwang09/learningtower; gewichteter Mittelwert (W_FSTUWT) eines Plausible Value je Domäne",
M479 (Karte),United Kingdom,2018,read,Mittelwert,504,COMPUTED_MICRODATA,"OECD-Mikrodaten (Public Use Files 2012/2015/2018/2022), aufbereitet in kevinwang09/learningtower; gewichteter Mittelwert (W_FSTUWT) eines Plausible Value je Domäne",
M479 (Karte),United Kingdom,2018,sci,Mittelwert,504,COMPUTED_MICRODATA,"OECD-Mikrodaten (Public Use Files 2012/2015/2018/2022), aufbereitet in kevinwang09/learningtower; gewichteter Mittelwert (W_FSTUWT) eines Plausible Value je Domäne",
M479 (Karte),United States,2012,math,Mittelwert,481,SECONDARY_OECDSTAT,"OECD.Stat-Extrakt 2003–2015 (Mirror kirenz/datasets, CC BY)",
M479 (Karte),United States,2012,read,Mittelwert,497,COMPUTED_MICRODATA,"OECD-Mikrodaten (Public Use Files 2012/2015/2018/2022), aufbereitet in kevinwang09/learningtower; gewichteter Mittelwert (W_FSTUWT) eines Plausible Value je Domäne",
M479 (Karte),United States,2012,sci,Mittelwert,497,COMPUTED_MICRODATA,"OECD-Mikrodaten (Public Use Files 2012/2015/2018/2022), aufbereitet in kevinwang09/learningtower; gewichteter Mittelwert (W_FSTUWT) eines Plausible Value je Domäne",
M479 (Karte),United States,2015,math,Mittelwert,470,SECONDARY_OECDSTAT,"OECD.Stat-Extrakt 2003–2015 (Mirror kirenz/datasets, CC BY)",
M479 (Karte),United States,2015,read,Mittelwert,496,COMPUTED_MICRODATA,"OECD-Mikrodaten (Public Use Files 2012/2015/2018/2022), aufbereitet in kevinwang09/learningtower; gewichteter Mittelwert (W_FSTUWT) eines Plausible Value je Domäne",
M479 (Karte),United States,2015,sci,Mittelwert,496,COMPUTED_MICRODATA,"OECD-Mikrodaten (Public Use Files 2012/2015/2018/2022), aufbereitet in kevinwang09/learningtower; gewichteter Mittelwert (W_FSTUWT) eines Plausible Value je Domäne",
M479 (Karte),United States,2022,sci,Mittelwert,499,DERIVED_OFFICIAL,2025-Mittelwert − offizielle Veränderung 2022→2025 (Table I.2.6),
M479 (Karte),United States,2022,read,Mittelwert,504,DERIVED_OFFICIAL,2025-Mittelwert − offizielle Veränderung 2022→2025 (Table I.2.6),
M479 (Karte),United States,2022,math,Mittelwert,465,DERIVED_OFFICIAL,2025-Mittelwert − offizielle Veränderung 2022→2025 (Table I.2.6),
M479 (Karte),United States,2018,math,Mittelwert,478,COMPUTED_MICRODATA,"OECD-Mikrodaten (Public Use Files 2012/2015/2018/2022), aufbereitet in kevinwang09/learningtower; gewichteter Mittelwert (W_FSTUWT) eines Plausible Value je Domäne",
M479 (Karte),United States,2018,read,Mittelwert,505,COMPUTED_MICRODATA,"OECD-Mikrodaten (Public Use Files 2012/2015/2018/2022), aufbereitet in kevinwang09/learningtower; gewichteter Mittelwert (W_FSTUWT) eines Plausible Value je Domäne",
M479 (Karte),United States,2018,sci,Mittelwert,502,COMPUTED_MICRODATA,"OECD-Mikrodaten (Public Use Files 2012/2015/2018/2022), aufbereitet in kevinwang09/learningtower; gewichteter Mittelwert (W_FSTUWT) eines Plausible Value je Domäne",
M479 (Karte),Brazil,2012,math,Mittelwert,389,SECONDARY_OECDSTAT,"OECD.Stat-Extrakt 2003–2015 (Mirror kirenz/datasets, CC BY)",
M479 (Karte),Brazil,2012,read,Mittelwert,406,COMPUTED_MICRODATA,"OECD-Mikrodaten (Public Use Files 2012/2015/2018/2022), aufbereitet in kevinwang09/learningtower; gewichteter Mittelwert (W_FSTUWT) eines Plausible Value je Domäne",
M479 (Karte),Brazil,2012,sci,Mittelwert,402,COMPUTED_MICRODATA,"OECD-Mikrodaten (Public Use Files 2012/2015/2018/2022), aufbereitet in kevinwang09/learningtower; gewichteter Mittelwert (W_FSTUWT) eines Plausible Value je Domäne",
M479 (Karte),Brazil,2015,math,Mittelwert,377,SECONDARY_OECDSTAT,"OECD.Stat-Extrakt 2003–2015 (Mirror kirenz/datasets, CC BY)",
M479 (Karte),Brazil,2015,read,Mittelwert,408,COMPUTED_MICRODATA,"OECD-Mikrodaten (Public Use Files 2012/2015/2018/2022), aufbereitet in kevinwang09/learningtower; gewichteter Mittelwert (W_FSTUWT) eines Plausible Value je Domäne",
M479 (Karte),Brazil,2015,sci,Mittelwert,401,COMPUTED_MICRODATA,"OECD-Mikrodaten (Public Use Files 2012/2015/2018/2022), aufbereitet in kevinwang09/learningtower; gewichteter Mittelwert (W_FSTUWT) eines Plausible Value je Domäne",
M479 (Karte),Brazil,2022,sci,Mittelwert,403,DERIVED_OFFICIAL,2025-Mittelwert − offizielle Veränderung 2022→2025 (Table I.2.6),
M479 (Karte),Brazil,2022,read,Mittelwert,410,DERIVED_OFFICIAL,2025-Mittelwert − offizielle Veränderung 2022→2025 (Table I.2.6),
M479 (Karte),Brazil,2022,math,Mittelwert,379,DERIVED_OFFICIAL,2025-Mittelwert − offizielle Veränderung 2022→2025 (Table I.2.6),
M479 (Karte),Brazil,2018,math,Mittelwert,383,COMPUTED_MICRODATA,"OECD-Mikrodaten (Public Use Files 2012/2015/2018/2022), aufbereitet in kevinwang09/learningtower; gewichteter Mittelwert (W_FSTUWT) eines Plausible Value je Domäne",
M479 (Karte),Brazil,2018,read,Mittelwert,413,COMPUTED_MICRODATA,"OECD-Mikrodaten (Public Use Files 2012/2015/2018/2022), aufbereitet in kevinwang09/learningtower; gewichteter Mittelwert (W_FSTUWT) eines Plausible Value je Domäne",
M479 (Karte),Brazil,2018,sci,Mittelwert,404,COMPUTED_MICRODATA,"OECD-Mikrodaten (Public Use Files 2012/2015/2018/2022), aufbereitet in kevinwang09/learningtower; gewichteter Mittelwert (W_FSTUWT) eines Plausible Value je Domäne",
M479 (Karte),Chile,2012,math,Mittelwert,423,SECONDARY_OECDSTAT,"OECD.Stat-Extrakt 2003–2015 (Mirror kirenz/datasets, CC BY)",
M479 (Karte),Chile,2012,read,Mittelwert,441,COMPUTED_MICRODATA,"OECD-Mikrodaten (Public Use Files 2012/2015/2018/2022), aufbereitet in kevinwang09/learningtower; gewichteter Mittelwert (W_FSTUWT) eines Plausible Value je Domäne",
M479 (Karte),Chile,2012,sci,Mittelwert,445,COMPUTED_MICRODATA,"OECD-Mikrodaten (Public Use Files 2012/2015/2018/2022), aufbereitet in kevinwang09/learningtower; gewichteter Mittelwert (W_FSTUWT) eines Plausible Value je Domäne",
M479 (Karte),Chile,2015,math,Mittelwert,423,SECONDARY_OECDSTAT,"OECD.Stat-Extrakt 2003–2015 (Mirror kirenz/datasets, CC BY)",
M479 (Karte),Chile,2015,read,Mittelwert,458,COMPUTED_MICRODATA,"OECD-Mikrodaten (Public Use Files 2012/2015/2018/2022), aufbereitet in kevinwang09/learningtower; gewichteter Mittelwert (W_FSTUWT) eines Plausible Value je Domäne",
M479 (Karte),Chile,2015,sci,Mittelwert,447,COMPUTED_MICRODATA,"OECD-Mikrodaten (Public Use Files 2012/2015/2018/2022), aufbereitet in kevinwang09/learningtower; gewichteter Mittelwert (W_FSTUWT) eines Plausible Value je Domäne",
M479 (Karte),Chile,2022,sci,Mittelwert,444,DERIVED_OFFICIAL,2025-Mittelwert − offizielle Veränderung 2022→2025 (Table I.2.6),
M479 (Karte),Chile,2022,read,Mittelwert,448,DERIVED_OFFICIAL,2025-Mittelwert − offizielle Veränderung 2022→2025 (Table I.2.6),
M479 (Karte),Chile,2022,math,Mittelwert,412,DERIVED_OFFICIAL,2025-Mittelwert − offizielle Veränderung 2022→2025 (Table I.2.6),
M479 (Karte),Chile,2018,math,Mittelwert,418,COMPUTED_MICRODATA,"OECD-Mikrodaten (Public Use Files 2012/2015/2018/2022), aufbereitet in kevinwang09/learningtower; gewichteter Mittelwert (W_FSTUWT) eines Plausible Value je Domäne",
M479 (Karte),Chile,2018,read,Mittelwert,453,COMPUTED_MICRODATA,"OECD-Mikrodaten (Public Use Files 2012/2015/2018/2022), aufbereitet in kevinwang09/learningtower; gewichteter Mittelwert (W_FSTUWT) eines Plausible Value je Domäne",
M479 (Karte),Chile,2018,sci,Mittelwert,443,COMPUTED_MICRODATA,"OECD-Mikrodaten (Public Use Files 2012/2015/2018/2022), aufbereitet in kevinwang09/learningtower; gewichteter Mittelwert (W_FSTUWT) eines Plausible Value je Domäne",
M479 (Karte),Estonia,2012,math,Mittelwert,521,SECONDARY_OECDSTAT,"OECD.Stat-Extrakt 2003–2015 (Mirror kirenz/datasets, CC BY)",
M479 (Karte),Estonia,2012,read,Mittelwert,516,COMPUTED_MICRODATA,"OECD-Mikrodaten (Public Use Files 2012/2015/2018/2022), aufbereitet in kevinwang09/learningtower; gewichteter Mittelwert (W_FSTUWT) eines Plausible Value je Domäne",
M479 (Karte),Estonia,2012,sci,Mittelwert,541,COMPUTED_MICRODATA,"OECD-Mikrodaten (Public Use Files 2012/2015/2018/2022), aufbereitet in kevinwang09/learningtower; gewichteter Mittelwert (W_FSTUWT) eines Plausible Value je Domäne",
M479 (Karte),Estonia,2015,math,Mittelwert,520,SECONDARY_OECDSTAT,"OECD.Stat-Extrakt 2003–2015 (Mirror kirenz/datasets, CC BY)",
M479 (Karte),Estonia,2015,read,Mittelwert,519,COMPUTED_MICRODATA,"OECD-Mikrodaten (Public Use Files 2012/2015/2018/2022), aufbereitet in kevinwang09/learningtower; gewichteter Mittelwert (W_FSTUWT) eines Plausible Value je Domäne",
M479 (Karte),Estonia,2015,sci,Mittelwert,535,COMPUTED_MICRODATA,"OECD-Mikrodaten (Public Use Files 2012/2015/2018/2022), aufbereitet in kevinwang09/learningtower; gewichteter Mittelwert (W_FSTUWT) eines Plausible Value je Domäne",
M479 (Karte),Estonia,2022,sci,Mittelwert,526,DERIVED_OFFICIAL,2025-Mittelwert − offizielle Veränderung 2022→2025 (Table I.2.6),
M479 (Karte),Estonia,2022,read,Mittelwert,511,DERIVED_OFFICIAL,2025-Mittelwert − offizielle Veränderung 2022→2025 (Table I.2.6),
M479 (Karte),Estonia,2022,math,Mittelwert,510,DERIVED_OFFICIAL,2025-Mittelwert − offizielle Veränderung 2022→2025 (Table I.2.6),
M479 (Karte),Estonia,2018,math,Mittelwert,523,COMPUTED_MICRODATA,"OECD-Mikrodaten (Public Use Files 2012/2015/2018/2022), aufbereitet in kevinwang09/learningtower; gewichteter Mittelwert (W_FSTUWT) eines Plausible Value je Domäne",
M479 (Karte),Estonia,2018,read,Mittelwert,523,COMPUTED_MICRODATA,"OECD-Mikrodaten (Public Use Files 2012/2015/2018/2022), aufbereitet in kevinwang09/learningtower; gewichteter Mittelwert (W_FSTUWT) eines Plausible Value je Domäne",
M479 (Karte),Estonia,2018,sci,Mittelwert,530,COMPUTED_MICRODATA,"OECD-Mikrodaten (Public Use Files 2012/2015/2018/2022), aufbereitet in kevinwang09/learningtower; gewichteter Mittelwert (W_FSTUWT) eines Plausible Value je Domäne",
M479 (Karte),Indonesia,2012,math,Mittelwert,375,SECONDARY_OECDSTAT,"OECD.Stat-Extrakt 2003–2015 (Mirror kirenz/datasets, CC BY)",
M479 (Karte),Indonesia,2012,read,Mittelwert,397,COMPUTED_MICRODATA,"OECD-Mikrodaten (Public Use Files 2012/2015/2018/2022), aufbereitet in kevinwang09/learningtower; gewichteter Mittelwert (W_FSTUWT) eines Plausible Value je Domäne",
M479 (Karte),Indonesia,2012,sci,Mittelwert,382,COMPUTED_MICRODATA,"OECD-Mikrodaten (Public Use Files 2012/2015/2018/2022), aufbereitet in kevinwang09/learningtower; gewichteter Mittelwert (W_FSTUWT) eines Plausible Value je Domäne",
M479 (Karte),Indonesia,2015,math,Mittelwert,386,SECONDARY_OECDSTAT,"OECD.Stat-Extrakt 2003–2015 (Mirror kirenz/datasets, CC BY)",
M479 (Karte),Indonesia,2015,read,Mittelwert,398,COMPUTED_MICRODATA,"OECD-Mikrodaten (Public Use Files 2012/2015/2018/2022), aufbereitet in kevinwang09/learningtower; gewichteter Mittelwert (W_FSTUWT) eines Plausible Value je Domäne",
M479 (Karte),Indonesia,2015,sci,Mittelwert,403,COMPUTED_MICRODATA,"OECD-Mikrodaten (Public Use Files 2012/2015/2018/2022), aufbereitet in kevinwang09/learningtower; gewichteter Mittelwert (W_FSTUWT) eines Plausible Value je Domäne",
M479 (Karte),Indonesia,2022,sci,Mittelwert,383,DERIVED_OFFICIAL,2025-Mittelwert − offizielle Veränderung 2022→2025 (Table I.2.6),
M479 (Karte),Indonesia,2022,read,Mittelwert,359,DERIVED_OFFICIAL,2025-Mittelwert − offizielle Veränderung 2022→2025 (Table I.2.6),
M479 (Karte),Indonesia,2022,math,Mittelwert,366,DERIVED_OFFICIAL,2025-Mittelwert − offizielle Veränderung 2022→2025 (Table I.2.6),
M479 (Karte),Indonesia,2018,math,Mittelwert,378,COMPUTED_MICRODATA,"OECD-Mikrodaten (Public Use Files 2012/2015/2018/2022), aufbereitet in kevinwang09/learningtower; gewichteter Mittelwert (W_FSTUWT) eines Plausible Value je Domäne",
M479 (Karte),Indonesia,2018,read,Mittelwert,371,COMPUTED_MICRODATA,"OECD-Mikrodaten (Public Use Files 2012/2015/2018/2022), aufbereitet in kevinwang09/learningtower; gewichteter Mittelwert (W_FSTUWT) eines Plausible Value je Domäne",
M479 (Karte),Indonesia,2018,sci,Mittelwert,397,COMPUTED_MICRODATA,"OECD-Mikrodaten (Public Use Files 2012/2015/2018/2022), aufbereitet in kevinwang09/learningtower; gewichteter Mittelwert (W_FSTUWT) eines Plausible Value je Domäne",
M479 (Karte),Israel,2012,math,Mittelwert,466,SECONDARY_OECDSTAT,"OECD.Stat-Extrakt 2003–2015 (Mirror kirenz/datasets, CC BY)",
M479 (Karte),Israel,2012,read,Mittelwert,486,COMPUTED_MICRODATA,"OECD-Mikrodaten (Public Use Files 2012/2015/2018/2022), aufbereitet in kevinwang09/learningtower; gewichteter Mittelwert (W_FSTUWT) eines Plausible Value je Domäne",
M479 (Karte),Israel,2012,sci,Mittelwert,470,COMPUTED_MICRODATA,"OECD-Mikrodaten (Public Use Files 2012/2015/2018/2022), aufbereitet in kevinwang09/learningtower; gewichteter Mittelwert (W_FSTUWT) eines Plausible Value je Domäne",
M479 (Karte),Israel,2015,math,Mittelwert,470,SECONDARY_OECDSTAT,"OECD.Stat-Extrakt 2003–2015 (Mirror kirenz/datasets, CC BY)",
M479 (Karte),Israel,2015,read,Mittelwert,479,COMPUTED_MICRODATA,"OECD-Mikrodaten (Public Use Files 2012/2015/2018/2022), aufbereitet in kevinwang09/learningtower; gewichteter Mittelwert (W_FSTUWT) eines Plausible Value je Domäne",
M479 (Karte),Israel,2015,sci,Mittelwert,467,COMPUTED_MICRODATA,"OECD-Mikrodaten (Public Use Files 2012/2015/2018/2022), aufbereitet in kevinwang09/learningtower; gewichteter Mittelwert (W_FSTUWT) eines Plausible Value je Domäne",
M479 (Karte),Israel,2022,sci,Mittelwert,465,DERIVED_OFFICIAL,2025-Mittelwert − offizielle Veränderung 2022→2025 (Table I.2.6),
M479 (Karte),Israel,2022,read,Mittelwert,474,DERIVED_OFFICIAL,2025-Mittelwert − offizielle Veränderung 2022→2025 (Table I.2.6),
M479 (Karte),Israel,2022,math,Mittelwert,458,DERIVED_OFFICIAL,2025-Mittelwert − offizielle Veränderung 2022→2025 (Table I.2.6),
M479 (Karte),Israel,2018,math,Mittelwert,462,COMPUTED_MICRODATA,"OECD-Mikrodaten (Public Use Files 2012/2015/2018/2022), aufbereitet in kevinwang09/learningtower; gewichteter Mittelwert (W_FSTUWT) eines Plausible Value je Domäne",
M479 (Karte),Israel,2018,read,Mittelwert,470,COMPUTED_MICRODATA,"OECD-Mikrodaten (Public Use Files 2012/2015/2018/2022), aufbereitet in kevinwang09/learningtower; gewichteter Mittelwert (W_FSTUWT) eines Plausible Value je Domäne",
M479 (Karte),Israel,2018,sci,Mittelwert,463,COMPUTED_MICRODATA,"OECD-Mikrodaten (Public Use Files 2012/2015/2018/2022), aufbereitet in kevinwang09/learningtower; gewichteter Mittelwert (W_FSTUWT) eines Plausible Value je Domäne",
M479 (Karte),Latvia,2012,math,Mittelwert,491,SECONDARY_OECDSTAT,"OECD.Stat-Extrakt 2003–2015 (Mirror kirenz/datasets, CC BY)",
M479 (Karte),Latvia,2012,read,Mittelwert,489,COMPUTED_MICRODATA,"OECD-Mikrodaten (Public Use Files 2012/2015/2018/2022), aufbereitet in kevinwang09/learningtower; gewichteter Mittelwert (W_FSTUWT) eines Plausible Value je Domäne",
M479 (Karte),Latvia,2012,sci,Mittelwert,502,COMPUTED_MICRODATA,"OECD-Mikrodaten (Public Use Files 2012/2015/2018/2022), aufbereitet in kevinwang09/learningtower; gewichteter Mittelwert (W_FSTUWT) eines Plausible Value je Domäne",
M479 (Karte),Latvia,2015,math,Mittelwert,482,SECONDARY_OECDSTAT,"OECD.Stat-Extrakt 2003–2015 (Mirror kirenz/datasets, CC BY)",
M479 (Karte),Latvia,2015,read,Mittelwert,489,COMPUTED_MICRODATA,"OECD-Mikrodaten (Public Use Files 2012/2015/2018/2022), aufbereitet in kevinwang09/learningtower; gewichteter Mittelwert (W_FSTUWT) eines Plausible Value je Domäne",
M479 (Karte),Latvia,2015,sci,Mittelwert,490,COMPUTED_MICRODATA,"OECD-Mikrodaten (Public Use Files 2012/2015/2018/2022), aufbereitet in kevinwang09/learningtower; gewichteter Mittelwert (W_FSTUWT) eines Plausible Value je Domäne",
M479 (Karte),Latvia,2022,sci,Mittelwert,494,DERIVED_OFFICIAL,2025-Mittelwert − offizielle Veränderung 2022→2025 (Table I.2.6),
M479 (Karte),Latvia,2022,read,Mittelwert,475,DERIVED_OFFICIAL,2025-Mittelwert − offizielle Veränderung 2022→2025 (Table I.2.6),
M479 (Karte),Latvia,2022,math,Mittelwert,483,DERIVED_OFFICIAL,2025-Mittelwert − offizielle Veränderung 2022→2025 (Table I.2.6),
M479 (Karte),Latvia,2018,math,Mittelwert,497,COMPUTED_MICRODATA,"OECD-Mikrodaten (Public Use Files 2012/2015/2018/2022), aufbereitet in kevinwang09/learningtower; gewichteter Mittelwert (W_FSTUWT) eines Plausible Value je Domäne",
M479 (Karte),Latvia,2018,read,Mittelwert,478,COMPUTED_MICRODATA,"OECD-Mikrodaten (Public Use Files 2012/2015/2018/2022), aufbereitet in kevinwang09/learningtower; gewichteter Mittelwert (W_FSTUWT) eines Plausible Value je Domäne",
M479 (Karte),Latvia,2018,sci,Mittelwert,488,COMPUTED_MICRODATA,"OECD-Mikrodaten (Public Use Files 2012/2015/2018/2022), aufbereitet in kevinwang09/learningtower; gewichteter Mittelwert (W_FSTUWT) eines Plausible Value je Domäne",
M479 (Karte),Russia,2012,math,Mittelwert,482,SECONDARY_OECDSTAT,"OECD.Stat-Extrakt 2003–2015 (Mirror kirenz/datasets, CC BY)",
M479 (Karte),Russia,2012,read,Mittelwert,475,COMPUTED_MICRODATA,"OECD-Mikrodaten (Public Use Files 2012/2015/2018/2022), aufbereitet in kevinwang09/learningtower; gewichteter Mittelwert (W_FSTUWT) eines Plausible Value je Domäne",
M479 (Karte),Russia,2012,sci,Mittelwert,486,COMPUTED_MICRODATA,"OECD-Mikrodaten (Public Use Files 2012/2015/2018/2022), aufbereitet in kevinwang09/learningtower; gewichteter Mittelwert (W_FSTUWT) eines Plausible Value je Domäne",
M479 (Karte),Russia,2015,math,Mittelwert,494,SECONDARY_OECDSTAT,"OECD.Stat-Extrakt 2003–2015 (Mirror kirenz/datasets, CC BY)",
M479 (Karte),Russia,2015,read,Mittelwert,496,COMPUTED_MICRODATA,"OECD-Mikrodaten (Public Use Files 2012/2015/2018/2022), aufbereitet in kevinwang09/learningtower; gewichteter Mittelwert (W_FSTUWT) eines Plausible Value je Domäne",
M479 (Karte),Russia,2015,sci,Mittelwert,486,COMPUTED_MICRODATA,"OECD-Mikrodaten (Public Use Files 2012/2015/2018/2022), aufbereitet in kevinwang09/learningtower; gewichteter Mittelwert (W_FSTUWT) eines Plausible Value je Domäne",
M479 (Karte),Russia,2018,math,Mittelwert,488,COMPUTED_MICRODATA,"OECD-Mikrodaten (Public Use Files 2012/2015/2018/2022), aufbereitet in kevinwang09/learningtower; gewichteter Mittelwert (W_FSTUWT) eines Plausible Value je Domäne",
M479 (Karte),Russia,2018,read,Mittelwert,479,COMPUTED_MICRODATA,"OECD-Mikrodaten (Public Use Files 2012/2015/2018/2022), aufbereitet in kevinwang09/learningtower; gewichteter Mittelwert (W_FSTUWT) eines Plausible Value je Domäne",
M479 (Karte),Russia,2018,sci,Mittelwert,477,COMPUTED_MICRODATA,"OECD-Mikrodaten (Public Use Files 2012/2015/2018/2022), aufbereitet in kevinwang09/learningtower; gewichteter Mittelwert (W_FSTUWT) eines Plausible Value je Domäne",
M479 (Karte),Slovenia,2012,math,Mittelwert,501,SECONDARY_OECDSTAT,"OECD.Stat-Extrakt 2003–2015 (Mirror kirenz/datasets, CC BY)",
M479 (Karte),Slovenia,2012,read,Mittelwert,480,COMPUTED_MICRODATA,"OECD-Mikrodaten (Public Use Files 2012/2015/2018/2022), aufbereitet in kevinwang09/learningtower; gewichteter Mittelwert (W_FSTUWT) eines Plausible Value je Domäne",
M479 (Karte),Slovenia,2012,sci,Mittelwert,513,COMPUTED_MICRODATA,"OECD-Mikrodaten (Public Use Files 2012/2015/2018/2022), aufbereitet in kevinwang09/learningtower; gewichteter Mittelwert (W_FSTUWT) eines Plausible Value je Domäne",
M479 (Karte),Slovenia,2015,math,Mittelwert,510,SECONDARY_OECDSTAT,"OECD.Stat-Extrakt 2003–2015 (Mirror kirenz/datasets, CC BY)",
M479 (Karte),Slovenia,2015,read,Mittelwert,505,COMPUTED_MICRODATA,"OECD-Mikrodaten (Public Use Files 2012/2015/2018/2022), aufbereitet in kevinwang09/learningtower; gewichteter Mittelwert (W_FSTUWT) eines Plausible Value je Domäne",
M479 (Karte),Slovenia,2015,sci,Mittelwert,512,COMPUTED_MICRODATA,"OECD-Mikrodaten (Public Use Files 2012/2015/2018/2022), aufbereitet in kevinwang09/learningtower; gewichteter Mittelwert (W_FSTUWT) eines Plausible Value je Domäne",
M479 (Karte),Slovenia,2022,sci,Mittelwert,500,DERIVED_OFFICIAL,2025-Mittelwert − offizielle Veränderung 2022→2025 (Table I.2.6),
M479 (Karte),Slovenia,2022,read,Mittelwert,468,DERIVED_OFFICIAL,2025-Mittelwert − offizielle Veränderung 2022→2025 (Table I.2.6),
M479 (Karte),Slovenia,2022,math,Mittelwert,484,DERIVED_OFFICIAL,2025-Mittelwert − offizielle Veränderung 2022→2025 (Table I.2.6),
M479 (Karte),Slovenia,2018,math,Mittelwert,509,COMPUTED_MICRODATA,"OECD-Mikrodaten (Public Use Files 2012/2015/2018/2022), aufbereitet in kevinwang09/learningtower; gewichteter Mittelwert (W_FSTUWT) eines Plausible Value je Domäne",
M479 (Karte),Slovenia,2018,read,Mittelwert,496,COMPUTED_MICRODATA,"OECD-Mikrodaten (Public Use Files 2012/2015/2018/2022), aufbereitet in kevinwang09/learningtower; gewichteter Mittelwert (W_FSTUWT) eines Plausible Value je Domäne",
M479 (Karte),Slovenia,2018,sci,Mittelwert,507,COMPUTED_MICRODATA,"OECD-Mikrodaten (Public Use Files 2012/2015/2018/2022), aufbereitet in kevinwang09/learningtower; gewichteter Mittelwert (W_FSTUWT) eines Plausible Value je Domäne",
M479 (Karte),OECD average,2012,math,Mittelwert,494,SECONDARY_OECDSTAT,"OECD.Stat-Extrakt 2003–2015 (Mirror kirenz/datasets, CC BY)",
M479 (Karte),OECD average,2012,read,Mittelwert,496,COMPUTED_MICRODATA,ungewichtetes Mittel der 34 OECD-Mitglieder (2012) aus Mikrodaten,
M479 (Karte),OECD average,2012,sci,Mittelwert,501,COMPUTED_MICRODATA,ungewichtetes Mittel der 34 OECD-Mitglieder (2012) aus Mikrodaten,
M479 (Karte),OECD average,2015,math,Mittelwert,490,SECONDARY_OECDSTAT,"OECD.Stat-Extrakt 2003–2015 (Mirror kirenz/datasets, CC BY)",
M479 (Karte),OECD average,2015,read,Mittelwert,492,COMPUTED_MICRODATA,ungewichtetes Mittel der 35 OECD-Mitglieder (2015) aus Mikrodaten,
M479 (Karte),OECD average,2015,sci,Mittelwert,493,COMPUTED_MICRODATA,ungewichtetes Mittel der 35 OECD-Mitglieder (2015) aus Mikrodaten,
M479 (Karte),OECD average,2022,read,Mittelwert,476,OFFICIAL_COUNTRYNOTE,OECD PISA 2022 Band I (verifiziert),
M479 (Karte),OECD average,2022,math,Mittelwert,472,OFFICIAL_COUNTRYNOTE,OECD PISA 2022 Band I (verifiziert),
M479 (Karte),OECD average,2022,sci,Mittelwert,485,OFFICIAL_COUNTRYNOTE,OECD PISA 2022 Band I (verifiziert),
M479 (Karte),OECD average,2018,math,Mittelwert,490,COMPUTED_MICRODATA,ungewichtetes Mittel der 37 OECD-Mitglieder (2018) aus Mikrodaten,
M479 (Karte),OECD average,2018,read,Mittelwert,487,COMPUTED_MICRODATA,ungewichtetes Mittel der 37 OECD-Mitglieder (2018) aus Mikrodaten,
M479 (Karte),OECD average,2018,sci,Mittelwert,489,COMPUTED_MICRODATA,ungewichtetes Mittel der 37 OECD-Mitglieder (2018) aus Mikrodaten,
M479 (Karte),Colombia,2015,math,Mittelwert,390,SECONDARY_OECDSTAT,"OECD.Stat-Extrakt 2003–2015 (Mirror kirenz/datasets, CC BY)",
M479 (Karte),Colombia,2015,read,Mittelwert,425,COMPUTED_MICRODATA,"OECD-Mikrodaten (Public Use Files 2012/2015/2018/2022), aufbereitet in kevinwang09/learningtower; gewichteter Mittelwert (W_FSTUWT) eines Plausible Value je Domäne",
M479 (Karte),Colombia,2015,sci,Mittelwert,416,COMPUTED_MICRODATA,"OECD-Mikrodaten (Public Use Files 2012/2015/2018/2022), aufbereitet in kevinwang09/learningtower; gewichteter Mittelwert (W_FSTUWT) eines Plausible Value je Domäne",
M479 (Karte),Colombia,2022,sci,Mittelwert,411,DERIVED_OFFICIAL,2025-Mittelwert − offizielle Veränderung 2022→2025 (Table I.2.6),
M479 (Karte),Colombia,2022,read,Mittelwert,409,DERIVED_OFFICIAL,2025-Mittelwert − offizielle Veränderung 2022→2025 (Table I.2.6),
M479 (Karte),Colombia,2022,math,Mittelwert,383,DERIVED_OFFICIAL,2025-Mittelwert − offizielle Veränderung 2022→2025 (Table I.2.6),
M479 (Karte),Colombia,2012,math,Mittelwert,377,COMPUTED_MICRODATA,"OECD-Mikrodaten (Public Use Files 2012/2015/2018/2022), aufbereitet in kevinwang09/learningtower; gewichteter Mittelwert (W_FSTUWT) eines Plausible Value je Domäne",
M479 (Karte),Colombia,2012,read,Mittelwert,404,COMPUTED_MICRODATA,"OECD-Mikrodaten (Public Use Files 2012/2015/2018/2022), aufbereitet in kevinwang09/learningtower; gewichteter Mittelwert (W_FSTUWT) eines Plausible Value je Domäne",
M479 (Karte),Colombia,2012,sci,Mittelwert,398,COMPUTED_MICRODATA,"OECD-Mikrodaten (Public Use Files 2012/2015/2018/2022), aufbereitet in kevinwang09/learningtower; gewichteter Mittelwert (W_FSTUWT) eines Plausible Value je Domäne",
M479 (Karte),Colombia,2018,math,Mittelwert,391,COMPUTED_MICRODATA,"OECD-Mikrodaten (Public Use Files 2012/2015/2018/2022), aufbereitet in kevinwang09/learningtower; gewichteter Mittelwert (W_FSTUWT) eines Plausible Value je Domäne",
M479 (Karte),Colombia,2018,read,Mittelwert,412,COMPUTED_MICRODATA,"OECD-Mikrodaten (Public Use Files 2012/2015/2018/2022), aufbereitet in kevinwang09/learningtower; gewichteter Mittelwert (W_FSTUWT) eines Plausible Value je Domäne",
M479 (Karte),Colombia,2018,sci,Mittelwert,412,COMPUTED_MICRODATA,"OECD-Mikrodaten (Public Use Files 2012/2015/2018/2022), aufbereitet in kevinwang09/learningtower; gewichteter Mittelwert (W_FSTUWT) eines Plausible Value je Domäne",
M479 (Karte),Hong Kong (China),2015,math,Mittelwert,548,SECONDARY_OECDSTAT,"OECD.Stat-Extrakt 2003–2015 (Mirror kirenz/datasets, CC BY)",
M479 (Karte),Hong Kong (China),2015,read,Mittelwert,526,COMPUTED_MICRODATA,"OECD-Mikrodaten (Public Use Files 2012/2015/2018/2022), aufbereitet in kevinwang09/learningtower; gewichteter Mittelwert (W_FSTUWT) eines Plausible Value je Domäne",
M479 (Karte),Hong Kong (China),2015,sci,Mittelwert,523,COMPUTED_MICRODATA,"OECD-Mikrodaten (Public Use Files 2012/2015/2018/2022), aufbereitet in kevinwang09/learningtower; gewichteter Mittelwert (W_FSTUWT) eines Plausible Value je Domäne",
M479 (Karte),Hong Kong (China),2022,sci,Mittelwert,520,DERIVED_OFFICIAL,2025-Mittelwert − offizielle Veränderung 2022→2025 (Table I.2.6),
M479 (Karte),Hong Kong (China),2022,read,Mittelwert,500,DERIVED_OFFICIAL,2025-Mittelwert − offizielle Veränderung 2022→2025 (Table I.2.6),
M479 (Karte),Hong Kong (China),2022,math,Mittelwert,540,DERIVED_OFFICIAL,2025-Mittelwert − offizielle Veränderung 2022→2025 (Table I.2.6),
M479 (Karte),Hong Kong (China),2012,math,Mittelwert,561,COMPUTED_MICRODATA,"OECD-Mikrodaten (Public Use Files 2012/2015/2018/2022), aufbereitet in kevinwang09/learningtower; gewichteter Mittelwert (W_FSTUWT) eines Plausible Value je Domäne",
M479 (Karte),Hong Kong (China),2012,read,Mittelwert,545,COMPUTED_MICRODATA,"OECD-Mikrodaten (Public Use Files 2012/2015/2018/2022), aufbereitet in kevinwang09/learningtower; gewichteter Mittelwert (W_FSTUWT) eines Plausible Value je Domäne",
M479 (Karte),Hong Kong (China),2012,sci,Mittelwert,555,COMPUTED_MICRODATA,"OECD-Mikrodaten (Public Use Files 2012/2015/2018/2022), aufbereitet in kevinwang09/learningtower; gewichteter Mittelwert (W_FSTUWT) eines Plausible Value je Domäne",
M479 (Karte),Hong Kong (China),2018,math,Mittelwert,552,COMPUTED_MICRODATA,"OECD-Mikrodaten (Public Use Files 2012/2015/2018/2022), aufbereitet in kevinwang09/learningtower; gewichteter Mittelwert (W_FSTUWT) eines Plausible Value je Domäne",
M479 (Karte),Hong Kong (China),2018,read,Mittelwert,524,COMPUTED_MICRODATA,"OECD-Mikrodaten (Public Use Files 2012/2015/2018/2022), aufbereitet in kevinwang09/learningtower; gewichteter Mittelwert (W_FSTUWT) eines Plausible Value je Domäne",
M479 (Karte),Hong Kong (China),2018,sci,Mittelwert,518,COMPUTED_MICRODATA,"OECD-Mikrodaten (Public Use Files 2012/2015/2018/2022), aufbereitet in kevinwang09/learningtower; gewichteter Mittelwert (W_FSTUWT) eines Plausible Value je Domäne",
M479 (Karte),Peru,2015,math,Mittelwert,387,SECONDARY_OECDSTAT,"OECD.Stat-Extrakt 2003–2015 (Mirror kirenz/datasets, CC BY)",
M479 (Karte),Peru,2015,read,Mittelwert,397,COMPUTED_MICRODATA,"OECD-Mikrodaten (Public Use Files 2012/2015/2018/2022), aufbereitet in kevinwang09/learningtower; gewichteter Mittelwert (W_FSTUWT) eines Plausible Value je Domäne",
M479 (Karte),Peru,2015,sci,Mittelwert,397,COMPUTED_MICRODATA,"OECD-Mikrodaten (Public Use Files 2012/2015/2018/2022), aufbereitet in kevinwang09/learningtower; gewichteter Mittelwert (W_FSTUWT) eines Plausible Value je Domäne",
M479 (Karte),Peru,2022,sci,Mittelwert,408,DERIVED_OFFICIAL,2025-Mittelwert − offizielle Veränderung 2022→2025 (Table I.2.6),
M479 (Karte),Peru,2022,read,Mittelwert,408,DERIVED_OFFICIAL,2025-Mittelwert − offizielle Veränderung 2022→2025 (Table I.2.6),
M479 (Karte),Peru,2022,math,Mittelwert,391,DERIVED_OFFICIAL,2025-Mittelwert − offizielle Veränderung 2022→2025 (Table I.2.6),
M479 (Karte),Peru,2012,math,Mittelwert,368,COMPUTED_MICRODATA,"OECD-Mikrodaten (Public Use Files 2012/2015/2018/2022), aufbereitet in kevinwang09/learningtower; gewichteter Mittelwert (W_FSTUWT) eines Plausible Value je Domäne",
M479 (Karte),Peru,2012,read,Mittelwert,384,COMPUTED_MICRODATA,"OECD-Mikrodaten (Public Use Files 2012/2015/2018/2022), aufbereitet in kevinwang09/learningtower; gewichteter Mittelwert (W_FSTUWT) eines Plausible Value je Domäne",
M479 (Karte),Peru,2012,sci,Mittelwert,373,COMPUTED_MICRODATA,"OECD-Mikrodaten (Public Use Files 2012/2015/2018/2022), aufbereitet in kevinwang09/learningtower; gewichteter Mittelwert (W_FSTUWT) eines Plausible Value je Domäne",
M479 (Karte),Peru,2018,math,Mittelwert,399,COMPUTED_MICRODATA,"OECD-Mikrodaten (Public Use Files 2012/2015/2018/2022), aufbereitet in kevinwang09/learningtower; gewichteter Mittelwert (W_FSTUWT) eines Plausible Value je Domäne",
M479 (Karte),Peru,2018,read,Mittelwert,400,COMPUTED_MICRODATA,"OECD-Mikrodaten (Public Use Files 2012/2015/2018/2022), aufbereitet in kevinwang09/learningtower; gewichteter Mittelwert (W_FSTUWT) eines Plausible Value je Domäne",
M479 (Karte),Peru,2018,sci,Mittelwert,404,COMPUTED_MICRODATA,"OECD-Mikrodaten (Public Use Files 2012/2015/2018/2022), aufbereitet in kevinwang09/learningtower; gewichteter Mittelwert (W_FSTUWT) eines Plausible Value je Domäne",
M479 (Karte),Singapore,2015,math,Mittelwert,564,SECONDARY_OECDSTAT,"OECD.Stat-Extrakt 2003–2015 (Mirror kirenz/datasets, CC BY)",
M479 (Karte),Singapore,2015,read,Mittelwert,534,COMPUTED_MICRODATA,"OECD-Mikrodaten (Public Use Files 2012/2015/2018/2022), aufbereitet in kevinwang09/learningtower; gewichteter Mittelwert (W_FSTUWT) eines Plausible Value je Domäne",
M479 (Karte),Singapore,2015,sci,Mittelwert,555,COMPUTED_MICRODATA,"OECD-Mikrodaten (Public Use Files 2012/2015/2018/2022), aufbereitet in kevinwang09/learningtower; gewichteter Mittelwert (W_FSTUWT) eines Plausible Value je Domäne",
M479 (Karte),Singapore,2022,sci,Mittelwert,562,DERIVED_OFFICIAL,2025-Mittelwert − offizielle Veränderung 2022→2025 (Table I.2.6),
M479 (Karte),Singapore,2022,read,Mittelwert,543,DERIVED_OFFICIAL,2025-Mittelwert − offizielle Veränderung 2022→2025 (Table I.2.6),
M479 (Karte),Singapore,2022,math,Mittelwert,575,DERIVED_OFFICIAL,2025-Mittelwert − offizielle Veränderung 2022→2025 (Table I.2.6),
M479 (Karte),Singapore,2012,math,Mittelwert,573,COMPUTED_MICRODATA,"OECD-Mikrodaten (Public Use Files 2012/2015/2018/2022), aufbereitet in kevinwang09/learningtower; gewichteter Mittelwert (W_FSTUWT) eines Plausible Value je Domäne",
M479 (Karte),Singapore,2012,read,Mittelwert,542,COMPUTED_MICRODATA,"OECD-Mikrodaten (Public Use Files 2012/2015/2018/2022), aufbereitet in kevinwang09/learningtower; gewichteter Mittelwert (W_FSTUWT) eines Plausible Value je Domäne",
M479 (Karte),Singapore,2012,sci,Mittelwert,551,COMPUTED_MICRODATA,"OECD-Mikrodaten (Public Use Files 2012/2015/2018/2022), aufbereitet in kevinwang09/learningtower; gewichteter Mittelwert (W_FSTUWT) eines Plausible Value je Domäne",
M479 (Karte),Singapore,2018,math,Mittelwert,567,COMPUTED_MICRODATA,"OECD-Mikrodaten (Public Use Files 2012/2015/2018/2022), aufbereitet in kevinwang09/learningtower; gewichteter Mittelwert (W_FSTUWT) eines Plausible Value je Domäne",
M479 (Karte),Singapore,2018,read,Mittelwert,550,COMPUTED_MICRODATA,"OECD-Mikrodaten (Public Use Files 2012/2015/2018/2022), aufbereitet in kevinwang09/learningtower; gewichteter Mittelwert (W_FSTUWT) eines Plausible Value je Domäne",
M479 (Karte),Singapore,2018,sci,Mittelwert,550,COMPUTED_MICRODATA,"OECD-Mikrodaten (Public Use Files 2012/2015/2018/2022), aufbereitet in kevinwang09/learningtower; gewichteter Mittelwert (W_FSTUWT) eines Plausible Value je Domäne",
M479 (Karte),Chinese Taipei,2015,math,Mittelwert,542,SECONDARY_OECDSTAT,"OECD.Stat-Extrakt 2003–2015 (Mirror kirenz/datasets, CC BY)",
M479 (Karte),Chinese Taipei,2015,read,Mittelwert,497,COMPUTED_MICRODATA,"OECD-Mikrodaten (Public Use Files 2012/2015/2018/2022), aufbereitet in kevinwang09/learningtower; gewichteter Mittelwert (W_FSTUWT) eines Plausible Value je Domäne",
M479 (Karte),Chinese Taipei,2015,sci,Mittelwert,533,COMPUTED_MICRODATA,"OECD-Mikrodaten (Public Use Files 2012/2015/2018/2022), aufbereitet in kevinwang09/learningtower; gewichteter Mittelwert (W_FSTUWT) eines Plausible Value je Domäne",
M479 (Karte),Chinese Taipei,2022,sci,Mittelwert,537,DERIVED_OFFICIAL,2025-Mittelwert − offizielle Veränderung 2022→2025 (Table I.2.6),
M479 (Karte),Chinese Taipei,2022,read,Mittelwert,515,DERIVED_OFFICIAL,2025-Mittelwert − offizielle Veränderung 2022→2025 (Table I.2.6),
M479 (Karte),Chinese Taipei,2022,math,Mittelwert,547,DERIVED_OFFICIAL,2025-Mittelwert − offizielle Veränderung 2022→2025 (Table I.2.6),
M479 (Karte),Chinese Taipei,2012,math,Mittelwert,559,COMPUTED_MICRODATA,"OECD-Mikrodaten (Public Use Files 2012/2015/2018/2022), aufbereitet in kevinwang09/learningtower; gewichteter Mittelwert (W_FSTUWT) eines Plausible Value je Domäne",
M479 (Karte),Chinese Taipei,2012,read,Mittelwert,523,COMPUTED_MICRODATA,"OECD-Mikrodaten (Public Use Files 2012/2015/2018/2022), aufbereitet in kevinwang09/learningtower; gewichteter Mittelwert (W_FSTUWT) eines Plausible Value je Domäne",
M479 (Karte),Chinese Taipei,2012,sci,Mittelwert,523,COMPUTED_MICRODATA,"OECD-Mikrodaten (Public Use Files 2012/2015/2018/2022), aufbereitet in kevinwang09/learningtower; gewichteter Mittelwert (W_FSTUWT) eines Plausible Value je Domäne",
M479 (Karte),Chinese Taipei,2018,math,Mittelwert,532,COMPUTED_MICRODATA,"OECD-Mikrodaten (Public Use Files 2012/2015/2018/2022), aufbereitet in kevinwang09/learningtower; gewichteter Mittelwert (W_FSTUWT) eines Plausible Value je Domäne",
M479 (Karte),Chinese Taipei,2018,read,Mittelwert,502,COMPUTED_MICRODATA,"OECD-Mikrodaten (Public Use Files 2012/2015/2018/2022), aufbereitet in kevinwang09/learningtower; gewichteter Mittelwert (W_FSTUWT) eines Plausible Value je Domäne",
M479 (Karte),Chinese Taipei,2018,sci,Mittelwert,515,COMPUTED_MICRODATA,"OECD-Mikrodaten (Public Use Files 2012/2015/2018/2022), aufbereitet in kevinwang09/learningtower; gewichteter Mittelwert (W_FSTUWT) eines Plausible Value je Domäne",
M479 (Karte),Macao (China),2015,math,Mittelwert,544,SECONDARY_OECDSTAT,"OECD.Stat-Extrakt 2003–2015 (Mirror kirenz/datasets, CC BY)",
M479 (Karte),Macao (China),2015,read,Mittelwert,508,COMPUTED_MICRODATA,"OECD-Mikrodaten (Public Use Files 2012/2015/2018/2022), aufbereitet in kevinwang09/learningtower; gewichteter Mittelwert (W_FSTUWT) eines Plausible Value je Domäne",
M479 (Karte),Macao (China),2015,sci,Mittelwert,528,COMPUTED_MICRODATA,"OECD-Mikrodaten (Public Use Files 2012/2015/2018/2022), aufbereitet in kevinwang09/learningtower; gewichteter Mittelwert (W_FSTUWT) eines Plausible Value je Domäne",
M479 (Karte),Macao (China),2022,sci,Mittelwert,543,DERIVED_OFFICIAL,2025-Mittelwert − offizielle Veränderung 2022→2025 (Table I.2.6),
M479 (Karte),Macao (China),2022,read,Mittelwert,510,DERIVED_OFFICIAL,2025-Mittelwert − offizielle Veränderung 2022→2025 (Table I.2.6),
M479 (Karte),Macao (China),2022,math,Mittelwert,552,DERIVED_OFFICIAL,2025-Mittelwert − offizielle Veränderung 2022→2025 (Table I.2.6),
M479 (Karte),Macao (China),2012,math,Mittelwert,538,COMPUTED_MICRODATA,"OECD-Mikrodaten (Public Use Files 2012/2015/2018/2022), aufbereitet in kevinwang09/learningtower; gewichteter Mittelwert (W_FSTUWT) eines Plausible Value je Domäne",
M479 (Karte),Macao (China),2012,read,Mittelwert,509,COMPUTED_MICRODATA,"OECD-Mikrodaten (Public Use Files 2012/2015/2018/2022), aufbereitet in kevinwang09/learningtower; gewichteter Mittelwert (W_FSTUWT) eines Plausible Value je Domäne",
M479 (Karte),Macao (China),2012,sci,Mittelwert,521,COMPUTED_MICRODATA,"OECD-Mikrodaten (Public Use Files 2012/2015/2018/2022), aufbereitet in kevinwang09/learningtower; gewichteter Mittelwert (W_FSTUWT) eines Plausible Value je Domäne",
M479 (Karte),Macao (China),2018,math,Mittelwert,557,COMPUTED_MICRODATA,"OECD-Mikrodaten (Public Use Files 2012/2015/2018/2022), aufbereitet in kevinwang09/learningtower; gewichteter Mittelwert (W_FSTUWT) eines Plausible Value je Domäne",
M479 (Karte),Macao (China),2018,read,Mittelwert,525,COMPUTED_MICRODATA,"OECD-Mikrodaten (Public Use Files 2012/2015/2018/2022), aufbereitet in kevinwang09/learningtower; gewichteter Mittelwert (W_FSTUWT) eines Plausible Value je Domäne",
M479 (Karte),Macao (China),2018,sci,Mittelwert,542,COMPUTED_MICRODATA,"OECD-Mikrodaten (Public Use Files 2012/2015/2018/2022), aufbereitet in kevinwang09/learningtower; gewichteter Mittelwert (W_FSTUWT) eines Plausible Value je Domäne",
M479 (Karte),B-S-J-Z (China),2018,math,Mittelwert,591,COMPUTED_MICRODATA,"OECD-Mikrodaten (Public Use Files 2012/2015/2018/2022), aufbereitet in kevinwang09/learningtower; gewichteter Mittelwert (W_FSTUWT) eines Plausible Value je Domäne",
M479 (Karte),B-S-J-Z (China),2018,read,Mittelwert,555,COMPUTED_MICRODATA,"OECD-Mikrodaten (Public Use Files 2012/2015/2018/2022), aufbereitet in kevinwang09/learningtower; gewichteter Mittelwert (W_FSTUWT) eines Plausible Value je Domäne",
M479 (Karte),B-S-J-Z (China),2018,sci,Mittelwert,590,COMPUTED_MICRODATA,"OECD-Mikrodaten (Public Use Files 2012/2015/2018/2022), aufbereitet in kevinwang09/learningtower; gewichteter Mittelwert (W_FSTUWT) eines Plausible Value je Domäne",
M479 (Karte),Croatia,2022,sci,Mittelwert,483,DERIVED_OFFICIAL,2025-Mittelwert − offizielle Veränderung 2022→2025 (Table I.2.6),
M479 (Karte),Croatia,2022,read,Mittelwert,476,DERIVED_OFFICIAL,2025-Mittelwert − offizielle Veränderung 2022→2025 (Table I.2.6),
M479 (Karte),Croatia,2022,math,Mittelwert,463,DERIVED_OFFICIAL,2025-Mittelwert − offizielle Veränderung 2022→2025 (Table I.2.6),
M479 (Karte),Croatia,2012,math,Mittelwert,471,COMPUTED_MICRODATA,"OECD-Mikrodaten (Public Use Files 2012/2015/2018/2022), aufbereitet in kevinwang09/learningtower; gewichteter Mittelwert (W_FSTUWT) eines Plausible Value je Domäne",
M479 (Karte),Croatia,2012,read,Mittelwert,485,COMPUTED_MICRODATA,"OECD-Mikrodaten (Public Use Files 2012/2015/2018/2022), aufbereitet in kevinwang09/learningtower; gewichteter Mittelwert (W_FSTUWT) eines Plausible Value je Domäne",
M479 (Karte),Croatia,2012,sci,Mittelwert,491,COMPUTED_MICRODATA,"OECD-Mikrodaten (Public Use Files 2012/2015/2018/2022), aufbereitet in kevinwang09/learningtower; gewichteter Mittelwert (W_FSTUWT) eines Plausible Value je Domäne",
M479 (Karte),Croatia,2015,math,Mittelwert,463,COMPUTED_MICRODATA,"OECD-Mikrodaten (Public Use Files 2012/2015/2018/2022), aufbereitet in kevinwang09/learningtower; gewichteter Mittelwert (W_FSTUWT) eines Plausible Value je Domäne",
M479 (Karte),Croatia,2015,read,Mittelwert,487,COMPUTED_MICRODATA,"OECD-Mikrodaten (Public Use Files 2012/2015/2018/2022), aufbereitet in kevinwang09/learningtower; gewichteter Mittelwert (W_FSTUWT) eines Plausible Value je Domäne",
M479 (Karte),Croatia,2015,sci,Mittelwert,475,COMPUTED_MICRODATA,"OECD-Mikrodaten (Public Use Files 2012/2015/2018/2022), aufbereitet in kevinwang09/learningtower; gewichteter Mittelwert (W_FSTUWT) eines Plausible Value je Domäne",
M479 (Karte),Croatia,2018,math,Mittelwert,464,COMPUTED_MICRODATA,"OECD-Mikrodaten (Public Use Files 2012/2015/2018/2022), aufbereitet in kevinwang09/learningtower; gewichteter Mittelwert (W_FSTUWT) eines Plausible Value je Domäne",
M479 (Karte),Croatia,2018,read,Mittelwert,479,COMPUTED_MICRODATA,"OECD-Mikrodaten (Public Use Files 2012/2015/2018/2022), aufbereitet in kevinwang09/learningtower; gewichteter Mittelwert (W_FSTUWT) eines Plausible Value je Domäne",
M479 (Karte),Croatia,2018,sci,Mittelwert,473,COMPUTED_MICRODATA,"OECD-Mikrodaten (Public Use Files 2012/2015/2018/2022), aufbereitet in kevinwang09/learningtower; gewichteter Mittelwert (W_FSTUWT) eines Plausible Value je Domäne",
M479 (Karte),Lithuania,2022,sci,Mittelwert,484,DERIVED_OFFICIAL,2025-Mittelwert − offizielle Veränderung 2022→2025 (Table I.2.6),
M479 (Karte),Lithuania,2022,read,Mittelwert,472,DERIVED_OFFICIAL,2025-Mittelwert − offizielle Veränderung 2022→2025 (Table I.2.6),
M479 (Karte),Lithuania,2022,math,Mittelwert,475,DERIVED_OFFICIAL,2025-Mittelwert − offizielle Veränderung 2022→2025 (Table I.2.6),
M479 (Karte),Lithuania,2012,math,Mittelwert,478,COMPUTED_MICRODATA,"OECD-Mikrodaten (Public Use Files 2012/2015/2018/2022), aufbereitet in kevinwang09/learningtower; gewichteter Mittelwert (W_FSTUWT) eines Plausible Value je Domäne",
M479 (Karte),Lithuania,2012,read,Mittelwert,477,COMPUTED_MICRODATA,"OECD-Mikrodaten (Public Use Files 2012/2015/2018/2022), aufbereitet in kevinwang09/learningtower; gewichteter Mittelwert (W_FSTUWT) eines Plausible Value je Domäne",
M479 (Karte),Lithuania,2012,sci,Mittelwert,496,COMPUTED_MICRODATA,"OECD-Mikrodaten (Public Use Files 2012/2015/2018/2022), aufbereitet in kevinwang09/learningtower; gewichteter Mittelwert (W_FSTUWT) eines Plausible Value je Domäne",
M479 (Karte),Lithuania,2015,math,Mittelwert,479,COMPUTED_MICRODATA,"OECD-Mikrodaten (Public Use Files 2012/2015/2018/2022), aufbereitet in kevinwang09/learningtower; gewichteter Mittelwert (W_FSTUWT) eines Plausible Value je Domäne",
M479 (Karte),Lithuania,2015,read,Mittelwert,472,COMPUTED_MICRODATA,"OECD-Mikrodaten (Public Use Files 2012/2015/2018/2022), aufbereitet in kevinwang09/learningtower; gewichteter Mittelwert (W_FSTUWT) eines Plausible Value je Domäne",
M479 (Karte),Lithuania,2015,sci,Mittelwert,476,COMPUTED_MICRODATA,"OECD-Mikrodaten (Public Use Files 2012/2015/2018/2022), aufbereitet in kevinwang09/learningtower; gewichteter Mittelwert (W_FSTUWT) eines Plausible Value je Domäne",
M479 (Karte),Lithuania,2018,math,Mittelwert,484,COMPUTED_MICRODATA,"OECD-Mikrodaten (Public Use Files 2012/2015/2018/2022), aufbereitet in kevinwang09/learningtower; gewichteter Mittelwert (W_FSTUWT) eines Plausible Value je Domäne",
M479 (Karte),Lithuania,2018,read,Mittelwert,476,COMPUTED_MICRODATA,"OECD-Mikrodaten (Public Use Files 2012/2015/2018/2022), aufbereitet in kevinwang09/learningtower; gewichteter Mittelwert (W_FSTUWT) eines Plausible Value je Domäne",
M479 (Karte),Lithuania,2018,sci,Mittelwert,482,COMPUTED_MICRODATA,"OECD-Mikrodaten (Public Use Files 2012/2015/2018/2022), aufbereitet in kevinwang09/learningtower; gewichteter Mittelwert (W_FSTUWT) eines Plausible Value je Domäne",
M479 (Karte),Ukrainian regions (17 of 27),2022,sci,Mittelwert,449,DERIVED_OFFICIAL,2025-Mittelwert − offizielle Veränderung 2022→2025 (Table I.2.6),
M479 (Karte),Ukrainian regions (17 of 27),2022,read,Mittelwert,427,DERIVED_OFFICIAL,2025-Mittelwert − offizielle Veränderung 2022→2025 (Table I.2.6),
M479 (Karte),Ukrainian regions (17 of 27),2022,math,Mittelwert,440,DERIVED_OFFICIAL,2025-Mittelwert − offizielle Veränderung 2022→2025 (Table I.2.6),
M479 (Karte),Ukrainian regions (17 of 27),2015,math,Mittelwert,500,COMPUTED_MICRODATA,"OECD-Mikrodaten (Public Use Files 2012/2015/2018/2022), aufbereitet in kevinwang09/learningtower; gewichteter Mittelwert (W_FSTUWT) eines Plausible Value je Domäne",
M479 (Karte),Ukrainian regions (17 of 27),2015,read,Mittelwert,527,COMPUTED_MICRODATA,"OECD-Mikrodaten (Public Use Files 2012/2015/2018/2022), aufbereitet in kevinwang09/learningtower; gewichteter Mittelwert (W_FSTUWT) eines Plausible Value je Domäne",
M479 (Karte),Ukrainian regions (17 of 27),2015,sci,Mittelwert,531,COMPUTED_MICRODATA,"OECD-Mikrodaten (Public Use Files 2012/2015/2018/2022), aufbereitet in kevinwang09/learningtower; gewichteter Mittelwert (W_FSTUWT) eines Plausible Value je Domäne",
M479 (Karte),Ukrainian regions (17 of 27),2018,math,Mittelwert,453,COMPUTED_MICRODATA,"OECD-Mikrodaten (Public Use Files 2012/2015/2018/2022), aufbereitet in kevinwang09/learningtower; gewichteter Mittelwert (W_FSTUWT) eines Plausible Value je Domäne",
M479 (Karte),Ukrainian regions (17 of 27),2018,read,Mittelwert,465,COMPUTED_MICRODATA,"OECD-Mikrodaten (Public Use Files 2012/2015/2018/2022), aufbereitet in kevinwang09/learningtower; gewichteter Mittelwert (W_FSTUWT) eines Plausible Value je Domäne",
M479 (Karte),Ukrainian regions (17 of 27),2018,sci,Mittelwert,469,COMPUTED_MICRODATA,"OECD-Mikrodaten (Public Use Files 2012/2015/2018/2022), aufbereitet in kevinwang09/learningtower; gewichteter Mittelwert (W_FSTUWT) eines Plausible Value je Domäne",
M479 (Karte),Malta,2022,sci,Mittelwert,466,DERIVED_OFFICIAL,2025-Mittelwert − offizielle Veränderung 2022→2025 (Table I.2.6),
M479 (Karte),Malta,2022,read,Mittelwert,445,DERIVED_OFFICIAL,2025-Mittelwert − offizielle Veränderung 2022→2025 (Table I.2.6),
M479 (Karte),Malta,2022,math,Mittelwert,466,DERIVED_OFFICIAL,2025-Mittelwert − offizielle Veränderung 2022→2025 (Table I.2.6),
M479 (Karte),Malta,2015,math,Mittelwert,477,COMPUTED_MICRODATA,"OECD-Mikrodaten (Public Use Files 2012/2015/2018/2022), aufbereitet in kevinwang09/learningtower; gewichteter Mittelwert (W_FSTUWT) eines Plausible Value je Domäne",
M479 (Karte),Malta,2015,read,Mittelwert,448,COMPUTED_MICRODATA,"OECD-Mikrodaten (Public Use Files 2012/2015/2018/2022), aufbereitet in kevinwang09/learningtower; gewichteter Mittelwert (W_FSTUWT) eines Plausible Value je Domäne",
M479 (Karte),Malta,2015,sci,Mittelwert,466,COMPUTED_MICRODATA,"OECD-Mikrodaten (Public Use Files 2012/2015/2018/2022), aufbereitet in kevinwang09/learningtower; gewichteter Mittelwert (W_FSTUWT) eines Plausible Value je Domäne",
M479 (Karte),Malta,2018,math,Mittelwert,471,COMPUTED_MICRODATA,"OECD-Mikrodaten (Public Use Files 2012/2015/2018/2022), aufbereitet in kevinwang09/learningtower; gewichteter Mittelwert (W_FSTUWT) eines Plausible Value je Domäne",
M479 (Karte),Malta,2018,read,Mittelwert,448,COMPUTED_MICRODATA,"OECD-Mikrodaten (Public Use Files 2012/2015/2018/2022), aufbereitet in kevinwang09/learningtower; gewichteter Mittelwert (W_FSTUWT) eines Plausible Value je Domäne",
M479 (Karte),Malta,2018,sci,Mittelwert,457,COMPUTED_MICRODATA,"OECD-Mikrodaten (Public Use Files 2012/2015/2018/2022), aufbereitet in kevinwang09/learningtower; gewichteter Mittelwert (W_FSTUWT) eines Plausible Value je Domäne",
M479 (Karte),Serbia,2022,sci,Mittelwert,448,DERIVED_OFFICIAL,2025-Mittelwert − offizielle Veränderung 2022→2025 (Table I.2.6),
M479 (Karte),Serbia,2022,read,Mittelwert,440,DERIVED_OFFICIAL,2025-Mittelwert − offizielle Veränderung 2022→2025 (Table I.2.6),
M479 (Karte),Serbia,2022,math,Mittelwert,440,DERIVED_OFFICIAL,2025-Mittelwert − offizielle Veränderung 2022→2025 (Table I.2.6),
M479 (Karte),Serbia,2012,math,Mittelwert,449,COMPUTED_MICRODATA,"OECD-Mikrodaten (Public Use Files 2012/2015/2018/2022), aufbereitet in kevinwang09/learningtower; gewichteter Mittelwert (W_FSTUWT) eines Plausible Value je Domäne",
M479 (Karte),Serbia,2012,read,Mittelwert,446,COMPUTED_MICRODATA,"OECD-Mikrodaten (Public Use Files 2012/2015/2018/2022), aufbereitet in kevinwang09/learningtower; gewichteter Mittelwert (W_FSTUWT) eines Plausible Value je Domäne",
M479 (Karte),Serbia,2012,sci,Mittelwert,444,COMPUTED_MICRODATA,"OECD-Mikrodaten (Public Use Files 2012/2015/2018/2022), aufbereitet in kevinwang09/learningtower; gewichteter Mittelwert (W_FSTUWT) eines Plausible Value je Domäne",
M479 (Karte),Serbia,2018,math,Mittelwert,448,COMPUTED_MICRODATA,"OECD-Mikrodaten (Public Use Files 2012/2015/2018/2022), aufbereitet in kevinwang09/learningtower; gewichteter Mittelwert (W_FSTUWT) eines Plausible Value je Domäne",
M479 (Karte),Serbia,2018,read,Mittelwert,439,COMPUTED_MICRODATA,"OECD-Mikrodaten (Public Use Files 2012/2015/2018/2022), aufbereitet in kevinwang09/learningtower; gewichteter Mittelwert (W_FSTUWT) eines Plausible Value je Domäne",
M479 (Karte),Serbia,2018,sci,Mittelwert,438,COMPUTED_MICRODATA,"OECD-Mikrodaten (Public Use Files 2012/2015/2018/2022), aufbereitet in kevinwang09/learningtower; gewichteter Mittelwert (W_FSTUWT) eines Plausible Value je Domäne",
M479 (Karte),United Arab Emirates,2022,sci,Mittelwert,432,DERIVED_OFFICIAL,2025-Mittelwert − offizielle Veränderung 2022→2025 (Table I.2.6),
M479 (Karte),United Arab Emirates,2022,read,Mittelwert,417,DERIVED_OFFICIAL,2025-Mittelwert − offizielle Veränderung 2022→2025 (Table I.2.6),
M479 (Karte),United Arab Emirates,2022,math,Mittelwert,431,DERIVED_OFFICIAL,2025-Mittelwert − offizielle Veränderung 2022→2025 (Table I.2.6),
M479 (Karte),United Arab Emirates,2012,math,Mittelwert,434,COMPUTED_MICRODATA,"OECD-Mikrodaten (Public Use Files 2012/2015/2018/2022), aufbereitet in kevinwang09/learningtower; gewichteter Mittelwert (W_FSTUWT) eines Plausible Value je Domäne",
M479 (Karte),United Arab Emirates,2012,read,Mittelwert,442,COMPUTED_MICRODATA,"OECD-Mikrodaten (Public Use Files 2012/2015/2018/2022), aufbereitet in kevinwang09/learningtower; gewichteter Mittelwert (W_FSTUWT) eines Plausible Value je Domäne",
M479 (Karte),United Arab Emirates,2012,sci,Mittelwert,449,COMPUTED_MICRODATA,"OECD-Mikrodaten (Public Use Files 2012/2015/2018/2022), aufbereitet in kevinwang09/learningtower; gewichteter Mittelwert (W_FSTUWT) eines Plausible Value je Domäne",
M479 (Karte),United Arab Emirates,2015,math,Mittelwert,427,COMPUTED_MICRODATA,"OECD-Mikrodaten (Public Use Files 2012/2015/2018/2022), aufbereitet in kevinwang09/learningtower; gewichteter Mittelwert (W_FSTUWT) eines Plausible Value je Domäne",
M479 (Karte),United Arab Emirates,2015,read,Mittelwert,432,COMPUTED_MICRODATA,"OECD-Mikrodaten (Public Use Files 2012/2015/2018/2022), aufbereitet in kevinwang09/learningtower; gewichteter Mittelwert (W_FSTUWT) eines Plausible Value je Domäne",
M479 (Karte),United Arab Emirates,2015,sci,Mittelwert,437,COMPUTED_MICRODATA,"OECD-Mikrodaten (Public Use Files 2012/2015/2018/2022), aufbereitet in kevinwang09/learningtower; gewichteter Mittelwert (W_FSTUWT) eines Plausible Value je Domäne",
M479 (Karte),United Arab Emirates,2018,math,Mittelwert,437,COMPUTED_MICRODATA,"OECD-Mikrodaten (Public Use Files 2012/2015/2018/2022), aufbereitet in kevinwang09/learningtower; gewichteter Mittelwert (W_FSTUWT) eines Plausible Value je Domäne",
M479 (Karte),United Arab Emirates,2018,read,Mittelwert,431,COMPUTED_MICRODATA,"OECD-Mikrodaten (Public Use Files 2012/2015/2018/2022), aufbereitet in kevinwang09/learningtower; gewichteter Mittelwert (W_FSTUWT) eines Plausible Value je Domäne",
M479 (Karte),United Arab Emirates,2018,sci,Mittelwert,433,COMPUTED_MICRODATA,"OECD-Mikrodaten (Public Use Files 2012/2015/2018/2022), aufbereitet in kevinwang09/learningtower; gewichteter Mittelwert (W_FSTUWT) eines Plausible Value je Domäne",
M479 (Karte),Romania,2022,sci,Mittelwert,428,DERIVED_OFFICIAL,2025-Mittelwert − offizielle Veränderung 2022→2025 (Table I.2.6),
M479 (Karte),Romania,2022,read,Mittelwert,428,DERIVED_OFFICIAL,2025-Mittelwert − offizielle Veränderung 2022→2025 (Table I.2.6),
M479 (Karte),Romania,2022,math,Mittelwert,428,DERIVED_OFFICIAL,2025-Mittelwert − offizielle Veränderung 2022→2025 (Table I.2.6),
M479 (Karte),Romania,2012,math,Mittelwert,445,COMPUTED_MICRODATA,"OECD-Mikrodaten (Public Use Files 2012/2015/2018/2022), aufbereitet in kevinwang09/learningtower; gewichteter Mittelwert (W_FSTUWT) eines Plausible Value je Domäne",
M479 (Karte),Romania,2012,read,Mittelwert,438,COMPUTED_MICRODATA,"OECD-Mikrodaten (Public Use Files 2012/2015/2018/2022), aufbereitet in kevinwang09/learningtower; gewichteter Mittelwert (W_FSTUWT) eines Plausible Value je Domäne",
M479 (Karte),Romania,2012,sci,Mittelwert,439,COMPUTED_MICRODATA,"OECD-Mikrodaten (Public Use Files 2012/2015/2018/2022), aufbereitet in kevinwang09/learningtower; gewichteter Mittelwert (W_FSTUWT) eines Plausible Value je Domäne",
M479 (Karte),Romania,2015,math,Mittelwert,443,COMPUTED_MICRODATA,"OECD-Mikrodaten (Public Use Files 2012/2015/2018/2022), aufbereitet in kevinwang09/learningtower; gewichteter Mittelwert (W_FSTUWT) eines Plausible Value je Domäne",
M479 (Karte),Romania,2015,read,Mittelwert,433,COMPUTED_MICRODATA,"OECD-Mikrodaten (Public Use Files 2012/2015/2018/2022), aufbereitet in kevinwang09/learningtower; gewichteter Mittelwert (W_FSTUWT) eines Plausible Value je Domäne",
M479 (Karte),Romania,2015,sci,Mittelwert,435,COMPUTED_MICRODATA,"OECD-Mikrodaten (Public Use Files 2012/2015/2018/2022), aufbereitet in kevinwang09/learningtower; gewichteter Mittelwert (W_FSTUWT) eines Plausible Value je Domäne",
M479 (Karte),Romania,2018,math,Mittelwert,431,COMPUTED_MICRODATA,"OECD-Mikrodaten (Public Use Files 2012/2015/2018/2022), aufbereitet in kevinwang09/learningtower; gewichteter Mittelwert (W_FSTUWT) eines Plausible Value je Domäne",
M479 (Karte),Romania,2018,read,Mittelwert,427,COMPUTED_MICRODATA,"OECD-Mikrodaten (Public Use Files 2012/2015/2018/2022), aufbereitet in kevinwang09/learningtower; gewichteter Mittelwert (W_FSTUWT) eines Plausible Value je Domäne",
M479 (Karte),Romania,2018,sci,Mittelwert,425,COMPUTED_MICRODATA,"OECD-Mikrodaten (Public Use Files 2012/2015/2018/2022), aufbereitet in kevinwang09/learningtower; gewichteter Mittelwert (W_FSTUWT) eines Plausible Value je Domäne",
M479 (Karte),Uruguay,2022,sci,Mittelwert,435,DERIVED_OFFICIAL,2025-Mittelwert − offizielle Veränderung 2022→2025 (Table I.2.6),
M479 (Karte),Uruguay,2022,read,Mittelwert,430,DERIVED_OFFICIAL,2025-Mittelwert − offizielle Veränderung 2022→2025 (Table I.2.6),
M479 (Karte),Uruguay,2022,math,Mittelwert,409,DERIVED_OFFICIAL,2025-Mittelwert − offizielle Veränderung 2022→2025 (Table I.2.6),
M479 (Karte),Uruguay,2012,math,Mittelwert,409,COMPUTED_MICRODATA,"OECD-Mikrodaten (Public Use Files 2012/2015/2018/2022), aufbereitet in kevinwang09/learningtower; gewichteter Mittelwert (W_FSTUWT) eines Plausible Value je Domäne",
M479 (Karte),Uruguay,2012,read,Mittelwert,412,COMPUTED_MICRODATA,"OECD-Mikrodaten (Public Use Files 2012/2015/2018/2022), aufbereitet in kevinwang09/learningtower; gewichteter Mittelwert (W_FSTUWT) eines Plausible Value je Domäne",
M479 (Karte),Uruguay,2012,sci,Mittelwert,416,COMPUTED_MICRODATA,"OECD-Mikrodaten (Public Use Files 2012/2015/2018/2022), aufbereitet in kevinwang09/learningtower; gewichteter Mittelwert (W_FSTUWT) eines Plausible Value je Domäne",
M479 (Karte),Uruguay,2015,math,Mittelwert,420,COMPUTED_MICRODATA,"OECD-Mikrodaten (Public Use Files 2012/2015/2018/2022), aufbereitet in kevinwang09/learningtower; gewichteter Mittelwert (W_FSTUWT) eines Plausible Value je Domäne",
M479 (Karte),Uruguay,2015,read,Mittelwert,438,COMPUTED_MICRODATA,"OECD-Mikrodaten (Public Use Files 2012/2015/2018/2022), aufbereitet in kevinwang09/learningtower; gewichteter Mittelwert (W_FSTUWT) eines Plausible Value je Domäne",
M479 (Karte),Uruguay,2015,sci,Mittelwert,435,COMPUTED_MICRODATA,"OECD-Mikrodaten (Public Use Files 2012/2015/2018/2022), aufbereitet in kevinwang09/learningtower; gewichteter Mittelwert (W_FSTUWT) eines Plausible Value je Domäne",
M479 (Karte),Uruguay,2018,math,Mittelwert,416,COMPUTED_MICRODATA,"OECD-Mikrodaten (Public Use Files 2012/2015/2018/2022), aufbereitet in kevinwang09/learningtower; gewichteter Mittelwert (W_FSTUWT) eines Plausible Value je Domäne",
M479 (Karte),Uruguay,2018,read,Mittelwert,426,COMPUTED_MICRODATA,"OECD-Mikrodaten (Public Use Files 2012/2015/2018/2022), aufbereitet in kevinwang09/learningtower; gewichteter Mittelwert (W_FSTUWT) eines Plausible Value je Domäne",
M479 (Karte),Uruguay,2018,sci,Mittelwert,426,COMPUTED_MICRODATA,"OECD-Mikrodaten (Public Use Files 2012/2015/2018/2022), aufbereitet in kevinwang09/learningtower; gewichteter Mittelwert (W_FSTUWT) eines Plausible Value je Domäne",
M479 (Karte),Costa Rica,2022,sci,Mittelwert,411,DERIVED_OFFICIAL,2025-Mittelwert − offizielle Veränderung 2022→2025 (Table I.2.6),
M479 (Karte),Costa Rica,2022,read,Mittelwert,415,DERIVED_OFFICIAL,2025-Mittelwert − offizielle Veränderung 2022→2025 (Table I.2.6),
M479 (Karte),Costa Rica,2022,math,Mittelwert,385,DERIVED_OFFICIAL,2025-Mittelwert − offizielle Veränderung 2022→2025 (Table I.2.6),
M479 (Karte),Costa Rica,2012,math,Mittelwert,407,COMPUTED_MICRODATA,"OECD-Mikrodaten (Public Use Files 2012/2015/2018/2022), aufbereitet in kevinwang09/learningtower; gewichteter Mittelwert (W_FSTUWT) eines Plausible Value je Domäne",
M479 (Karte),Costa Rica,2012,read,Mittelwert,441,COMPUTED_MICRODATA,"OECD-Mikrodaten (Public Use Files 2012/2015/2018/2022), aufbereitet in kevinwang09/learningtower; gewichteter Mittelwert (W_FSTUWT) eines Plausible Value je Domäne",
M479 (Karte),Costa Rica,2012,sci,Mittelwert,430,COMPUTED_MICRODATA,"OECD-Mikrodaten (Public Use Files 2012/2015/2018/2022), aufbereitet in kevinwang09/learningtower; gewichteter Mittelwert (W_FSTUWT) eines Plausible Value je Domäne",
M479 (Karte),Costa Rica,2015,math,Mittelwert,400,COMPUTED_MICRODATA,"OECD-Mikrodaten (Public Use Files 2012/2015/2018/2022), aufbereitet in kevinwang09/learningtower; gewichteter Mittelwert (W_FSTUWT) eines Plausible Value je Domäne",
M479 (Karte),Costa Rica,2015,read,Mittelwert,427,COMPUTED_MICRODATA,"OECD-Mikrodaten (Public Use Files 2012/2015/2018/2022), aufbereitet in kevinwang09/learningtower; gewichteter Mittelwert (W_FSTUWT) eines Plausible Value je Domäne",
M479 (Karte),Costa Rica,2015,sci,Mittelwert,420,COMPUTED_MICRODATA,"OECD-Mikrodaten (Public Use Files 2012/2015/2018/2022), aufbereitet in kevinwang09/learningtower; gewichteter Mittelwert (W_FSTUWT) eines Plausible Value je Domäne",
M479 (Karte),Costa Rica,2018,math,Mittelwert,404,COMPUTED_MICRODATA,"OECD-Mikrodaten (Public Use Files 2012/2015/2018/2022), aufbereitet in kevinwang09/learningtower; gewichteter Mittelwert (W_FSTUWT) eines Plausible Value je Domäne",
M479 (Karte),Costa Rica,2018,read,Mittelwert,427,COMPUTED_MICRODATA,"OECD-Mikrodaten (Public Use Files 2012/2015/2018/2022), aufbereitet in kevinwang09/learningtower; gewichteter Mittelwert (W_FSTUWT) eines Plausible Value je Domäne",
M479 (Karte),Costa Rica,2018,sci,Mittelwert,415,COMPUTED_MICRODATA,"OECD-Mikrodaten (Public Use Files 2012/2015/2018/2022), aufbereitet in kevinwang09/learningtower; gewichteter Mittelwert (W_FSTUWT) eines Plausible Value je Domäne",
M479 (Karte),Moldova,2022,sci,Mittelwert,417,DERIVED_OFFICIAL,2025-Mittelwert − offizielle Veränderung 2022→2025 (Table I.2.6),
M479 (Karte),Moldova,2022,read,Mittelwert,411,DERIVED_OFFICIAL,2025-Mittelwert − offizielle Veränderung 2022→2025 (Table I.2.6),
M479 (Karte),Moldova,2022,math,Mittelwert,414,DERIVED_OFFICIAL,2025-Mittelwert − offizielle Veränderung 2022→2025 (Table I.2.6),
M479 (Karte),Moldova,2015,math,Mittelwert,419,COMPUTED_MICRODATA,"OECD-Mikrodaten (Public Use Files 2012/2015/2018/2022), aufbereitet in kevinwang09/learningtower; gewichteter Mittelwert (W_FSTUWT) eines Plausible Value je Domäne",
M479 (Karte),Moldova,2015,read,Mittelwert,417,COMPUTED_MICRODATA,"OECD-Mikrodaten (Public Use Files 2012/2015/2018/2022), aufbereitet in kevinwang09/learningtower; gewichteter Mittelwert (W_FSTUWT) eines Plausible Value je Domäne",
M479 (Karte),Moldova,2015,sci,Mittelwert,428,COMPUTED_MICRODATA,"OECD-Mikrodaten (Public Use Files 2012/2015/2018/2022), aufbereitet in kevinwang09/learningtower; gewichteter Mittelwert (W_FSTUWT) eines Plausible Value je Domäne",
M479 (Karte),Moldova,2018,math,Mittelwert,419,COMPUTED_MICRODATA,"OECD-Mikrodaten (Public Use Files 2012/2015/2018/2022), aufbereitet in kevinwang09/learningtower; gewichteter Mittelwert (W_FSTUWT) eines Plausible Value je Domäne",
M479 (Karte),Moldova,2018,read,Mittelwert,424,COMPUTED_MICRODATA,"OECD-Mikrodaten (Public Use Files 2012/2015/2018/2022), aufbereitet in kevinwang09/learningtower; gewichteter Mittelwert (W_FSTUWT) eines Plausible Value je Domäne",
M479 (Karte),Moldova,2018,sci,Mittelwert,428,COMPUTED_MICRODATA,"OECD-Mikrodaten (Public Use Files 2012/2015/2018/2022), aufbereitet in kevinwang09/learningtower; gewichteter Mittelwert (W_FSTUWT) eines Plausible Value je Domäne",
M479 (Karte),Montenegro,2022,sci,Mittelwert,403,DERIVED_OFFICIAL,2025-Mittelwert − offizielle Veränderung 2022→2025 (Table I.2.6),
M479 (Karte),Montenegro,2022,read,Mittelwert,405,DERIVED_OFFICIAL,2025-Mittelwert − offizielle Veränderung 2022→2025 (Table I.2.6),
M479 (Karte),Montenegro,2022,math,Mittelwert,406,DERIVED_OFFICIAL,2025-Mittelwert − offizielle Veränderung 2022→2025 (Table I.2.6),
M479 (Karte),Montenegro,2012,math,Mittelwert,410,COMPUTED_MICRODATA,"OECD-Mikrodaten (Public Use Files 2012/2015/2018/2022), aufbereitet in kevinwang09/learningtower; gewichteter Mittelwert (W_FSTUWT) eines Plausible Value je Domäne",
M479 (Karte),Montenegro,2012,read,Mittelwert,422,COMPUTED_MICRODATA,"OECD-Mikrodaten (Public Use Files 2012/2015/2018/2022), aufbereitet in kevinwang09/learningtower; gewichteter Mittelwert (W_FSTUWT) eines Plausible Value je Domäne",
M479 (Karte),Montenegro,2012,sci,Mittelwert,410,COMPUTED_MICRODATA,"OECD-Mikrodaten (Public Use Files 2012/2015/2018/2022), aufbereitet in kevinwang09/learningtower; gewichteter Mittelwert (W_FSTUWT) eines Plausible Value je Domäne",
M479 (Karte),Montenegro,2015,math,Mittelwert,416,COMPUTED_MICRODATA,"OECD-Mikrodaten (Public Use Files 2012/2015/2018/2022), aufbereitet in kevinwang09/learningtower; gewichteter Mittelwert (W_FSTUWT) eines Plausible Value je Domäne",
M479 (Karte),Montenegro,2015,read,Mittelwert,426,COMPUTED_MICRODATA,"OECD-Mikrodaten (Public Use Files 2012/2015/2018/2022), aufbereitet in kevinwang09/learningtower; gewichteter Mittelwert (W_FSTUWT) eines Plausible Value je Domäne",
M479 (Karte),Montenegro,2015,sci,Mittelwert,412,COMPUTED_MICRODATA,"OECD-Mikrodaten (Public Use Files 2012/2015/2018/2022), aufbereitet in kevinwang09/learningtower; gewichteter Mittelwert (W_FSTUWT) eines Plausible Value je Domäne",
M479 (Karte),Montenegro,2018,math,Mittelwert,429,COMPUTED_MICRODATA,"OECD-Mikrodaten (Public Use Files 2012/2015/2018/2022), aufbereitet in kevinwang09/learningtower; gewichteter Mittelwert (W_FSTUWT) eines Plausible Value je Domäne",
M479 (Karte),Montenegro,2018,read,Mittelwert,421,COMPUTED_MICRODATA,"OECD-Mikrodaten (Public Use Files 2012/2015/2018/2022), aufbereitet in kevinwang09/learningtower; gewichteter Mittelwert (W_FSTUWT) eines Plausible Value je Domäne",
M479 (Karte),Montenegro,2018,sci,Mittelwert,415,COMPUTED_MICRODATA,"OECD-Mikrodaten (Public Use Files 2012/2015/2018/2022), aufbereitet in kevinwang09/learningtower; gewichteter Mittelwert (W_FSTUWT) eines Plausible Value je Domäne",
M479 (Karte),Bulgaria,2022,sci,Mittelwert,421,DERIVED_OFFICIAL,2025-Mittelwert − offizielle Veränderung 2022→2025 (Table I.2.6),
M479 (Karte),Bulgaria,2022,read,Mittelwert,404,DERIVED_OFFICIAL,2025-Mittelwert − offizielle Veränderung 2022→2025 (Table I.2.6),
M479 (Karte),Bulgaria,2022,math,Mittelwert,417,DERIVED_OFFICIAL,2025-Mittelwert − offizielle Veränderung 2022→2025 (Table I.2.6),
M479 (Karte),Bulgaria,2012,math,Mittelwert,438,COMPUTED_MICRODATA,"OECD-Mikrodaten (Public Use Files 2012/2015/2018/2022), aufbereitet in kevinwang09/learningtower; gewichteter Mittelwert (W_FSTUWT) eines Plausible Value je Domäne",
M479 (Karte),Bulgaria,2012,read,Mittelwert,437,COMPUTED_MICRODATA,"OECD-Mikrodaten (Public Use Files 2012/2015/2018/2022), aufbereitet in kevinwang09/learningtower; gewichteter Mittelwert (W_FSTUWT) eines Plausible Value je Domäne",
M479 (Karte),Bulgaria,2012,sci,Mittelwert,446,COMPUTED_MICRODATA,"OECD-Mikrodaten (Public Use Files 2012/2015/2018/2022), aufbereitet in kevinwang09/learningtower; gewichteter Mittelwert (W_FSTUWT) eines Plausible Value je Domäne",
M479 (Karte),Bulgaria,2015,math,Mittelwert,442,COMPUTED_MICRODATA,"OECD-Mikrodaten (Public Use Files 2012/2015/2018/2022), aufbereitet in kevinwang09/learningtower; gewichteter Mittelwert (W_FSTUWT) eines Plausible Value je Domäne",
M479 (Karte),Bulgaria,2015,read,Mittelwert,431,COMPUTED_MICRODATA,"OECD-Mikrodaten (Public Use Files 2012/2015/2018/2022), aufbereitet in kevinwang09/learningtower; gewichteter Mittelwert (W_FSTUWT) eines Plausible Value je Domäne",
M479 (Karte),Bulgaria,2015,sci,Mittelwert,445,COMPUTED_MICRODATA,"OECD-Mikrodaten (Public Use Files 2012/2015/2018/2022), aufbereitet in kevinwang09/learningtower; gewichteter Mittelwert (W_FSTUWT) eines Plausible Value je Domäne",
M479 (Karte),Bulgaria,2018,math,Mittelwert,437,COMPUTED_MICRODATA,"OECD-Mikrodaten (Public Use Files 2012/2015/2018/2022), aufbereitet in kevinwang09/learningtower; gewichteter Mittelwert (W_FSTUWT) eines Plausible Value je Domäne",
M479 (Karte),Bulgaria,2018,read,Mittelwert,420,COMPUTED_MICRODATA,"OECD-Mikrodaten (Public Use Files 2012/2015/2018/2022), aufbereitet in kevinwang09/learningtower; gewichteter Mittelwert (W_FSTUWT) eines Plausible Value je Domäne",
M479 (Karte),Bulgaria,2018,sci,Mittelwert,423,COMPUTED_MICRODATA,"OECD-Mikrodaten (Public Use Files 2012/2015/2018/2022), aufbereitet in kevinwang09/learningtower; gewichteter Mittelwert (W_FSTUWT) eines Plausible Value je Domäne",
M479 (Karte),Jordan,2022,sci,Mittelwert,374,DERIVED_OFFICIAL,2025-Mittelwert − offizielle Veränderung 2022→2025 (Table I.2.6),
M479 (Karte),Jordan,2022,read,Mittelwert,342,DERIVED_OFFICIAL,2025-Mittelwert − offizielle Veränderung 2022→2025 (Table I.2.6),
M479 (Karte),Jordan,2022,math,Mittelwert,361,DERIVED_OFFICIAL,2025-Mittelwert − offizielle Veränderung 2022→2025 (Table I.2.6),
M479 (Karte),Jordan,2012,math,Mittelwert,386,COMPUTED_MICRODATA,"OECD-Mikrodaten (Public Use Files 2012/2015/2018/2022), aufbereitet in kevinwang09/learningtower; gewichteter Mittelwert (W_FSTUWT) eines Plausible Value je Domäne",
M479 (Karte),Jordan,2012,read,Mittelwert,398,COMPUTED_MICRODATA,"OECD-Mikrodaten (Public Use Files 2012/2015/2018/2022), aufbereitet in kevinwang09/learningtower; gewichteter Mittelwert (W_FSTUWT) eines Plausible Value je Domäne",
M479 (Karte),Jordan,2012,sci,Mittelwert,409,COMPUTED_MICRODATA,"OECD-Mikrodaten (Public Use Files 2012/2015/2018/2022), aufbereitet in kevinwang09/learningtower; gewichteter Mittelwert (W_FSTUWT) eines Plausible Value je Domäne",
M479 (Karte),Jordan,2015,math,Mittelwert,381,COMPUTED_MICRODATA,"OECD-Mikrodaten (Public Use Files 2012/2015/2018/2022), aufbereitet in kevinwang09/learningtower; gewichteter Mittelwert (W_FSTUWT) eines Plausible Value je Domäne",
M479 (Karte),Jordan,2015,read,Mittelwert,408,COMPUTED_MICRODATA,"OECD-Mikrodaten (Public Use Files 2012/2015/2018/2022), aufbereitet in kevinwang09/learningtower; gewichteter Mittelwert (W_FSTUWT) eines Plausible Value je Domäne",
M479 (Karte),Jordan,2015,sci,Mittelwert,408,COMPUTED_MICRODATA,"OECD-Mikrodaten (Public Use Files 2012/2015/2018/2022), aufbereitet in kevinwang09/learningtower; gewichteter Mittelwert (W_FSTUWT) eines Plausible Value je Domäne",
M479 (Karte),Jordan,2018,math,Mittelwert,400,COMPUTED_MICRODATA,"OECD-Mikrodaten (Public Use Files 2012/2015/2018/2022), aufbereitet in kevinwang09/learningtower; gewichteter Mittelwert (W_FSTUWT) eines Plausible Value je Domäne",
M479 (Karte),Jordan,2018,read,Mittelwert,419,COMPUTED_MICRODATA,"OECD-Mikrodaten (Public Use Files 2012/2015/2018/2022), aufbereitet in kevinwang09/learningtower; gewichteter Mittelwert (W_FSTUWT) eines Plausible Value je Domäne",
M479 (Karte),Jordan,2018,sci,Mittelwert,430,COMPUTED_MICRODATA,"OECD-Mikrodaten (Public Use Files 2012/2015/2018/2022), aufbereitet in kevinwang09/learningtower; gewichteter Mittelwert (W_FSTUWT) eines Plausible Value je Domäne",
M479 (Karte),Malaysia,2022,sci,Mittelwert,416,DERIVED_OFFICIAL,2025-Mittelwert − offizielle Veränderung 2022→2025 (Table I.2.6),
M479 (Karte),Malaysia,2022,read,Mittelwert,388,DERIVED_OFFICIAL,2025-Mittelwert − offizielle Veränderung 2022→2025 (Table I.2.6),
M479 (Karte),Malaysia,2022,math,Mittelwert,409,DERIVED_OFFICIAL,2025-Mittelwert − offizielle Veränderung 2022→2025 (Table I.2.6),
M479 (Karte),Malaysia,2012,math,Mittelwert,421,COMPUTED_MICRODATA,"OECD-Mikrodaten (Public Use Files 2012/2015/2018/2022), aufbereitet in kevinwang09/learningtower; gewichteter Mittelwert (W_FSTUWT) eines Plausible Value je Domäne",
M479 (Karte),Malaysia,2012,read,Mittelwert,398,COMPUTED_MICRODATA,"OECD-Mikrodaten (Public Use Files 2012/2015/2018/2022), aufbereitet in kevinwang09/learningtower; gewichteter Mittelwert (W_FSTUWT) eines Plausible Value je Domäne",
M479 (Karte),Malaysia,2012,sci,Mittelwert,420,COMPUTED_MICRODATA,"OECD-Mikrodaten (Public Use Files 2012/2015/2018/2022), aufbereitet in kevinwang09/learningtower; gewichteter Mittelwert (W_FSTUWT) eines Plausible Value je Domäne",
M479 (Karte),Malaysia,2018,math,Mittelwert,441,COMPUTED_MICRODATA,"OECD-Mikrodaten (Public Use Files 2012/2015/2018/2022), aufbereitet in kevinwang09/learningtower; gewichteter Mittelwert (W_FSTUWT) eines Plausible Value je Domäne",
M479 (Karte),Malaysia,2018,read,Mittelwert,415,COMPUTED_MICRODATA,"OECD-Mikrodaten (Public Use Files 2012/2015/2018/2022), aufbereitet in kevinwang09/learningtower; gewichteter Mittelwert (W_FSTUWT) eines Plausible Value je Domäne",
M479 (Karte),Malaysia,2018,sci,Mittelwert,438,COMPUTED_MICRODATA,"OECD-Mikrodaten (Public Use Files 2012/2015/2018/2022), aufbereitet in kevinwang09/learningtower; gewichteter Mittelwert (W_FSTUWT) eines Plausible Value je Domäne",
M479 (Karte),Brunei Darussalam,2022,sci,Mittelwert,446,DERIVED_OFFICIAL,2025-Mittelwert − offizielle Veränderung 2022→2025 (Table I.2.6),
M479 (Karte),Brunei Darussalam,2022,read,Mittelwert,429,DERIVED_OFFICIAL,2025-Mittelwert − offizielle Veränderung 2022→2025 (Table I.2.6),
M479 (Karte),Brunei Darussalam,2022,math,Mittelwert,442,DERIVED_OFFICIAL,2025-Mittelwert − offizielle Veränderung 2022→2025 (Table I.2.6),
M479 (Karte),Brunei Darussalam,2018,math,Mittelwert,429,COMPUTED_MICRODATA,"OECD-Mikrodaten (Public Use Files 2012/2015/2018/2022), aufbereitet in kevinwang09/learningtower; gewichteter Mittelwert (W_FSTUWT) eines Plausible Value je Domäne",
M479 (Karte),Brunei Darussalam,2018,read,Mittelwert,409,COMPUTED_MICRODATA,"OECD-Mikrodaten (Public Use Files 2012/2015/2018/2022), aufbereitet in kevinwang09/learningtower; gewichteter Mittelwert (W_FSTUWT) eines Plausible Value je Domäne",
M479 (Karte),Brunei Darussalam,2018,sci,Mittelwert,431,COMPUTED_MICRODATA,"OECD-Mikrodaten (Public Use Files 2012/2015/2018/2022), aufbereitet in kevinwang09/learningtower; gewichteter Mittelwert (W_FSTUWT) eines Plausible Value je Domäne",
M479 (Karte),Qatar,2022,sci,Mittelwert,432,DERIVED_OFFICIAL,2025-Mittelwert − offizielle Veränderung 2022→2025 (Table I.2.6),
M479 (Karte),Qatar,2022,read,Mittelwert,419,DERIVED_OFFICIAL,2025-Mittelwert − offizielle Veränderung 2022→2025 (Table I.2.6),
M479 (Karte),Qatar,2022,math,Mittelwert,414,DERIVED_OFFICIAL,2025-Mittelwert − offizielle Veränderung 2022→2025 (Table I.2.6),
M479 (Karte),Qatar,2012,math,Mittelwert,377,COMPUTED_MICRODATA,"OECD-Mikrodaten (Public Use Files 2012/2015/2018/2022), aufbereitet in kevinwang09/learningtower; gewichteter Mittelwert (W_FSTUWT) eines Plausible Value je Domäne",
M479 (Karte),Qatar,2012,read,Mittelwert,388,COMPUTED_MICRODATA,"OECD-Mikrodaten (Public Use Files 2012/2015/2018/2022), aufbereitet in kevinwang09/learningtower; gewichteter Mittelwert (W_FSTUWT) eines Plausible Value je Domäne",
M479 (Karte),Qatar,2012,sci,Mittelwert,384,COMPUTED_MICRODATA,"OECD-Mikrodaten (Public Use Files 2012/2015/2018/2022), aufbereitet in kevinwang09/learningtower; gewichteter Mittelwert (W_FSTUWT) eines Plausible Value je Domäne",
M479 (Karte),Qatar,2015,math,Mittelwert,402,COMPUTED_MICRODATA,"OECD-Mikrodaten (Public Use Files 2012/2015/2018/2022), aufbereitet in kevinwang09/learningtower; gewichteter Mittelwert (W_FSTUWT) eines Plausible Value je Domäne",
M479 (Karte),Qatar,2015,read,Mittelwert,402,COMPUTED_MICRODATA,"OECD-Mikrodaten (Public Use Files 2012/2015/2018/2022), aufbereitet in kevinwang09/learningtower; gewichteter Mittelwert (W_FSTUWT) eines Plausible Value je Domäne",
M479 (Karte),Qatar,2015,sci,Mittelwert,417,COMPUTED_MICRODATA,"OECD-Mikrodaten (Public Use Files 2012/2015/2018/2022), aufbereitet in kevinwang09/learningtower; gewichteter Mittelwert (W_FSTUWT) eines Plausible Value je Domäne",
M479 (Karte),Qatar,2018,math,Mittelwert,415,COMPUTED_MICRODATA,"OECD-Mikrodaten (Public Use Files 2012/2015/2018/2022), aufbereitet in kevinwang09/learningtower; gewichteter Mittelwert (W_FSTUWT) eines Plausible Value je Domäne",
M479 (Karte),Qatar,2018,read,Mittelwert,407,COMPUTED_MICRODATA,"OECD-Mikrodaten (Public Use Files 2012/2015/2018/2022), aufbereitet in kevinwang09/learningtower; gewichteter Mittelwert (W_FSTUWT) eines Plausible Value je Domäne",
M479 (Karte),Qatar,2018,sci,Mittelwert,419,COMPUTED_MICRODATA,"OECD-Mikrodaten (Public Use Files 2012/2015/2018/2022), aufbereitet in kevinwang09/learningtower; gewichteter Mittelwert (W_FSTUWT) eines Plausible Value je Domäne",
M479 (Karte),Albania,2012,math,Mittelwert,395,COMPUTED_MICRODATA,"OECD-Mikrodaten (Public Use Files 2012/2015/2018/2022), aufbereitet in kevinwang09/learningtower; gewichteter Mittelwert (W_FSTUWT) eines Plausible Value je Domäne",
M479 (Karte),Albania,2012,read,Mittelwert,394,COMPUTED_MICRODATA,"OECD-Mikrodaten (Public Use Files 2012/2015/2018/2022), aufbereitet in kevinwang09/learningtower; gewichteter Mittelwert (W_FSTUWT) eines Plausible Value je Domäne",
M479 (Karte),Albania,2012,sci,Mittelwert,398,COMPUTED_MICRODATA,"OECD-Mikrodaten (Public Use Files 2012/2015/2018/2022), aufbereitet in kevinwang09/learningtower; gewichteter Mittelwert (W_FSTUWT) eines Plausible Value je Domäne",
M479 (Karte),Albania,2015,math,Mittelwert,412,COMPUTED_MICRODATA,"OECD-Mikrodaten (Public Use Files 2012/2015/2018/2022), aufbereitet in kevinwang09/learningtower; gewichteter Mittelwert (W_FSTUWT) eines Plausible Value je Domäne",
M479 (Karte),Albania,2015,read,Mittelwert,405,COMPUTED_MICRODATA,"OECD-Mikrodaten (Public Use Files 2012/2015/2018/2022), aufbereitet in kevinwang09/learningtower; gewichteter Mittelwert (W_FSTUWT) eines Plausible Value je Domäne",
M479 (Karte),Albania,2015,sci,Mittelwert,427,COMPUTED_MICRODATA,"OECD-Mikrodaten (Public Use Files 2012/2015/2018/2022), aufbereitet in kevinwang09/learningtower; gewichteter Mittelwert (W_FSTUWT) eines Plausible Value je Domäne",
M479 (Karte),Albania,2018,math,Mittelwert,437,COMPUTED_MICRODATA,"OECD-Mikrodaten (Public Use Files 2012/2015/2018/2022), aufbereitet in kevinwang09/learningtower; gewichteter Mittelwert (W_FSTUWT) eines Plausible Value je Domäne",
M479 (Karte),Albania,2018,read,Mittelwert,405,COMPUTED_MICRODATA,"OECD-Mikrodaten (Public Use Files 2012/2015/2018/2022), aufbereitet in kevinwang09/learningtower; gewichteter Mittelwert (W_FSTUWT) eines Plausible Value je Domäne",
M479 (Karte),Albania,2018,sci,Mittelwert,416,COMPUTED_MICRODATA,"OECD-Mikrodaten (Public Use Files 2012/2015/2018/2022), aufbereitet in kevinwang09/learningtower; gewichteter Mittelwert (W_FSTUWT) eines Plausible Value je Domäne",
M479 (Karte),Albania,2022,math,Mittelwert,368,COMPUTED_MICRODATA,"OECD-Mikrodaten (Public Use Files 2012/2015/2018/2022), aufbereitet in kevinwang09/learningtower; gewichteter Mittelwert (W_FSTUWT) eines Plausible Value je Domäne",
M479 (Karte),Albania,2022,read,Mittelwert,358,COMPUTED_MICRODATA,"OECD-Mikrodaten (Public Use Files 2012/2015/2018/2022), aufbereitet in kevinwang09/learningtower; gewichteter Mittelwert (W_FSTUWT) eines Plausible Value je Domäne",
M479 (Karte),Albania,2022,sci,Mittelwert,375,COMPUTED_MICRODATA,"OECD-Mikrodaten (Public Use Files 2012/2015/2018/2022), aufbereitet in kevinwang09/learningtower; gewichteter Mittelwert (W_FSTUWT) eines Plausible Value je Domäne",
M479 (Karte),Argentina,2022,sci,Mittelwert,406,DERIVED_OFFICIAL,2025-Mittelwert − offizielle Veränderung 2022→2025 (Table I.2.6),
M479 (Karte),Argentina,2022,read,Mittelwert,401,DERIVED_OFFICIAL,2025-Mittelwert − offizielle Veränderung 2022→2025 (Table I.2.6),
M479 (Karte),Argentina,2022,math,Mittelwert,378,DERIVED_OFFICIAL,2025-Mittelwert − offizielle Veränderung 2022→2025 (Table I.2.6),
M479 (Karte),Argentina,2012,math,Mittelwert,388,COMPUTED_MICRODATA,"OECD-Mikrodaten (Public Use Files 2012/2015/2018/2022), aufbereitet in kevinwang09/learningtower; gewichteter Mittelwert (W_FSTUWT) eines Plausible Value je Domäne",
M479 (Karte),Argentina,2012,read,Mittelwert,396,COMPUTED_MICRODATA,"OECD-Mikrodaten (Public Use Files 2012/2015/2018/2022), aufbereitet in kevinwang09/learningtower; gewichteter Mittelwert (W_FSTUWT) eines Plausible Value je Domäne",
M479 (Karte),Argentina,2012,sci,Mittelwert,406,COMPUTED_MICRODATA,"OECD-Mikrodaten (Public Use Files 2012/2015/2018/2022), aufbereitet in kevinwang09/learningtower; gewichteter Mittelwert (W_FSTUWT) eines Plausible Value je Domäne",
M479 (Karte),Argentina,2018,math,Mittelwert,380,COMPUTED_MICRODATA,"OECD-Mikrodaten (Public Use Files 2012/2015/2018/2022), aufbereitet in kevinwang09/learningtower; gewichteter Mittelwert (W_FSTUWT) eines Plausible Value je Domäne",
M479 (Karte),Argentina,2018,read,Mittelwert,401,COMPUTED_MICRODATA,"OECD-Mikrodaten (Public Use Files 2012/2015/2018/2022), aufbereitet in kevinwang09/learningtower; gewichteter Mittelwert (W_FSTUWT) eines Plausible Value je Domäne",
M479 (Karte),Argentina,2018,sci,Mittelwert,406,COMPUTED_MICRODATA,"OECD-Mikrodaten (Public Use Files 2012/2015/2018/2022), aufbereitet in kevinwang09/learningtower; gewichteter Mittelwert (W_FSTUWT) eines Plausible Value je Domäne",
M479 (Karte),Saudi Arabia,2022,sci,Mittelwert,390,DERIVED_OFFICIAL,2025-Mittelwert − offizielle Veränderung 2022→2025 (Table I.2.6),
M479 (Karte),Saudi Arabia,2022,read,Mittelwert,383,DERIVED_OFFICIAL,2025-Mittelwert − offizielle Veränderung 2022→2025 (Table I.2.6),
M479 (Karte),Saudi Arabia,2022,math,Mittelwert,389,DERIVED_OFFICIAL,2025-Mittelwert − offizielle Veränderung 2022→2025 (Table I.2.6),
M479 (Karte),Saudi Arabia,2018,math,Mittelwert,374,COMPUTED_MICRODATA,"OECD-Mikrodaten (Public Use Files 2012/2015/2018/2022), aufbereitet in kevinwang09/learningtower; gewichteter Mittelwert (W_FSTUWT) eines Plausible Value je Domäne",
M479 (Karte),Saudi Arabia,2018,read,Mittelwert,399,COMPUTED_MICRODATA,"OECD-Mikrodaten (Public Use Files 2012/2015/2018/2022), aufbereitet in kevinwang09/learningtower; gewichteter Mittelwert (W_FSTUWT) eines Plausible Value je Domäne",
M479 (Karte),Saudi Arabia,2018,sci,Mittelwert,386,COMPUTED_MICRODATA,"OECD-Mikrodaten (Public Use Files 2012/2015/2018/2022), aufbereitet in kevinwang09/learningtower; gewichteter Mittelwert (W_FSTUWT) eines Plausible Value je Domäne",
M479 (Karte),Thailand,2022,sci,Mittelwert,409,DERIVED_OFFICIAL,2025-Mittelwert − offizielle Veränderung 2022→2025 (Table I.2.6),
M479 (Karte),Thailand,2022,read,Mittelwert,379,DERIVED_OFFICIAL,2025-Mittelwert − offizielle Veränderung 2022→2025 (Table I.2.6),
M479 (Karte),Thailand,2022,math,Mittelwert,394,DERIVED_OFFICIAL,2025-Mittelwert − offizielle Veränderung 2022→2025 (Table I.2.6),
M479 (Karte),Thailand,2012,math,Mittelwert,427,COMPUTED_MICRODATA,"OECD-Mikrodaten (Public Use Files 2012/2015/2018/2022), aufbereitet in kevinwang09/learningtower; gewichteter Mittelwert (W_FSTUWT) eines Plausible Value je Domäne",
M479 (Karte),Thailand,2012,read,Mittelwert,441,COMPUTED_MICRODATA,"OECD-Mikrodaten (Public Use Files 2012/2015/2018/2022), aufbereitet in kevinwang09/learningtower; gewichteter Mittelwert (W_FSTUWT) eines Plausible Value je Domäne",
M479 (Karte),Thailand,2012,sci,Mittelwert,444,COMPUTED_MICRODATA,"OECD-Mikrodaten (Public Use Files 2012/2015/2018/2022), aufbereitet in kevinwang09/learningtower; gewichteter Mittelwert (W_FSTUWT) eines Plausible Value je Domäne",
M479 (Karte),Thailand,2015,math,Mittelwert,415,COMPUTED_MICRODATA,"OECD-Mikrodaten (Public Use Files 2012/2015/2018/2022), aufbereitet in kevinwang09/learningtower; gewichteter Mittelwert (W_FSTUWT) eines Plausible Value je Domäne",
M479 (Karte),Thailand,2015,read,Mittelwert,408,COMPUTED_MICRODATA,"OECD-Mikrodaten (Public Use Files 2012/2015/2018/2022), aufbereitet in kevinwang09/learningtower; gewichteter Mittelwert (W_FSTUWT) eines Plausible Value je Domäne",
M479 (Karte),Thailand,2015,sci,Mittelwert,422,COMPUTED_MICRODATA,"OECD-Mikrodaten (Public Use Files 2012/2015/2018/2022), aufbereitet in kevinwang09/learningtower; gewichteter Mittelwert (W_FSTUWT) eines Plausible Value je Domäne",
M479 (Karte),Thailand,2018,math,Mittelwert,418,COMPUTED_MICRODATA,"OECD-Mikrodaten (Public Use Files 2012/2015/2018/2022), aufbereitet in kevinwang09/learningtower; gewichteter Mittelwert (W_FSTUWT) eines Plausible Value je Domäne",
M479 (Karte),Thailand,2018,read,Mittelwert,393,COMPUTED_MICRODATA,"OECD-Mikrodaten (Public Use Files 2012/2015/2018/2022), aufbereitet in kevinwang09/learningtower; gewichteter Mittelwert (W_FSTUWT) eines Plausible Value je Domäne",
M479 (Karte),Thailand,2018,sci,Mittelwert,425,COMPUTED_MICRODATA,"OECD-Mikrodaten (Public Use Files 2012/2015/2018/2022), aufbereitet in kevinwang09/learningtower; gewichteter Mittelwert (W_FSTUWT) eines Plausible Value je Domäne",
M479 (Karte),North Macedonia,2022,sci,Mittelwert,380,DERIVED_OFFICIAL,2025-Mittelwert − offizielle Veränderung 2022→2025 (Table I.2.6),
M479 (Karte),North Macedonia,2022,read,Mittelwert,358,DERIVED_OFFICIAL,2025-Mittelwert − offizielle Veränderung 2022→2025 (Table I.2.6),
M479 (Karte),North Macedonia,2022,math,Mittelwert,389,DERIVED_OFFICIAL,2025-Mittelwert − offizielle Veränderung 2022→2025 (Table I.2.6),
M479 (Karte),North Macedonia,2015,math,Mittelwert,372,COMPUTED_MICRODATA,"OECD-Mikrodaten (Public Use Files 2012/2015/2018/2022), aufbereitet in kevinwang09/learningtower; gewichteter Mittelwert (W_FSTUWT) eines Plausible Value je Domäne",
M479 (Karte),North Macedonia,2015,read,Mittelwert,352,COMPUTED_MICRODATA,"OECD-Mikrodaten (Public Use Files 2012/2015/2018/2022), aufbereitet in kevinwang09/learningtower; gewichteter Mittelwert (W_FSTUWT) eines Plausible Value je Domäne",
M479 (Karte),North Macedonia,2015,sci,Mittelwert,384,COMPUTED_MICRODATA,"OECD-Mikrodaten (Public Use Files 2012/2015/2018/2022), aufbereitet in kevinwang09/learningtower; gewichteter Mittelwert (W_FSTUWT) eines Plausible Value je Domäne",
M479 (Karte),North Macedonia,2018,math,Mittelwert,393,COMPUTED_MICRODATA,"OECD-Mikrodaten (Public Use Files 2012/2015/2018/2022), aufbereitet in kevinwang09/learningtower; gewichteter Mittelwert (W_FSTUWT) eines Plausible Value je Domäne",
M479 (Karte),North Macedonia,2018,read,Mittelwert,392,COMPUTED_MICRODATA,"OECD-Mikrodaten (Public Use Files 2012/2015/2018/2022), aufbereitet in kevinwang09/learningtower; gewichteter Mittelwert (W_FSTUWT) eines Plausible Value je Domäne",
M479 (Karte),North Macedonia,2018,sci,Mittelwert,412,COMPUTED_MICRODATA,"OECD-Mikrodaten (Public Use Files 2012/2015/2018/2022), aufbereitet in kevinwang09/learningtower; gewichteter Mittelwert (W_FSTUWT) eines Plausible Value je Domäne",
M479 (Karte),Kazakhstan,2022,sci,Mittelwert,423,DERIVED_OFFICIAL,2025-Mittelwert − offizielle Veränderung 2022→2025 (Table I.2.6),
M479 (Karte),Kazakhstan,2022,read,Mittelwert,386,DERIVED_OFFICIAL,2025-Mittelwert − offizielle Veränderung 2022→2025 (Table I.2.6),
M479 (Karte),Kazakhstan,2022,math,Mittelwert,425,DERIVED_OFFICIAL,2025-Mittelwert − offizielle Veränderung 2022→2025 (Table I.2.6),
M479 (Karte),Kazakhstan,2012,math,Mittelwert,432,COMPUTED_MICRODATA,"OECD-Mikrodaten (Public Use Files 2012/2015/2018/2022), aufbereitet in kevinwang09/learningtower; gewichteter Mittelwert (W_FSTUWT) eines Plausible Value je Domäne",
M479 (Karte),Kazakhstan,2012,read,Mittelwert,393,COMPUTED_MICRODATA,"OECD-Mikrodaten (Public Use Files 2012/2015/2018/2022), aufbereitet in kevinwang09/learningtower; gewichteter Mittelwert (W_FSTUWT) eines Plausible Value je Domäne",
M479 (Karte),Kazakhstan,2012,sci,Mittelwert,424,COMPUTED_MICRODATA,"OECD-Mikrodaten (Public Use Files 2012/2015/2018/2022), aufbereitet in kevinwang09/learningtower; gewichteter Mittelwert (W_FSTUWT) eines Plausible Value je Domäne",
M479 (Karte),Kazakhstan,2018,math,Mittelwert,423,COMPUTED_MICRODATA,"OECD-Mikrodaten (Public Use Files 2012/2015/2018/2022), aufbereitet in kevinwang09/learningtower; gewichteter Mittelwert (W_FSTUWT) eines Plausible Value je Domäne",
M479 (Karte),Kazakhstan,2018,read,Mittelwert,387,COMPUTED_MICRODATA,"OECD-Mikrodaten (Public Use Files 2012/2015/2018/2022), aufbereitet in kevinwang09/learningtower; gewichteter Mittelwert (W_FSTUWT) eines Plausible Value je Domäne",
M479 (Karte),Kazakhstan,2018,sci,Mittelwert,396,COMPUTED_MICRODATA,"OECD-Mikrodaten (Public Use Files 2012/2015/2018/2022), aufbereitet in kevinwang09/learningtower; gewichteter Mittelwert (W_FSTUWT) eines Plausible Value je Domäne",
M479 (Karte),Georgia,2022,sci,Mittelwert,384,DERIVED_OFFICIAL,2025-Mittelwert − offizielle Veränderung 2022→2025 (Table I.2.6),
M479 (Karte),Georgia,2022,read,Mittelwert,374,DERIVED_OFFICIAL,2025-Mittelwert − offizielle Veränderung 2022→2025 (Table I.2.6),
M479 (Karte),Georgia,2022,math,Mittelwert,390,DERIVED_OFFICIAL,2025-Mittelwert − offizielle Veränderung 2022→2025 (Table I.2.6),
M479 (Karte),Georgia,2015,math,Mittelwert,405,COMPUTED_MICRODATA,"OECD-Mikrodaten (Public Use Files 2012/2015/2018/2022), aufbereitet in kevinwang09/learningtower; gewichteter Mittelwert (W_FSTUWT) eines Plausible Value je Domäne",
M479 (Karte),Georgia,2015,read,Mittelwert,402,COMPUTED_MICRODATA,"OECD-Mikrodaten (Public Use Files 2012/2015/2018/2022), aufbereitet in kevinwang09/learningtower; gewichteter Mittelwert (W_FSTUWT) eines Plausible Value je Domäne",
M479 (Karte),Georgia,2015,sci,Mittelwert,411,COMPUTED_MICRODATA,"OECD-Mikrodaten (Public Use Files 2012/2015/2018/2022), aufbereitet in kevinwang09/learningtower; gewichteter Mittelwert (W_FSTUWT) eines Plausible Value je Domäne",
M479 (Karte),Georgia,2018,math,Mittelwert,399,COMPUTED_MICRODATA,"OECD-Mikrodaten (Public Use Files 2012/2015/2018/2022), aufbereitet in kevinwang09/learningtower; gewichteter Mittelwert (W_FSTUWT) eines Plausible Value je Domäne",
M479 (Karte),Georgia,2018,read,Mittelwert,380,COMPUTED_MICRODATA,"OECD-Mikrodaten (Public Use Files 2012/2015/2018/2022), aufbereitet in kevinwang09/learningtower; gewichteter Mittelwert (W_FSTUWT) eines Plausible Value je Domäne",
M479 (Karte),Georgia,2018,sci,Mittelwert,383,COMPUTED_MICRODATA,"OECD-Mikrodaten (Public Use Files 2012/2015/2018/2022), aufbereitet in kevinwang09/learningtower; gewichteter Mittelwert (W_FSTUWT) eines Plausible Value je Domäne",
M479 (Karte),Morocco,2022,sci,Mittelwert,365,DERIVED_OFFICIAL,2025-Mittelwert − offizielle Veränderung 2022→2025 (Table I.2.6),
M479 (Karte),Morocco,2022,read,Mittelwert,339,DERIVED_OFFICIAL,2025-Mittelwert − offizielle Veränderung 2022→2025 (Table I.2.6),
M479 (Karte),Morocco,2022,math,Mittelwert,365,DERIVED_OFFICIAL,2025-Mittelwert − offizielle Veränderung 2022→2025 (Table I.2.6),
M479 (Karte),Morocco,2018,math,Mittelwert,369,COMPUTED_MICRODATA,"OECD-Mikrodaten (Public Use Files 2012/2015/2018/2022), aufbereitet in kevinwang09/learningtower; gewichteter Mittelwert (W_FSTUWT) eines Plausible Value je Domäne",
M479 (Karte),Morocco,2018,read,Mittelwert,360,COMPUTED_MICRODATA,"OECD-Mikrodaten (Public Use Files 2012/2015/2018/2022), aufbereitet in kevinwang09/learningtower; gewichteter Mittelwert (W_FSTUWT) eines Plausible Value je Domäne",
M479 (Karte),Morocco,2018,sci,Mittelwert,378,COMPUTED_MICRODATA,"OECD-Mikrodaten (Public Use Files 2012/2015/2018/2022), aufbereitet in kevinwang09/learningtower; gewichteter Mittelwert (W_FSTUWT) eines Plausible Value je Domäne",
M479 (Karte),Lebanon,2015,math,Mittelwert,398,COMPUTED_MICRODATA,"OECD-Mikrodaten (Public Use Files 2012/2015/2018/2022), aufbereitet in kevinwang09/learningtower; gewichteter Mittelwert (W_FSTUWT) eines Plausible Value je Domäne",
M479 (Karte),Lebanon,2015,read,Mittelwert,347,COMPUTED_MICRODATA,"OECD-Mikrodaten (Public Use Files 2012/2015/2018/2022), aufbereitet in kevinwang09/learningtower; gewichteter Mittelwert (W_FSTUWT) eines Plausible Value je Domäne",
M479 (Karte),Lebanon,2015,sci,Mittelwert,387,COMPUTED_MICRODATA,"OECD-Mikrodaten (Public Use Files 2012/2015/2018/2022), aufbereitet in kevinwang09/learningtower; gewichteter Mittelwert (W_FSTUWT) eines Plausible Value je Domäne",
M479 (Karte),Lebanon,2018,math,Mittelwert,394,COMPUTED_MICRODATA,"OECD-Mikrodaten (Public Use Files 2012/2015/2018/2022), aufbereitet in kevinwang09/learningtower; gewichteter Mittelwert (W_FSTUWT) eines Plausible Value je Domäne",
M479 (Karte),Lebanon,2018,read,Mittelwert,353,COMPUTED_MICRODATA,"OECD-Mikrodaten (Public Use Files 2012/2015/2018/2022), aufbereitet in kevinwang09/learningtower; gewichteter Mittelwert (W_FSTUWT) eines Plausible Value je Domäne",
M479 (Karte),Lebanon,2018,sci,Mittelwert,385,COMPUTED_MICRODATA,"OECD-Mikrodaten (Public Use Files 2012/2015/2018/2022), aufbereitet in kevinwang09/learningtower; gewichteter Mittelwert (W_FSTUWT) eines Plausible Value je Domäne",
M479 (Karte),Kosovo,2022,sci,Mittelwert,357,DERIVED_OFFICIAL,2025-Mittelwert − offizielle Veränderung 2022→2025 (Table I.2.6),
M479 (Karte),Kosovo,2022,read,Mittelwert,342,DERIVED_OFFICIAL,2025-Mittelwert − offizielle Veränderung 2022→2025 (Table I.2.6),
M479 (Karte),Kosovo,2022,math,Mittelwert,355,DERIVED_OFFICIAL,2025-Mittelwert − offizielle Veränderung 2022→2025 (Table I.2.6),
M479 (Karte),Kosovo,2015,math,Mittelwert,362,COMPUTED_MICRODATA,"OECD-Mikrodaten (Public Use Files 2012/2015/2018/2022), aufbereitet in kevinwang09/learningtower; gewichteter Mittelwert (W_FSTUWT) eines Plausible Value je Domäne",
M479 (Karte),Kosovo,2015,read,Mittelwert,347,COMPUTED_MICRODATA,"OECD-Mikrodaten (Public Use Files 2012/2015/2018/2022), aufbereitet in kevinwang09/learningtower; gewichteter Mittelwert (W_FSTUWT) eines Plausible Value je Domäne",
M479 (Karte),Kosovo,2015,sci,Mittelwert,378,COMPUTED_MICRODATA,"OECD-Mikrodaten (Public Use Files 2012/2015/2018/2022), aufbereitet in kevinwang09/learningtower; gewichteter Mittelwert (W_FSTUWT) eines Plausible Value je Domäne",
M479 (Karte),Kosovo,2018,math,Mittelwert,365,COMPUTED_MICRODATA,"OECD-Mikrodaten (Public Use Files 2012/2015/2018/2022), aufbereitet in kevinwang09/learningtower; gewichteter Mittelwert (W_FSTUWT) eines Plausible Value je Domäne",
M479 (Karte),Kosovo,2018,read,Mittelwert,352,COMPUTED_MICRODATA,"OECD-Mikrodaten (Public Use Files 2012/2015/2018/2022), aufbereitet in kevinwang09/learningtower; gewichteter Mittelwert (W_FSTUWT) eines Plausible Value je Domäne",
M479 (Karte),Kosovo,2018,sci,Mittelwert,365,COMPUTED_MICRODATA,"OECD-Mikrodaten (Public Use Files 2012/2015/2018/2022), aufbereitet in kevinwang09/learningtower; gewichteter Mittelwert (W_FSTUWT) eines Plausible Value je Domäne",
M479 (Karte),Dominican Republic,2022,sci,Mittelwert,360,DERIVED_OFFICIAL,2025-Mittelwert − offizielle Veränderung 2022→2025 (Table I.2.6),
M479 (Karte),Dominican Republic,2022,read,Mittelwert,351,DERIVED_OFFICIAL,2025-Mittelwert − offizielle Veränderung 2022→2025 (Table I.2.6),
M479 (Karte),Dominican Republic,2022,math,Mittelwert,339,DERIVED_OFFICIAL,2025-Mittelwert − offizielle Veränderung 2022→2025 (Table I.2.6),
M479 (Karte),Dominican Republic,2015,math,Mittelwert,329,COMPUTED_MICRODATA,"OECD-Mikrodaten (Public Use Files 2012/2015/2018/2022), aufbereitet in kevinwang09/learningtower; gewichteter Mittelwert (W_FSTUWT) eines Plausible Value je Domäne",
M479 (Karte),Dominican Republic,2015,read,Mittelwert,358,COMPUTED_MICRODATA,"OECD-Mikrodaten (Public Use Files 2012/2015/2018/2022), aufbereitet in kevinwang09/learningtower; gewichteter Mittelwert (W_FSTUWT) eines Plausible Value je Domäne",
M479 (Karte),Dominican Republic,2015,sci,Mittelwert,331,COMPUTED_MICRODATA,"OECD-Mikrodaten (Public Use Files 2012/2015/2018/2022), aufbereitet in kevinwang09/learningtower; gewichteter Mittelwert (W_FSTUWT) eines Plausible Value je Domäne",
M479 (Karte),Dominican Republic,2018,math,Mittelwert,324,COMPUTED_MICRODATA,"OECD-Mikrodaten (Public Use Files 2012/2015/2018/2022), aufbereitet in kevinwang09/learningtower; gewichteter Mittelwert (W_FSTUWT) eines Plausible Value je Domäne",
M479 (Karte),Dominican Republic,2018,read,Mittelwert,341,COMPUTED_MICRODATA,"OECD-Mikrodaten (Public Use Files 2012/2015/2018/2022), aufbereitet in kevinwang09/learningtower; gewichteter Mittelwert (W_FSTUWT) eines Plausible Value je Domäne",
M479 (Karte),Dominican Republic,2018,sci,Mittelwert,335,COMPUTED_MICRODATA,"OECD-Mikrodaten (Public Use Files 2012/2015/2018/2022), aufbereitet in kevinwang09/learningtower; gewichteter Mittelwert (W_FSTUWT) eines Plausible Value je Domäne",
M479 (Karte),Philippines,2022,sci,Mittelwert,356,DERIVED_OFFICIAL,2025-Mittelwert − offizielle Veränderung 2022→2025 (Table I.2.6),
M479 (Karte),Philippines,2022,read,Mittelwert,346,DERIVED_OFFICIAL,2025-Mittelwert − offizielle Veränderung 2022→2025 (Table I.2.6),
M479 (Karte),Philippines,2022,math,Mittelwert,355,DERIVED_OFFICIAL,2025-Mittelwert − offizielle Veränderung 2022→2025 (Table I.2.6),
M479 (Karte),Philippines,2018,math,Mittelwert,352,COMPUTED_MICRODATA,"OECD-Mikrodaten (Public Use Files 2012/2015/2018/2022), aufbereitet in kevinwang09/learningtower; gewichteter Mittelwert (W_FSTUWT) eines Plausible Value je Domäne",
M479 (Karte),Philippines,2018,read,Mittelwert,340,COMPUTED_MICRODATA,"OECD-Mikrodaten (Public Use Files 2012/2015/2018/2022), aufbereitet in kevinwang09/learningtower; gewichteter Mittelwert (W_FSTUWT) eines Plausible Value je Domäne",
M479 (Karte),Philippines,2018,sci,Mittelwert,358,COMPUTED_MICRODATA,"OECD-Mikrodaten (Public Use Files 2012/2015/2018/2022), aufbereitet in kevinwang09/learningtower; gewichteter Mittelwert (W_FSTUWT) eines Plausible Value je Domäne",
M479 (Karte),Viet Nam,2012,math,Mittelwert,511,COMPUTED_MICRODATA,"OECD-Mikrodaten (Public Use Files 2012/2015/2018/2022), aufbereitet in kevinwang09/learningtower; gewichteter Mittelwert (W_FSTUWT) eines Plausible Value je Domäne",
M479 (Karte),Viet Nam,2012,read,Mittelwert,508,COMPUTED_MICRODATA,"OECD-Mikrodaten (Public Use Files 2012/2015/2018/2022), aufbereitet in kevinwang09/learningtower; gewichteter Mittelwert (W_FSTUWT) eines Plausible Value je Domäne",
M479 (Karte),Viet Nam,2012,sci,Mittelwert,528,COMPUTED_MICRODATA,"OECD-Mikrodaten (Public Use Files 2012/2015/2018/2022), aufbereitet in kevinwang09/learningtower; gewichteter Mittelwert (W_FSTUWT) eines Plausible Value je Domäne",
M479 (Karte),Viet Nam,2015,math,Mittelwert,493,COMPUTED_MICRODATA,"OECD-Mikrodaten (Public Use Files 2012/2015/2018/2022), aufbereitet in kevinwang09/learningtower; gewichteter Mittelwert (W_FSTUWT) eines Plausible Value je Domäne",
M479 (Karte),Viet Nam,2015,read,Mittelwert,488,COMPUTED_MICRODATA,"OECD-Mikrodaten (Public Use Files 2012/2015/2018/2022), aufbereitet in kevinwang09/learningtower; gewichteter Mittelwert (W_FSTUWT) eines Plausible Value je Domäne",
M479 (Karte),Viet Nam,2015,sci,Mittelwert,524,COMPUTED_MICRODATA,"OECD-Mikrodaten (Public Use Files 2012/2015/2018/2022), aufbereitet in kevinwang09/learningtower; gewichteter Mittelwert (W_FSTUWT) eines Plausible Value je Domäne",
M479 (Karte),Viet Nam,2022,math,Mittelwert,470,COMPUTED_MICRODATA,"OECD-Mikrodaten (Public Use Files 2012/2015/2018/2022), aufbereitet in kevinwang09/learningtower; gewichteter Mittelwert (W_FSTUWT) eines Plausible Value je Domäne",
M479 (Karte),Viet Nam,2022,read,Mittelwert,462,COMPUTED_MICRODATA,"OECD-Mikrodaten (Public Use Files 2012/2015/2018/2022), aufbereitet in kevinwang09/learningtower; gewichteter Mittelwert (W_FSTUWT) eines Plausible Value je Domäne",
M479 (Karte),Viet Nam,2022,sci,Mittelwert,474,COMPUTED_MICRODATA,"OECD-Mikrodaten (Public Use Files 2012/2015/2018/2022), aufbereitet in kevinwang09/learningtower; gewichteter Mittelwert (W_FSTUWT) eines Plausible Value je Domäne",
M479 (Karte),Uzbekistan,2022,math,Mittelwert,364,COMPUTED_MICRODATA,"OECD-Mikrodaten (Public Use Files 2012/2015/2018/2022), aufbereitet in kevinwang09/learningtower; gewichteter Mittelwert (W_FSTUWT) eines Plausible Value je Domäne",
M479 (Karte),Uzbekistan,2022,read,Mittelwert,336,COMPUTED_MICRODATA,"OECD-Mikrodaten (Public Use Files 2012/2015/2018/2022), aufbereitet in kevinwang09/learningtower; gewichteter Mittelwert (W_FSTUWT) eines Plausible Value je Domäne",
M479 (Karte),Uzbekistan,2022,sci,Mittelwert,355,COMPUTED_MICRODATA,"OECD-Mikrodaten (Public Use Files 2012/2015/2018/2022), aufbereitet in kevinwang09/learningtower; gewichteter Mittelwert (W_FSTUWT) eines Plausible Value je Domäne",
M479 (Karte),Mongolia,2022,sci,Mittelwert,412,DERIVED_OFFICIAL,2025-Mittelwert − offizielle Veränderung 2022→2025 (Table I.2.6),
M479 (Karte),Mongolia,2022,read,Mittelwert,378,DERIVED_OFFICIAL,2025-Mittelwert − offizielle Veränderung 2022→2025 (Table I.2.6),
M479 (Karte),Mongolia,2022,math,Mittelwert,425,DERIVED_OFFICIAL,2025-Mittelwert − offizielle Veränderung 2022→2025 (Table I.2.6),
M479 (Karte),El Salvador,2022,sci,Mittelwert,373,DERIVED_OFFICIAL,2025-Mittelwert − offizielle Veränderung 2022→2025 (Table I.2.6),
M479 (Karte),El Salvador,2022,read,Mittelwert,365,DERIVED_OFFICIAL,2025-Mittelwert − offizielle Veränderung 2022→2025 (Table I.2.6),
M479 (Karte),El Salvador,2022,math,Mittelwert,343,DERIVED_OFFICIAL,2025-Mittelwert − offizielle Veränderung 2022→2025 (Table I.2.6),
M479 (Karte),Cambodia,2022,sci,Mittelwert,347,DERIVED_OFFICIAL,2025-Mittelwert − offizielle Veränderung 2022→2025 (Table I.2.6),
M479 (Karte),Cambodia,2022,read,Mittelwert,329,DERIVED_OFFICIAL,2025-Mittelwert − offizielle Veränderung 2022→2025 (Table I.2.6),
M479 (Karte),Cambodia,2022,math,Mittelwert,336,DERIVED_OFFICIAL,2025-Mittelwert − offizielle Veränderung 2022→2025 (Table I.2.6),
M479 (Karte),Palestinian Authority,2022,sci,Mittelwert,376,DERIVED_OFFICIAL,2025-Mittelwert − offizielle Veränderung 2022→2025 (Table I.2.6),
M479 (Karte),Palestinian Authority,2022,read,Mittelwert,356,DERIVED_OFFICIAL,2025-Mittelwert − offizielle Veränderung 2022→2025 (Table I.2.6),
M479 (Karte),Palestinian Authority,2022,math,Mittelwert,372,DERIVED_OFFICIAL,2025-Mittelwert − offizielle Veränderung 2022→2025 (Table I.2.6),
M479 (Karte),Paraguay,2022,sci,Mittelwert,368,DERIVED_OFFICIAL,2025-Mittelwert − offizielle Veränderung 2022→2025 (Table I.2.6),
M479 (Karte),Paraguay,2022,read,Mittelwert,373,DERIVED_OFFICIAL,2025-Mittelwert − offizielle Veränderung 2022→2025 (Table I.2.6),
M479 (Karte),Paraguay,2022,math,Mittelwert,338,DERIVED_OFFICIAL,2025-Mittelwert − offizielle Veränderung 2022→2025 (Table I.2.6),
M479 (Karte),Guatemala,2022,sci,Mittelwert,373,DERIVED_OFFICIAL,2025-Mittelwert − offizielle Veränderung 2022→2025 (Table I.2.6),
M479 (Karte),Guatemala,2022,read,Mittelwert,374,DERIVED_OFFICIAL,2025-Mittelwert − offizielle Veränderung 2022→2025 (Table I.2.6),
M479 (Karte),Guatemala,2022,math,Mittelwert,344,DERIVED_OFFICIAL,2025-Mittelwert − offizielle Veränderung 2022→2025 (Table I.2.6),
M479 (Karte),Shanghai (China),2012,math,Mittelwert,612,COMPUTED_MICRODATA,"OECD-Mikrodaten (Public Use Files 2012/2015/2018/2022), aufbereitet in kevinwang09/learningtower; gewichteter Mittelwert (W_FSTUWT) eines Plausible Value je Domäne",
M479 (Karte),Shanghai (China),2012,read,Mittelwert,568,COMPUTED_MICRODATA,"OECD-Mikrodaten (Public Use Files 2012/2015/2018/2022), aufbereitet in kevinwang09/learningtower; gewichteter Mittelwert (W_FSTUWT) eines Plausible Value je Domäne",
M479 (Karte),Shanghai (China),2012,sci,Mittelwert,579,COMPUTED_MICRODATA,"OECD-Mikrodaten (Public Use Files 2012/2015/2018/2022), aufbereitet in kevinwang09/learningtower; gewichteter Mittelwert (W_FSTUWT) eines Plausible Value je Domäne",
M479 (Karte),Tunisia,2012,math,Mittelwert,388,COMPUTED_MICRODATA,"OECD-Mikrodaten (Public Use Files 2012/2015/2018/2022), aufbereitet in kevinwang09/learningtower; gewichteter Mittelwert (W_FSTUWT) eines Plausible Value je Domäne",
M479 (Karte),Tunisia,2012,read,Mittelwert,404,COMPUTED_MICRODATA,"OECD-Mikrodaten (Public Use Files 2012/2015/2018/2022), aufbereitet in kevinwang09/learningtower; gewichteter Mittelwert (W_FSTUWT) eines Plausible Value je Domäne",
M479 (Karte),Tunisia,2012,sci,Mittelwert,398,COMPUTED_MICRODATA,"OECD-Mikrodaten (Public Use Files 2012/2015/2018/2022), aufbereitet in kevinwang09/learningtower; gewichteter Mittelwert (W_FSTUWT) eines Plausible Value je Domäne",
M479 (Karte),Tunisia,2015,math,Mittelwert,365,COMPUTED_MICRODATA,"OECD-Mikrodaten (Public Use Files 2012/2015/2018/2022), aufbereitet in kevinwang09/learningtower; gewichteter Mittelwert (W_FSTUWT) eines Plausible Value je Domäne",
M479 (Karte),Tunisia,2015,read,Mittelwert,359,COMPUTED_MICRODATA,"OECD-Mikrodaten (Public Use Files 2012/2015/2018/2022), aufbereitet in kevinwang09/learningtower; gewichteter Mittelwert (W_FSTUWT) eines Plausible Value je Domäne",
M479 (Karte),Tunisia,2015,sci,Mittelwert,385,COMPUTED_MICRODATA,"OECD-Mikrodaten (Public Use Files 2012/2015/2018/2022), aufbereitet in kevinwang09/learningtower; gewichteter Mittelwert (W_FSTUWT) eines Plausible Value je Domäne",
M479 (Karte),Algeria,2015,math,Mittelwert,360,COMPUTED_MICRODATA,"OECD-Mikrodaten (Public Use Files 2012/2015/2018/2022), aufbereitet in kevinwang09/learningtower; gewichteter Mittelwert (W_FSTUWT) eines Plausible Value je Domäne",
M479 (Karte),Algeria,2015,read,Mittelwert,348,COMPUTED_MICRODATA,"OECD-Mikrodaten (Public Use Files 2012/2015/2018/2022), aufbereitet in kevinwang09/learningtower; gewichteter Mittelwert (W_FSTUWT) eines Plausible Value je Domäne",
M479 (Karte),Algeria,2015,sci,Mittelwert,377,COMPUTED_MICRODATA,"OECD-Mikrodaten (Public Use Files 2012/2015/2018/2022), aufbereitet in kevinwang09/learningtower; gewichteter Mittelwert (W_FSTUWT) eines Plausible Value je Domäne",
M479 (Karte),Argentina (CABA),2015,math,Mittelwert,458,COMPUTED_MICRODATA,"OECD-Mikrodaten (Public Use Files 2012/2015/2018/2022), aufbereitet in kevinwang09/learningtower; gewichteter Mittelwert (W_FSTUWT) eines Plausible Value je Domäne",
M479 (Karte),Argentina (CABA),2015,read,Mittelwert,474,COMPUTED_MICRODATA,"OECD-Mikrodaten (Public Use Files 2012/2015/2018/2022), aufbereitet in kevinwang09/learningtower; gewichteter Mittelwert (W_FSTUWT) eines Plausible Value je Domäne",
M479 (Karte),Argentina (CABA),2015,sci,Mittelwert,476,COMPUTED_MICRODATA,"OECD-Mikrodaten (Public Use Files 2012/2015/2018/2022), aufbereitet in kevinwang09/learningtower; gewichteter Mittelwert (W_FSTUWT) eines Plausible Value je Domäne",
M479 (Karte),B-S-J-G (China),2015,math,Mittelwert,530,COMPUTED_MICRODATA,"OECD-Mikrodaten (Public Use Files 2012/2015/2018/2022), aufbereitet in kevinwang09/learningtower; gewichteter Mittelwert (W_FSTUWT) eines Plausible Value je Domäne",
M479 (Karte),B-S-J-G (China),2015,read,Mittelwert,494,COMPUTED_MICRODATA,"OECD-Mikrodaten (Public Use Files 2012/2015/2018/2022), aufbereitet in kevinwang09/learningtower; gewichteter Mittelwert (W_FSTUWT) eines Plausible Value je Domäne",
M479 (Karte),B-S-J-G (China),2015,sci,Mittelwert,518,COMPUTED_MICRODATA,"OECD-Mikrodaten (Public Use Files 2012/2015/2018/2022), aufbereitet in kevinwang09/learningtower; gewichteter Mittelwert (W_FSTUWT) eines Plausible Value je Domäne",
M479 (Karte),Spain (regions),2015,math,Mittelwert,485,COMPUTED_MICRODATA,"OECD-Mikrodaten (Public Use Files 2012/2015/2018/2022), aufbereitet in kevinwang09/learningtower; gewichteter Mittelwert (W_FSTUWT) eines Plausible Value je Domäne",
M479 (Karte),Spain (regions),2015,read,Mittelwert,496,COMPUTED_MICRODATA,"OECD-Mikrodaten (Public Use Files 2012/2015/2018/2022), aufbereitet in kevinwang09/learningtower; gewichteter Mittelwert (W_FSTUWT) eines Plausible Value je Domäne",
M479 (Karte),Spain (regions),2015,sci,Mittelwert,494,COMPUTED_MICRODATA,"OECD-Mikrodaten (Public Use Files 2012/2015/2018/2022), aufbereitet in kevinwang09/learningtower; gewichteter Mittelwert (W_FSTUWT) eines Plausible Value je Domäne",
M479 (Karte),Dubai (UAE),2015,math,Mittelwert,379,COMPUTED_MICRODATA,"OECD-Mikrodaten (Public Use Files 2012/2015/2018/2022), aufbereitet in kevinwang09/learningtower; gewichteter Mittelwert (W_FSTUWT) eines Plausible Value je Domäne",
M479 (Karte),Dubai (UAE),2015,read,Mittelwert,410,COMPUTED_MICRODATA,"OECD-Mikrodaten (Public Use Files 2012/2015/2018/2022), aufbereitet in kevinwang09/learningtower; gewichteter Mittelwert (W_FSTUWT) eines Plausible Value je Domäne",
M479 (Karte),Dubai (UAE),2015,sci,Mittelwert,403,COMPUTED_MICRODATA,"OECD-Mikrodaten (Public Use Files 2012/2015/2018/2022), aufbereitet in kevinwang09/learningtower; gewichteter Mittelwert (W_FSTUWT) eines Plausible Value je Domäne",
M479 (Karte),Trinidad and Tobago,2015,math,Mittelwert,419,COMPUTED_MICRODATA,"OECD-Mikrodaten (Public Use Files 2012/2015/2018/2022), aufbereitet in kevinwang09/learningtower; gewichteter Mittelwert (W_FSTUWT) eines Plausible Value je Domäne",
M479 (Karte),Trinidad and Tobago,2015,read,Mittelwert,428,COMPUTED_MICRODATA,"OECD-Mikrodaten (Public Use Files 2012/2015/2018/2022), aufbereitet in kevinwang09/learningtower; gewichteter Mittelwert (W_FSTUWT) eines Plausible Value je Domäne",
M479 (Karte),Trinidad and Tobago,2015,sci,Mittelwert,425,COMPUTED_MICRODATA,"OECD-Mikrodaten (Public Use Files 2012/2015/2018/2022), aufbereitet in kevinwang09/learningtower; gewichteter Mittelwert (W_FSTUWT) eines Plausible Value je Domäne",
M479 (Karte),Bosnia and Herzegovina,2018,math,Mittelwert,407,COMPUTED_MICRODATA,"OECD-Mikrodaten (Public Use Files 2012/2015/2018/2022), aufbereitet in kevinwang09/learningtower; gewichteter Mittelwert (W_FSTUWT) eines Plausible Value je Domäne",
M479 (Karte),Bosnia and Herzegovina,2018,read,Mittelwert,403,COMPUTED_MICRODATA,"OECD-Mikrodaten (Public Use Files 2012/2015/2018/2022), aufbereitet in kevinwang09/learningtower; gewichteter Mittelwert (W_FSTUWT) eines Plausible Value je Domäne",
M479 (Karte),Bosnia and Herzegovina,2018,sci,Mittelwert,398,COMPUTED_MICRODATA,"OECD-Mikrodaten (Public Use Files 2012/2015/2018/2022), aufbereitet in kevinwang09/learningtower; gewichteter Mittelwert (W_FSTUWT) eines Plausible Value je Domäne",
M479 (Karte),Belarus,2018,math,Mittelwert,472,COMPUTED_MICRODATA,"OECD-Mikrodaten (Public Use Files 2012/2015/2018/2022), aufbereitet in kevinwang09/learningtower; gewichteter Mittelwert (W_FSTUWT) eines Plausible Value je Domäne",
M479 (Karte),Belarus,2018,read,Mittelwert,474,COMPUTED_MICRODATA,"OECD-Mikrodaten (Public Use Files 2012/2015/2018/2022), aufbereitet in kevinwang09/learningtower; gewichteter Mittelwert (W_FSTUWT) eines Plausible Value je Domäne",
M479 (Karte),Belarus,2018,sci,Mittelwert,472,COMPUTED_MICRODATA,"OECD-Mikrodaten (Public Use Files 2012/2015/2018/2022), aufbereitet in kevinwang09/learningtower; gewichteter Mittelwert (W_FSTUWT) eines Plausible Value je Domäne",
M479 (Karte),Panama,2018,math,Mittelwert,352,COMPUTED_MICRODATA,"OECD-Mikrodaten (Public Use Files 2012/2015/2018/2022), aufbereitet in kevinwang09/learningtower; gewichteter Mittelwert (W_FSTUWT) eines Plausible Value je Domäne",
M479 (Karte),Panama,2018,read,Mittelwert,378,COMPUTED_MICRODATA,"OECD-Mikrodaten (Public Use Files 2012/2015/2018/2022), aufbereitet in kevinwang09/learningtower; gewichteter Mittelwert (W_FSTUWT) eines Plausible Value je Domäne",
M479 (Karte),Panama,2018,sci,Mittelwert,365,COMPUTED_MICRODATA,"OECD-Mikrodaten (Public Use Files 2012/2015/2018/2022), aufbereitet in kevinwang09/learningtower; gewichteter Mittelwert (W_FSTUWT) eines Plausible Value je Domäne",
M479 (Karte),Panama,2022,math,Mittelwert,357,COMPUTED_MICRODATA,"OECD-Mikrodaten (Public Use Files 2012/2015/2018/2022), aufbereitet in kevinwang09/learningtower; gewichteter Mittelwert (W_FSTUWT) eines Plausible Value je Domäne",
M479 (Karte),Panama,2022,read,Mittelwert,392,COMPUTED_MICRODATA,"OECD-Mikrodaten (Public Use Files 2012/2015/2018/2022), aufbereitet in kevinwang09/learningtower; gewichteter Mittelwert (W_FSTUWT) eines Plausible Value je Domäne",
M479 (Karte),Panama,2022,sci,Mittelwert,389,COMPUTED_MICRODATA,"OECD-Mikrodaten (Public Use Files 2012/2015/2018/2022), aufbereitet in kevinwang09/learningtower; gewichteter Mittelwert (W_FSTUWT) eines Plausible Value je Domäne",
M479 (Karte),Baku (Azerbaijan),2018,math,Mittelwert,420,COMPUTED_MICRODATA,"OECD-Mikrodaten (Public Use Files 2012/2015/2018/2022), aufbereitet in kevinwang09/learningtower; gewichteter Mittelwert (W_FSTUWT) eines Plausible Value je Domäne",
M479 (Karte),Baku (Azerbaijan),2018,read,Mittelwert,390,COMPUTED_MICRODATA,"OECD-Mikrodaten (Public Use Files 2012/2015/2018/2022), aufbereitet in kevinwang09/learningtower; gewichteter Mittelwert (W_FSTUWT) eines Plausible Value je Domäne",
M479 (Karte),Baku (Azerbaijan),2018,sci,Mittelwert,397,COMPUTED_MICRODATA,"OECD-Mikrodaten (Public Use Files 2012/2015/2018/2022), aufbereitet in kevinwang09/learningtower; gewichteter Mittelwert (W_FSTUWT) eines Plausible Value je Domäne",
M479 (Karte),Baku (Azerbaijan),2022,math,Mittelwert,398,COMPUTED_MICRODATA,"OECD-Mikrodaten (Public Use Files 2012/2015/2018/2022), aufbereitet in kevinwang09/learningtower; gewichteter Mittelwert (W_FSTUWT) eines Plausible Value je Domäne",
M479 (Karte),Baku (Azerbaijan),2022,read,Mittelwert,365,COMPUTED_MICRODATA,"OECD-Mikrodaten (Public Use Files 2012/2015/2018/2022), aufbereitet in kevinwang09/learningtower; gewichteter Mittelwert (W_FSTUWT) eines Plausible Value je Domäne",
M479 (Karte),Baku (Azerbaijan),2022,sci,Mittelwert,380,COMPUTED_MICRODATA,"OECD-Mikrodaten (Public Use Files 2012/2015/2018/2022), aufbereitet in kevinwang09/learningtower; gewichteter Mittelwert (W_FSTUWT) eines Plausible Value je Domäne",
M479 (Karte),Moscow region (Russia),2018,math,Mittelwert,494,COMPUTED_MICRODATA,"OECD-Mikrodaten (Public Use Files 2012/2015/2018/2022), aufbereitet in kevinwang09/learningtower; gewichteter Mittelwert (W_FSTUWT) eines Plausible Value je Domäne",
M479 (Karte),Moscow region (Russia),2018,read,Mittelwert,487,COMPUTED_MICRODATA,"OECD-Mikrodaten (Public Use Files 2012/2015/2018/2022), aufbereitet in kevinwang09/learningtower; gewichteter Mittelwert (W_FSTUWT) eines Plausible Value je Domäne",
M479 (Karte),Moscow region (Russia),2018,sci,Mittelwert,484,COMPUTED_MICRODATA,"OECD-Mikrodaten (Public Use Files 2012/2015/2018/2022), aufbereitet in kevinwang09/learningtower; gewichteter Mittelwert (W_FSTUWT) eines Plausible Value je Domäne",
M479 (Karte),Tatarstan (Russia),2018,math,Mittelwert,476,COMPUTED_MICRODATA,"OECD-Mikrodaten (Public Use Files 2012/2015/2018/2022), aufbereitet in kevinwang09/learningtower; gewichteter Mittelwert (W_FSTUWT) eines Plausible Value je Domäne",
M479 (Karte),Tatarstan (Russia),2018,read,Mittelwert,462,COMPUTED_MICRODATA,"OECD-Mikrodaten (Public Use Files 2012/2015/2018/2022), aufbereitet in kevinwang09/learningtower; gewichteter Mittelwert (W_FSTUWT) eines Plausible Value je Domäne",
M479 (Karte),Tatarstan (Russia),2018,sci,Mittelwert,462,COMPUTED_MICRODATA,"OECD-Mikrodaten (Public Use Files 2012/2015/2018/2022), aufbereitet in kevinwang09/learningtower; gewichteter Mittelwert (W_FSTUWT) eines Plausible Value je Domäne",
M479 (S07),Albania,2012,math,P10,281.2,COMPUTED_MICRODATA,"OECD PUF via learningtower, gewichtetes Quantil (1 PV)",n = 4743
M479 (S07),Albania,2012,math,P25,337.5,COMPUTED_MICRODATA,"OECD PUF via learningtower, gewichtetes Quantil (1 PV)",n = 4743
M479 (S07),Albania,2012,math,P50,396.2,COMPUTED_MICRODATA,"OECD PUF via learningtower, gewichtetes Quantil (1 PV)",n = 4743
M479 (S07),Albania,2012,math,P75,455.8,COMPUTED_MICRODATA,"OECD PUF via learningtower, gewichtetes Quantil (1 PV)",n = 4743
M479 (S07),Albania,2012,math,P90,510.1,COMPUTED_MICRODATA,"OECD PUF via learningtower, gewichtetes Quantil (1 PV)",n = 4743
M479 (S07),Albania,2012,read,P10,245.3,COMPUTED_MICRODATA,"OECD PUF via learningtower, gewichtetes Quantil (1 PV)",n = 4743
M479 (S07),Albania,2012,read,P25,323.1,COMPUTED_MICRODATA,"OECD PUF via learningtower, gewichtetes Quantil (1 PV)",n = 4743
M479 (S07),Albania,2012,read,P50,403.6,COMPUTED_MICRODATA,"OECD PUF via learningtower, gewichtetes Quantil (1 PV)",n = 4743
M479 (S07),Albania,2012,read,P75,472.8,COMPUTED_MICRODATA,"OECD PUF via learningtower, gewichtetes Quantil (1 PV)",n = 4743
M479 (S07),Albania,2012,read,P90,534.7,COMPUTED_MICRODATA,"OECD PUF via learningtower, gewichtetes Quantil (1 PV)",n = 4743
M479 (S07),Albania,2012,sci,P10,270.0,COMPUTED_MICRODATA,"OECD PUF via learningtower, gewichtetes Quantil (1 PV)",n = 4743
M479 (S07),Albania,2012,sci,P25,340.1,COMPUTED_MICRODATA,"OECD PUF via learningtower, gewichtetes Quantil (1 PV)",n = 4743
M479 (S07),Albania,2012,sci,P50,403.4,COMPUTED_MICRODATA,"OECD PUF via learningtower, gewichtetes Quantil (1 PV)",n = 4743
M479 (S07),Albania,2012,sci,P75,464.9,COMPUTED_MICRODATA,"OECD PUF via learningtower, gewichtetes Quantil (1 PV)",n = 4743
M479 (S07),Albania,2012,sci,P90,516.1,COMPUTED_MICRODATA,"OECD PUF via learningtower, gewichtetes Quantil (1 PV)",n = 4743
M479 (S07),United Arab Emirates,2012,math,P10,321.8,COMPUTED_MICRODATA,"OECD PUF via learningtower, gewichtetes Quantil (1 PV)",n = 11500
M479 (S07),United Arab Emirates,2012,math,P25,370.3,COMPUTED_MICRODATA,"OECD PUF via learningtower, gewichtetes Quantil (1 PV)",n = 11500
M479 (S07),United Arab Emirates,2012,math,P50,428.6,COMPUTED_MICRODATA,"OECD PUF via learningtower, gewichtetes Quantil (1 PV)",n = 11500
M479 (S07),United Arab Emirates,2012,math,P75,493.3,COMPUTED_MICRODATA,"OECD PUF via learningtower, gewichtetes Quantil (1 PV)",n = 11500
M479 (S07),United Arab Emirates,2012,math,P90,554.9,COMPUTED_MICRODATA,"OECD PUF via learningtower, gewichtetes Quantil (1 PV)",n = 11500
M479 (S07),United Arab Emirates,2012,read,P10,315.3,COMPUTED_MICRODATA,"OECD PUF via learningtower, gewichtetes Quantil (1 PV)",n = 11500
M479 (S07),United Arab Emirates,2012,read,P25,376.8,COMPUTED_MICRODATA,"OECD PUF via learningtower, gewichtetes Quantil (1 PV)",n = 11500
M479 (S07),United Arab Emirates,2012,read,P50,443.5,COMPUTED_MICRODATA,"OECD PUF via learningtower, gewichtetes Quantil (1 PV)",n = 11500
M479 (S07),United Arab Emirates,2012,read,P75,508.7,COMPUTED_MICRODATA,"OECD PUF via learningtower, gewichtetes Quantil (1 PV)",n = 11500
M479 (S07),United Arab Emirates,2012,read,P90,562.2,COMPUTED_MICRODATA,"OECD PUF via learningtower, gewichtetes Quantil (1 PV)",n = 11500
M479 (S07),United Arab Emirates,2012,sci,P10,328.9,COMPUTED_MICRODATA,"OECD PUF via learningtower, gewichtetes Quantil (1 PV)",n = 11500
M479 (S07),United Arab Emirates,2012,sci,P25,382.4,COMPUTED_MICRODATA,"OECD PUF via learningtower, gewichtetes Quantil (1 PV)",n = 11500
M479 (S07),United Arab Emirates,2012,sci,P50,447.1,COMPUTED_MICRODATA,"OECD PUF via learningtower, gewichtetes Quantil (1 PV)",n = 11500
M479 (S07),United Arab Emirates,2012,sci,P75,512.4,COMPUTED_MICRODATA,"OECD PUF via learningtower, gewichtetes Quantil (1 PV)",n = 11500
M479 (S07),United Arab Emirates,2012,sci,P90,571.8,COMPUTED_MICRODATA,"OECD PUF via learningtower, gewichtetes Quantil (1 PV)",n = 11500
M479 (S07),Argentina,2012,math,P10,293.9,COMPUTED_MICRODATA,"OECD PUF via learningtower, gewichtetes Quantil (1 PV)",n = 5908
M479 (S07),Argentina,2012,math,P25,336.0,COMPUTED_MICRODATA,"OECD PUF via learningtower, gewichtetes Quantil (1 PV)",n = 5908
M479 (S07),Argentina,2012,math,P50,388.1,COMPUTED_MICRODATA,"OECD PUF via learningtower, gewichtetes Quantil (1 PV)",n = 5908
M479 (S07),Argentina,2012,math,P75,438.7,COMPUTED_MICRODATA,"OECD PUF via learningtower, gewichtetes Quantil (1 PV)",n = 5908
M479 (S07),Argentina,2012,math,P90,488.2,COMPUTED_MICRODATA,"OECD PUF via learningtower, gewichtetes Quantil (1 PV)",n = 5908
M479 (S07),Argentina,2012,read,P10,273.5,COMPUTED_MICRODATA,"OECD PUF via learningtower, gewichtetes Quantil (1 PV)",n = 5908
M479 (S07),Argentina,2012,read,P25,331.2,COMPUTED_MICRODATA,"OECD PUF via learningtower, gewichtetes Quantil (1 PV)",n = 5908
M479 (S07),Argentina,2012,read,P50,399.6,COMPUTED_MICRODATA,"OECD PUF via learningtower, gewichtetes Quantil (1 PV)",n = 5908
M479 (S07),Argentina,2012,read,P75,462.0,COMPUTED_MICRODATA,"OECD PUF via learningtower, gewichtetes Quantil (1 PV)",n = 5908
M479 (S07),Argentina,2012,read,P90,514.0,COMPUTED_MICRODATA,"OECD PUF via learningtower, gewichtetes Quantil (1 PV)",n = 5908
M479 (S07),Argentina,2012,sci,P10,297.1,COMPUTED_MICRODATA,"OECD PUF via learningtower, gewichtetes Quantil (1 PV)",n = 5908
M479 (S07),Argentina,2012,sci,P25,350.7,COMPUTED_MICRODATA,"OECD PUF via learningtower, gewichtetes Quantil (1 PV)",n = 5908
M479 (S07),Argentina,2012,sci,P50,408.7,COMPUTED_MICRODATA,"OECD PUF via learningtower, gewichtetes Quantil (1 PV)",n = 5908
M479 (S07),Argentina,2012,sci,P75,463.2,COMPUTED_MICRODATA,"OECD PUF via learningtower, gewichtetes Quantil (1 PV)",n = 5908
M479 (S07),Argentina,2012,sci,P90,512.3,COMPUTED_MICRODATA,"OECD PUF via learningtower, gewichtetes Quantil (1 PV)",n = 5908
M479 (S07),Australia,2012,math,P10,381.9,COMPUTED_MICRODATA,"OECD PUF via learningtower, gewichtetes Quantil (1 PV)",n = 14481
M479 (S07),Australia,2012,math,P25,437.8,COMPUTED_MICRODATA,"OECD PUF via learningtower, gewichtetes Quantil (1 PV)",n = 14481
M479 (S07),Australia,2012,math,P50,502.2,COMPUTED_MICRODATA,"OECD PUF via learningtower, gewichtetes Quantil (1 PV)",n = 14481
M479 (S07),Australia,2012,math,P75,570.4,COMPUTED_MICRODATA,"OECD PUF via learningtower, gewichtetes Quantil (1 PV)",n = 14481
M479 (S07),Australia,2012,math,P90,628.8,COMPUTED_MICRODATA,"OECD PUF via learningtower, gewichtetes Quantil (1 PV)",n = 14481
M479 (S07),Australia,2012,read,P10,386.1,COMPUTED_MICRODATA,"OECD PUF via learningtower, gewichtetes Quantil (1 PV)",n = 14481
M479 (S07),Australia,2012,read,P25,448.6,COMPUTED_MICRODATA,"OECD PUF via learningtower, gewichtetes Quantil (1 PV)",n = 14481
M479 (S07),Australia,2012,read,P50,514.9,COMPUTED_MICRODATA,"OECD PUF via learningtower, gewichtetes Quantil (1 PV)",n = 14481
M479 (S07),Australia,2012,read,P75,580.0,COMPUTED_MICRODATA,"OECD PUF via learningtower, gewichtetes Quantil (1 PV)",n = 14481
M479 (S07),Australia,2012,read,P90,634.0,COMPUTED_MICRODATA,"OECD PUF via learningtower, gewichtetes Quantil (1 PV)",n = 14481
M479 (S07),Australia,2012,sci,P10,389.5,COMPUTED_MICRODATA,"OECD PUF via learningtower, gewichtetes Quantil (1 PV)",n = 14481
M479 (S07),Australia,2012,sci,P25,453.7,COMPUTED_MICRODATA,"OECD PUF via learningtower, gewichtetes Quantil (1 PV)",n = 14481
M479 (S07),Australia,2012,sci,P50,523.8,COMPUTED_MICRODATA,"OECD PUF via learningtower, gewichtetes Quantil (1 PV)",n = 14481
M479 (S07),Australia,2012,sci,P75,590.0,COMPUTED_MICRODATA,"OECD PUF via learningtower, gewichtetes Quantil (1 PV)",n = 14481
M479 (S07),Australia,2012,sci,P90,648.2,COMPUTED_MICRODATA,"OECD PUF via learningtower, gewichtetes Quantil (1 PV)",n = 14481
M479 (S07),Austria,2012,math,P10,384.3,COMPUTED_MICRODATA,"OECD PUF via learningtower, gewichtetes Quantil (1 PV)",n = 4755
M479 (S07),Austria,2012,math,P25,441.1,COMPUTED_MICRODATA,"OECD PUF via learningtower, gewichtetes Quantil (1 PV)",n = 4755
M479 (S07),Austria,2012,math,P50,506.5,COMPUTED_MICRODATA,"OECD PUF via learningtower, gewichtetes Quantil (1 PV)",n = 4755
M479 (S07),Austria,2012,math,P75,570.7,COMPUTED_MICRODATA,"OECD PUF via learningtower, gewichtetes Quantil (1 PV)",n = 4755
M479 (S07),Austria,2012,math,P90,625.7,COMPUTED_MICRODATA,"OECD PUF via learningtower, gewichtetes Quantil (1 PV)",n = 4755
M479 (S07),Austria,2012,read,P10,367.1,COMPUTED_MICRODATA,"OECD PUF via learningtower, gewichtetes Quantil (1 PV)",n = 4755
M479 (S07),Austria,2012,read,P25,426.7,COMPUTED_MICRODATA,"OECD PUF via learningtower, gewichtetes Quantil (1 PV)",n = 4755
M479 (S07),Austria,2012,read,P50,494.2,COMPUTED_MICRODATA,"OECD PUF via learningtower, gewichtetes Quantil (1 PV)",n = 4755
M479 (S07),Austria,2012,read,P75,556.2,COMPUTED_MICRODATA,"OECD PUF via learningtower, gewichtetes Quantil (1 PV)",n = 4755
M479 (S07),Austria,2012,read,P90,603.0,COMPUTED_MICRODATA,"OECD PUF via learningtower, gewichtetes Quantil (1 PV)",n = 4755
M479 (S07),Austria,2012,sci,P10,379.5,COMPUTED_MICRODATA,"OECD PUF via learningtower, gewichtetes Quantil (1 PV)",n = 4755
M479 (S07),Austria,2012,sci,P25,441.7,COMPUTED_MICRODATA,"OECD PUF via learningtower, gewichtetes Quantil (1 PV)",n = 4755
M479 (S07),Austria,2012,sci,P50,509.1,COMPUTED_MICRODATA,"OECD PUF via learningtower, gewichtetes Quantil (1 PV)",n = 4755
M479 (S07),Austria,2012,sci,P75,571.1,COMPUTED_MICRODATA,"OECD PUF via learningtower, gewichtetes Quantil (1 PV)",n = 4755
M479 (S07),Austria,2012,sci,P90,622.8,COMPUTED_MICRODATA,"OECD PUF via learningtower, gewichtetes Quantil (1 PV)",n = 4755
M479 (S07),Belgium,2012,math,P10,377.2,COMPUTED_MICRODATA,"OECD PUF via learningtower, gewichtetes Quantil (1 PV)",n = 8597
M479 (S07),Belgium,2012,math,P25,444.2,COMPUTED_MICRODATA,"OECD PUF via learningtower, gewichtetes Quantil (1 PV)",n = 8597
M479 (S07),Belgium,2012,math,P50,517.5,COMPUTED_MICRODATA,"OECD PUF via learningtower, gewichtetes Quantil (1 PV)",n = 8597
M479 (S07),Belgium,2012,math,P75,590.1,COMPUTED_MICRODATA,"OECD PUF via learningtower, gewichtetes Quantil (1 PV)",n = 8597
M479 (S07),Belgium,2012,math,P90,646.1,COMPUTED_MICRODATA,"OECD PUF via learningtower, gewichtetes Quantil (1 PV)",n = 8597
M479 (S07),Belgium,2012,read,P10,372.7,COMPUTED_MICRODATA,"OECD PUF via learningtower, gewichtetes Quantil (1 PV)",n = 8597
M479 (S07),Belgium,2012,read,P25,444.4,COMPUTED_MICRODATA,"OECD PUF via learningtower, gewichtetes Quantil (1 PV)",n = 8597
M479 (S07),Belgium,2012,read,P50,516.5,COMPUTED_MICRODATA,"OECD PUF via learningtower, gewichtetes Quantil (1 PV)",n = 8597
M479 (S07),Belgium,2012,read,P75,583.8,COMPUTED_MICRODATA,"OECD PUF via learningtower, gewichtetes Quantil (1 PV)",n = 8597
M479 (S07),Belgium,2012,read,P90,631.9,COMPUTED_MICRODATA,"OECD PUF via learningtower, gewichtetes Quantil (1 PV)",n = 8597
M479 (S07),Belgium,2012,sci,P10,370.0,COMPUTED_MICRODATA,"OECD PUF via learningtower, gewichtetes Quantil (1 PV)",n = 8597
M479 (S07),Belgium,2012,sci,P25,439.1,COMPUTED_MICRODATA,"OECD PUF via learningtower, gewichtetes Quantil (1 PV)",n = 8597
M479 (S07),Belgium,2012,sci,P50,513.6,COMPUTED_MICRODATA,"OECD PUF via learningtower, gewichtetes Quantil (1 PV)",n = 8597
M479 (S07),Belgium,2012,sci,P75,578.7,COMPUTED_MICRODATA,"OECD PUF via learningtower, gewichtetes Quantil (1 PV)",n = 8597
M479 (S07),Belgium,2012,sci,P90,629.2,COMPUTED_MICRODATA,"OECD PUF via learningtower, gewichtetes Quantil (1 PV)",n = 8597
M479 (S07),Bulgaria,2012,math,P10,319.5,COMPUTED_MICRODATA,"OECD PUF via learningtower, gewichtetes Quantil (1 PV)",n = 5282
M479 (S07),Bulgaria,2012,math,P25,372.2,COMPUTED_MICRODATA,"OECD PUF via learningtower, gewichtetes Quantil (1 PV)",n = 5282
M479 (S07),Bulgaria,2012,math,P50,435.6,COMPUTED_MICRODATA,"OECD PUF via learningtower, gewichtetes Quantil (1 PV)",n = 5282
M479 (S07),Bulgaria,2012,math,P75,502.0,COMPUTED_MICRODATA,"OECD PUF via learningtower, gewichtetes Quantil (1 PV)",n = 5282
M479 (S07),Bulgaria,2012,math,P90,564.9,COMPUTED_MICRODATA,"OECD PUF via learningtower, gewichtetes Quantil (1 PV)",n = 5282
M479 (S07),Bulgaria,2012,read,P10,276.6,COMPUTED_MICRODATA,"OECD PUF via learningtower, gewichtetes Quantil (1 PV)",n = 5282
M479 (S07),Bulgaria,2012,read,P25,355.1,COMPUTED_MICRODATA,"OECD PUF via learningtower, gewichtetes Quantil (1 PV)",n = 5282
M479 (S07),Bulgaria,2012,read,P50,444.3,COMPUTED_MICRODATA,"OECD PUF via learningtower, gewichtetes Quantil (1 PV)",n = 5282
M479 (S07),Bulgaria,2012,read,P75,522.1,COMPUTED_MICRODATA,"OECD PUF via learningtower, gewichtetes Quantil (1 PV)",n = 5282
M479 (S07),Bulgaria,2012,read,P90,584.8,COMPUTED_MICRODATA,"OECD PUF via learningtower, gewichtetes Quantil (1 PV)",n = 5282
M479 (S07),Bulgaria,2012,sci,P10,314.6,COMPUTED_MICRODATA,"OECD PUF via learningtower, gewichtetes Quantil (1 PV)",n = 5282
M479 (S07),Bulgaria,2012,sci,P25,374.6,COMPUTED_MICRODATA,"OECD PUF via learningtower, gewichtetes Quantil (1 PV)",n = 5282
M479 (S07),Bulgaria,2012,sci,P50,447.4,COMPUTED_MICRODATA,"OECD PUF via learningtower, gewichtetes Quantil (1 PV)",n = 5282
M479 (S07),Bulgaria,2012,sci,P75,517.9,COMPUTED_MICRODATA,"OECD PUF via learningtower, gewichtetes Quantil (1 PV)",n = 5282
M479 (S07),Bulgaria,2012,sci,P90,577.5,COMPUTED_MICRODATA,"OECD PUF via learningtower, gewichtetes Quantil (1 PV)",n = 5282
M479 (S07),Brazil,2012,math,P10,294.3,COMPUTED_MICRODATA,"OECD PUF via learningtower, gewichtetes Quantil (1 PV)",n = 19204
M479 (S07),Brazil,2012,math,P25,334.3,COMPUTED_MICRODATA,"OECD PUF via learningtower, gewichtetes Quantil (1 PV)",n = 19204
M479 (S07),Brazil,2012,math,P50,382.8,COMPUTED_MICRODATA,"OECD PUF via learningtower, gewichtetes Quantil (1 PV)",n = 19204
M479 (S07),Brazil,2012,math,P75,436.7,COMPUTED_MICRODATA,"OECD PUF via learningtower, gewichtetes Quantil (1 PV)",n = 19204
M479 (S07),Brazil,2012,math,P90,493.4,COMPUTED_MICRODATA,"OECD PUF via learningtower, gewichtetes Quantil (1 PV)",n = 19204
M479 (S07),Brazil,2012,read,P10,295.9,COMPUTED_MICRODATA,"OECD PUF via learningtower, gewichtetes Quantil (1 PV)",n = 19204
M479 (S07),Brazil,2012,read,P25,348.0,COMPUTED_MICRODATA,"OECD PUF via learningtower, gewichtetes Quantil (1 PV)",n = 19204
M479 (S07),Brazil,2012,read,P50,404.6,COMPUTED_MICRODATA,"OECD PUF via learningtower, gewichtetes Quantil (1 PV)",n = 19204
M479 (S07),Brazil,2012,read,P75,465.6,COMPUTED_MICRODATA,"OECD PUF via learningtower, gewichtetes Quantil (1 PV)",n = 19204
M479 (S07),Brazil,2012,read,P90,517.4,COMPUTED_MICRODATA,"OECD PUF via learningtower, gewichtetes Quantil (1 PV)",n = 19204
M479 (S07),Brazil,2012,sci,P10,302.5,COMPUTED_MICRODATA,"OECD PUF via learningtower, gewichtetes Quantil (1 PV)",n = 19204
M479 (S07),Brazil,2012,sci,P25,347.6,COMPUTED_MICRODATA,"OECD PUF via learningtower, gewichtetes Quantil (1 PV)",n = 19204
M479 (S07),Brazil,2012,sci,P50,399.6,COMPUTED_MICRODATA,"OECD PUF via learningtower, gewichtetes Quantil (1 PV)",n = 19204
M479 (S07),Brazil,2012,sci,P75,453.5,COMPUTED_MICRODATA,"OECD PUF via learningtower, gewichtetes Quantil (1 PV)",n = 19204
M479 (S07),Brazil,2012,sci,P90,504.9,COMPUTED_MICRODATA,"OECD PUF via learningtower, gewichtetes Quantil (1 PV)",n = 19204
M479 (S07),Canada,2012,math,P10,402.1,COMPUTED_MICRODATA,"OECD PUF via learningtower, gewichtetes Quantil (1 PV)",n = 21544
M479 (S07),Canada,2012,math,P25,457.5,COMPUTED_MICRODATA,"OECD PUF via learningtower, gewichtetes Quantil (1 PV)",n = 21544
M479 (S07),Canada,2012,math,P50,517.8,COMPUTED_MICRODATA,"OECD PUF via learningtower, gewichtetes Quantil (1 PV)",n = 21544
M479 (S07),Canada,2012,math,P75,580.4,COMPUTED_MICRODATA,"OECD PUF via learningtower, gewichtetes Quantil (1 PV)",n = 21544
M479 (S07),Canada,2012,math,P90,632.7,COMPUTED_MICRODATA,"OECD PUF via learningtower, gewichtetes Quantil (1 PV)",n = 21544
M479 (S07),Canada,2012,read,P10,403.3,COMPUTED_MICRODATA,"OECD PUF via learningtower, gewichtetes Quantil (1 PV)",n = 21544
M479 (S07),Canada,2012,read,P25,465.1,COMPUTED_MICRODATA,"OECD PUF via learningtower, gewichtetes Quantil (1 PV)",n = 21544
M479 (S07),Canada,2012,read,P50,528.5,COMPUTED_MICRODATA,"OECD PUF via learningtower, gewichtetes Quantil (1 PV)",n = 21544
M479 (S07),Canada,2012,read,P75,586.4,COMPUTED_MICRODATA,"OECD PUF via learningtower, gewichtetes Quantil (1 PV)",n = 21544
M479 (S07),Canada,2012,read,P90,638.0,COMPUTED_MICRODATA,"OECD PUF via learningtower, gewichtetes Quantil (1 PV)",n = 21544
M479 (S07),Canada,2012,sci,P10,407.7,COMPUTED_MICRODATA,"OECD PUF via learningtower, gewichtetes Quantil (1 PV)",n = 21544
M479 (S07),Canada,2012,sci,P25,466.9,COMPUTED_MICRODATA,"OECD PUF via learningtower, gewichtetes Quantil (1 PV)",n = 21544
M479 (S07),Canada,2012,sci,P50,527.3,COMPUTED_MICRODATA,"OECD PUF via learningtower, gewichtetes Quantil (1 PV)",n = 21544
M479 (S07),Canada,2012,sci,P75,589.1,COMPUTED_MICRODATA,"OECD PUF via learningtower, gewichtetes Quantil (1 PV)",n = 21544
M479 (S07),Canada,2012,sci,P90,639.2,COMPUTED_MICRODATA,"OECD PUF via learningtower, gewichtetes Quantil (1 PV)",n = 21544
M479 (S07),Switzerland,2012,math,P10,408.2,COMPUTED_MICRODATA,"OECD PUF via learningtower, gewichtetes Quantil (1 PV)",n = 11229
M479 (S07),Switzerland,2012,math,P25,465.3,COMPUTED_MICRODATA,"OECD PUF via learningtower, gewichtetes Quantil (1 PV)",n = 11229
M479 (S07),Switzerland,2012,math,P50,533.0,COMPUTED_MICRODATA,"OECD PUF via learningtower, gewichtetes Quantil (1 PV)",n = 11229
M479 (S07),Switzerland,2012,math,P75,596.3,COMPUTED_MICRODATA,"OECD PUF via learningtower, gewichtetes Quantil (1 PV)",n = 11229
M479 (S07),Switzerland,2012,math,P90,650.0,COMPUTED_MICRODATA,"OECD PUF via learningtower, gewichtetes Quantil (1 PV)",n = 11229
M479 (S07),Switzerland,2012,read,P10,388.6,COMPUTED_MICRODATA,"OECD PUF via learningtower, gewichtetes Quantil (1 PV)",n = 11229
M479 (S07),Switzerland,2012,read,P25,449.7,COMPUTED_MICRODATA,"OECD PUF via learningtower, gewichtetes Quantil (1 PV)",n = 11229
M479 (S07),Switzerland,2012,read,P50,514.1,COMPUTED_MICRODATA,"OECD PUF via learningtower, gewichtetes Quantil (1 PV)",n = 11229
M479 (S07),Switzerland,2012,read,P75,572.9,COMPUTED_MICRODATA,"OECD PUF via learningtower, gewichtetes Quantil (1 PV)",n = 11229
M479 (S07),Switzerland,2012,read,P90,621.3,COMPUTED_MICRODATA,"OECD PUF via learningtower, gewichtetes Quantil (1 PV)",n = 11229
M479 (S07),Switzerland,2012,sci,P10,394.2,COMPUTED_MICRODATA,"OECD PUF via learningtower, gewichtetes Quantil (1 PV)",n = 11229
M479 (S07),Switzerland,2012,sci,P25,453.2,COMPUTED_MICRODATA,"OECD PUF via learningtower, gewichtetes Quantil (1 PV)",n = 11229
M479 (S07),Switzerland,2012,sci,P50,518.5,COMPUTED_MICRODATA,"OECD PUF via learningtower, gewichtetes Quantil (1 PV)",n = 11229
M479 (S07),Switzerland,2012,sci,P75,577.9,COMPUTED_MICRODATA,"OECD PUF via learningtower, gewichtetes Quantil (1 PV)",n = 11229
M479 (S07),Switzerland,2012,sci,P90,628.6,COMPUTED_MICRODATA,"OECD PUF via learningtower, gewichtetes Quantil (1 PV)",n = 11229
M479 (S07),Chile,2012,math,P10,323.7,COMPUTED_MICRODATA,"OECD PUF via learningtower, gewichtetes Quantil (1 PV)",n = 6856
M479 (S07),Chile,2012,math,P25,364.4,COMPUTED_MICRODATA,"OECD PUF via learningtower, gewichtetes Quantil (1 PV)",n = 6856
M479 (S07),Chile,2012,math,P50,416.1,COMPUTED_MICRODATA,"OECD PUF via learningtower, gewichtetes Quantil (1 PV)",n = 6856
M479 (S07),Chile,2012,math,P75,476.2,COMPUTED_MICRODATA,"OECD PUF via learningtower, gewichtetes Quantil (1 PV)",n = 6856
M479 (S07),Chile,2012,math,P90,531.5,COMPUTED_MICRODATA,"OECD PUF via learningtower, gewichtetes Quantil (1 PV)",n = 6856
M479 (S07),Chile,2012,read,P10,337.8,COMPUTED_MICRODATA,"OECD PUF via learningtower, gewichtetes Quantil (1 PV)",n = 6856
M479 (S07),Chile,2012,read,P25,386.9,COMPUTED_MICRODATA,"OECD PUF via learningtower, gewichtetes Quantil (1 PV)",n = 6856
M479 (S07),Chile,2012,read,P50,443.5,COMPUTED_MICRODATA,"OECD PUF via learningtower, gewichtetes Quantil (1 PV)",n = 6856
M479 (S07),Chile,2012,read,P75,496.6,COMPUTED_MICRODATA,"OECD PUF via learningtower, gewichtetes Quantil (1 PV)",n = 6856
M479 (S07),Chile,2012,read,P90,540.5,COMPUTED_MICRODATA,"OECD PUF via learningtower, gewichtetes Quantil (1 PV)",n = 6856
M479 (S07),Chile,2012,sci,P10,342.0,COMPUTED_MICRODATA,"OECD PUF via learningtower, gewichtetes Quantil (1 PV)",n = 6856
M479 (S07),Chile,2012,sci,P25,386.7,COMPUTED_MICRODATA,"OECD PUF via learningtower, gewichtetes Quantil (1 PV)",n = 6856
M479 (S07),Chile,2012,sci,P50,442.0,COMPUTED_MICRODATA,"OECD PUF via learningtower, gewichtetes Quantil (1 PV)",n = 6856
M479 (S07),Chile,2012,sci,P75,499.6,COMPUTED_MICRODATA,"OECD PUF via learningtower, gewichtetes Quantil (1 PV)",n = 6856
M479 (S07),Chile,2012,sci,P90,553.2,COMPUTED_MICRODATA,"OECD PUF via learningtower, gewichtetes Quantil (1 PV)",n = 6856
M479 (S07),Colombia,2012,math,P10,283.1,COMPUTED_MICRODATA,"OECD PUF via learningtower, gewichtetes Quantil (1 PV)",n = 9073
M479 (S07),Colombia,2012,math,P25,325.7,COMPUTED_MICRODATA,"OECD PUF via learningtower, gewichtetes Quantil (1 PV)",n = 9073
M479 (S07),Colombia,2012,math,P50,372.6,COMPUTED_MICRODATA,"OECD PUF via learningtower, gewichtetes Quantil (1 PV)",n = 9073
M479 (S07),Colombia,2012,math,P75,424.8,COMPUTED_MICRODATA,"OECD PUF via learningtower, gewichtetes Quantil (1 PV)",n = 9073
M479 (S07),Colombia,2012,math,P90,474.6,COMPUTED_MICRODATA,"OECD PUF via learningtower, gewichtetes Quantil (1 PV)",n = 9073
M479 (S07),Colombia,2012,read,P10,295.6,COMPUTED_MICRODATA,"OECD PUF via learningtower, gewichtetes Quantil (1 PV)",n = 9073
M479 (S07),Colombia,2012,read,P25,348.9,COMPUTED_MICRODATA,"OECD PUF via learningtower, gewichtetes Quantil (1 PV)",n = 9073
M479 (S07),Colombia,2012,read,P50,406.1,COMPUTED_MICRODATA,"OECD PUF via learningtower, gewichtetes Quantil (1 PV)",n = 9073
M479 (S07),Colombia,2012,read,P75,460.2,COMPUTED_MICRODATA,"OECD PUF via learningtower, gewichtetes Quantil (1 PV)",n = 9073
M479 (S07),Colombia,2012,read,P90,509.0,COMPUTED_MICRODATA,"OECD PUF via learningtower, gewichtetes Quantil (1 PV)",n = 9073
M479 (S07),Colombia,2012,sci,P10,300.8,COMPUTED_MICRODATA,"OECD PUF via learningtower, gewichtetes Quantil (1 PV)",n = 9073
M479 (S07),Colombia,2012,sci,P25,347.2,COMPUTED_MICRODATA,"OECD PUF via learningtower, gewichtetes Quantil (1 PV)",n = 9073
M479 (S07),Colombia,2012,sci,P50,398.2,COMPUTED_MICRODATA,"OECD PUF via learningtower, gewichtetes Quantil (1 PV)",n = 9073
M479 (S07),Colombia,2012,sci,P75,448.3,COMPUTED_MICRODATA,"OECD PUF via learningtower, gewichtetes Quantil (1 PV)",n = 9073
M479 (S07),Colombia,2012,sci,P90,496.8,COMPUTED_MICRODATA,"OECD PUF via learningtower, gewichtetes Quantil (1 PV)",n = 9073
M479 (S07),Costa Rica,2012,math,P10,323.8,COMPUTED_MICRODATA,"OECD PUF via learningtower, gewichtetes Quantil (1 PV)",n = 4602
M479 (S07),Costa Rica,2012,math,P25,361.3,COMPUTED_MICRODATA,"OECD PUF via learningtower, gewichtetes Quantil (1 PV)",n = 4602
M479 (S07),Costa Rica,2012,math,P50,402.9,COMPUTED_MICRODATA,"OECD PUF via learningtower, gewichtetes Quantil (1 PV)",n = 4602
M479 (S07),Costa Rica,2012,math,P75,449.5,COMPUTED_MICRODATA,"OECD PUF via learningtower, gewichtetes Quantil (1 PV)",n = 4602
M479 (S07),Costa Rica,2012,math,P90,497.1,COMPUTED_MICRODATA,"OECD PUF via learningtower, gewichtetes Quantil (1 PV)",n = 4602
M479 (S07),Costa Rica,2012,read,P10,345.8,COMPUTED_MICRODATA,"OECD PUF via learningtower, gewichtetes Quantil (1 PV)",n = 4602
M479 (S07),Costa Rica,2012,read,P25,391.2,COMPUTED_MICRODATA,"OECD PUF via learningtower, gewichtetes Quantil (1 PV)",n = 4602
M479 (S07),Costa Rica,2012,read,P50,442.0,COMPUTED_MICRODATA,"OECD PUF via learningtower, gewichtetes Quantil (1 PV)",n = 4602
M479 (S07),Costa Rica,2012,read,P75,489.5,COMPUTED_MICRODATA,"OECD PUF via learningtower, gewichtetes Quantil (1 PV)",n = 4602
M479 (S07),Costa Rica,2012,read,P90,534.1,COMPUTED_MICRODATA,"OECD PUF via learningtower, gewichtetes Quantil (1 PV)",n = 4602
M479 (S07),Costa Rica,2012,sci,P10,342.4,COMPUTED_MICRODATA,"OECD PUF via learningtower, gewichtetes Quantil (1 PV)",n = 4602
M479 (S07),Costa Rica,2012,sci,P25,381.1,COMPUTED_MICRODATA,"OECD PUF via learningtower, gewichtetes Quantil (1 PV)",n = 4602
M479 (S07),Costa Rica,2012,sci,P50,429.6,COMPUTED_MICRODATA,"OECD PUF via learningtower, gewichtetes Quantil (1 PV)",n = 4602
M479 (S07),Costa Rica,2012,sci,P75,476.1,COMPUTED_MICRODATA,"OECD PUF via learningtower, gewichtetes Quantil (1 PV)",n = 4602
M479 (S07),Costa Rica,2012,sci,P90,522.8,COMPUTED_MICRODATA,"OECD PUF via learningtower, gewichtetes Quantil (1 PV)",n = 4602
M479 (S07),Czechia,2012,math,P10,377.5,COMPUTED_MICRODATA,"OECD PUF via learningtower, gewichtetes Quantil (1 PV)",n = 5327
M479 (S07),Czechia,2012,math,P25,431.0,COMPUTED_MICRODATA,"OECD PUF via learningtower, gewichtetes Quantil (1 PV)",n = 5327
M479 (S07),Czechia,2012,math,P50,499.9,COMPUTED_MICRODATA,"OECD PUF via learningtower, gewichtetes Quantil (1 PV)",n = 5327
M479 (S07),Czechia,2012,math,P75,565.0,COMPUTED_MICRODATA,"OECD PUF via learningtower, gewichtetes Quantil (1 PV)",n = 5327
M479 (S07),Czechia,2012,math,P90,620.2,COMPUTED_MICRODATA,"OECD PUF via learningtower, gewichtetes Quantil (1 PV)",n = 5327
M479 (S07),Czechia,2012,read,P10,379.1,COMPUTED_MICRODATA,"OECD PUF via learningtower, gewichtetes Quantil (1 PV)",n = 5327
M479 (S07),Czechia,2012,read,P25,434.1,COMPUTED_MICRODATA,"OECD PUF via learningtower, gewichtetes Quantil (1 PV)",n = 5327
M479 (S07),Czechia,2012,read,P50,498.2,COMPUTED_MICRODATA,"OECD PUF via learningtower, gewichtetes Quantil (1 PV)",n = 5327
M479 (S07),Czechia,2012,read,P75,552.8,COMPUTED_MICRODATA,"OECD PUF via learningtower, gewichtetes Quantil (1 PV)",n = 5327
M479 (S07),Czechia,2012,read,P90,604.9,COMPUTED_MICRODATA,"OECD PUF via learningtower, gewichtetes Quantil (1 PV)",n = 5327
M479 (S07),Czechia,2012,sci,P10,394.1,COMPUTED_MICRODATA,"OECD PUF via learningtower, gewichtetes Quantil (1 PV)",n = 5327
M479 (S07),Czechia,2012,sci,P25,451.1,COMPUTED_MICRODATA,"OECD PUF via learningtower, gewichtetes Quantil (1 PV)",n = 5327
M479 (S07),Czechia,2012,sci,P50,512.6,COMPUTED_MICRODATA,"OECD PUF via learningtower, gewichtetes Quantil (1 PV)",n = 5327
M479 (S07),Czechia,2012,sci,P75,574.2,COMPUTED_MICRODATA,"OECD PUF via learningtower, gewichtetes Quantil (1 PV)",n = 5327
M479 (S07),Czechia,2012,sci,P90,621.6,COMPUTED_MICRODATA,"OECD PUF via learningtower, gewichtetes Quantil (1 PV)",n = 5327
M479 (S07),Germany,2012,math,P10,383.6,COMPUTED_MICRODATA,"OECD PUF via learningtower, gewichtetes Quantil (1 PV)",n = 5001
M479 (S07),Germany,2012,math,P25,447.4,COMPUTED_MICRODATA,"OECD PUF via learningtower, gewichtetes Quantil (1 PV)",n = 5001
M479 (S07),Germany,2012,math,P50,515.4,COMPUTED_MICRODATA,"OECD PUF via learningtower, gewichtetes Quantil (1 PV)",n = 5001
M479 (S07),Germany,2012,math,P75,583.0,COMPUTED_MICRODATA,"OECD PUF via learningtower, gewichtetes Quantil (1 PV)",n = 5001
M479 (S07),Germany,2012,math,P90,637.9,COMPUTED_MICRODATA,"OECD PUF via learningtower, gewichtetes Quantil (1 PV)",n = 5001
M479 (S07),Germany,2012,read,P10,385.7,COMPUTED_MICRODATA,"OECD PUF via learningtower, gewichtetes Quantil (1 PV)",n = 5001
M479 (S07),Germany,2012,read,P25,447.5,COMPUTED_MICRODATA,"OECD PUF via learningtower, gewichtetes Quantil (1 PV)",n = 5001
M479 (S07),Germany,2012,read,P50,514.8,COMPUTED_MICRODATA,"OECD PUF via learningtower, gewichtetes Quantil (1 PV)",n = 5001
M479 (S07),Germany,2012,read,P75,574.1,COMPUTED_MICRODATA,"OECD PUF via learningtower, gewichtetes Quantil (1 PV)",n = 5001
M479 (S07),Germany,2012,read,P90,620.7,COMPUTED_MICRODATA,"OECD PUF via learningtower, gewichtetes Quantil (1 PV)",n = 5001
M479 (S07),Germany,2012,sci,P10,397.9,COMPUTED_MICRODATA,"OECD PUF via learningtower, gewichtetes Quantil (1 PV)",n = 5001
M479 (S07),Germany,2012,sci,P25,461.3,COMPUTED_MICRODATA,"OECD PUF via learningtower, gewichtetes Quantil (1 PV)",n = 5001
M479 (S07),Germany,2012,sci,P50,529.4,COMPUTED_MICRODATA,"OECD PUF via learningtower, gewichtetes Quantil (1 PV)",n = 5001
M479 (S07),Germany,2012,sci,P75,591.0,COMPUTED_MICRODATA,"OECD PUF via learningtower, gewichtetes Quantil (1 PV)",n = 5001
M479 (S07),Germany,2012,sci,P90,640.2,COMPUTED_MICRODATA,"OECD PUF via learningtower, gewichtetes Quantil (1 PV)",n = 5001
M479 (S07),Denmark,2012,math,P10,394.6,COMPUTED_MICRODATA,"OECD PUF via learningtower, gewichtetes Quantil (1 PV)",n = 7481
M479 (S07),Denmark,2012,math,P25,443.4,COMPUTED_MICRODATA,"OECD PUF via learningtower, gewichtetes Quantil (1 PV)",n = 7481
M479 (S07),Denmark,2012,math,P50,499.6,COMPUTED_MICRODATA,"OECD PUF via learningtower, gewichtetes Quantil (1 PV)",n = 7481
M479 (S07),Denmark,2012,math,P75,557.6,COMPUTED_MICRODATA,"OECD PUF via learningtower, gewichtetes Quantil (1 PV)",n = 7481
M479 (S07),Denmark,2012,math,P90,606.6,COMPUTED_MICRODATA,"OECD PUF via learningtower, gewichtetes Quantil (1 PV)",n = 7481
M479 (S07),Denmark,2012,read,P10,387.1,COMPUTED_MICRODATA,"OECD PUF via learningtower, gewichtetes Quantil (1 PV)",n = 7481
M479 (S07),Denmark,2012,read,P25,443.3,COMPUTED_MICRODATA,"OECD PUF via learningtower, gewichtetes Quantil (1 PV)",n = 7481
M479 (S07),Denmark,2012,read,P50,500.8,COMPUTED_MICRODATA,"OECD PUF via learningtower, gewichtetes Quantil (1 PV)",n = 7481
M479 (S07),Denmark,2012,read,P75,554.6,COMPUTED_MICRODATA,"OECD PUF via learningtower, gewichtetes Quantil (1 PV)",n = 7481
M479 (S07),Denmark,2012,read,P90,601.4,COMPUTED_MICRODATA,"OECD PUF via learningtower, gewichtetes Quantil (1 PV)",n = 7481
M479 (S07),Denmark,2012,sci,P10,377.7,COMPUTED_MICRODATA,"OECD PUF via learningtower, gewichtetes Quantil (1 PV)",n = 7481
M479 (S07),Denmark,2012,sci,P25,437.0,COMPUTED_MICRODATA,"OECD PUF via learningtower, gewichtetes Quantil (1 PV)",n = 7481
M479 (S07),Denmark,2012,sci,P50,501.4,COMPUTED_MICRODATA,"OECD PUF via learningtower, gewichtetes Quantil (1 PV)",n = 7481
M479 (S07),Denmark,2012,sci,P75,562.3,COMPUTED_MICRODATA,"OECD PUF via learningtower, gewichtetes Quantil (1 PV)",n = 7481
M479 (S07),Denmark,2012,sci,P90,613.7,COMPUTED_MICRODATA,"OECD PUF via learningtower, gewichtetes Quantil (1 PV)",n = 7481
M479 (S07),Spain,2012,math,P10,371.9,COMPUTED_MICRODATA,"OECD PUF via learningtower, gewichtetes Quantil (1 PV)",n = 25313
M479 (S07),Spain,2012,math,P25,424.8,COMPUTED_MICRODATA,"OECD PUF via learningtower, gewichtetes Quantil (1 PV)",n = 25313
M479 (S07),Spain,2012,math,P50,485.5,COMPUTED_MICRODATA,"OECD PUF via learningtower, gewichtetes Quantil (1 PV)",n = 25313
M479 (S07),Spain,2012,math,P75,546.2,COMPUTED_MICRODATA,"OECD PUF via learningtower, gewichtetes Quantil (1 PV)",n = 25313
M479 (S07),Spain,2012,math,P90,599.5,COMPUTED_MICRODATA,"OECD PUF via learningtower, gewichtetes Quantil (1 PV)",n = 25313
M479 (S07),Spain,2012,read,P10,368.0,COMPUTED_MICRODATA,"OECD PUF via learningtower, gewichtetes Quantil (1 PV)",n = 25313
M479 (S07),Spain,2012,read,P25,430.6,COMPUTED_MICRODATA,"OECD PUF via learningtower, gewichtetes Quantil (1 PV)",n = 25313
M479 (S07),Spain,2012,read,P50,494.2,COMPUTED_MICRODATA,"OECD PUF via learningtower, gewichtetes Quantil (1 PV)",n = 25313
M479 (S07),Spain,2012,read,P75,551.3,COMPUTED_MICRODATA,"OECD PUF via learningtower, gewichtetes Quantil (1 PV)",n = 25313
M479 (S07),Spain,2012,read,P90,601.5,COMPUTED_MICRODATA,"OECD PUF via learningtower, gewichtetes Quantil (1 PV)",n = 25313
M479 (S07),Spain,2012,sci,P10,384.0,COMPUTED_MICRODATA,"OECD PUF via learningtower, gewichtetes Quantil (1 PV)",n = 25313
M479 (S07),Spain,2012,sci,P25,439.9,COMPUTED_MICRODATA,"OECD PUF via learningtower, gewichtetes Quantil (1 PV)",n = 25313
M479 (S07),Spain,2012,sci,P50,499.5,COMPUTED_MICRODATA,"OECD PUF via learningtower, gewichtetes Quantil (1 PV)",n = 25313
M479 (S07),Spain,2012,sci,P75,557.1,COMPUTED_MICRODATA,"OECD PUF via learningtower, gewichtetes Quantil (1 PV)",n = 25313
M479 (S07),Spain,2012,sci,P90,605.2,COMPUTED_MICRODATA,"OECD PUF via learningtower, gewichtetes Quantil (1 PV)",n = 25313
M479 (S07),Estonia,2012,math,P10,417.1,COMPUTED_MICRODATA,"OECD PUF via learningtower, gewichtetes Quantil (1 PV)",n = 4779
M479 (S07),Estonia,2012,math,P25,465.4,COMPUTED_MICRODATA,"OECD PUF via learningtower, gewichtetes Quantil (1 PV)",n = 4779
M479 (S07),Estonia,2012,math,P50,518.2,COMPUTED_MICRODATA,"OECD PUF via learningtower, gewichtetes Quantil (1 PV)",n = 4779
M479 (S07),Estonia,2012,math,P75,576.0,COMPUTED_MICRODATA,"OECD PUF via learningtower, gewichtetes Quantil (1 PV)",n = 4779
M479 (S07),Estonia,2012,math,P90,624.1,COMPUTED_MICRODATA,"OECD PUF via learningtower, gewichtetes Quantil (1 PV)",n = 4779
M479 (S07),Estonia,2012,read,P10,412.5,COMPUTED_MICRODATA,"OECD PUF via learningtower, gewichtetes Quantil (1 PV)",n = 4779
M479 (S07),Estonia,2012,read,P25,462.6,COMPUTED_MICRODATA,"OECD PUF via learningtower, gewichtetes Quantil (1 PV)",n = 4779
M479 (S07),Estonia,2012,read,P50,518.0,COMPUTED_MICRODATA,"OECD PUF via learningtower, gewichtetes Quantil (1 PV)",n = 4779
M479 (S07),Estonia,2012,read,P75,571.3,COMPUTED_MICRODATA,"OECD PUF via learningtower, gewichtetes Quantil (1 PV)",n = 4779
M479 (S07),Estonia,2012,read,P90,618.1,COMPUTED_MICRODATA,"OECD PUF via learningtower, gewichtetes Quantil (1 PV)",n = 4779
M479 (S07),Estonia,2012,sci,P10,437.7,COMPUTED_MICRODATA,"OECD PUF via learningtower, gewichtetes Quantil (1 PV)",n = 4779
M479 (S07),Estonia,2012,sci,P25,486.2,COMPUTED_MICRODATA,"OECD PUF via learningtower, gewichtetes Quantil (1 PV)",n = 4779
M479 (S07),Estonia,2012,sci,P50,541.5,COMPUTED_MICRODATA,"OECD PUF via learningtower, gewichtetes Quantil (1 PV)",n = 4779
M479 (S07),Estonia,2012,sci,P75,596.7,COMPUTED_MICRODATA,"OECD PUF via learningtower, gewichtetes Quantil (1 PV)",n = 4779
M479 (S07),Estonia,2012,sci,P90,643.2,COMPUTED_MICRODATA,"OECD PUF via learningtower, gewichtetes Quantil (1 PV)",n = 4779
M479 (S07),Finland,2012,math,P10,408.4,COMPUTED_MICRODATA,"OECD PUF via learningtower, gewichtetes Quantil (1 PV)",n = 8829
M479 (S07),Finland,2012,math,P25,462.3,COMPUTED_MICRODATA,"OECD PUF via learningtower, gewichtetes Quantil (1 PV)",n = 8829
M479 (S07),Finland,2012,math,P50,520.5,COMPUTED_MICRODATA,"OECD PUF via learningtower, gewichtetes Quantil (1 PV)",n = 8829
M479 (S07),Finland,2012,math,P75,577.4,COMPUTED_MICRODATA,"OECD PUF via learningtower, gewichtetes Quantil (1 PV)",n = 8829
M479 (S07),Finland,2012,math,P90,631.3,COMPUTED_MICRODATA,"OECD PUF via learningtower, gewichtetes Quantil (1 PV)",n = 8829
M479 (S07),Finland,2012,read,P10,400.4,COMPUTED_MICRODATA,"OECD PUF via learningtower, gewichtetes Quantil (1 PV)",n = 8829
M479 (S07),Finland,2012,read,P25,464.9,COMPUTED_MICRODATA,"OECD PUF via learningtower, gewichtetes Quantil (1 PV)",n = 8829
M479 (S07),Finland,2012,read,P50,531.4,COMPUTED_MICRODATA,"OECD PUF via learningtower, gewichtetes Quantil (1 PV)",n = 8829
M479 (S07),Finland,2012,read,P75,590.2,COMPUTED_MICRODATA,"OECD PUF via learningtower, gewichtetes Quantil (1 PV)",n = 8829
M479 (S07),Finland,2012,read,P90,640.2,COMPUTED_MICRODATA,"OECD PUF via learningtower, gewichtetes Quantil (1 PV)",n = 8829
M479 (S07),Finland,2012,sci,P10,424.1,COMPUTED_MICRODATA,"OECD PUF via learningtower, gewichtetes Quantil (1 PV)",n = 8829
M479 (S07),Finland,2012,sci,P25,485.6,COMPUTED_MICRODATA,"OECD PUF via learningtower, gewichtetes Quantil (1 PV)",n = 8829
M479 (S07),Finland,2012,sci,P50,549.0,COMPUTED_MICRODATA,"OECD PUF via learningtower, gewichtetes Quantil (1 PV)",n = 8829
M479 (S07),Finland,2012,sci,P75,609.8,COMPUTED_MICRODATA,"OECD PUF via learningtower, gewichtetes Quantil (1 PV)",n = 8829
M479 (S07),Finland,2012,sci,P90,663.9,COMPUTED_MICRODATA,"OECD PUF via learningtower, gewichtetes Quantil (1 PV)",n = 8829
M479 (S07),France,2012,math,P10,365.3,COMPUTED_MICRODATA,"OECD PUF via learningtower, gewichtetes Quantil (1 PV)",n = 4613
M479 (S07),France,2012,math,P25,429.6,COMPUTED_MICRODATA,"OECD PUF via learningtower, gewichtetes Quantil (1 PV)",n = 4613
M479 (S07),France,2012,math,P50,497.7,COMPUTED_MICRODATA,"OECD PUF via learningtower, gewichtetes Quantil (1 PV)",n = 4613
M479 (S07),France,2012,math,P75,566.0,COMPUTED_MICRODATA,"OECD PUF via learningtower, gewichtetes Quantil (1 PV)",n = 4613
M479 (S07),France,2012,math,P90,621.8,COMPUTED_MICRODATA,"OECD PUF via learningtower, gewichtetes Quantil (1 PV)",n = 4613
M479 (S07),France,2012,read,P10,356.8,COMPUTED_MICRODATA,"OECD PUF via learningtower, gewichtetes Quantil (1 PV)",n = 4613
M479 (S07),France,2012,read,P25,433.8,COMPUTED_MICRODATA,"OECD PUF via learningtower, gewichtetes Quantil (1 PV)",n = 4613
M479 (S07),France,2012,read,P50,514.9,COMPUTED_MICRODATA,"OECD PUF via learningtower, gewichtetes Quantil (1 PV)",n = 4613
M479 (S07),France,2012,read,P75,584.8,COMPUTED_MICRODATA,"OECD PUF via learningtower, gewichtetes Quantil (1 PV)",n = 4613
M479 (S07),France,2012,read,P90,641.2,COMPUTED_MICRODATA,"OECD PUF via learningtower, gewichtetes Quantil (1 PV)",n = 4613
M479 (S07),France,2012,sci,P10,365.3,COMPUTED_MICRODATA,"OECD PUF via learningtower, gewichtetes Quantil (1 PV)",n = 4613
M479 (S07),France,2012,sci,P25,433.0,COMPUTED_MICRODATA,"OECD PUF via learningtower, gewichtetes Quantil (1 PV)",n = 4613
M479 (S07),France,2012,sci,P50,506.1,COMPUTED_MICRODATA,"OECD PUF via learningtower, gewichtetes Quantil (1 PV)",n = 4613
M479 (S07),France,2012,sci,P75,571.6,COMPUTED_MICRODATA,"OECD PUF via learningtower, gewichtetes Quantil (1 PV)",n = 4613
M479 (S07),France,2012,sci,P90,622.5,COMPUTED_MICRODATA,"OECD PUF via learningtower, gewichtetes Quantil (1 PV)",n = 4613
M479 (S07),United Kingdom,2012,math,P10,371.9,COMPUTED_MICRODATA,"OECD PUF via learningtower, gewichtetes Quantil (1 PV)",n = 12659
M479 (S07),United Kingdom,2012,math,P25,428.9,COMPUTED_MICRODATA,"OECD PUF via learningtower, gewichtetes Quantil (1 PV)",n = 12659
M479 (S07),United Kingdom,2012,math,P50,494.2,COMPUTED_MICRODATA,"OECD PUF via learningtower, gewichtetes Quantil (1 PV)",n = 12659
M479 (S07),United Kingdom,2012,math,P75,560.2,COMPUTED_MICRODATA,"OECD PUF via learningtower, gewichtetes Quantil (1 PV)",n = 12659
M479 (S07),United Kingdom,2012,math,P90,616.5,COMPUTED_MICRODATA,"OECD PUF via learningtower, gewichtetes Quantil (1 PV)",n = 12659
M479 (S07),United Kingdom,2012,read,P10,371.8,COMPUTED_MICRODATA,"OECD PUF via learningtower, gewichtetes Quantil (1 PV)",n = 12659
M479 (S07),United Kingdom,2012,read,P25,437.8,COMPUTED_MICRODATA,"OECD PUF via learningtower, gewichtetes Quantil (1 PV)",n = 12659
M479 (S07),United Kingdom,2012,read,P50,504.0,COMPUTED_MICRODATA,"OECD PUF via learningtower, gewichtetes Quantil (1 PV)",n = 12659
M479 (S07),United Kingdom,2012,read,P75,567.8,COMPUTED_MICRODATA,"OECD PUF via learningtower, gewichtetes Quantil (1 PV)",n = 12659
M479 (S07),United Kingdom,2012,read,P90,618.5,COMPUTED_MICRODATA,"OECD PUF via learningtower, gewichtetes Quantil (1 PV)",n = 12659
M479 (S07),United Kingdom,2012,sci,P10,382.2,COMPUTED_MICRODATA,"OECD PUF via learningtower, gewichtetes Quantil (1 PV)",n = 12659
M479 (S07),United Kingdom,2012,sci,P25,448.3,COMPUTED_MICRODATA,"OECD PUF via learningtower, gewichtetes Quantil (1 PV)",n = 12659
M479 (S07),United Kingdom,2012,sci,P50,517.0,COMPUTED_MICRODATA,"OECD PUF via learningtower, gewichtetes Quantil (1 PV)",n = 12659
M479 (S07),United Kingdom,2012,sci,P75,585.1,COMPUTED_MICRODATA,"OECD PUF via learningtower, gewichtetes Quantil (1 PV)",n = 12659
M479 (S07),United Kingdom,2012,sci,P90,638.7,COMPUTED_MICRODATA,"OECD PUF via learningtower, gewichtetes Quantil (1 PV)",n = 12659
M479 (S07),Greece,2012,math,P10,339.3,COMPUTED_MICRODATA,"OECD PUF via learningtower, gewichtetes Quantil (1 PV)",n = 5125
M479 (S07),Greece,2012,math,P25,393.6,COMPUTED_MICRODATA,"OECD PUF via learningtower, gewichtetes Quantil (1 PV)",n = 5125
M479 (S07),Greece,2012,math,P50,452.8,COMPUTED_MICRODATA,"OECD PUF via learningtower, gewichtetes Quantil (1 PV)",n = 5125
M479 (S07),Greece,2012,math,P75,514.0,COMPUTED_MICRODATA,"OECD PUF via learningtower, gewichtetes Quantil (1 PV)",n = 5125
M479 (S07),Greece,2012,math,P90,566.5,COMPUTED_MICRODATA,"OECD PUF via learningtower, gewichtetes Quantil (1 PV)",n = 5125
M479 (S07),Greece,2012,read,P10,347.1,COMPUTED_MICRODATA,"OECD PUF via learningtower, gewichtetes Quantil (1 PV)",n = 5125
M479 (S07),Greece,2012,read,P25,415.7,COMPUTED_MICRODATA,"OECD PUF via learningtower, gewichtetes Quantil (1 PV)",n = 5125
M479 (S07),Greece,2012,read,P50,485.5,COMPUTED_MICRODATA,"OECD PUF via learningtower, gewichtetes Quantil (1 PV)",n = 5125
M479 (S07),Greece,2012,read,P75,543.6,COMPUTED_MICRODATA,"OECD PUF via learningtower, gewichtetes Quantil (1 PV)",n = 5125
M479 (S07),Greece,2012,read,P90,598.1,COMPUTED_MICRODATA,"OECD PUF via learningtower, gewichtetes Quantil (1 PV)",n = 5125
M479 (S07),Greece,2012,sci,P10,353.2,COMPUTED_MICRODATA,"OECD PUF via learningtower, gewichtetes Quantil (1 PV)",n = 5125
M479 (S07),Greece,2012,sci,P25,408.5,COMPUTED_MICRODATA,"OECD PUF via learningtower, gewichtetes Quantil (1 PV)",n = 5125
M479 (S07),Greece,2012,sci,P50,468.1,COMPUTED_MICRODATA,"OECD PUF via learningtower, gewichtetes Quantil (1 PV)",n = 5125
M479 (S07),Greece,2012,sci,P75,527.8,COMPUTED_MICRODATA,"OECD PUF via learningtower, gewichtetes Quantil (1 PV)",n = 5125
M479 (S07),Greece,2012,sci,P90,577.0,COMPUTED_MICRODATA,"OECD PUF via learningtower, gewichtetes Quantil (1 PV)",n = 5125
M479 (S07),Hong Kong (China),2012,math,P10,431.7,COMPUTED_MICRODATA,"OECD PUF via learningtower, gewichtetes Quantil (1 PV)",n = 4670
M479 (S07),Hong Kong (China),2012,math,P25,498.8,COMPUTED_MICRODATA,"OECD PUF via learningtower, gewichtetes Quantil (1 PV)",n = 4670
M479 (S07),Hong Kong (China),2012,math,P50,569.5,COMPUTED_MICRODATA,"OECD PUF via learningtower, gewichtetes Quantil (1 PV)",n = 4670
M479 (S07),Hong Kong (China),2012,math,P75,628.8,COMPUTED_MICRODATA,"OECD PUF via learningtower, gewichtetes Quantil (1 PV)",n = 4670
M479 (S07),Hong Kong (China),2012,math,P90,679.5,COMPUTED_MICRODATA,"OECD PUF via learningtower, gewichtetes Quantil (1 PV)",n = 4670
M479 (S07),Hong Kong (China),2012,read,P10,428.5,COMPUTED_MICRODATA,"OECD PUF via learningtower, gewichtetes Quantil (1 PV)",n = 4670
M479 (S07),Hong Kong (China),2012,read,P25,491.8,COMPUTED_MICRODATA,"OECD PUF via learningtower, gewichtetes Quantil (1 PV)",n = 4670
M479 (S07),Hong Kong (China),2012,read,P50,554.0,COMPUTED_MICRODATA,"OECD PUF via learningtower, gewichtetes Quantil (1 PV)",n = 4670
M479 (S07),Hong Kong (China),2012,read,P75,604.6,COMPUTED_MICRODATA,"OECD PUF via learningtower, gewichtetes Quantil (1 PV)",n = 4670
M479 (S07),Hong Kong (China),2012,read,P90,646.7,COMPUTED_MICRODATA,"OECD PUF via learningtower, gewichtetes Quantil (1 PV)",n = 4670
M479 (S07),Hong Kong (China),2012,sci,P10,445.6,COMPUTED_MICRODATA,"OECD PUF via learningtower, gewichtetes Quantil (1 PV)",n = 4670
M479 (S07),Hong Kong (China),2012,sci,P25,503.6,COMPUTED_MICRODATA,"OECD PUF via learningtower, gewichtetes Quantil (1 PV)",n = 4670
M479 (S07),Hong Kong (China),2012,sci,P50,563.1,COMPUTED_MICRODATA,"OECD PUF via learningtower, gewichtetes Quantil (1 PV)",n = 4670
M479 (S07),Hong Kong (China),2012,sci,P75,614.3,COMPUTED_MICRODATA,"OECD PUF via learningtower, gewichtetes Quantil (1 PV)",n = 4670
M479 (S07),Hong Kong (China),2012,sci,P90,654.1,COMPUTED_MICRODATA,"OECD PUF via learningtower, gewichtetes Quantil (1 PV)",n = 4670
M479 (S07),Croatia,2012,math,P10,360.1,COMPUTED_MICRODATA,"OECD PUF via learningtower, gewichtetes Quantil (1 PV)",n = 5008
M479 (S07),Croatia,2012,math,P25,408.4,COMPUTED_MICRODATA,"OECD PUF via learningtower, gewichtetes Quantil (1 PV)",n = 5008
M479 (S07),Croatia,2012,math,P50,468.5,COMPUTED_MICRODATA,"OECD PUF via learningtower, gewichtetes Quantil (1 PV)",n = 5008
M479 (S07),Croatia,2012,math,P75,529.8,COMPUTED_MICRODATA,"OECD PUF via learningtower, gewichtetes Quantil (1 PV)",n = 5008
M479 (S07),Croatia,2012,math,P90,587.8,COMPUTED_MICRODATA,"OECD PUF via learningtower, gewichtetes Quantil (1 PV)",n = 5008
M479 (S07),Croatia,2012,read,P10,369.4,COMPUTED_MICRODATA,"OECD PUF via learningtower, gewichtetes Quantil (1 PV)",n = 5008
M479 (S07),Croatia,2012,read,P25,425.9,COMPUTED_MICRODATA,"OECD PUF via learningtower, gewichtetes Quantil (1 PV)",n = 5008
M479 (S07),Croatia,2012,read,P50,488.1,COMPUTED_MICRODATA,"OECD PUF via learningtower, gewichtetes Quantil (1 PV)",n = 5008
M479 (S07),Croatia,2012,read,P75,546.9,COMPUTED_MICRODATA,"OECD PUF via learningtower, gewichtetes Quantil (1 PV)",n = 5008
M479 (S07),Croatia,2012,read,P90,592.2,COMPUTED_MICRODATA,"OECD PUF via learningtower, gewichtetes Quantil (1 PV)",n = 5008
M479 (S07),Croatia,2012,sci,P10,378.3,COMPUTED_MICRODATA,"OECD PUF via learningtower, gewichtetes Quantil (1 PV)",n = 5008
M479 (S07),Croatia,2012,sci,P25,432.8,COMPUTED_MICRODATA,"OECD PUF via learningtower, gewichtetes Quantil (1 PV)",n = 5008
M479 (S07),Croatia,2012,sci,P50,491.6,COMPUTED_MICRODATA,"OECD PUF via learningtower, gewichtetes Quantil (1 PV)",n = 5008
M479 (S07),Croatia,2012,sci,P75,550.1,COMPUTED_MICRODATA,"OECD PUF via learningtower, gewichtetes Quantil (1 PV)",n = 5008
M479 (S07),Croatia,2012,sci,P90,602.1,COMPUTED_MICRODATA,"OECD PUF via learningtower, gewichtetes Quantil (1 PV)",n = 5008
M479 (S07),Hungary,2012,math,P10,359.1,COMPUTED_MICRODATA,"OECD PUF via learningtower, gewichtetes Quantil (1 PV)",n = 4810
M479 (S07),Hungary,2012,math,P25,411.1,COMPUTED_MICRODATA,"OECD PUF via learningtower, gewichtetes Quantil (1 PV)",n = 4810
M479 (S07),Hungary,2012,math,P50,474.2,COMPUTED_MICRODATA,"OECD PUF via learningtower, gewichtetes Quantil (1 PV)",n = 4810
M479 (S07),Hungary,2012,math,P75,541.6,COMPUTED_MICRODATA,"OECD PUF via learningtower, gewichtetes Quantil (1 PV)",n = 4810
M479 (S07),Hungary,2012,math,P90,605.1,COMPUTED_MICRODATA,"OECD PUF via learningtower, gewichtetes Quantil (1 PV)",n = 4810
M479 (S07),Hungary,2012,read,P10,361.4,COMPUTED_MICRODATA,"OECD PUF via learningtower, gewichtetes Quantil (1 PV)",n = 4810
M479 (S07),Hungary,2012,read,P25,427.4,COMPUTED_MICRODATA,"OECD PUF via learningtower, gewichtetes Quantil (1 PV)",n = 4810
M479 (S07),Hungary,2012,read,P50,494.2,COMPUTED_MICRODATA,"OECD PUF via learningtower, gewichtetes Quantil (1 PV)",n = 4810
M479 (S07),Hungary,2012,read,P75,555.4,COMPUTED_MICRODATA,"OECD PUF via learningtower, gewichtetes Quantil (1 PV)",n = 4810
M479 (S07),Hungary,2012,read,P90,603.8,COMPUTED_MICRODATA,"OECD PUF via learningtower, gewichtetes Quantil (1 PV)",n = 4810
M479 (S07),Hungary,2012,sci,P10,377.2,COMPUTED_MICRODATA,"OECD PUF via learningtower, gewichtetes Quantil (1 PV)",n = 4810
M479 (S07),Hungary,2012,sci,P25,432.4,COMPUTED_MICRODATA,"OECD PUF via learningtower, gewichtetes Quantil (1 PV)",n = 4810
M479 (S07),Hungary,2012,sci,P50,496.8,COMPUTED_MICRODATA,"OECD PUF via learningtower, gewichtetes Quantil (1 PV)",n = 4810
M479 (S07),Hungary,2012,sci,P75,558.3,COMPUTED_MICRODATA,"OECD PUF via learningtower, gewichtetes Quantil (1 PV)",n = 4810
M479 (S07),Hungary,2012,sci,P90,612.4,COMPUTED_MICRODATA,"OECD PUF via learningtower, gewichtetes Quantil (1 PV)",n = 4810
M479 (S07),Indonesia,2012,math,P10,286.2,COMPUTED_MICRODATA,"OECD PUF via learningtower, gewichtetes Quantil (1 PV)",n = 5622
M479 (S07),Indonesia,2012,math,P25,326.7,COMPUTED_MICRODATA,"OECD PUF via learningtower, gewichtetes Quantil (1 PV)",n = 5622
M479 (S07),Indonesia,2012,math,P50,370.4,COMPUTED_MICRODATA,"OECD PUF via learningtower, gewichtetes Quantil (1 PV)",n = 5622
M479 (S07),Indonesia,2012,math,P75,418.5,COMPUTED_MICRODATA,"OECD PUF via learningtower, gewichtetes Quantil (1 PV)",n = 5622
M479 (S07),Indonesia,2012,math,P90,469.9,COMPUTED_MICRODATA,"OECD PUF via learningtower, gewichtetes Quantil (1 PV)",n = 5622
M479 (S07),Indonesia,2012,read,P10,299.6,COMPUTED_MICRODATA,"OECD PUF via learningtower, gewichtetes Quantil (1 PV)",n = 5622
M479 (S07),Indonesia,2012,read,P25,347.3,COMPUTED_MICRODATA,"OECD PUF via learningtower, gewichtetes Quantil (1 PV)",n = 5622
M479 (S07),Indonesia,2012,read,P50,398.4,COMPUTED_MICRODATA,"OECD PUF via learningtower, gewichtetes Quantil (1 PV)",n = 5622
M479 (S07),Indonesia,2012,read,P75,448.7,COMPUTED_MICRODATA,"OECD PUF via learningtower, gewichtetes Quantil (1 PV)",n = 5622
M479 (S07),Indonesia,2012,read,P90,492.5,COMPUTED_MICRODATA,"OECD PUF via learningtower, gewichtetes Quantil (1 PV)",n = 5622
M479 (S07),Indonesia,2012,sci,P10,295.9,COMPUTED_MICRODATA,"OECD PUF via learningtower, gewichtetes Quantil (1 PV)",n = 5622
M479 (S07),Indonesia,2012,sci,P25,336.6,COMPUTED_MICRODATA,"OECD PUF via learningtower, gewichtetes Quantil (1 PV)",n = 5622
M479 (S07),Indonesia,2012,sci,P50,380.4,COMPUTED_MICRODATA,"OECD PUF via learningtower, gewichtetes Quantil (1 PV)",n = 5622
M479 (S07),Indonesia,2012,sci,P75,426.8,COMPUTED_MICRODATA,"OECD PUF via learningtower, gewichtetes Quantil (1 PV)",n = 5622
M479 (S07),Indonesia,2012,sci,P90,472.5,COMPUTED_MICRODATA,"OECD PUF via learningtower, gewichtetes Quantil (1 PV)",n = 5622
M479 (S07),Ireland,2012,math,P10,390.2,COMPUTED_MICRODATA,"OECD PUF via learningtower, gewichtetes Quantil (1 PV)",n = 5016
M479 (S07),Ireland,2012,math,P25,444.9,COMPUTED_MICRODATA,"OECD PUF via learningtower, gewichtetes Quantil (1 PV)",n = 5016
M479 (S07),Ireland,2012,math,P50,503.3,COMPUTED_MICRODATA,"OECD PUF via learningtower, gewichtetes Quantil (1 PV)",n = 5016
M479 (S07),Ireland,2012,math,P75,558.2,COMPUTED_MICRODATA,"OECD PUF via learningtower, gewichtetes Quantil (1 PV)",n = 5016
M479 (S07),Ireland,2012,math,P90,608.6,COMPUTED_MICRODATA,"OECD PUF via learningtower, gewichtetes Quantil (1 PV)",n = 5016
M479 (S07),Ireland,2012,read,P10,410.8,COMPUTED_MICRODATA,"OECD PUF via learningtower, gewichtetes Quantil (1 PV)",n = 5016
M479 (S07),Ireland,2012,read,P25,467.9,COMPUTED_MICRODATA,"OECD PUF via learningtower, gewichtetes Quantil (1 PV)",n = 5016
M479 (S07),Ireland,2012,read,P50,525.1,COMPUTED_MICRODATA,"OECD PUF via learningtower, gewichtetes Quantil (1 PV)",n = 5016
M479 (S07),Ireland,2012,read,P75,582.4,COMPUTED_MICRODATA,"OECD PUF via learningtower, gewichtetes Quantil (1 PV)",n = 5016
M479 (S07),Ireland,2012,read,P90,630.3,COMPUTED_MICRODATA,"OECD PUF via learningtower, gewichtetes Quantil (1 PV)",n = 5016
M479 (S07),Ireland,2012,sci,P10,401.7,COMPUTED_MICRODATA,"OECD PUF via learningtower, gewichtetes Quantil (1 PV)",n = 5016
M479 (S07),Ireland,2012,sci,P25,461.3,COMPUTED_MICRODATA,"OECD PUF via learningtower, gewichtetes Quantil (1 PV)",n = 5016
M479 (S07),Ireland,2012,sci,P50,524.2,COMPUTED_MICRODATA,"OECD PUF via learningtower, gewichtetes Quantil (1 PV)",n = 5016
M479 (S07),Ireland,2012,sci,P75,586.1,COMPUTED_MICRODATA,"OECD PUF via learningtower, gewichtetes Quantil (1 PV)",n = 5016
M479 (S07),Ireland,2012,sci,P90,635.7,COMPUTED_MICRODATA,"OECD PUF via learningtower, gewichtetes Quantil (1 PV)",n = 5016
M479 (S07),Iceland,2012,math,P10,370.6,COMPUTED_MICRODATA,"OECD PUF via learningtower, gewichtetes Quantil (1 PV)",n = 3508
M479 (S07),Iceland,2012,math,P25,433.2,COMPUTED_MICRODATA,"OECD PUF via learningtower, gewichtetes Quantil (1 PV)",n = 3508
M479 (S07),Iceland,2012,math,P50,493.5,COMPUTED_MICRODATA,"OECD PUF via learningtower, gewichtetes Quantil (1 PV)",n = 3508
M479 (S07),Iceland,2012,math,P75,555.9,COMPUTED_MICRODATA,"OECD PUF via learningtower, gewichtetes Quantil (1 PV)",n = 3508
M479 (S07),Iceland,2012,math,P90,614.0,COMPUTED_MICRODATA,"OECD PUF via learningtower, gewichtetes Quantil (1 PV)",n = 3508
M479 (S07),Iceland,2012,read,P10,349.0,COMPUTED_MICRODATA,"OECD PUF via learningtower, gewichtetes Quantil (1 PV)",n = 3508
M479 (S07),Iceland,2012,read,P25,421.0,COMPUTED_MICRODATA,"OECD PUF via learningtower, gewichtetes Quantil (1 PV)",n = 3508
M479 (S07),Iceland,2012,read,P50,489.9,COMPUTED_MICRODATA,"OECD PUF via learningtower, gewichtetes Quantil (1 PV)",n = 3508
M479 (S07),Iceland,2012,read,P75,553.3,COMPUTED_MICRODATA,"OECD PUF via learningtower, gewichtetes Quantil (1 PV)",n = 3508
M479 (S07),Iceland,2012,read,P90,602.3,COMPUTED_MICRODATA,"OECD PUF via learningtower, gewichtetes Quantil (1 PV)",n = 3508
M479 (S07),Iceland,2012,sci,P10,347.1,COMPUTED_MICRODATA,"OECD PUF via learningtower, gewichtetes Quantil (1 PV)",n = 3508
M479 (S07),Iceland,2012,sci,P25,414.5,COMPUTED_MICRODATA,"OECD PUF via learningtower, gewichtetes Quantil (1 PV)",n = 3508
M479 (S07),Iceland,2012,sci,P50,480.9,COMPUTED_MICRODATA,"OECD PUF via learningtower, gewichtetes Quantil (1 PV)",n = 3508
M479 (S07),Iceland,2012,sci,P75,547.3,COMPUTED_MICRODATA,"OECD PUF via learningtower, gewichtetes Quantil (1 PV)",n = 3508
M479 (S07),Iceland,2012,sci,P90,605.0,COMPUTED_MICRODATA,"OECD PUF via learningtower, gewichtetes Quantil (1 PV)",n = 3508
M479 (S07),Israel,2012,math,P10,328.0,COMPUTED_MICRODATA,"OECD PUF via learningtower, gewichtetes Quantil (1 PV)",n = 5055
M479 (S07),Israel,2012,math,P25,393.1,COMPUTED_MICRODATA,"OECD PUF via learningtower, gewichtetes Quantil (1 PV)",n = 5055
M479 (S07),Israel,2012,math,P50,468.3,COMPUTED_MICRODATA,"OECD PUF via learningtower, gewichtetes Quantil (1 PV)",n = 5055
M479 (S07),Israel,2012,math,P75,540.1,COMPUTED_MICRODATA,"OECD PUF via learningtower, gewichtetes Quantil (1 PV)",n = 5055
M479 (S07),Israel,2012,math,P90,604.7,COMPUTED_MICRODATA,"OECD PUF via learningtower, gewichtetes Quantil (1 PV)",n = 5055
M479 (S07),Israel,2012,read,P10,328.9,COMPUTED_MICRODATA,"OECD PUF via learningtower, gewichtetes Quantil (1 PV)",n = 5055
M479 (S07),Israel,2012,read,P25,414.1,COMPUTED_MICRODATA,"OECD PUF via learningtower, gewichtetes Quantil (1 PV)",n = 5055
M479 (S07),Israel,2012,read,P50,495.3,COMPUTED_MICRODATA,"OECD PUF via learningtower, gewichtetes Quantil (1 PV)",n = 5055
M479 (S07),Israel,2012,read,P75,567.0,COMPUTED_MICRODATA,"OECD PUF via learningtower, gewichtetes Quantil (1 PV)",n = 5055
M479 (S07),Israel,2012,read,P90,624.4,COMPUTED_MICRODATA,"OECD PUF via learningtower, gewichtetes Quantil (1 PV)",n = 5055
M479 (S07),Israel,2012,sci,P10,328.0,COMPUTED_MICRODATA,"OECD PUF via learningtower, gewichtetes Quantil (1 PV)",n = 5055
M479 (S07),Israel,2012,sci,P25,396.2,COMPUTED_MICRODATA,"OECD PUF via learningtower, gewichtetes Quantil (1 PV)",n = 5055
M479 (S07),Israel,2012,sci,P50,474.5,COMPUTED_MICRODATA,"OECD PUF via learningtower, gewichtetes Quantil (1 PV)",n = 5055
M479 (S07),Israel,2012,sci,P75,546.9,COMPUTED_MICRODATA,"OECD PUF via learningtower, gewichtetes Quantil (1 PV)",n = 5055
M479 (S07),Israel,2012,sci,P90,610.3,COMPUTED_MICRODATA,"OECD PUF via learningtower, gewichtetes Quantil (1 PV)",n = 5055
M479 (S07),Italy,2012,math,P10,364.8,COMPUTED_MICRODATA,"OECD PUF via learningtower, gewichtetes Quantil (1 PV)",n = 31073
M479 (S07),Italy,2012,math,P25,421.1,COMPUTED_MICRODATA,"OECD PUF via learningtower, gewichtetes Quantil (1 PV)",n = 31073
M479 (S07),Italy,2012,math,P50,485.4,COMPUTED_MICRODATA,"OECD PUF via learningtower, gewichtetes Quantil (1 PV)",n = 31073
M479 (S07),Italy,2012,math,P75,549.3,COMPUTED_MICRODATA,"OECD PUF via learningtower, gewichtetes Quantil (1 PV)",n = 31073
M479 (S07),Italy,2012,math,P90,606.2,COMPUTED_MICRODATA,"OECD PUF via learningtower, gewichtetes Quantil (1 PV)",n = 31073
M479 (S07),Italy,2012,read,P10,358.7,COMPUTED_MICRODATA,"OECD PUF via learningtower, gewichtetes Quantil (1 PV)",n = 31073
M479 (S07),Italy,2012,read,P25,427.5,COMPUTED_MICRODATA,"OECD PUF via learningtower, gewichtetes Quantil (1 PV)",n = 31073
M479 (S07),Italy,2012,read,P50,497.3,COMPUTED_MICRODATA,"OECD PUF via learningtower, gewichtetes Quantil (1 PV)",n = 31073
M479 (S07),Italy,2012,read,P75,558.9,COMPUTED_MICRODATA,"OECD PUF via learningtower, gewichtetes Quantil (1 PV)",n = 31073
M479 (S07),Italy,2012,read,P90,607.9,COMPUTED_MICRODATA,"OECD PUF via learningtower, gewichtetes Quantil (1 PV)",n = 31073
M479 (S07),Italy,2012,sci,P10,370.9,COMPUTED_MICRODATA,"OECD PUF via learningtower, gewichtetes Quantil (1 PV)",n = 31073
M479 (S07),Italy,2012,sci,P25,429.8,COMPUTED_MICRODATA,"OECD PUF via learningtower, gewichtetes Quantil (1 PV)",n = 31073
M479 (S07),Italy,2012,sci,P50,496.8,COMPUTED_MICRODATA,"OECD PUF via learningtower, gewichtetes Quantil (1 PV)",n = 31073
M479 (S07),Italy,2012,sci,P75,559.4,COMPUTED_MICRODATA,"OECD PUF via learningtower, gewichtetes Quantil (1 PV)",n = 31073
M479 (S07),Italy,2012,sci,P90,609.6,COMPUTED_MICRODATA,"OECD PUF via learningtower, gewichtetes Quantil (1 PV)",n = 31073
M479 (S07),Jordan,2012,math,P10,289.3,COMPUTED_MICRODATA,"OECD PUF via learningtower, gewichtetes Quantil (1 PV)",n = 7038
M479 (S07),Jordan,2012,math,P25,334.6,COMPUTED_MICRODATA,"OECD PUF via learningtower, gewichtetes Quantil (1 PV)",n = 7038
M479 (S07),Jordan,2012,math,P50,383.0,COMPUTED_MICRODATA,"OECD PUF via learningtower, gewichtetes Quantil (1 PV)",n = 7038
M479 (S07),Jordan,2012,math,P75,435.6,COMPUTED_MICRODATA,"OECD PUF via learningtower, gewichtetes Quantil (1 PV)",n = 7038
M479 (S07),Jordan,2012,math,P90,485.5,COMPUTED_MICRODATA,"OECD PUF via learningtower, gewichtetes Quantil (1 PV)",n = 7038
M479 (S07),Jordan,2012,read,P10,279.9,COMPUTED_MICRODATA,"OECD PUF via learningtower, gewichtetes Quantil (1 PV)",n = 7038
M479 (S07),Jordan,2012,read,P25,341.6,COMPUTED_MICRODATA,"OECD PUF via learningtower, gewichtetes Quantil (1 PV)",n = 7038
M479 (S07),Jordan,2012,read,P50,405.9,COMPUTED_MICRODATA,"OECD PUF via learningtower, gewichtetes Quantil (1 PV)",n = 7038
M479 (S07),Jordan,2012,read,P75,461.8,COMPUTED_MICRODATA,"OECD PUF via learningtower, gewichtetes Quantil (1 PV)",n = 7038
M479 (S07),Jordan,2012,read,P90,507.8,COMPUTED_MICRODATA,"OECD PUF via learningtower, gewichtetes Quantil (1 PV)",n = 7038
M479 (S07),Jordan,2012,sci,P10,302.8,COMPUTED_MICRODATA,"OECD PUF via learningtower, gewichtetes Quantil (1 PV)",n = 7038
M479 (S07),Jordan,2012,sci,P25,355.0,COMPUTED_MICRODATA,"OECD PUF via learningtower, gewichtetes Quantil (1 PV)",n = 7038
M479 (S07),Jordan,2012,sci,P50,411.2,COMPUTED_MICRODATA,"OECD PUF via learningtower, gewichtetes Quantil (1 PV)",n = 7038
M479 (S07),Jordan,2012,sci,P75,464.1,COMPUTED_MICRODATA,"OECD PUF via learningtower, gewichtetes Quantil (1 PV)",n = 7038
M479 (S07),Jordan,2012,sci,P90,512.6,COMPUTED_MICRODATA,"OECD PUF via learningtower, gewichtetes Quantil (1 PV)",n = 7038
M479 (S07),Japan,2012,math,P10,416.2,COMPUTED_MICRODATA,"OECD PUF via learningtower, gewichtetes Quantil (1 PV)",n = 6351
M479 (S07),Japan,2012,math,P25,472.3,COMPUTED_MICRODATA,"OECD PUF via learningtower, gewichtetes Quantil (1 PV)",n = 6351
M479 (S07),Japan,2012,math,P50,539.2,COMPUTED_MICRODATA,"OECD PUF via learningtower, gewichtetes Quantil (1 PV)",n = 6351
M479 (S07),Japan,2012,math,P75,603.8,COMPUTED_MICRODATA,"OECD PUF via learningtower, gewichtetes Quantil (1 PV)",n = 6351
M479 (S07),Japan,2012,math,P90,656.9,COMPUTED_MICRODATA,"OECD PUF via learningtower, gewichtetes Quantil (1 PV)",n = 6351
M479 (S07),Japan,2012,read,P10,410.9,COMPUTED_MICRODATA,"OECD PUF via learningtower, gewichtetes Quantil (1 PV)",n = 6351
M479 (S07),Japan,2012,read,P25,473.9,COMPUTED_MICRODATA,"OECD PUF via learningtower, gewichtetes Quantil (1 PV)",n = 6351
M479 (S07),Japan,2012,read,P50,545.1,COMPUTED_MICRODATA,"OECD PUF via learningtower, gewichtetes Quantil (1 PV)",n = 6351
M479 (S07),Japan,2012,read,P75,606.0,COMPUTED_MICRODATA,"OECD PUF via learningtower, gewichtetes Quantil (1 PV)",n = 6351
M479 (S07),Japan,2012,read,P90,659.2,COMPUTED_MICRODATA,"OECD PUF via learningtower, gewichtetes Quantil (1 PV)",n = 6351
M479 (S07),Japan,2012,sci,P10,423.1,COMPUTED_MICRODATA,"OECD PUF via learningtower, gewichtetes Quantil (1 PV)",n = 6351
M479 (S07),Japan,2012,sci,P25,485.6,COMPUTED_MICRODATA,"OECD PUF via learningtower, gewichtetes Quantil (1 PV)",n = 6351
M479 (S07),Japan,2012,sci,P50,554.2,COMPUTED_MICRODATA,"OECD PUF via learningtower, gewichtetes Quantil (1 PV)",n = 6351
M479 (S07),Japan,2012,sci,P75,614.3,COMPUTED_MICRODATA,"OECD PUF via learningtower, gewichtetes Quantil (1 PV)",n = 6351
M479 (S07),Japan,2012,sci,P90,665.8,COMPUTED_MICRODATA,"OECD PUF via learningtower, gewichtetes Quantil (1 PV)",n = 6351
M479 (S07),Kazakhstan,2012,math,P10,343.7,COMPUTED_MICRODATA,"OECD PUF via learningtower, gewichtetes Quantil (1 PV)",n = 5808
M479 (S07),Kazakhstan,2012,math,P25,384.4,COMPUTED_MICRODATA,"OECD PUF via learningtower, gewichtetes Quantil (1 PV)",n = 5808
M479 (S07),Kazakhstan,2012,math,P50,429.5,COMPUTED_MICRODATA,"OECD PUF via learningtower, gewichtetes Quantil (1 PV)",n = 5808
M479 (S07),Kazakhstan,2012,math,P75,477.7,COMPUTED_MICRODATA,"OECD PUF via learningtower, gewichtetes Quantil (1 PV)",n = 5808
M479 (S07),Kazakhstan,2012,math,P90,526.6,COMPUTED_MICRODATA,"OECD PUF via learningtower, gewichtetes Quantil (1 PV)",n = 5808
M479 (S07),Kazakhstan,2012,read,P10,299.7,COMPUTED_MICRODATA,"OECD PUF via learningtower, gewichtetes Quantil (1 PV)",n = 5808
M479 (S07),Kazakhstan,2012,read,P25,345.0,COMPUTED_MICRODATA,"OECD PUF via learningtower, gewichtetes Quantil (1 PV)",n = 5808
M479 (S07),Kazakhstan,2012,read,P50,393.1,COMPUTED_MICRODATA,"OECD PUF via learningtower, gewichtetes Quantil (1 PV)",n = 5808
M479 (S07),Kazakhstan,2012,read,P75,445.2,COMPUTED_MICRODATA,"OECD PUF via learningtower, gewichtetes Quantil (1 PV)",n = 5808
M479 (S07),Kazakhstan,2012,read,P90,484.9,COMPUTED_MICRODATA,"OECD PUF via learningtower, gewichtetes Quantil (1 PV)",n = 5808
M479 (S07),Kazakhstan,2012,sci,P10,328.5,COMPUTED_MICRODATA,"OECD PUF via learningtower, gewichtetes Quantil (1 PV)",n = 5808
M479 (S07),Kazakhstan,2012,sci,P25,374.0,COMPUTED_MICRODATA,"OECD PUF via learningtower, gewichtetes Quantil (1 PV)",n = 5808
M479 (S07),Kazakhstan,2012,sci,P50,424.7,COMPUTED_MICRODATA,"OECD PUF via learningtower, gewichtetes Quantil (1 PV)",n = 5808
M479 (S07),Kazakhstan,2012,sci,P75,475.6,COMPUTED_MICRODATA,"OECD PUF via learningtower, gewichtetes Quantil (1 PV)",n = 5808
M479 (S07),Kazakhstan,2012,sci,P90,521.0,COMPUTED_MICRODATA,"OECD PUF via learningtower, gewichtetes Quantil (1 PV)",n = 5808
M479 (S07),Korea,2012,math,P10,427.0,COMPUTED_MICRODATA,"OECD PUF via learningtower, gewichtetes Quantil (1 PV)",n = 5033
M479 (S07),Korea,2012,math,P25,486.3,COMPUTED_MICRODATA,"OECD PUF via learningtower, gewichtetes Quantil (1 PV)",n = 5033
M479 (S07),Korea,2012,math,P50,557.6,COMPUTED_MICRODATA,"OECD PUF via learningtower, gewichtetes Quantil (1 PV)",n = 5033
M479 (S07),Korea,2012,math,P75,625.4,COMPUTED_MICRODATA,"OECD PUF via learningtower, gewichtetes Quantil (1 PV)",n = 5033
M479 (S07),Korea,2012,math,P90,679.2,COMPUTED_MICRODATA,"OECD PUF via learningtower, gewichtetes Quantil (1 PV)",n = 5033
M479 (S07),Korea,2012,read,P10,422.7,COMPUTED_MICRODATA,"OECD PUF via learningtower, gewichtetes Quantil (1 PV)",n = 5033
M479 (S07),Korea,2012,read,P25,483.9,COMPUTED_MICRODATA,"OECD PUF via learningtower, gewichtetes Quantil (1 PV)",n = 5033
M479 (S07),Korea,2012,read,P50,543.4,COMPUTED_MICRODATA,"OECD PUF via learningtower, gewichtetes Quantil (1 PV)",n = 5033
M479 (S07),Korea,2012,read,P75,595.8,COMPUTED_MICRODATA,"OECD PUF via learningtower, gewichtetes Quantil (1 PV)",n = 5033
M479 (S07),Korea,2012,read,P90,640.3,COMPUTED_MICRODATA,"OECD PUF via learningtower, gewichtetes Quantil (1 PV)",n = 5033
M479 (S07),Korea,2012,sci,P10,429.6,COMPUTED_MICRODATA,"OECD PUF via learningtower, gewichtetes Quantil (1 PV)",n = 5033
M479 (S07),Korea,2012,sci,P25,485.6,COMPUTED_MICRODATA,"OECD PUF via learningtower, gewichtetes Quantil (1 PV)",n = 5033
M479 (S07),Korea,2012,sci,P50,542.6,COMPUTED_MICRODATA,"OECD PUF via learningtower, gewichtetes Quantil (1 PV)",n = 5033
M479 (S07),Korea,2012,sci,P75,594.7,COMPUTED_MICRODATA,"OECD PUF via learningtower, gewichtetes Quantil (1 PV)",n = 5033
M479 (S07),Korea,2012,sci,P90,638.6,COMPUTED_MICRODATA,"OECD PUF via learningtower, gewichtetes Quantil (1 PV)",n = 5033
M479 (S07),Lithuania,2012,math,P10,363.4,COMPUTED_MICRODATA,"OECD PUF via learningtower, gewichtetes Quantil (1 PV)",n = 4618
M479 (S07),Lithuania,2012,math,P25,418.5,COMPUTED_MICRODATA,"OECD PUF via learningtower, gewichtetes Quantil (1 PV)",n = 4618
M479 (S07),Lithuania,2012,math,P50,478.9,COMPUTED_MICRODATA,"OECD PUF via learningtower, gewichtetes Quantil (1 PV)",n = 4618
M479 (S07),Lithuania,2012,math,P75,538.2,COMPUTED_MICRODATA,"OECD PUF via learningtower, gewichtetes Quantil (1 PV)",n = 4618
M479 (S07),Lithuania,2012,math,P90,595.3,COMPUTED_MICRODATA,"OECD PUF via learningtower, gewichtetes Quantil (1 PV)",n = 4618
M479 (S07),Lithuania,2012,read,P10,362.5,COMPUTED_MICRODATA,"OECD PUF via learningtower, gewichtetes Quantil (1 PV)",n = 4618
M479 (S07),Lithuania,2012,read,P25,416.4,COMPUTED_MICRODATA,"OECD PUF via learningtower, gewichtetes Quantil (1 PV)",n = 4618
M479 (S07),Lithuania,2012,read,P50,482.2,COMPUTED_MICRODATA,"OECD PUF via learningtower, gewichtetes Quantil (1 PV)",n = 4618
M479 (S07),Lithuania,2012,read,P75,538.1,COMPUTED_MICRODATA,"OECD PUF via learningtower, gewichtetes Quantil (1 PV)",n = 4618
M479 (S07),Lithuania,2012,read,P90,584.8,COMPUTED_MICRODATA,"OECD PUF via learningtower, gewichtetes Quantil (1 PV)",n = 4618
M479 (S07),Lithuania,2012,sci,P10,382.2,COMPUTED_MICRODATA,"OECD PUF via learningtower, gewichtetes Quantil (1 PV)",n = 4618
M479 (S07),Lithuania,2012,sci,P25,437.1,COMPUTED_MICRODATA,"OECD PUF via learningtower, gewichtetes Quantil (1 PV)",n = 4618
M479 (S07),Lithuania,2012,sci,P50,498.0,COMPUTED_MICRODATA,"OECD PUF via learningtower, gewichtetes Quantil (1 PV)",n = 4618
M479 (S07),Lithuania,2012,sci,P75,555.5,COMPUTED_MICRODATA,"OECD PUF via learningtower, gewichtetes Quantil (1 PV)",n = 4618
M479 (S07),Lithuania,2012,sci,P90,603.1,COMPUTED_MICRODATA,"OECD PUF via learningtower, gewichtetes Quantil (1 PV)",n = 4618
M479 (S07),Luxembourg,2012,math,P10,364.0,COMPUTED_MICRODATA,"OECD PUF via learningtower, gewichtetes Quantil (1 PV)",n = 5258
M479 (S07),Luxembourg,2012,math,P25,421.3,COMPUTED_MICRODATA,"OECD PUF via learningtower, gewichtetes Quantil (1 PV)",n = 5258
M479 (S07),Luxembourg,2012,math,P50,491.9,COMPUTED_MICRODATA,"OECD PUF via learningtower, gewichtetes Quantil (1 PV)",n = 5258
M479 (S07),Luxembourg,2012,math,P75,557.2,COMPUTED_MICRODATA,"OECD PUF via learningtower, gewichtetes Quantil (1 PV)",n = 5258
M479 (S07),Luxembourg,2012,math,P90,614.0,COMPUTED_MICRODATA,"OECD PUF via learningtower, gewichtetes Quantil (1 PV)",n = 5258
M479 (S07),Luxembourg,2012,read,P10,347.9,COMPUTED_MICRODATA,"OECD PUF via learningtower, gewichtetes Quantil (1 PV)",n = 5258
M479 (S07),Luxembourg,2012,read,P25,417.7,COMPUTED_MICRODATA,"OECD PUF via learningtower, gewichtetes Quantil (1 PV)",n = 5258
M479 (S07),Luxembourg,2012,read,P50,491.0,COMPUTED_MICRODATA,"OECD PUF via learningtower, gewichtetes Quantil (1 PV)",n = 5258
M479 (S07),Luxembourg,2012,read,P75,562.2,COMPUTED_MICRODATA,"OECD PUF via learningtower, gewichtetes Quantil (1 PV)",n = 5258
M479 (S07),Luxembourg,2012,read,P90,619.1,COMPUTED_MICRODATA,"OECD PUF via learningtower, gewichtetes Quantil (1 PV)",n = 5258
M479 (S07),Luxembourg,2012,sci,P10,354.0,COMPUTED_MICRODATA,"OECD PUF via learningtower, gewichtetes Quantil (1 PV)",n = 5258
M479 (S07),Luxembourg,2012,sci,P25,417.5,COMPUTED_MICRODATA,"OECD PUF via learningtower, gewichtetes Quantil (1 PV)",n = 5258
M479 (S07),Luxembourg,2012,sci,P50,494.0,COMPUTED_MICRODATA,"OECD PUF via learningtower, gewichtetes Quantil (1 PV)",n = 5258
M479 (S07),Luxembourg,2012,sci,P75,565.6,COMPUTED_MICRODATA,"OECD PUF via learningtower, gewichtetes Quantil (1 PV)",n = 5258
M479 (S07),Luxembourg,2012,sci,P90,625.2,COMPUTED_MICRODATA,"OECD PUF via learningtower, gewichtetes Quantil (1 PV)",n = 5258
M479 (S07),Latvia,2012,math,P10,384.7,COMPUTED_MICRODATA,"OECD PUF via learningtower, gewichtetes Quantil (1 PV)",n = 4306
M479 (S07),Latvia,2012,math,P25,435.8,COMPUTED_MICRODATA,"OECD PUF via learningtower, gewichtetes Quantil (1 PV)",n = 4306
M479 (S07),Latvia,2012,math,P50,490.0,COMPUTED_MICRODATA,"OECD PUF via learningtower, gewichtetes Quantil (1 PV)",n = 4306
M479 (S07),Latvia,2012,math,P75,547.0,COMPUTED_MICRODATA,"OECD PUF via learningtower, gewichtetes Quantil (1 PV)",n = 4306
M479 (S07),Latvia,2012,math,P90,597.5,COMPUTED_MICRODATA,"OECD PUF via learningtower, gewichtetes Quantil (1 PV)",n = 4306
M479 (S07),Latvia,2012,read,P10,374.7,COMPUTED_MICRODATA,"OECD PUF via learningtower, gewichtetes Quantil (1 PV)",n = 4306
M479 (S07),Latvia,2012,read,P25,433.8,COMPUTED_MICRODATA,"OECD PUF via learningtower, gewichtetes Quantil (1 PV)",n = 4306
M479 (S07),Latvia,2012,read,P50,494.1,COMPUTED_MICRODATA,"OECD PUF via learningtower, gewichtetes Quantil (1 PV)",n = 4306
M479 (S07),Latvia,2012,read,P75,549.0,COMPUTED_MICRODATA,"OECD PUF via learningtower, gewichtetes Quantil (1 PV)",n = 4306
M479 (S07),Latvia,2012,read,P90,592.2,COMPUTED_MICRODATA,"OECD PUF via learningtower, gewichtetes Quantil (1 PV)",n = 4306
M479 (S07),Latvia,2012,sci,P10,398.8,COMPUTED_MICRODATA,"OECD PUF via learningtower, gewichtetes Quantil (1 PV)",n = 4306
M479 (S07),Latvia,2012,sci,P25,449.5,COMPUTED_MICRODATA,"OECD PUF via learningtower, gewichtetes Quantil (1 PV)",n = 4306
M479 (S07),Latvia,2012,sci,P50,504.1,COMPUTED_MICRODATA,"OECD PUF via learningtower, gewichtetes Quantil (1 PV)",n = 4306
M479 (S07),Latvia,2012,sci,P75,556.8,COMPUTED_MICRODATA,"OECD PUF via learningtower, gewichtetes Quantil (1 PV)",n = 4306
M479 (S07),Latvia,2012,sci,P90,602.5,COMPUTED_MICRODATA,"OECD PUF via learningtower, gewichtetes Quantil (1 PV)",n = 4306
M479 (S07),Macao (China),2012,math,P10,414.7,COMPUTED_MICRODATA,"OECD PUF via learningtower, gewichtetes Quantil (1 PV)",n = 5335
M479 (S07),Macao (China),2012,math,P25,476.0,COMPUTED_MICRODATA,"OECD PUF via learningtower, gewichtetes Quantil (1 PV)",n = 5335
M479 (S07),Macao (China),2012,math,P50,541.2,COMPUTED_MICRODATA,"OECD PUF via learningtower, gewichtetes Quantil (1 PV)",n = 5335
M479 (S07),Macao (China),2012,math,P75,605.5,COMPUTED_MICRODATA,"OECD PUF via learningtower, gewichtetes Quantil (1 PV)",n = 5335
M479 (S07),Macao (China),2012,math,P90,656.0,COMPUTED_MICRODATA,"OECD PUF via learningtower, gewichtetes Quantil (1 PV)",n = 5335
M479 (S07),Macao (China),2012,read,P10,400.9,COMPUTED_MICRODATA,"OECD PUF via learningtower, gewichtetes Quantil (1 PV)",n = 5335
M479 (S07),Macao (China),2012,read,P25,456.9,COMPUTED_MICRODATA,"OECD PUF via learningtower, gewichtetes Quantil (1 PV)",n = 5335
M479 (S07),Macao (China),2012,read,P50,513.1,COMPUTED_MICRODATA,"OECD PUF via learningtower, gewichtetes Quantil (1 PV)",n = 5335
M479 (S07),Macao (China),2012,read,P75,567.2,COMPUTED_MICRODATA,"OECD PUF via learningtower, gewichtetes Quantil (1 PV)",n = 5335
M479 (S07),Macao (China),2012,read,P90,610.4,COMPUTED_MICRODATA,"OECD PUF via learningtower, gewichtetes Quantil (1 PV)",n = 5335
M479 (S07),Macao (China),2012,sci,P10,416.6,COMPUTED_MICRODATA,"OECD PUF via learningtower, gewichtetes Quantil (1 PV)",n = 5335
M479 (S07),Macao (China),2012,sci,P25,469.7,COMPUTED_MICRODATA,"OECD PUF via learningtower, gewichtetes Quantil (1 PV)",n = 5335
M479 (S07),Macao (China),2012,sci,P50,524.7,COMPUTED_MICRODATA,"OECD PUF via learningtower, gewichtetes Quantil (1 PV)",n = 5335
M479 (S07),Macao (China),2012,sci,P75,577.0,COMPUTED_MICRODATA,"OECD PUF via learningtower, gewichtetes Quantil (1 PV)",n = 5335
M479 (S07),Macao (China),2012,sci,P90,617.8,COMPUTED_MICRODATA,"OECD PUF via learningtower, gewichtetes Quantil (1 PV)",n = 5335
M479 (S07),Mexico,2012,math,P10,319.6,COMPUTED_MICRODATA,"OECD PUF via learningtower, gewichtetes Quantil (1 PV)",n = 33806
M479 (S07),Mexico,2012,math,P25,362.5,COMPUTED_MICRODATA,"OECD PUF via learningtower, gewichtetes Quantil (1 PV)",n = 33806
M479 (S07),Mexico,2012,math,P50,411.4,COMPUTED_MICRODATA,"OECD PUF via learningtower, gewichtetes Quantil (1 PV)",n = 33806
M479 (S07),Mexico,2012,math,P75,462.2,COMPUTED_MICRODATA,"OECD PUF via learningtower, gewichtetes Quantil (1 PV)",n = 33806
M479 (S07),Mexico,2012,math,P90,510.6,COMPUTED_MICRODATA,"OECD PUF via learningtower, gewichtetes Quantil (1 PV)",n = 33806
M479 (S07),Mexico,2012,read,P10,320.3,COMPUTED_MICRODATA,"OECD PUF via learningtower, gewichtetes Quantil (1 PV)",n = 33806
M479 (S07),Mexico,2012,read,P25,371.1,COMPUTED_MICRODATA,"OECD PUF via learningtower, gewichtetes Quantil (1 PV)",n = 33806
M479 (S07),Mexico,2012,read,P50,425.1,COMPUTED_MICRODATA,"OECD PUF via learningtower, gewichtetes Quantil (1 PV)",n = 33806
M479 (S07),Mexico,2012,read,P75,479.1,COMPUTED_MICRODATA,"OECD PUF via learningtower, gewichtetes Quantil (1 PV)",n = 33806
M479 (S07),Mexico,2012,read,P90,525.9,COMPUTED_MICRODATA,"OECD PUF via learningtower, gewichtetes Quantil (1 PV)",n = 33806
M479 (S07),Mexico,2012,sci,P10,325.8,COMPUTED_MICRODATA,"OECD PUF via learningtower, gewichtetes Quantil (1 PV)",n = 33806
M479 (S07),Mexico,2012,sci,P25,367.7,COMPUTED_MICRODATA,"OECD PUF via learningtower, gewichtetes Quantil (1 PV)",n = 33806
M479 (S07),Mexico,2012,sci,P50,414.6,COMPUTED_MICRODATA,"OECD PUF via learningtower, gewichtetes Quantil (1 PV)",n = 33806
M479 (S07),Mexico,2012,sci,P75,461.6,COMPUTED_MICRODATA,"OECD PUF via learningtower, gewichtetes Quantil (1 PV)",n = 33806
M479 (S07),Mexico,2012,sci,P90,505.2,COMPUTED_MICRODATA,"OECD PUF via learningtower, gewichtetes Quantil (1 PV)",n = 33806
M479 (S07),Montenegro,2012,math,P10,306.5,COMPUTED_MICRODATA,"OECD PUF via learningtower, gewichtetes Quantil (1 PV)",n = 4744
M479 (S07),Montenegro,2012,math,P25,353.2,COMPUTED_MICRODATA,"OECD PUF via learningtower, gewichtetes Quantil (1 PV)",n = 4744
M479 (S07),Montenegro,2012,math,P50,404.4,COMPUTED_MICRODATA,"OECD PUF via learningtower, gewichtetes Quantil (1 PV)",n = 4744
M479 (S07),Montenegro,2012,math,P75,464.6,COMPUTED_MICRODATA,"OECD PUF via learningtower, gewichtetes Quantil (1 PV)",n = 4744
M479 (S07),Montenegro,2012,math,P90,519.6,COMPUTED_MICRODATA,"OECD PUF via learningtower, gewichtetes Quantil (1 PV)",n = 4744
M479 (S07),Montenegro,2012,read,P10,302.0,COMPUTED_MICRODATA,"OECD PUF via learningtower, gewichtetes Quantil (1 PV)",n = 4744
M479 (S07),Montenegro,2012,read,P25,361.6,COMPUTED_MICRODATA,"OECD PUF via learningtower, gewichtetes Quantil (1 PV)",n = 4744
M479 (S07),Montenegro,2012,read,P50,422.5,COMPUTED_MICRODATA,"OECD PUF via learningtower, gewichtetes Quantil (1 PV)",n = 4744
M479 (S07),Montenegro,2012,read,P75,485.9,COMPUTED_MICRODATA,"OECD PUF via learningtower, gewichtetes Quantil (1 PV)",n = 4744
M479 (S07),Montenegro,2012,read,P90,538.6,COMPUTED_MICRODATA,"OECD PUF via learningtower, gewichtetes Quantil (1 PV)",n = 4744
M479 (S07),Montenegro,2012,sci,P10,303.6,COMPUTED_MICRODATA,"OECD PUF via learningtower, gewichtetes Quantil (1 PV)",n = 4744
M479 (S07),Montenegro,2012,sci,P25,352.2,COMPUTED_MICRODATA,"OECD PUF via learningtower, gewichtetes Quantil (1 PV)",n = 4744
M479 (S07),Montenegro,2012,sci,P50,408.2,COMPUTED_MICRODATA,"OECD PUF via learningtower, gewichtetes Quantil (1 PV)",n = 4744
M479 (S07),Montenegro,2012,sci,P75,469.0,COMPUTED_MICRODATA,"OECD PUF via learningtower, gewichtetes Quantil (1 PV)",n = 4744
M479 (S07),Montenegro,2012,sci,P90,521.4,COMPUTED_MICRODATA,"OECD PUF via learningtower, gewichtetes Quantil (1 PV)",n = 4744
M479 (S07),Malaysia,2012,math,P10,318.8,COMPUTED_MICRODATA,"OECD PUF via learningtower, gewichtetes Quantil (1 PV)",n = 5197
M479 (S07),Malaysia,2012,math,P25,363.6,COMPUTED_MICRODATA,"OECD PUF via learningtower, gewichtetes Quantil (1 PV)",n = 5197
M479 (S07),Malaysia,2012,math,P50,417.0,COMPUTED_MICRODATA,"OECD PUF via learningtower, gewichtetes Quantil (1 PV)",n = 5197
M479 (S07),Malaysia,2012,math,P75,476.1,COMPUTED_MICRODATA,"OECD PUF via learningtower, gewichtetes Quantil (1 PV)",n = 5197
M479 (S07),Malaysia,2012,math,P90,530.2,COMPUTED_MICRODATA,"OECD PUF via learningtower, gewichtetes Quantil (1 PV)",n = 5197
M479 (S07),Malaysia,2012,read,P10,288.6,COMPUTED_MICRODATA,"OECD PUF via learningtower, gewichtetes Quantil (1 PV)",n = 5197
M479 (S07),Malaysia,2012,read,P25,342.5,COMPUTED_MICRODATA,"OECD PUF via learningtower, gewichtetes Quantil (1 PV)",n = 5197
M479 (S07),Malaysia,2012,read,P50,401.9,COMPUTED_MICRODATA,"OECD PUF via learningtower, gewichtetes Quantil (1 PV)",n = 5197
M479 (S07),Malaysia,2012,read,P75,457.6,COMPUTED_MICRODATA,"OECD PUF via learningtower, gewichtetes Quantil (1 PV)",n = 5197
M479 (S07),Malaysia,2012,read,P90,503.9,COMPUTED_MICRODATA,"OECD PUF via learningtower, gewichtetes Quantil (1 PV)",n = 5197
M479 (S07),Malaysia,2012,sci,P10,320.5,COMPUTED_MICRODATA,"OECD PUF via learningtower, gewichtetes Quantil (1 PV)",n = 5197
M479 (S07),Malaysia,2012,sci,P25,365.3,COMPUTED_MICRODATA,"OECD PUF via learningtower, gewichtetes Quantil (1 PV)",n = 5197
M479 (S07),Malaysia,2012,sci,P50,417.6,COMPUTED_MICRODATA,"OECD PUF via learningtower, gewichtetes Quantil (1 PV)",n = 5197
M479 (S07),Malaysia,2012,sci,P75,473.5,COMPUTED_MICRODATA,"OECD PUF via learningtower, gewichtetes Quantil (1 PV)",n = 5197
M479 (S07),Malaysia,2012,sci,P90,521.7,COMPUTED_MICRODATA,"OECD PUF via learningtower, gewichtetes Quantil (1 PV)",n = 5197
M479 (S07),Netherlands,2012,math,P10,394.7,COMPUTED_MICRODATA,"OECD PUF via learningtower, gewichtetes Quantil (1 PV)",n = 4460
M479 (S07),Netherlands,2012,math,P25,458.4,COMPUTED_MICRODATA,"OECD PUF via learningtower, gewichtetes Quantil (1 PV)",n = 4460
M479 (S07),Netherlands,2012,math,P50,527.7,COMPUTED_MICRODATA,"OECD PUF via learningtower, gewichtetes Quantil (1 PV)",n = 4460
M479 (S07),Netherlands,2012,math,P75,590.3,COMPUTED_MICRODATA,"OECD PUF via learningtower, gewichtetes Quantil (1 PV)",n = 4460
M479 (S07),Netherlands,2012,math,P90,639.0,COMPUTED_MICRODATA,"OECD PUF via learningtower, gewichtetes Quantil (1 PV)",n = 4460
M479 (S07),Netherlands,2012,read,P10,388.4,COMPUTED_MICRODATA,"OECD PUF via learningtower, gewichtetes Quantil (1 PV)",n = 4460
M479 (S07),Netherlands,2012,read,P25,451.3,COMPUTED_MICRODATA,"OECD PUF via learningtower, gewichtetes Quantil (1 PV)",n = 4460
M479 (S07),Netherlands,2012,read,P50,519.1,COMPUTED_MICRODATA,"OECD PUF via learningtower, gewichtetes Quantil (1 PV)",n = 4460
M479 (S07),Netherlands,2012,read,P75,578.4,COMPUTED_MICRODATA,"OECD PUF via learningtower, gewichtetes Quantil (1 PV)",n = 4460
M479 (S07),Netherlands,2012,read,P90,624.8,COMPUTED_MICRODATA,"OECD PUF via learningtower, gewichtetes Quantil (1 PV)",n = 4460
M479 (S07),Netherlands,2012,sci,P10,395.1,COMPUTED_MICRODATA,"OECD PUF via learningtower, gewichtetes Quantil (1 PV)",n = 4460
M479 (S07),Netherlands,2012,sci,P25,456.7,COMPUTED_MICRODATA,"OECD PUF via learningtower, gewichtetes Quantil (1 PV)",n = 4460
M479 (S07),Netherlands,2012,sci,P50,529.3,COMPUTED_MICRODATA,"OECD PUF via learningtower, gewichtetes Quantil (1 PV)",n = 4460
M479 (S07),Netherlands,2012,sci,P75,590.9,COMPUTED_MICRODATA,"OECD PUF via learningtower, gewichtetes Quantil (1 PV)",n = 4460
M479 (S07),Netherlands,2012,sci,P90,639.2,COMPUTED_MICRODATA,"OECD PUF via learningtower, gewichtetes Quantil (1 PV)",n = 4460
M479 (S07),Norway,2012,math,P10,374.2,COMPUTED_MICRODATA,"OECD PUF via learningtower, gewichtetes Quantil (1 PV)",n = 4686
M479 (S07),Norway,2012,math,P25,428.7,COMPUTED_MICRODATA,"OECD PUF via learningtower, gewichtetes Quantil (1 PV)",n = 4686
M479 (S07),Norway,2012,math,P50,490.2,COMPUTED_MICRODATA,"OECD PUF via learningtower, gewichtetes Quantil (1 PV)",n = 4686
M479 (S07),Norway,2012,math,P75,552.1,COMPUTED_MICRODATA,"OECD PUF via learningtower, gewichtetes Quantil (1 PV)",n = 4686
M479 (S07),Norway,2012,math,P90,604.6,COMPUTED_MICRODATA,"OECD PUF via learningtower, gewichtetes Quantil (1 PV)",n = 4686
M479 (S07),Norway,2012,read,P10,375.4,COMPUTED_MICRODATA,"OECD PUF via learningtower, gewichtetes Quantil (1 PV)",n = 4686
M479 (S07),Norway,2012,read,P25,441.6,COMPUTED_MICRODATA,"OECD PUF via learningtower, gewichtetes Quantil (1 PV)",n = 4686
M479 (S07),Norway,2012,read,P50,509.9,COMPUTED_MICRODATA,"OECD PUF via learningtower, gewichtetes Quantil (1 PV)",n = 4686
M479 (S07),Norway,2012,read,P75,572.1,COMPUTED_MICRODATA,"OECD PUF via learningtower, gewichtetes Quantil (1 PV)",n = 4686
M479 (S07),Norway,2012,read,P90,627.5,COMPUTED_MICRODATA,"OECD PUF via learningtower, gewichtetes Quantil (1 PV)",n = 4686
M479 (S07),Norway,2012,sci,P10,367.3,COMPUTED_MICRODATA,"OECD PUF via learningtower, gewichtetes Quantil (1 PV)",n = 4686
M479 (S07),Norway,2012,sci,P25,429.6,COMPUTED_MICRODATA,"OECD PUF via learningtower, gewichtetes Quantil (1 PV)",n = 4686
M479 (S07),Norway,2012,sci,P50,496.2,COMPUTED_MICRODATA,"OECD PUF via learningtower, gewichtetes Quantil (1 PV)",n = 4686
M479 (S07),Norway,2012,sci,P75,563.0,COMPUTED_MICRODATA,"OECD PUF via learningtower, gewichtetes Quantil (1 PV)",n = 4686
M479 (S07),Norway,2012,sci,P90,619.9,COMPUTED_MICRODATA,"OECD PUF via learningtower, gewichtetes Quantil (1 PV)",n = 4686
M479 (S07),New Zealand,2012,math,P10,371.8,COMPUTED_MICRODATA,"OECD PUF via learningtower, gewichtetes Quantil (1 PV)",n = 4291
M479 (S07),New Zealand,2012,math,P25,426.2,COMPUTED_MICRODATA,"OECD PUF via learningtower, gewichtetes Quantil (1 PV)",n = 4291
M479 (S07),New Zealand,2012,math,P50,498.6,COMPUTED_MICRODATA,"OECD PUF via learningtower, gewichtetes Quantil (1 PV)",n = 4291
M479 (S07),New Zealand,2012,math,P75,571.9,COMPUTED_MICRODATA,"OECD PUF via learningtower, gewichtetes Quantil (1 PV)",n = 4291
M479 (S07),New Zealand,2012,math,P90,631.5,COMPUTED_MICRODATA,"OECD PUF via learningtower, gewichtetes Quantil (1 PV)",n = 4291
M479 (S07),New Zealand,2012,read,P10,376.1,COMPUTED_MICRODATA,"OECD PUF via learningtower, gewichtetes Quantil (1 PV)",n = 4291
M479 (S07),New Zealand,2012,read,P25,442.6,COMPUTED_MICRODATA,"OECD PUF via learningtower, gewichtetes Quantil (1 PV)",n = 4291
M479 (S07),New Zealand,2012,read,P50,516.5,COMPUTED_MICRODATA,"OECD PUF via learningtower, gewichtetes Quantil (1 PV)",n = 4291
M479 (S07),New Zealand,2012,read,P75,587.0,COMPUTED_MICRODATA,"OECD PUF via learningtower, gewichtetes Quantil (1 PV)",n = 4291
M479 (S07),New Zealand,2012,read,P90,645.3,COMPUTED_MICRODATA,"OECD PUF via learningtower, gewichtetes Quantil (1 PV)",n = 4291
M479 (S07),New Zealand,2012,sci,P10,375.8,COMPUTED_MICRODATA,"OECD PUF via learningtower, gewichtetes Quantil (1 PV)",n = 4291
M479 (S07),New Zealand,2012,sci,P25,444.5,COMPUTED_MICRODATA,"OECD PUF via learningtower, gewichtetes Quantil (1 PV)",n = 4291
M479 (S07),New Zealand,2012,sci,P50,520.5,COMPUTED_MICRODATA,"OECD PUF via learningtower, gewichtetes Quantil (1 PV)",n = 4291
M479 (S07),New Zealand,2012,sci,P75,590.0,COMPUTED_MICRODATA,"OECD PUF via learningtower, gewichtetes Quantil (1 PV)",n = 4291
M479 (S07),New Zealand,2012,sci,P90,647.6,COMPUTED_MICRODATA,"OECD PUF via learningtower, gewichtetes Quantil (1 PV)",n = 4291
M479 (S07),Peru,2012,math,P10,264.5,COMPUTED_MICRODATA,"OECD PUF via learningtower, gewichtetes Quantil (1 PV)",n = 6035
M479 (S07),Peru,2012,math,P25,308.6,COMPUTED_MICRODATA,"OECD PUF via learningtower, gewichtetes Quantil (1 PV)",n = 6035
M479 (S07),Peru,2012,math,P50,364.3,COMPUTED_MICRODATA,"OECD PUF via learningtower, gewichtetes Quantil (1 PV)",n = 6035
M479 (S07),Peru,2012,math,P75,420.9,COMPUTED_MICRODATA,"OECD PUF via learningtower, gewichtetes Quantil (1 PV)",n = 6035
M479 (S07),Peru,2012,math,P90,477.1,COMPUTED_MICRODATA,"OECD PUF via learningtower, gewichtetes Quantil (1 PV)",n = 6035
M479 (S07),Peru,2012,read,P10,265.4,COMPUTED_MICRODATA,"OECD PUF via learningtower, gewichtetes Quantil (1 PV)",n = 6035
M479 (S07),Peru,2012,read,P25,319.3,COMPUTED_MICRODATA,"OECD PUF via learningtower, gewichtetes Quantil (1 PV)",n = 6035
M479 (S07),Peru,2012,read,P50,384.3,COMPUTED_MICRODATA,"OECD PUF via learningtower, gewichtetes Quantil (1 PV)",n = 6035
M479 (S07),Peru,2012,read,P75,448.4,COMPUTED_MICRODATA,"OECD PUF via learningtower, gewichtetes Quantil (1 PV)",n = 6035
M479 (S07),Peru,2012,read,P90,504.5,COMPUTED_MICRODATA,"OECD PUF via learningtower, gewichtetes Quantil (1 PV)",n = 6035
M479 (S07),Peru,2012,sci,P10,274.8,COMPUTED_MICRODATA,"OECD PUF via learningtower, gewichtetes Quantil (1 PV)",n = 6035
M479 (S07),Peru,2012,sci,P25,320.5,COMPUTED_MICRODATA,"OECD PUF via learningtower, gewichtetes Quantil (1 PV)",n = 6035
M479 (S07),Peru,2012,sci,P50,372.0,COMPUTED_MICRODATA,"OECD PUF via learningtower, gewichtetes Quantil (1 PV)",n = 6035
M479 (S07),Peru,2012,sci,P75,424.0,COMPUTED_MICRODATA,"OECD PUF via learningtower, gewichtetes Quantil (1 PV)",n = 6035
M479 (S07),Peru,2012,sci,P90,474.4,COMPUTED_MICRODATA,"OECD PUF via learningtower, gewichtetes Quantil (1 PV)",n = 6035
M479 (S07),Poland,2012,math,P10,402.1,COMPUTED_MICRODATA,"OECD PUF via learningtower, gewichtetes Quantil (1 PV)",n = 4607
M479 (S07),Poland,2012,math,P25,453.5,COMPUTED_MICRODATA,"OECD PUF via learningtower, gewichtetes Quantil (1 PV)",n = 4607
M479 (S07),Poland,2012,math,P50,513.9,COMPUTED_MICRODATA,"OECD PUF via learningtower, gewichtetes Quantil (1 PV)",n = 4607
M479 (S07),Poland,2012,math,P75,579.8,COMPUTED_MICRODATA,"OECD PUF via learningtower, gewichtetes Quantil (1 PV)",n = 4607
M479 (S07),Poland,2012,math,P90,635.1,COMPUTED_MICRODATA,"OECD PUF via learningtower, gewichtetes Quantil (1 PV)",n = 4607
M479 (S07),Poland,2012,read,P10,405.5,COMPUTED_MICRODATA,"OECD PUF via learningtower, gewichtetes Quantil (1 PV)",n = 4607
M479 (S07),Poland,2012,read,P25,461.9,COMPUTED_MICRODATA,"OECD PUF via learningtower, gewichtetes Quantil (1 PV)",n = 4607
M479 (S07),Poland,2012,read,P50,521.2,COMPUTED_MICRODATA,"OECD PUF via learningtower, gewichtetes Quantil (1 PV)",n = 4607
M479 (S07),Poland,2012,read,P75,579.2,COMPUTED_MICRODATA,"OECD PUF via learningtower, gewichtetes Quantil (1 PV)",n = 4607
M479 (S07),Poland,2012,read,P90,626.9,COMPUTED_MICRODATA,"OECD PUF via learningtower, gewichtetes Quantil (1 PV)",n = 4607
M479 (S07),Poland,2012,sci,P10,414.7,COMPUTED_MICRODATA,"OECD PUF via learningtower, gewichtetes Quantil (1 PV)",n = 4607
M479 (S07),Poland,2012,sci,P25,467.9,COMPUTED_MICRODATA,"OECD PUF via learningtower, gewichtetes Quantil (1 PV)",n = 4607
M479 (S07),Poland,2012,sci,P50,526.1,COMPUTED_MICRODATA,"OECD PUF via learningtower, gewichtetes Quantil (1 PV)",n = 4607
M479 (S07),Poland,2012,sci,P75,585.4,COMPUTED_MICRODATA,"OECD PUF via learningtower, gewichtetes Quantil (1 PV)",n = 4607
M479 (S07),Poland,2012,sci,P90,637.3,COMPUTED_MICRODATA,"OECD PUF via learningtower, gewichtetes Quantil (1 PV)",n = 4607
M479 (S07),Portugal,2012,math,P10,363.3,COMPUTED_MICRODATA,"OECD PUF via learningtower, gewichtetes Quantil (1 PV)",n = 5722
M479 (S07),Portugal,2012,math,P25,420.0,COMPUTED_MICRODATA,"OECD PUF via learningtower, gewichtetes Quantil (1 PV)",n = 5722
M479 (S07),Portugal,2012,math,P50,487.5,COMPUTED_MICRODATA,"OECD PUF via learningtower, gewichtetes Quantil (1 PV)",n = 5722
M479 (S07),Portugal,2012,math,P75,554.9,COMPUTED_MICRODATA,"OECD PUF via learningtower, gewichtetes Quantil (1 PV)",n = 5722
M479 (S07),Portugal,2012,math,P90,608.0,COMPUTED_MICRODATA,"OECD PUF via learningtower, gewichtetes Quantil (1 PV)",n = 5722
M479 (S07),Portugal,2012,read,P10,362.5,COMPUTED_MICRODATA,"OECD PUF via learningtower, gewichtetes Quantil (1 PV)",n = 5722
M479 (S07),Portugal,2012,read,P25,429.1,COMPUTED_MICRODATA,"OECD PUF via learningtower, gewichtetes Quantil (1 PV)",n = 5722
M479 (S07),Portugal,2012,read,P50,491.8,COMPUTED_MICRODATA,"OECD PUF via learningtower, gewichtetes Quantil (1 PV)",n = 5722
M479 (S07),Portugal,2012,read,P75,554.9,COMPUTED_MICRODATA,"OECD PUF via learningtower, gewichtetes Quantil (1 PV)",n = 5722
M479 (S07),Portugal,2012,read,P90,603.8,COMPUTED_MICRODATA,"OECD PUF via learningtower, gewichtetes Quantil (1 PV)",n = 5722
M479 (S07),Portugal,2012,sci,P10,372.9,COMPUTED_MICRODATA,"OECD PUF via learningtower, gewichtetes Quantil (1 PV)",n = 5722
M479 (S07),Portugal,2012,sci,P25,429.6,COMPUTED_MICRODATA,"OECD PUF via learningtower, gewichtetes Quantil (1 PV)",n = 5722
M479 (S07),Portugal,2012,sci,P50,491.5,COMPUTED_MICRODATA,"OECD PUF via learningtower, gewichtetes Quantil (1 PV)",n = 5722
M479 (S07),Portugal,2012,sci,P75,551.8,COMPUTED_MICRODATA,"OECD PUF via learningtower, gewichtetes Quantil (1 PV)",n = 5722
M479 (S07),Portugal,2012,sci,P90,601.4,COMPUTED_MICRODATA,"OECD PUF via learningtower, gewichtetes Quantil (1 PV)",n = 5722
M479 (S07),Qatar,2012,math,P10,257.2,COMPUTED_MICRODATA,"OECD PUF via learningtower, gewichtetes Quantil (1 PV)",n = 10966
M479 (S07),Qatar,2012,math,P25,307.1,COMPUTED_MICRODATA,"OECD PUF via learningtower, gewichtetes Quantil (1 PV)",n = 10966
M479 (S07),Qatar,2012,math,P50,365.7,COMPUTED_MICRODATA,"OECD PUF via learningtower, gewichtetes Quantil (1 PV)",n = 10966
M479 (S07),Qatar,2012,math,P75,440.3,COMPUTED_MICRODATA,"OECD PUF via learningtower, gewichtetes Quantil (1 PV)",n = 10966
M479 (S07),Qatar,2012,math,P90,514.7,COMPUTED_MICRODATA,"OECD PUF via learningtower, gewichtetes Quantil (1 PV)",n = 10966
M479 (S07),Qatar,2012,read,P10,242.9,COMPUTED_MICRODATA,"OECD PUF via learningtower, gewichtetes Quantil (1 PV)",n = 10966
M479 (S07),Qatar,2012,read,P25,308.7,COMPUTED_MICRODATA,"OECD PUF via learningtower, gewichtetes Quantil (1 PV)",n = 10966
M479 (S07),Qatar,2012,read,P50,387.0,COMPUTED_MICRODATA,"OECD PUF via learningtower, gewichtetes Quantil (1 PV)",n = 10966
M479 (S07),Qatar,2012,read,P75,465.1,COMPUTED_MICRODATA,"OECD PUF via learningtower, gewichtetes Quantil (1 PV)",n = 10966
M479 (S07),Qatar,2012,read,P90,534.7,COMPUTED_MICRODATA,"OECD PUF via learningtower, gewichtetes Quantil (1 PV)",n = 10966
M479 (S07),Qatar,2012,sci,P10,254.7,COMPUTED_MICRODATA,"OECD PUF via learningtower, gewichtetes Quantil (1 PV)",n = 10966
M479 (S07),Qatar,2012,sci,P25,308.2,COMPUTED_MICRODATA,"OECD PUF via learningtower, gewichtetes Quantil (1 PV)",n = 10966
M479 (S07),Qatar,2012,sci,P50,374.4,COMPUTED_MICRODATA,"OECD PUF via learningtower, gewichtetes Quantil (1 PV)",n = 10966
M479 (S07),Qatar,2012,sci,P75,452.0,COMPUTED_MICRODATA,"OECD PUF via learningtower, gewichtetes Quantil (1 PV)",n = 10966
M479 (S07),Qatar,2012,sci,P90,528.6,COMPUTED_MICRODATA,"OECD PUF via learningtower, gewichtetes Quantil (1 PV)",n = 10966
M479 (S07),Romania,2012,math,P10,345.5,COMPUTED_MICRODATA,"OECD PUF via learningtower, gewichtetes Quantil (1 PV)",n = 5074
M479 (S07),Romania,2012,math,P25,387.5,COMPUTED_MICRODATA,"OECD PUF via learningtower, gewichtetes Quantil (1 PV)",n = 5074
M479 (S07),Romania,2012,math,P50,438.9,COMPUTED_MICRODATA,"OECD PUF via learningtower, gewichtetes Quantil (1 PV)",n = 5074
M479 (S07),Romania,2012,math,P75,497.3,COMPUTED_MICRODATA,"OECD PUF via learningtower, gewichtetes Quantil (1 PV)",n = 5074
M479 (S07),Romania,2012,math,P90,551.9,COMPUTED_MICRODATA,"OECD PUF via learningtower, gewichtetes Quantil (1 PV)",n = 5074
M479 (S07),Romania,2012,read,P10,323.2,COMPUTED_MICRODATA,"OECD PUF via learningtower, gewichtetes Quantil (1 PV)",n = 5074
M479 (S07),Romania,2012,read,P25,375.9,COMPUTED_MICRODATA,"OECD PUF via learningtower, gewichtetes Quantil (1 PV)",n = 5074
M479 (S07),Romania,2012,read,P50,437.2,COMPUTED_MICRODATA,"OECD PUF via learningtower, gewichtetes Quantil (1 PV)",n = 5074
M479 (S07),Romania,2012,read,P75,503.1,COMPUTED_MICRODATA,"OECD PUF via learningtower, gewichtetes Quantil (1 PV)",n = 5074
M479 (S07),Romania,2012,read,P90,556.8,COMPUTED_MICRODATA,"OECD PUF via learningtower, gewichtetes Quantil (1 PV)",n = 5074
M479 (S07),Romania,2012,sci,P10,341.0,COMPUTED_MICRODATA,"OECD PUF via learningtower, gewichtetes Quantil (1 PV)",n = 5074
M479 (S07),Romania,2012,sci,P25,381.7,COMPUTED_MICRODATA,"OECD PUF via learningtower, gewichtetes Quantil (1 PV)",n = 5074
M479 (S07),Romania,2012,sci,P50,434.2,COMPUTED_MICRODATA,"OECD PUF via learningtower, gewichtetes Quantil (1 PV)",n = 5074
M479 (S07),Romania,2012,sci,P75,493.0,COMPUTED_MICRODATA,"OECD PUF via learningtower, gewichtetes Quantil (1 PV)",n = 5074
M479 (S07),Romania,2012,sci,P90,543.4,COMPUTED_MICRODATA,"OECD PUF via learningtower, gewichtetes Quantil (1 PV)",n = 5074
M479 (S07),Singapore,2012,math,P10,431.7,COMPUTED_MICRODATA,"OECD PUF via learningtower, gewichtetes Quantil (1 PV)",n = 5546
M479 (S07),Singapore,2012,math,P25,500.1,COMPUTED_MICRODATA,"OECD PUF via learningtower, gewichtetes Quantil (1 PV)",n = 5546
M479 (S07),Singapore,2012,math,P50,579.9,COMPUTED_MICRODATA,"OECD PUF via learningtower, gewichtetes Quantil (1 PV)",n = 5546
M479 (S07),Singapore,2012,math,P75,649.0,COMPUTED_MICRODATA,"OECD PUF via learningtower, gewichtetes Quantil (1 PV)",n = 5546
M479 (S07),Singapore,2012,math,P90,706.1,COMPUTED_MICRODATA,"OECD PUF via learningtower, gewichtetes Quantil (1 PV)",n = 5546
M479 (S07),Singapore,2012,read,P10,409.8,COMPUTED_MICRODATA,"OECD PUF via learningtower, gewichtetes Quantil (1 PV)",n = 5546
M479 (S07),Singapore,2012,read,P25,473.8,COMPUTED_MICRODATA,"OECD PUF via learningtower, gewichtetes Quantil (1 PV)",n = 5546
M479 (S07),Singapore,2012,read,P50,547.3,COMPUTED_MICRODATA,"OECD PUF via learningtower, gewichtetes Quantil (1 PV)",n = 5546
M479 (S07),Singapore,2012,read,P75,615.0,COMPUTED_MICRODATA,"OECD PUF via learningtower, gewichtetes Quantil (1 PV)",n = 5546
M479 (S07),Singapore,2012,read,P90,668.2,COMPUTED_MICRODATA,"OECD PUF via learningtower, gewichtetes Quantil (1 PV)",n = 5546
M479 (S07),Singapore,2012,sci,P10,413.4,COMPUTED_MICRODATA,"OECD PUF via learningtower, gewichtetes Quantil (1 PV)",n = 5546
M479 (S07),Singapore,2012,sci,P25,478.1,COMPUTED_MICRODATA,"OECD PUF via learningtower, gewichtetes Quantil (1 PV)",n = 5546
M479 (S07),Singapore,2012,sci,P50,558.3,COMPUTED_MICRODATA,"OECD PUF via learningtower, gewichtetes Quantil (1 PV)",n = 5546
M479 (S07),Singapore,2012,sci,P75,629.1,COMPUTED_MICRODATA,"OECD PUF via learningtower, gewichtetes Quantil (1 PV)",n = 5546
M479 (S07),Singapore,2012,sci,P90,678.8,COMPUTED_MICRODATA,"OECD PUF via learningtower, gewichtetes Quantil (1 PV)",n = 5546
M479 (S07),Serbia,2012,math,P10,334.9,COMPUTED_MICRODATA,"OECD PUF via learningtower, gewichtetes Quantil (1 PV)",n = 4684
M479 (S07),Serbia,2012,math,P25,387.8,COMPUTED_MICRODATA,"OECD PUF via learningtower, gewichtetes Quantil (1 PV)",n = 4684
M479 (S07),Serbia,2012,math,P50,444.2,COMPUTED_MICRODATA,"OECD PUF via learningtower, gewichtetes Quantil (1 PV)",n = 4684
M479 (S07),Serbia,2012,math,P75,508.8,COMPUTED_MICRODATA,"OECD PUF via learningtower, gewichtetes Quantil (1 PV)",n = 4684
M479 (S07),Serbia,2012,math,P90,568.0,COMPUTED_MICRODATA,"OECD PUF via learningtower, gewichtetes Quantil (1 PV)",n = 4684
M479 (S07),Serbia,2012,read,P10,325.7,COMPUTED_MICRODATA,"OECD PUF via learningtower, gewichtetes Quantil (1 PV)",n = 4684
M479 (S07),Serbia,2012,read,P25,384.1,COMPUTED_MICRODATA,"OECD PUF via learningtower, gewichtetes Quantil (1 PV)",n = 4684
M479 (S07),Serbia,2012,read,P50,446.7,COMPUTED_MICRODATA,"OECD PUF via learningtower, gewichtetes Quantil (1 PV)",n = 4684
M479 (S07),Serbia,2012,read,P75,508.7,COMPUTED_MICRODATA,"OECD PUF via learningtower, gewichtetes Quantil (1 PV)",n = 4684
M479 (S07),Serbia,2012,read,P90,566.5,COMPUTED_MICRODATA,"OECD PUF via learningtower, gewichtetes Quantil (1 PV)",n = 4684
M479 (S07),Serbia,2012,sci,P10,332.9,COMPUTED_MICRODATA,"OECD PUF via learningtower, gewichtetes Quantil (1 PV)",n = 4684
M479 (S07),Serbia,2012,sci,P25,383.9,COMPUTED_MICRODATA,"OECD PUF via learningtower, gewichtetes Quantil (1 PV)",n = 4684
M479 (S07),Serbia,2012,sci,P50,443.0,COMPUTED_MICRODATA,"OECD PUF via learningtower, gewichtetes Quantil (1 PV)",n = 4684
M479 (S07),Serbia,2012,sci,P75,503.6,COMPUTED_MICRODATA,"OECD PUF via learningtower, gewichtetes Quantil (1 PV)",n = 4684
M479 (S07),Serbia,2012,sci,P90,558.0,COMPUTED_MICRODATA,"OECD PUF via learningtower, gewichtetes Quantil (1 PV)",n = 4684
M479 (S07),Slovak Republic,2012,math,P10,349.7,COMPUTED_MICRODATA,"OECD PUF via learningtower, gewichtetes Quantil (1 PV)",n = 4678
M479 (S07),Slovak Republic,2012,math,P25,412.7,COMPUTED_MICRODATA,"OECD PUF via learningtower, gewichtetes Quantil (1 PV)",n = 4678
M479 (S07),Slovak Republic,2012,math,P50,480.1,COMPUTED_MICRODATA,"OECD PUF via learningtower, gewichtetes Quantil (1 PV)",n = 4678
M479 (S07),Slovak Republic,2012,math,P75,553.2,COMPUTED_MICRODATA,"OECD PUF via learningtower, gewichtetes Quantil (1 PV)",n = 4678
M479 (S07),Slovak Republic,2012,math,P90,614.4,COMPUTED_MICRODATA,"OECD PUF via learningtower, gewichtetes Quantil (1 PV)",n = 4678
M479 (S07),Slovak Republic,2012,read,P10,321.6,COMPUTED_MICRODATA,"OECD PUF via learningtower, gewichtetes Quantil (1 PV)",n = 4678
M479 (S07),Slovak Republic,2012,read,P25,397.2,COMPUTED_MICRODATA,"OECD PUF via learningtower, gewichtetes Quantil (1 PV)",n = 4678
M479 (S07),Slovak Republic,2012,read,P50,472.3,COMPUTED_MICRODATA,"OECD PUF via learningtower, gewichtetes Quantil (1 PV)",n = 4678
M479 (S07),Slovak Republic,2012,read,P75,537.9,COMPUTED_MICRODATA,"OECD PUF via learningtower, gewichtetes Quantil (1 PV)",n = 4678
M479 (S07),Slovak Republic,2012,read,P90,592.1,COMPUTED_MICRODATA,"OECD PUF via learningtower, gewichtetes Quantil (1 PV)",n = 4678
M479 (S07),Slovak Republic,2012,sci,P10,338.3,COMPUTED_MICRODATA,"OECD PUF via learningtower, gewichtetes Quantil (1 PV)",n = 4678
M479 (S07),Slovak Republic,2012,sci,P25,402.3,COMPUTED_MICRODATA,"OECD PUF via learningtower, gewichtetes Quantil (1 PV)",n = 4678
M479 (S07),Slovak Republic,2012,sci,P50,472.5,COMPUTED_MICRODATA,"OECD PUF via learningtower, gewichtetes Quantil (1 PV)",n = 4678
M479 (S07),Slovak Republic,2012,sci,P75,542.3,COMPUTED_MICRODATA,"OECD PUF via learningtower, gewichtetes Quantil (1 PV)",n = 4678
M479 (S07),Slovak Republic,2012,sci,P90,602.5,COMPUTED_MICRODATA,"OECD PUF via learningtower, gewichtetes Quantil (1 PV)",n = 4678
M479 (S07),Slovenia,2012,math,P10,385.3,COMPUTED_MICRODATA,"OECD PUF via learningtower, gewichtetes Quantil (1 PV)",n = 5911
M479 (S07),Slovenia,2012,math,P25,433.3,COMPUTED_MICRODATA,"OECD PUF via learningtower, gewichtetes Quantil (1 PV)",n = 5911
M479 (S07),Slovenia,2012,math,P50,498.0,COMPUTED_MICRODATA,"OECD PUF via learningtower, gewichtetes Quantil (1 PV)",n = 5911
M479 (S07),Slovenia,2012,math,P75,566.6,COMPUTED_MICRODATA,"OECD PUF via learningtower, gewichtetes Quantil (1 PV)",n = 5911
M479 (S07),Slovenia,2012,math,P90,624.2,COMPUTED_MICRODATA,"OECD PUF via learningtower, gewichtetes Quantil (1 PV)",n = 5911
M479 (S07),Slovenia,2012,read,P10,360.1,COMPUTED_MICRODATA,"OECD PUF via learningtower, gewichtetes Quantil (1 PV)",n = 5911
M479 (S07),Slovenia,2012,read,P25,419.9,COMPUTED_MICRODATA,"OECD PUF via learningtower, gewichtetes Quantil (1 PV)",n = 5911
M479 (S07),Slovenia,2012,read,P50,483.8,COMPUTED_MICRODATA,"OECD PUF via learningtower, gewichtetes Quantil (1 PV)",n = 5911
M479 (S07),Slovenia,2012,read,P75,546.4,COMPUTED_MICRODATA,"OECD PUF via learningtower, gewichtetes Quantil (1 PV)",n = 5911
M479 (S07),Slovenia,2012,read,P90,596.7,COMPUTED_MICRODATA,"OECD PUF via learningtower, gewichtetes Quantil (1 PV)",n = 5911
M479 (S07),Slovenia,2012,sci,P10,397.0,COMPUTED_MICRODATA,"OECD PUF via learningtower, gewichtetes Quantil (1 PV)",n = 5911
M479 (S07),Slovenia,2012,sci,P25,449.4,COMPUTED_MICRODATA,"OECD PUF via learningtower, gewichtetes Quantil (1 PV)",n = 5911
M479 (S07),Slovenia,2012,sci,P50,513.6,COMPUTED_MICRODATA,"OECD PUF via learningtower, gewichtetes Quantil (1 PV)",n = 5911
M479 (S07),Slovenia,2012,sci,P75,576.7,COMPUTED_MICRODATA,"OECD PUF via learningtower, gewichtetes Quantil (1 PV)",n = 5911
M479 (S07),Slovenia,2012,sci,P90,629.2,COMPUTED_MICRODATA,"OECD PUF via learningtower, gewichtetes Quantil (1 PV)",n = 5911
M479 (S07),Sweden,2012,math,P10,360.5,COMPUTED_MICRODATA,"OECD PUF via learningtower, gewichtetes Quantil (1 PV)",n = 4736
M479 (S07),Sweden,2012,math,P25,414.6,COMPUTED_MICRODATA,"OECD PUF via learningtower, gewichtetes Quantil (1 PV)",n = 4736
M479 (S07),Sweden,2012,math,P50,477.7,COMPUTED_MICRODATA,"OECD PUF via learningtower, gewichtetes Quantil (1 PV)",n = 4736
M479 (S07),Sweden,2012,math,P75,541.8,COMPUTED_MICRODATA,"OECD PUF via learningtower, gewichtetes Quantil (1 PV)",n = 4736
M479 (S07),Sweden,2012,math,P90,595.6,COMPUTED_MICRODATA,"OECD PUF via learningtower, gewichtetes Quantil (1 PV)",n = 4736
M479 (S07),Sweden,2012,read,P10,343.3,COMPUTED_MICRODATA,"OECD PUF via learningtower, gewichtetes Quantil (1 PV)",n = 4736
M479 (S07),Sweden,2012,read,P25,416.8,COMPUTED_MICRODATA,"OECD PUF via learningtower, gewichtetes Quantil (1 PV)",n = 4736
M479 (S07),Sweden,2012,read,P50,490.8,COMPUTED_MICRODATA,"OECD PUF via learningtower, gewichtetes Quantil (1 PV)",n = 4736
M479 (S07),Sweden,2012,read,P75,557.0,COMPUTED_MICRODATA,"OECD PUF via learningtower, gewichtetes Quantil (1 PV)",n = 4736
M479 (S07),Sweden,2012,read,P90,615.0,COMPUTED_MICRODATA,"OECD PUF via learningtower, gewichtetes Quantil (1 PV)",n = 4736
M479 (S07),Sweden,2012,sci,P10,352.2,COMPUTED_MICRODATA,"OECD PUF via learningtower, gewichtetes Quantil (1 PV)",n = 4736
M479 (S07),Sweden,2012,sci,P25,419.3,COMPUTED_MICRODATA,"OECD PUF via learningtower, gewichtetes Quantil (1 PV)",n = 4736
M479 (S07),Sweden,2012,sci,P50,487.5,COMPUTED_MICRODATA,"OECD PUF via learningtower, gewichtetes Quantil (1 PV)",n = 4736
M479 (S07),Sweden,2012,sci,P75,554.8,COMPUTED_MICRODATA,"OECD PUF via learningtower, gewichtetes Quantil (1 PV)",n = 4736
M479 (S07),Sweden,2012,sci,P90,610.5,COMPUTED_MICRODATA,"OECD PUF via learningtower, gewichtetes Quantil (1 PV)",n = 4736
M479 (S07),Chinese Taipei,2012,math,P10,401.3,COMPUTED_MICRODATA,"OECD PUF via learningtower, gewichtetes Quantil (1 PV)",n = 6046
M479 (S07),Chinese Taipei,2012,math,P25,478.0,COMPUTED_MICRODATA,"OECD PUF via learningtower, gewichtetes Quantil (1 PV)",n = 6046
M479 (S07),Chinese Taipei,2012,math,P50,566.7,COMPUTED_MICRODATA,"OECD PUF via learningtower, gewichtetes Quantil (1 PV)",n = 6046
M479 (S07),Chinese Taipei,2012,math,P75,645.2,COMPUTED_MICRODATA,"OECD PUF via learningtower, gewichtetes Quantil (1 PV)",n = 6046
M479 (S07),Chinese Taipei,2012,math,P90,701.0,COMPUTED_MICRODATA,"OECD PUF via learningtower, gewichtetes Quantil (1 PV)",n = 6046
M479 (S07),Chinese Taipei,2012,read,P10,398.9,COMPUTED_MICRODATA,"OECD PUF via learningtower, gewichtetes Quantil (1 PV)",n = 6046
M479 (S07),Chinese Taipei,2012,read,P25,467.5,COMPUTED_MICRODATA,"OECD PUF via learningtower, gewichtetes Quantil (1 PV)",n = 6046
M479 (S07),Chinese Taipei,2012,read,P50,531.6,COMPUTED_MICRODATA,"OECD PUF via learningtower, gewichtetes Quantil (1 PV)",n = 6046
M479 (S07),Chinese Taipei,2012,read,P75,587.0,COMPUTED_MICRODATA,"OECD PUF via learningtower, gewichtetes Quantil (1 PV)",n = 6046
M479 (S07),Chinese Taipei,2012,read,P90,632.6,COMPUTED_MICRODATA,"OECD PUF via learningtower, gewichtetes Quantil (1 PV)",n = 6046
M479 (S07),Chinese Taipei,2012,sci,P10,408.6,COMPUTED_MICRODATA,"OECD PUF via learningtower, gewichtetes Quantil (1 PV)",n = 6046
M479 (S07),Chinese Taipei,2012,sci,P25,468.8,COMPUTED_MICRODATA,"OECD PUF via learningtower, gewichtetes Quantil (1 PV)",n = 6046
M479 (S07),Chinese Taipei,2012,sci,P50,527.6,COMPUTED_MICRODATA,"OECD PUF via learningtower, gewichtetes Quantil (1 PV)",n = 6046
M479 (S07),Chinese Taipei,2012,sci,P75,582.6,COMPUTED_MICRODATA,"OECD PUF via learningtower, gewichtetes Quantil (1 PV)",n = 6046
M479 (S07),Chinese Taipei,2012,sci,P90,626.1,COMPUTED_MICRODATA,"OECD PUF via learningtower, gewichtetes Quantil (1 PV)",n = 6046
M479 (S07),Thailand,2012,math,P10,329.3,COMPUTED_MICRODATA,"OECD PUF via learningtower, gewichtetes Quantil (1 PV)",n = 6606
M479 (S07),Thailand,2012,math,P25,371.6,COMPUTED_MICRODATA,"OECD PUF via learningtower, gewichtetes Quantil (1 PV)",n = 6606
M479 (S07),Thailand,2012,math,P50,420.0,COMPUTED_MICRODATA,"OECD PUF via learningtower, gewichtetes Quantil (1 PV)",n = 6606
M479 (S07),Thailand,2012,math,P75,476.9,COMPUTED_MICRODATA,"OECD PUF via learningtower, gewichtetes Quantil (1 PV)",n = 6606
M479 (S07),Thailand,2012,math,P90,533.9,COMPUTED_MICRODATA,"OECD PUF via learningtower, gewichtetes Quantil (1 PV)",n = 6606
M479 (S07),Thailand,2012,read,P10,342.3,COMPUTED_MICRODATA,"OECD PUF via learningtower, gewichtetes Quantil (1 PV)",n = 6606
M479 (S07),Thailand,2012,read,P25,388.9,COMPUTED_MICRODATA,"OECD PUF via learningtower, gewichtetes Quantil (1 PV)",n = 6606
M479 (S07),Thailand,2012,read,P50,442.6,COMPUTED_MICRODATA,"OECD PUF via learningtower, gewichtetes Quantil (1 PV)",n = 6606
M479 (S07),Thailand,2012,read,P75,494.0,COMPUTED_MICRODATA,"OECD PUF via learningtower, gewichtetes Quantil (1 PV)",n = 6606
M479 (S07),Thailand,2012,read,P90,539.4,COMPUTED_MICRODATA,"OECD PUF via learningtower, gewichtetes Quantil (1 PV)",n = 6606
M479 (S07),Thailand,2012,sci,P10,348.3,COMPUTED_MICRODATA,"OECD PUF via learningtower, gewichtetes Quantil (1 PV)",n = 6606
M479 (S07),Thailand,2012,sci,P25,392.5,COMPUTED_MICRODATA,"OECD PUF via learningtower, gewichtetes Quantil (1 PV)",n = 6606
M479 (S07),Thailand,2012,sci,P50,440.9,COMPUTED_MICRODATA,"OECD PUF via learningtower, gewichtetes Quantil (1 PV)",n = 6606
M479 (S07),Thailand,2012,sci,P75,494.6,COMPUTED_MICRODATA,"OECD PUF via learningtower, gewichtetes Quantil (1 PV)",n = 6606
M479 (S07),Thailand,2012,sci,P90,540.6,COMPUTED_MICRODATA,"OECD PUF via learningtower, gewichtetes Quantil (1 PV)",n = 6606
M479 (S07),Türkiye,2012,math,P10,337.5,COMPUTED_MICRODATA,"OECD PUF via learningtower, gewichtetes Quantil (1 PV)",n = 4848
M479 (S07),Türkiye,2012,math,P25,381.1,COMPUTED_MICRODATA,"OECD PUF via learningtower, gewichtetes Quantil (1 PV)",n = 4848
M479 (S07),Türkiye,2012,math,P50,438.2,COMPUTED_MICRODATA,"OECD PUF via learningtower, gewichtetes Quantil (1 PV)",n = 4848
M479 (S07),Türkiye,2012,math,P75,505.7,COMPUTED_MICRODATA,"OECD PUF via learningtower, gewichtetes Quantil (1 PV)",n = 4848
M479 (S07),Türkiye,2012,math,P90,577.4,COMPUTED_MICRODATA,"OECD PUF via learningtower, gewichtetes Quantil (1 PV)",n = 4848
M479 (S07),Türkiye,2012,read,P10,366.3,COMPUTED_MICRODATA,"OECD PUF via learningtower, gewichtetes Quantil (1 PV)",n = 4848
M479 (S07),Türkiye,2012,read,P25,416.5,COMPUTED_MICRODATA,"OECD PUF via learningtower, gewichtetes Quantil (1 PV)",n = 4848
M479 (S07),Türkiye,2012,read,P50,473.8,COMPUTED_MICRODATA,"OECD PUF via learningtower, gewichtetes Quantil (1 PV)",n = 4848
M479 (S07),Türkiye,2012,read,P75,534.5,COMPUTED_MICRODATA,"OECD PUF via learningtower, gewichtetes Quantil (1 PV)",n = 4848
M479 (S07),Türkiye,2012,read,P90,587.4,COMPUTED_MICRODATA,"OECD PUF via learningtower, gewichtetes Quantil (1 PV)",n = 4848
M479 (S07),Türkiye,2012,sci,P10,364.3,COMPUTED_MICRODATA,"OECD PUF via learningtower, gewichtetes Quantil (1 PV)",n = 4848
M479 (S07),Türkiye,2012,sci,P25,406.3,COMPUTED_MICRODATA,"OECD PUF via learningtower, gewichtetes Quantil (1 PV)",n = 4848
M479 (S07),Türkiye,2012,sci,P50,458.6,COMPUTED_MICRODATA,"OECD PUF via learningtower, gewichtetes Quantil (1 PV)",n = 4848
M479 (S07),Türkiye,2012,sci,P75,518.6,COMPUTED_MICRODATA,"OECD PUF via learningtower, gewichtetes Quantil (1 PV)",n = 4848
M479 (S07),Türkiye,2012,sci,P90,572.1,COMPUTED_MICRODATA,"OECD PUF via learningtower, gewichtetes Quantil (1 PV)",n = 4848
M479 (S07),Uruguay,2012,math,P10,295.4,COMPUTED_MICRODATA,"OECD PUF via learningtower, gewichtetes Quantil (1 PV)",n = 5315
M479 (S07),Uruguay,2012,math,P25,347.6,COMPUTED_MICRODATA,"OECD PUF via learningtower, gewichtetes Quantil (1 PV)",n = 5315
M479 (S07),Uruguay,2012,math,P50,406.1,COMPUTED_MICRODATA,"OECD PUF via learningtower, gewichtetes Quantil (1 PV)",n = 5315
M479 (S07),Uruguay,2012,math,P75,470.8,COMPUTED_MICRODATA,"OECD PUF via learningtower, gewichtetes Quantil (1 PV)",n = 5315
M479 (S07),Uruguay,2012,math,P90,526.0,COMPUTED_MICRODATA,"OECD PUF via learningtower, gewichtetes Quantil (1 PV)",n = 5315
M479 (S07),Uruguay,2012,read,P10,285.3,COMPUTED_MICRODATA,"OECD PUF via learningtower, gewichtetes Quantil (1 PV)",n = 5315
M479 (S07),Uruguay,2012,read,P25,347.3,COMPUTED_MICRODATA,"OECD PUF via learningtower, gewichtetes Quantil (1 PV)",n = 5315
M479 (S07),Uruguay,2012,read,P50,414.7,COMPUTED_MICRODATA,"OECD PUF via learningtower, gewichtetes Quantil (1 PV)",n = 5315
M479 (S07),Uruguay,2012,read,P75,477.5,COMPUTED_MICRODATA,"OECD PUF via learningtower, gewichtetes Quantil (1 PV)",n = 5315
M479 (S07),Uruguay,2012,read,P90,533.9,COMPUTED_MICRODATA,"OECD PUF via learningtower, gewichtetes Quantil (1 PV)",n = 5315
M479 (S07),Uruguay,2012,sci,P10,293.5,COMPUTED_MICRODATA,"OECD PUF via learningtower, gewichtetes Quantil (1 PV)",n = 5315
M479 (S07),Uruguay,2012,sci,P25,350.3,COMPUTED_MICRODATA,"OECD PUF via learningtower, gewichtetes Quantil (1 PV)",n = 5315
M479 (S07),Uruguay,2012,sci,P50,417.5,COMPUTED_MICRODATA,"OECD PUF via learningtower, gewichtetes Quantil (1 PV)",n = 5315
M479 (S07),Uruguay,2012,sci,P75,481.9,COMPUTED_MICRODATA,"OECD PUF via learningtower, gewichtetes Quantil (1 PV)",n = 5315
M479 (S07),Uruguay,2012,sci,P90,536.9,COMPUTED_MICRODATA,"OECD PUF via learningtower, gewichtetes Quantil (1 PV)",n = 5315
M479 (S07),United States,2012,math,P10,366.3,COMPUTED_MICRODATA,"OECD PUF via learningtower, gewichtetes Quantil (1 PV)",n = 4978
M479 (S07),United States,2012,math,P25,417.2,COMPUTED_MICRODATA,"OECD PUF via learningtower, gewichtetes Quantil (1 PV)",n = 4978
M479 (S07),United States,2012,math,P50,476.9,COMPUTED_MICRODATA,"OECD PUF via learningtower, gewichtetes Quantil (1 PV)",n = 4978
M479 (S07),United States,2012,math,P75,544.0,COMPUTED_MICRODATA,"OECD PUF via learningtower, gewichtetes Quantil (1 PV)",n = 4978
M479 (S07),United States,2012,math,P90,600.1,COMPUTED_MICRODATA,"OECD PUF via learningtower, gewichtetes Quantil (1 PV)",n = 4978
M479 (S07),United States,2012,read,P10,377.4,COMPUTED_MICRODATA,"OECD PUF via learningtower, gewichtetes Quantil (1 PV)",n = 4978
M479 (S07),United States,2012,read,P25,434.8,COMPUTED_MICRODATA,"OECD PUF via learningtower, gewichtetes Quantil (1 PV)",n = 4978
M479 (S07),United States,2012,read,P50,500.6,COMPUTED_MICRODATA,"OECD PUF via learningtower, gewichtetes Quantil (1 PV)",n = 4978
M479 (S07),United States,2012,read,P75,560.9,COMPUTED_MICRODATA,"OECD PUF via learningtower, gewichtetes Quantil (1 PV)",n = 4978
M479 (S07),United States,2012,read,P90,614.2,COMPUTED_MICRODATA,"OECD PUF via learningtower, gewichtetes Quantil (1 PV)",n = 4978
M479 (S07),United States,2012,sci,P10,376.3,COMPUTED_MICRODATA,"OECD PUF via learningtower, gewichtetes Quantil (1 PV)",n = 4978
M479 (S07),United States,2012,sci,P25,432.2,COMPUTED_MICRODATA,"OECD PUF via learningtower, gewichtetes Quantil (1 PV)",n = 4978
M479 (S07),United States,2012,sci,P50,498.4,COMPUTED_MICRODATA,"OECD PUF via learningtower, gewichtetes Quantil (1 PV)",n = 4978
M479 (S07),United States,2012,sci,P75,561.5,COMPUTED_MICRODATA,"OECD PUF via learningtower, gewichtetes Quantil (1 PV)",n = 4978
M479 (S07),United States,2012,sci,P90,618.3,COMPUTED_MICRODATA,"OECD PUF via learningtower, gewichtetes Quantil (1 PV)",n = 4978
M479 (S07),Viet Nam,2012,math,P10,400.9,COMPUTED_MICRODATA,"OECD PUF via learningtower, gewichtetes Quantil (1 PV)",n = 4959
M479 (S07),Viet Nam,2012,math,P25,454.5,COMPUTED_MICRODATA,"OECD PUF via learningtower, gewichtetes Quantil (1 PV)",n = 4959
M479 (S07),Viet Nam,2012,math,P50,509.6,COMPUTED_MICRODATA,"OECD PUF via learningtower, gewichtetes Quantil (1 PV)",n = 4959
M479 (S07),Viet Nam,2012,math,P75,568.2,COMPUTED_MICRODATA,"OECD PUF via learningtower, gewichtetes Quantil (1 PV)",n = 4959
M479 (S07),Viet Nam,2012,math,P90,621.8,COMPUTED_MICRODATA,"OECD PUF via learningtower, gewichtetes Quantil (1 PV)",n = 4959
M479 (S07),Viet Nam,2012,read,P10,410.5,COMPUTED_MICRODATA,"OECD PUF via learningtower, gewichtetes Quantil (1 PV)",n = 4959
M479 (S07),Viet Nam,2012,read,P25,461.9,COMPUTED_MICRODATA,"OECD PUF via learningtower, gewichtetes Quantil (1 PV)",n = 4959
M479 (S07),Viet Nam,2012,read,P50,510.9,COMPUTED_MICRODATA,"OECD PUF via learningtower, gewichtetes Quantil (1 PV)",n = 4959
M479 (S07),Viet Nam,2012,read,P75,558.6,COMPUTED_MICRODATA,"OECD PUF via learningtower, gewichtetes Quantil (1 PV)",n = 4959
M479 (S07),Viet Nam,2012,read,P90,598.3,COMPUTED_MICRODATA,"OECD PUF via learningtower, gewichtetes Quantil (1 PV)",n = 4959
M479 (S07),Viet Nam,2012,sci,P10,428.2,COMPUTED_MICRODATA,"OECD PUF via learningtower, gewichtetes Quantil (1 PV)",n = 4959
M479 (S07),Viet Nam,2012,sci,P25,478.8,COMPUTED_MICRODATA,"OECD PUF via learningtower, gewichtetes Quantil (1 PV)",n = 4959
M479 (S07),Viet Nam,2012,sci,P50,530.0,COMPUTED_MICRODATA,"OECD PUF via learningtower, gewichtetes Quantil (1 PV)",n = 4959
M479 (S07),Viet Nam,2012,sci,P75,579.8,COMPUTED_MICRODATA,"OECD PUF via learningtower, gewichtetes Quantil (1 PV)",n = 4959
M479 (S07),Viet Nam,2012,sci,P90,624.5,COMPUTED_MICRODATA,"OECD PUF via learningtower, gewichtetes Quantil (1 PV)",n = 4959
M479 (S07),OECD average,2012,math,P10,375.1,COMPUTED_MICRODATA,"OECD PUF via learningtower, gewichtetes Quantil (1 PV)",n = 34
M479 (S07),OECD average,2012,math,P25,430.2,COMPUTED_MICRODATA,"OECD PUF via learningtower, gewichtetes Quantil (1 PV)",n = 34
M479 (S07),OECD average,2012,math,P50,493.8,COMPUTED_MICRODATA,"OECD PUF via learningtower, gewichtetes Quantil (1 PV)",n = 34
M479 (S07),OECD average,2012,math,P75,558.3,COMPUTED_MICRODATA,"OECD PUF via learningtower, gewichtetes Quantil (1 PV)",n = 34
M479 (S07),OECD average,2012,math,P90,613.8,COMPUTED_MICRODATA,"OECD PUF via learningtower, gewichtetes Quantil (1 PV)",n = 34
M479 (S07),OECD average,2012,read,P10,372.1,COMPUTED_MICRODATA,"OECD PUF via learningtower, gewichtetes Quantil (1 PV)",n = 34
M479 (S07),OECD average,2012,read,P25,435.5,COMPUTED_MICRODATA,"OECD PUF via learningtower, gewichtetes Quantil (1 PV)",n = 34
M479 (S07),OECD average,2012,read,P50,501.8,COMPUTED_MICRODATA,"OECD PUF via learningtower, gewichtetes Quantil (1 PV)",n = 34
M479 (S07),OECD average,2012,read,P75,562.8,COMPUTED_MICRODATA,"OECD PUF via learningtower, gewichtetes Quantil (1 PV)",n = 34
M479 (S07),OECD average,2012,read,P90,613.5,COMPUTED_MICRODATA,"OECD PUF via learningtower, gewichtetes Quantil (1 PV)",n = 34
M479 (S07),OECD average,2012,sci,P10,379.7,COMPUTED_MICRODATA,"OECD PUF via learningtower, gewichtetes Quantil (1 PV)",n = 34
M479 (S07),OECD average,2012,sci,P25,438.8,COMPUTED_MICRODATA,"OECD PUF via learningtower, gewichtetes Quantil (1 PV)",n = 34
M479 (S07),OECD average,2012,sci,P50,503.9,COMPUTED_MICRODATA,"OECD PUF via learningtower, gewichtetes Quantil (1 PV)",n = 34
M479 (S07),OECD average,2012,sci,P75,566.2,COMPUTED_MICRODATA,"OECD PUF via learningtower, gewichtetes Quantil (1 PV)",n = 34
M479 (S07),OECD average,2012,sci,P90,618.6,COMPUTED_MICRODATA,"OECD PUF via learningtower, gewichtetes Quantil (1 PV)",n = 34
M479 (S07),Albania,2015,math,P10,299.4,COMPUTED_MICRODATA,"OECD PUF via learningtower, gewichtetes Quantil (1 PV)",n = 5215
M479 (S07),Albania,2015,math,P25,351.9,COMPUTED_MICRODATA,"OECD PUF via learningtower, gewichtetes Quantil (1 PV)",n = 5215
M479 (S07),Albania,2015,math,P50,409.8,COMPUTED_MICRODATA,"OECD PUF via learningtower, gewichtetes Quantil (1 PV)",n = 5215
M479 (S07),Albania,2015,math,P75,471.6,COMPUTED_MICRODATA,"OECD PUF via learningtower, gewichtetes Quantil (1 PV)",n = 5215
M479 (S07),Albania,2015,math,P90,525.6,COMPUTED_MICRODATA,"OECD PUF via learningtower, gewichtetes Quantil (1 PV)",n = 5215
M479 (S07),Albania,2015,read,P10,280.4,COMPUTED_MICRODATA,"OECD PUF via learningtower, gewichtetes Quantil (1 PV)",n = 5215
M479 (S07),Albania,2015,read,P25,337.3,COMPUTED_MICRODATA,"OECD PUF via learningtower, gewichtetes Quantil (1 PV)",n = 5215
M479 (S07),Albania,2015,read,P50,405.2,COMPUTED_MICRODATA,"OECD PUF via learningtower, gewichtetes Quantil (1 PV)",n = 5215
M479 (S07),Albania,2015,read,P75,472.4,COMPUTED_MICRODATA,"OECD PUF via learningtower, gewichtetes Quantil (1 PV)",n = 5215
M479 (S07),Albania,2015,read,P90,529.0,COMPUTED_MICRODATA,"OECD PUF via learningtower, gewichtetes Quantil (1 PV)",n = 5215
M479 (S07),Albania,2015,sci,P10,327.5,COMPUTED_MICRODATA,"OECD PUF via learningtower, gewichtetes Quantil (1 PV)",n = 5215
M479 (S07),Albania,2015,sci,P25,372.6,COMPUTED_MICRODATA,"OECD PUF via learningtower, gewichtetes Quantil (1 PV)",n = 5215
M479 (S07),Albania,2015,sci,P50,425.0,COMPUTED_MICRODATA,"OECD PUF via learningtower, gewichtetes Quantil (1 PV)",n = 5215
M479 (S07),Albania,2015,sci,P75,481.4,COMPUTED_MICRODATA,"OECD PUF via learningtower, gewichtetes Quantil (1 PV)",n = 5215
M479 (S07),Albania,2015,sci,P90,532.1,COMPUTED_MICRODATA,"OECD PUF via learningtower, gewichtetes Quantil (1 PV)",n = 5215
M479 (S07),United Arab Emirates,2015,math,P10,306.2,COMPUTED_MICRODATA,"OECD PUF via learningtower, gewichtetes Quantil (1 PV)",n = 14167
M479 (S07),United Arab Emirates,2015,math,P25,359.1,COMPUTED_MICRODATA,"OECD PUF via learningtower, gewichtetes Quantil (1 PV)",n = 14167
M479 (S07),United Arab Emirates,2015,math,P50,422.8,COMPUTED_MICRODATA,"OECD PUF via learningtower, gewichtetes Quantil (1 PV)",n = 14167
M479 (S07),United Arab Emirates,2015,math,P75,492.2,COMPUTED_MICRODATA,"OECD PUF via learningtower, gewichtetes Quantil (1 PV)",n = 14167
M479 (S07),United Arab Emirates,2015,math,P90,556.0,COMPUTED_MICRODATA,"OECD PUF via learningtower, gewichtetes Quantil (1 PV)",n = 14167
M479 (S07),United Arab Emirates,2015,read,P10,294.3,COMPUTED_MICRODATA,"OECD PUF via learningtower, gewichtetes Quantil (1 PV)",n = 14167
M479 (S07),United Arab Emirates,2015,read,P25,358.0,COMPUTED_MICRODATA,"OECD PUF via learningtower, gewichtetes Quantil (1 PV)",n = 14167
M479 (S07),United Arab Emirates,2015,read,P50,434.1,COMPUTED_MICRODATA,"OECD PUF via learningtower, gewichtetes Quantil (1 PV)",n = 14167
M479 (S07),United Arab Emirates,2015,read,P75,506.5,COMPUTED_MICRODATA,"OECD PUF via learningtower, gewichtetes Quantil (1 PV)",n = 14167
M479 (S07),United Arab Emirates,2015,read,P90,570.5,COMPUTED_MICRODATA,"OECD PUF via learningtower, gewichtetes Quantil (1 PV)",n = 14167
M479 (S07),United Arab Emirates,2015,sci,P10,312.5,COMPUTED_MICRODATA,"OECD PUF via learningtower, gewichtetes Quantil (1 PV)",n = 14167
M479 (S07),United Arab Emirates,2015,sci,P25,364.2,COMPUTED_MICRODATA,"OECD PUF via learningtower, gewichtetes Quantil (1 PV)",n = 14167
M479 (S07),United Arab Emirates,2015,sci,P50,432.5,COMPUTED_MICRODATA,"OECD PUF via learningtower, gewichtetes Quantil (1 PV)",n = 14167
M479 (S07),United Arab Emirates,2015,sci,P75,506.4,COMPUTED_MICRODATA,"OECD PUF via learningtower, gewichtetes Quantil (1 PV)",n = 14167
M479 (S07),United Arab Emirates,2015,sci,P90,572.2,COMPUTED_MICRODATA,"OECD PUF via learningtower, gewichtetes Quantil (1 PV)",n = 14167
M479 (S07),Australia,2015,math,P10,371.6,COMPUTED_MICRODATA,"OECD PUF via learningtower, gewichtetes Quantil (1 PV)",n = 14530
M479 (S07),Australia,2015,math,P25,429.8,COMPUTED_MICRODATA,"OECD PUF via learningtower, gewichtetes Quantil (1 PV)",n = 14530
M479 (S07),Australia,2015,math,P50,496.4,COMPUTED_MICRODATA,"OECD PUF via learningtower, gewichtetes Quantil (1 PV)",n = 14530
M479 (S07),Australia,2015,math,P75,558.7,COMPUTED_MICRODATA,"OECD PUF via learningtower, gewichtetes Quantil (1 PV)",n = 14530
M479 (S07),Australia,2015,math,P90,611.1,COMPUTED_MICRODATA,"OECD PUF via learningtower, gewichtetes Quantil (1 PV)",n = 14530
M479 (S07),Australia,2015,read,P10,364.5,COMPUTED_MICRODATA,"OECD PUF via learningtower, gewichtetes Quantil (1 PV)",n = 14530
M479 (S07),Australia,2015,read,P25,434.1,COMPUTED_MICRODATA,"OECD PUF via learningtower, gewichtetes Quantil (1 PV)",n = 14530
M479 (S07),Australia,2015,read,P50,509.2,COMPUTED_MICRODATA,"OECD PUF via learningtower, gewichtetes Quantil (1 PV)",n = 14530
M479 (S07),Australia,2015,read,P75,576.1,COMPUTED_MICRODATA,"OECD PUF via learningtower, gewichtetes Quantil (1 PV)",n = 14530
M479 (S07),Australia,2015,read,P90,629.7,COMPUTED_MICRODATA,"OECD PUF via learningtower, gewichtetes Quantil (1 PV)",n = 14530
M479 (S07),Australia,2015,sci,P10,373.1,COMPUTED_MICRODATA,"OECD PUF via learningtower, gewichtetes Quantil (1 PV)",n = 14530
M479 (S07),Australia,2015,sci,P25,437.5,COMPUTED_MICRODATA,"OECD PUF via learningtower, gewichtetes Quantil (1 PV)",n = 14530
M479 (S07),Australia,2015,sci,P50,515.1,COMPUTED_MICRODATA,"OECD PUF via learningtower, gewichtetes Quantil (1 PV)",n = 14530
M479 (S07),Australia,2015,sci,P75,583.6,COMPUTED_MICRODATA,"OECD PUF via learningtower, gewichtetes Quantil (1 PV)",n = 14530
M479 (S07),Australia,2015,sci,P90,639.3,COMPUTED_MICRODATA,"OECD PUF via learningtower, gewichtetes Quantil (1 PV)",n = 14530
M479 (S07),Austria,2015,math,P10,368.8,COMPUTED_MICRODATA,"OECD PUF via learningtower, gewichtetes Quantil (1 PV)",n = 7007
M479 (S07),Austria,2015,math,P25,430.2,COMPUTED_MICRODATA,"OECD PUF via learningtower, gewichtetes Quantil (1 PV)",n = 7007
M479 (S07),Austria,2015,math,P50,500.6,COMPUTED_MICRODATA,"OECD PUF via learningtower, gewichtetes Quantil (1 PV)",n = 7007
M479 (S07),Austria,2015,math,P75,562.9,COMPUTED_MICRODATA,"OECD PUF via learningtower, gewichtetes Quantil (1 PV)",n = 7007
M479 (S07),Austria,2015,math,P90,616.8,COMPUTED_MICRODATA,"OECD PUF via learningtower, gewichtetes Quantil (1 PV)",n = 7007
M479 (S07),Austria,2015,read,P10,348.7,COMPUTED_MICRODATA,"OECD PUF via learningtower, gewichtetes Quantil (1 PV)",n = 7007
M479 (S07),Austria,2015,read,P25,419.2,COMPUTED_MICRODATA,"OECD PUF via learningtower, gewichtetes Quantil (1 PV)",n = 7007
M479 (S07),Austria,2015,read,P50,492.1,COMPUTED_MICRODATA,"OECD PUF via learningtower, gewichtetes Quantil (1 PV)",n = 7007
M479 (S07),Austria,2015,read,P75,558.5,COMPUTED_MICRODATA,"OECD PUF via learningtower, gewichtetes Quantil (1 PV)",n = 7007
M479 (S07),Austria,2015,read,P90,611.7,COMPUTED_MICRODATA,"OECD PUF via learningtower, gewichtetes Quantil (1 PV)",n = 7007
M479 (S07),Austria,2015,sci,P10,363.2,COMPUTED_MICRODATA,"OECD PUF via learningtower, gewichtetes Quantil (1 PV)",n = 7007
M479 (S07),Austria,2015,sci,P25,422.6,COMPUTED_MICRODATA,"OECD PUF via learningtower, gewichtetes Quantil (1 PV)",n = 7007
M479 (S07),Austria,2015,sci,P50,497.6,COMPUTED_MICRODATA,"OECD PUF via learningtower, gewichtetes Quantil (1 PV)",n = 7007
M479 (S07),Austria,2015,sci,P75,564.6,COMPUTED_MICRODATA,"OECD PUF via learningtower, gewichtetes Quantil (1 PV)",n = 7007
M479 (S07),Austria,2015,sci,P90,619.6,COMPUTED_MICRODATA,"OECD PUF via learningtower, gewichtetes Quantil (1 PV)",n = 7007
M479 (S07),Belgium,2015,math,P10,376.7,COMPUTED_MICRODATA,"OECD PUF via learningtower, gewichtetes Quantil (1 PV)",n = 9651
M479 (S07),Belgium,2015,math,P25,438.5,COMPUTED_MICRODATA,"OECD PUF via learningtower, gewichtetes Quantil (1 PV)",n = 9651
M479 (S07),Belgium,2015,math,P50,512.0,COMPUTED_MICRODATA,"OECD PUF via learningtower, gewichtetes Quantil (1 PV)",n = 9651
M479 (S07),Belgium,2015,math,P75,579.0,COMPUTED_MICRODATA,"OECD PUF via learningtower, gewichtetes Quantil (1 PV)",n = 9651
M479 (S07),Belgium,2015,math,P90,629.5,COMPUTED_MICRODATA,"OECD PUF via learningtower, gewichtetes Quantil (1 PV)",n = 9651
M479 (S07),Belgium,2015,read,P10,360.9,COMPUTED_MICRODATA,"OECD PUF via learningtower, gewichtetes Quantil (1 PV)",n = 9651
M479 (S07),Belgium,2015,read,P25,431.0,COMPUTED_MICRODATA,"OECD PUF via learningtower, gewichtetes Quantil (1 PV)",n = 9651
M479 (S07),Belgium,2015,read,P50,508.6,COMPUTED_MICRODATA,"OECD PUF via learningtower, gewichtetes Quantil (1 PV)",n = 9651
M479 (S07),Belgium,2015,read,P75,573.2,COMPUTED_MICRODATA,"OECD PUF via learningtower, gewichtetes Quantil (1 PV)",n = 9651
M479 (S07),Belgium,2015,read,P90,624.5,COMPUTED_MICRODATA,"OECD PUF via learningtower, gewichtetes Quantil (1 PV)",n = 9651
M479 (S07),Belgium,2015,sci,P10,363.5,COMPUTED_MICRODATA,"OECD PUF via learningtower, gewichtetes Quantil (1 PV)",n = 9651
M479 (S07),Belgium,2015,sci,P25,428.9,COMPUTED_MICRODATA,"OECD PUF via learningtower, gewichtetes Quantil (1 PV)",n = 9651
M479 (S07),Belgium,2015,sci,P50,508.0,COMPUTED_MICRODATA,"OECD PUF via learningtower, gewichtetes Quantil (1 PV)",n = 9651
M479 (S07),Belgium,2015,sci,P75,577.3,COMPUTED_MICRODATA,"OECD PUF via learningtower, gewichtetes Quantil (1 PV)",n = 9651
M479 (S07),Belgium,2015,sci,P90,628.5,COMPUTED_MICRODATA,"OECD PUF via learningtower, gewichtetes Quantil (1 PV)",n = 9651
M479 (S07),Bulgaria,2015,math,P10,311.0,COMPUTED_MICRODATA,"OECD PUF via learningtower, gewichtetes Quantil (1 PV)",n = 5928
M479 (S07),Bulgaria,2015,math,P25,371.2,COMPUTED_MICRODATA,"OECD PUF via learningtower, gewichtetes Quantil (1 PV)",n = 5928
M479 (S07),Bulgaria,2015,math,P50,441.4,COMPUTED_MICRODATA,"OECD PUF via learningtower, gewichtetes Quantil (1 PV)",n = 5928
M479 (S07),Bulgaria,2015,math,P75,511.4,COMPUTED_MICRODATA,"OECD PUF via learningtower, gewichtetes Quantil (1 PV)",n = 5928
M479 (S07),Bulgaria,2015,math,P90,570.8,COMPUTED_MICRODATA,"OECD PUF via learningtower, gewichtetes Quantil (1 PV)",n = 5928
M479 (S07),Bulgaria,2015,read,P10,279.1,COMPUTED_MICRODATA,"OECD PUF via learningtower, gewichtetes Quantil (1 PV)",n = 5928
M479 (S07),Bulgaria,2015,read,P25,345.6,COMPUTED_MICRODATA,"OECD PUF via learningtower, gewichtetes Quantil (1 PV)",n = 5928
M479 (S07),Bulgaria,2015,read,P50,437.4,COMPUTED_MICRODATA,"OECD PUF via learningtower, gewichtetes Quantil (1 PV)",n = 5928
M479 (S07),Bulgaria,2015,read,P75,517.1,COMPUTED_MICRODATA,"OECD PUF via learningtower, gewichtetes Quantil (1 PV)",n = 5928
M479 (S07),Bulgaria,2015,read,P90,575.9,COMPUTED_MICRODATA,"OECD PUF via learningtower, gewichtetes Quantil (1 PV)",n = 5928
M479 (S07),Bulgaria,2015,sci,P10,311.3,COMPUTED_MICRODATA,"OECD PUF via learningtower, gewichtetes Quantil (1 PV)",n = 5928
M479 (S07),Bulgaria,2015,sci,P25,369.9,COMPUTED_MICRODATA,"OECD PUF via learningtower, gewichtetes Quantil (1 PV)",n = 5928
M479 (S07),Bulgaria,2015,sci,P50,443.4,COMPUTED_MICRODATA,"OECD PUF via learningtower, gewichtetes Quantil (1 PV)",n = 5928
M479 (S07),Bulgaria,2015,sci,P75,521.8,COMPUTED_MICRODATA,"OECD PUF via learningtower, gewichtetes Quantil (1 PV)",n = 5928
M479 (S07),Bulgaria,2015,sci,P90,579.7,COMPUTED_MICRODATA,"OECD PUF via learningtower, gewichtetes Quantil (1 PV)",n = 5928
M479 (S07),Brazil,2015,math,P10,265.9,COMPUTED_MICRODATA,"OECD PUF via learningtower, gewichtetes Quantil (1 PV)",n = 23141
M479 (S07),Brazil,2015,math,P25,313.6,COMPUTED_MICRODATA,"OECD PUF via learningtower, gewichtetes Quantil (1 PV)",n = 23141
M479 (S07),Brazil,2015,math,P50,371.0,COMPUTED_MICRODATA,"OECD PUF via learningtower, gewichtetes Quantil (1 PV)",n = 23141
M479 (S07),Brazil,2015,math,P75,435.7,COMPUTED_MICRODATA,"OECD PUF via learningtower, gewichtetes Quantil (1 PV)",n = 23141
M479 (S07),Brazil,2015,math,P90,497.7,COMPUTED_MICRODATA,"OECD PUF via learningtower, gewichtetes Quantil (1 PV)",n = 23141
M479 (S07),Brazil,2015,read,P10,279.6,COMPUTED_MICRODATA,"OECD PUF via learningtower, gewichtetes Quantil (1 PV)",n = 23141
M479 (S07),Brazil,2015,read,P25,336.7,COMPUTED_MICRODATA,"OECD PUF via learningtower, gewichtetes Quantil (1 PV)",n = 23141
M479 (S07),Brazil,2015,read,P50,405.3,COMPUTED_MICRODATA,"OECD PUF via learningtower, gewichtetes Quantil (1 PV)",n = 23141
M479 (S07),Brazil,2015,read,P75,477.1,COMPUTED_MICRODATA,"OECD PUF via learningtower, gewichtetes Quantil (1 PV)",n = 23141
M479 (S07),Brazil,2015,read,P90,540.0,COMPUTED_MICRODATA,"OECD PUF via learningtower, gewichtetes Quantil (1 PV)",n = 23141
M479 (S07),Brazil,2015,sci,P10,291.2,COMPUTED_MICRODATA,"OECD PUF via learningtower, gewichtetes Quantil (1 PV)",n = 23141
M479 (S07),Brazil,2015,sci,P25,337.6,COMPUTED_MICRODATA,"OECD PUF via learningtower, gewichtetes Quantil (1 PV)",n = 23141
M479 (S07),Brazil,2015,sci,P50,395.1,COMPUTED_MICRODATA,"OECD PUF via learningtower, gewichtetes Quantil (1 PV)",n = 23141
M479 (S07),Brazil,2015,sci,P75,459.2,COMPUTED_MICRODATA,"OECD PUF via learningtower, gewichtetes Quantil (1 PV)",n = 23141
M479 (S07),Brazil,2015,sci,P90,521.8,COMPUTED_MICRODATA,"OECD PUF via learningtower, gewichtetes Quantil (1 PV)",n = 23141
M479 (S07),Canada,2015,math,P10,402.4,COMPUTED_MICRODATA,"OECD PUF via learningtower, gewichtetes Quantil (1 PV)",n = 20058
M479 (S07),Canada,2015,math,P25,456.5,COMPUTED_MICRODATA,"OECD PUF via learningtower, gewichtetes Quantil (1 PV)",n = 20058
M479 (S07),Canada,2015,math,P50,517.1,COMPUTED_MICRODATA,"OECD PUF via learningtower, gewichtetes Quantil (1 PV)",n = 20058
M479 (S07),Canada,2015,math,P75,576.5,COMPUTED_MICRODATA,"OECD PUF via learningtower, gewichtetes Quantil (1 PV)",n = 20058
M479 (S07),Canada,2015,math,P90,626.1,COMPUTED_MICRODATA,"OECD PUF via learningtower, gewichtetes Quantil (1 PV)",n = 20058
M479 (S07),Canada,2015,read,P10,404.7,COMPUTED_MICRODATA,"OECD PUF via learningtower, gewichtetes Quantil (1 PV)",n = 20058
M479 (S07),Canada,2015,read,P25,466.3,COMPUTED_MICRODATA,"OECD PUF via learningtower, gewichtetes Quantil (1 PV)",n = 20058
M479 (S07),Canada,2015,read,P50,531.8,COMPUTED_MICRODATA,"OECD PUF via learningtower, gewichtetes Quantil (1 PV)",n = 20058
M479 (S07),Canada,2015,read,P75,591.0,COMPUTED_MICRODATA,"OECD PUF via learningtower, gewichtetes Quantil (1 PV)",n = 20058
M479 (S07),Canada,2015,read,P90,641.3,COMPUTED_MICRODATA,"OECD PUF via learningtower, gewichtetes Quantil (1 PV)",n = 20058
M479 (S07),Canada,2015,sci,P10,402.6,COMPUTED_MICRODATA,"OECD PUF via learningtower, gewichtetes Quantil (1 PV)",n = 20058
M479 (S07),Canada,2015,sci,P25,465.8,COMPUTED_MICRODATA,"OECD PUF via learningtower, gewichtetes Quantil (1 PV)",n = 20058
M479 (S07),Canada,2015,sci,P50,531.1,COMPUTED_MICRODATA,"OECD PUF via learningtower, gewichtetes Quantil (1 PV)",n = 20058
M479 (S07),Canada,2015,sci,P75,592.9,COMPUTED_MICRODATA,"OECD PUF via learningtower, gewichtetes Quantil (1 PV)",n = 20058
M479 (S07),Canada,2015,sci,P90,642.2,COMPUTED_MICRODATA,"OECD PUF via learningtower, gewichtetes Quantil (1 PV)",n = 20058
M479 (S07),Switzerland,2015,math,P10,393.1,COMPUTED_MICRODATA,"OECD PUF via learningtower, gewichtetes Quantil (1 PV)",n = 5860
M479 (S07),Switzerland,2015,math,P25,453.2,COMPUTED_MICRODATA,"OECD PUF via learningtower, gewichtetes Quantil (1 PV)",n = 5860
M479 (S07),Switzerland,2015,math,P50,523.7,COMPUTED_MICRODATA,"OECD PUF via learningtower, gewichtetes Quantil (1 PV)",n = 5860
M479 (S07),Switzerland,2015,math,P75,587.2,COMPUTED_MICRODATA,"OECD PUF via learningtower, gewichtetes Quantil (1 PV)",n = 5860
M479 (S07),Switzerland,2015,math,P90,638.7,COMPUTED_MICRODATA,"OECD PUF via learningtower, gewichtetes Quantil (1 PV)",n = 5860
M479 (S07),Switzerland,2015,read,P10,358.9,COMPUTED_MICRODATA,"OECD PUF via learningtower, gewichtetes Quantil (1 PV)",n = 5860
M479 (S07),Switzerland,2015,read,P25,423.7,COMPUTED_MICRODATA,"OECD PUF via learningtower, gewichtetes Quantil (1 PV)",n = 5860
M479 (S07),Switzerland,2015,read,P50,497.4,COMPUTED_MICRODATA,"OECD PUF via learningtower, gewichtetes Quantil (1 PV)",n = 5860
M479 (S07),Switzerland,2015,read,P75,563.9,COMPUTED_MICRODATA,"OECD PUF via learningtower, gewichtetes Quantil (1 PV)",n = 5860
M479 (S07),Switzerland,2015,read,P90,615.1,COMPUTED_MICRODATA,"OECD PUF via learningtower, gewichtetes Quantil (1 PV)",n = 5860
M479 (S07),Switzerland,2015,sci,P10,372.6,COMPUTED_MICRODATA,"OECD PUF via learningtower, gewichtetes Quantil (1 PV)",n = 5860
M479 (S07),Switzerland,2015,sci,P25,432.9,COMPUTED_MICRODATA,"OECD PUF via learningtower, gewichtetes Quantil (1 PV)",n = 5860
M479 (S07),Switzerland,2015,sci,P50,509.5,COMPUTED_MICRODATA,"OECD PUF via learningtower, gewichtetes Quantil (1 PV)",n = 5860
M479 (S07),Switzerland,2015,sci,P75,580.0,COMPUTED_MICRODATA,"OECD PUF via learningtower, gewichtetes Quantil (1 PV)",n = 5860
M479 (S07),Switzerland,2015,sci,P90,633.1,COMPUTED_MICRODATA,"OECD PUF via learningtower, gewichtetes Quantil (1 PV)",n = 5860
M479 (S07),Chile,2015,math,P10,313.8,COMPUTED_MICRODATA,"OECD PUF via learningtower, gewichtetes Quantil (1 PV)",n = 7053
M479 (S07),Chile,2015,math,P25,363.4,COMPUTED_MICRODATA,"OECD PUF via learningtower, gewichtetes Quantil (1 PV)",n = 7053
M479 (S07),Chile,2015,math,P50,421.3,COMPUTED_MICRODATA,"OECD PUF via learningtower, gewichtetes Quantil (1 PV)",n = 7053
M479 (S07),Chile,2015,math,P75,482.2,COMPUTED_MICRODATA,"OECD PUF via learningtower, gewichtetes Quantil (1 PV)",n = 7053
M479 (S07),Chile,2015,math,P90,534.9,COMPUTED_MICRODATA,"OECD PUF via learningtower, gewichtetes Quantil (1 PV)",n = 7053
M479 (S07),Chile,2015,read,P10,340.5,COMPUTED_MICRODATA,"OECD PUF via learningtower, gewichtetes Quantil (1 PV)",n = 7053
M479 (S07),Chile,2015,read,P25,397.6,COMPUTED_MICRODATA,"OECD PUF via learningtower, gewichtetes Quantil (1 PV)",n = 7053
M479 (S07),Chile,2015,read,P50,460.5,COMPUTED_MICRODATA,"OECD PUF via learningtower, gewichtetes Quantil (1 PV)",n = 7053
M479 (S07),Chile,2015,read,P75,521.1,COMPUTED_MICRODATA,"OECD PUF via learningtower, gewichtetes Quantil (1 PV)",n = 7053
M479 (S07),Chile,2015,read,P90,572.6,COMPUTED_MICRODATA,"OECD PUF via learningtower, gewichtetes Quantil (1 PV)",n = 7053
M479 (S07),Chile,2015,sci,P10,335.1,COMPUTED_MICRODATA,"OECD PUF via learningtower, gewichtetes Quantil (1 PV)",n = 7053
M479 (S07),Chile,2015,sci,P25,385.1,COMPUTED_MICRODATA,"OECD PUF via learningtower, gewichtetes Quantil (1 PV)",n = 7053
M479 (S07),Chile,2015,sci,P50,446.4,COMPUTED_MICRODATA,"OECD PUF via learningtower, gewichtetes Quantil (1 PV)",n = 7053
M479 (S07),Chile,2015,sci,P75,508.7,COMPUTED_MICRODATA,"OECD PUF via learningtower, gewichtetes Quantil (1 PV)",n = 7053
M479 (S07),Chile,2015,sci,P90,561.4,COMPUTED_MICRODATA,"OECD PUF via learningtower, gewichtetes Quantil (1 PV)",n = 7053
M479 (S07),Colombia,2015,math,P10,295.0,COMPUTED_MICRODATA,"OECD PUF via learningtower, gewichtetes Quantil (1 PV)",n = 11795
M479 (S07),Colombia,2015,math,P25,335.5,COMPUTED_MICRODATA,"OECD PUF via learningtower, gewichtetes Quantil (1 PV)",n = 11795
M479 (S07),Colombia,2015,math,P50,385.5,COMPUTED_MICRODATA,"OECD PUF via learningtower, gewichtetes Quantil (1 PV)",n = 11795
M479 (S07),Colombia,2015,math,P75,442.1,COMPUTED_MICRODATA,"OECD PUF via learningtower, gewichtetes Quantil (1 PV)",n = 11795
M479 (S07),Colombia,2015,math,P90,492.0,COMPUTED_MICRODATA,"OECD PUF via learningtower, gewichtetes Quantil (1 PV)",n = 11795
M479 (S07),Colombia,2015,read,P10,308.6,COMPUTED_MICRODATA,"OECD PUF via learningtower, gewichtetes Quantil (1 PV)",n = 11795
M479 (S07),Colombia,2015,read,P25,361.7,COMPUTED_MICRODATA,"OECD PUF via learningtower, gewichtetes Quantil (1 PV)",n = 11795
M479 (S07),Colombia,2015,read,P50,425.2,COMPUTED_MICRODATA,"OECD PUF via learningtower, gewichtetes Quantil (1 PV)",n = 11795
M479 (S07),Colombia,2015,read,P75,486.8,COMPUTED_MICRODATA,"OECD PUF via learningtower, gewichtetes Quantil (1 PV)",n = 11795
M479 (S07),Colombia,2015,read,P90,542.2,COMPUTED_MICRODATA,"OECD PUF via learningtower, gewichtetes Quantil (1 PV)",n = 11795
M479 (S07),Colombia,2015,sci,P10,316.2,COMPUTED_MICRODATA,"OECD PUF via learningtower, gewichtetes Quantil (1 PV)",n = 11795
M479 (S07),Colombia,2015,sci,P25,358.0,COMPUTED_MICRODATA,"OECD PUF via learningtower, gewichtetes Quantil (1 PV)",n = 11795
M479 (S07),Colombia,2015,sci,P50,411.4,COMPUTED_MICRODATA,"OECD PUF via learningtower, gewichtetes Quantil (1 PV)",n = 11795
M479 (S07),Colombia,2015,sci,P75,469.4,COMPUTED_MICRODATA,"OECD PUF via learningtower, gewichtetes Quantil (1 PV)",n = 11795
M479 (S07),Colombia,2015,sci,P90,522.3,COMPUTED_MICRODATA,"OECD PUF via learningtower, gewichtetes Quantil (1 PV)",n = 11795
M479 (S07),Costa Rica,2015,math,P10,315.4,COMPUTED_MICRODATA,"OECD PUF via learningtower, gewichtetes Quantil (1 PV)",n = 6866
M479 (S07),Costa Rica,2015,math,P25,353.2,COMPUTED_MICRODATA,"OECD PUF via learningtower, gewichtetes Quantil (1 PV)",n = 6866
M479 (S07),Costa Rica,2015,math,P50,398.0,COMPUTED_MICRODATA,"OECD PUF via learningtower, gewichtetes Quantil (1 PV)",n = 6866
M479 (S07),Costa Rica,2015,math,P75,443.6,COMPUTED_MICRODATA,"OECD PUF via learningtower, gewichtetes Quantil (1 PV)",n = 6866
M479 (S07),Costa Rica,2015,math,P90,485.8,COMPUTED_MICRODATA,"OECD PUF via learningtower, gewichtetes Quantil (1 PV)",n = 6866
M479 (S07),Costa Rica,2015,read,P10,328.2,COMPUTED_MICRODATA,"OECD PUF via learningtower, gewichtetes Quantil (1 PV)",n = 6866
M479 (S07),Costa Rica,2015,read,P25,374.6,COMPUTED_MICRODATA,"OECD PUF via learningtower, gewichtetes Quantil (1 PV)",n = 6866
M479 (S07),Costa Rica,2015,read,P50,425.4,COMPUTED_MICRODATA,"OECD PUF via learningtower, gewichtetes Quantil (1 PV)",n = 6866
M479 (S07),Costa Rica,2015,read,P75,480.1,COMPUTED_MICRODATA,"OECD PUF via learningtower, gewichtetes Quantil (1 PV)",n = 6866
M479 (S07),Costa Rica,2015,read,P90,527.0,COMPUTED_MICRODATA,"OECD PUF via learningtower, gewichtetes Quantil (1 PV)",n = 6866
M479 (S07),Costa Rica,2015,sci,P10,332.9,COMPUTED_MICRODATA,"OECD PUF via learningtower, gewichtetes Quantil (1 PV)",n = 6866
M479 (S07),Costa Rica,2015,sci,P25,370.6,COMPUTED_MICRODATA,"OECD PUF via learningtower, gewichtetes Quantil (1 PV)",n = 6866
M479 (S07),Costa Rica,2015,sci,P50,416.0,COMPUTED_MICRODATA,"OECD PUF via learningtower, gewichtetes Quantil (1 PV)",n = 6866
M479 (S07),Costa Rica,2015,sci,P75,466.3,COMPUTED_MICRODATA,"OECD PUF via learningtower, gewichtetes Quantil (1 PV)",n = 6866
M479 (S07),Costa Rica,2015,sci,P90,512.7,COMPUTED_MICRODATA,"OECD PUF via learningtower, gewichtetes Quantil (1 PV)",n = 6866
M479 (S07),Czechia,2015,math,P10,373.8,COMPUTED_MICRODATA,"OECD PUF via learningtower, gewichtetes Quantil (1 PV)",n = 6894
M479 (S07),Czechia,2015,math,P25,430.7,COMPUTED_MICRODATA,"OECD PUF via learningtower, gewichtetes Quantil (1 PV)",n = 6894
M479 (S07),Czechia,2015,math,P50,494.1,COMPUTED_MICRODATA,"OECD PUF via learningtower, gewichtetes Quantil (1 PV)",n = 6894
M479 (S07),Czechia,2015,math,P75,555.5,COMPUTED_MICRODATA,"OECD PUF via learningtower, gewichtetes Quantil (1 PV)",n = 6894
M479 (S07),Czechia,2015,math,P90,610.6,COMPUTED_MICRODATA,"OECD PUF via learningtower, gewichtetes Quantil (1 PV)",n = 6894
M479 (S07),Czechia,2015,read,P10,354.5,COMPUTED_MICRODATA,"OECD PUF via learningtower, gewichtetes Quantil (1 PV)",n = 6894
M479 (S07),Czechia,2015,read,P25,418.2,COMPUTED_MICRODATA,"OECD PUF via learningtower, gewichtetes Quantil (1 PV)",n = 6894
M479 (S07),Czechia,2015,read,P50,491.9,COMPUTED_MICRODATA,"OECD PUF via learningtower, gewichtetes Quantil (1 PV)",n = 6894
M479 (S07),Czechia,2015,read,P75,560.6,COMPUTED_MICRODATA,"OECD PUF via learningtower, gewichtetes Quantil (1 PV)",n = 6894
M479 (S07),Czechia,2015,read,P90,615.2,COMPUTED_MICRODATA,"OECD PUF via learningtower, gewichtetes Quantil (1 PV)",n = 6894
M479 (S07),Czechia,2015,sci,P10,367.2,COMPUTED_MICRODATA,"OECD PUF via learningtower, gewichtetes Quantil (1 PV)",n = 6894
M479 (S07),Czechia,2015,sci,P25,423.5,COMPUTED_MICRODATA,"OECD PUF via learningtower, gewichtetes Quantil (1 PV)",n = 6894
M479 (S07),Czechia,2015,sci,P50,493.6,COMPUTED_MICRODATA,"OECD PUF via learningtower, gewichtetes Quantil (1 PV)",n = 6894
M479 (S07),Czechia,2015,sci,P75,561.4,COMPUTED_MICRODATA,"OECD PUF via learningtower, gewichtetes Quantil (1 PV)",n = 6894
M479 (S07),Czechia,2015,sci,P90,618.8,COMPUTED_MICRODATA,"OECD PUF via learningtower, gewichtetes Quantil (1 PV)",n = 6894
M479 (S07),Germany,2015,math,P10,390.5,COMPUTED_MICRODATA,"OECD PUF via learningtower, gewichtetes Quantil (1 PV)",n = 6504
M479 (S07),Germany,2015,math,P25,446.1,COMPUTED_MICRODATA,"OECD PUF via learningtower, gewichtetes Quantil (1 PV)",n = 6504
M479 (S07),Germany,2015,math,P50,506.7,COMPUTED_MICRODATA,"OECD PUF via learningtower, gewichtetes Quantil (1 PV)",n = 6504
M479 (S07),Germany,2015,math,P75,566.1,COMPUTED_MICRODATA,"OECD PUF via learningtower, gewichtetes Quantil (1 PV)",n = 6504
M479 (S07),Germany,2015,math,P90,618.7,COMPUTED_MICRODATA,"OECD PUF via learningtower, gewichtetes Quantil (1 PV)",n = 6504
M479 (S07),Germany,2015,read,P10,377.8,COMPUTED_MICRODATA,"OECD PUF via learningtower, gewichtetes Quantil (1 PV)",n = 6504
M479 (S07),Germany,2015,read,P25,443.3,COMPUTED_MICRODATA,"OECD PUF via learningtower, gewichtetes Quantil (1 PV)",n = 6504
M479 (S07),Germany,2015,read,P50,515.0,COMPUTED_MICRODATA,"OECD PUF via learningtower, gewichtetes Quantil (1 PV)",n = 6504
M479 (S07),Germany,2015,read,P75,579.6,COMPUTED_MICRODATA,"OECD PUF via learningtower, gewichtetes Quantil (1 PV)",n = 6504
M479 (S07),Germany,2015,read,P90,633.3,COMPUTED_MICRODATA,"OECD PUF via learningtower, gewichtetes Quantil (1 PV)",n = 6504
M479 (S07),Germany,2015,sci,P10,376.9,COMPUTED_MICRODATA,"OECD PUF via learningtower, gewichtetes Quantil (1 PV)",n = 6504
M479 (S07),Germany,2015,sci,P25,439.8,COMPUTED_MICRODATA,"OECD PUF via learningtower, gewichtetes Quantil (1 PV)",n = 6504
M479 (S07),Germany,2015,sci,P50,512.4,COMPUTED_MICRODATA,"OECD PUF via learningtower, gewichtetes Quantil (1 PV)",n = 6504
M479 (S07),Germany,2015,sci,P75,579.9,COMPUTED_MICRODATA,"OECD PUF via learningtower, gewichtetes Quantil (1 PV)",n = 6504
M479 (S07),Germany,2015,sci,P90,635.2,COMPUTED_MICRODATA,"OECD PUF via learningtower, gewichtetes Quantil (1 PV)",n = 6504
M479 (S07),Denmark,2015,math,P10,406.8,COMPUTED_MICRODATA,"OECD PUF via learningtower, gewichtetes Quantil (1 PV)",n = 7161
M479 (S07),Denmark,2015,math,P25,457.5,COMPUTED_MICRODATA,"OECD PUF via learningtower, gewichtetes Quantil (1 PV)",n = 7161
M479 (S07),Denmark,2015,math,P50,513.2,COMPUTED_MICRODATA,"OECD PUF via learningtower, gewichtetes Quantil (1 PV)",n = 7161
M479 (S07),Denmark,2015,math,P75,568.1,COMPUTED_MICRODATA,"OECD PUF via learningtower, gewichtetes Quantil (1 PV)",n = 7161
M479 (S07),Denmark,2015,math,P90,614.5,COMPUTED_MICRODATA,"OECD PUF via learningtower, gewichtetes Quantil (1 PV)",n = 7161
M479 (S07),Denmark,2015,read,P10,385.2,COMPUTED_MICRODATA,"OECD PUF via learningtower, gewichtetes Quantil (1 PV)",n = 7161
M479 (S07),Denmark,2015,read,P25,440.5,COMPUTED_MICRODATA,"OECD PUF via learningtower, gewichtetes Quantil (1 PV)",n = 7161
M479 (S07),Denmark,2015,read,P50,505.3,COMPUTED_MICRODATA,"OECD PUF via learningtower, gewichtetes Quantil (1 PV)",n = 7161
M479 (S07),Denmark,2015,read,P75,562.1,COMPUTED_MICRODATA,"OECD PUF via learningtower, gewichtetes Quantil (1 PV)",n = 7161
M479 (S07),Denmark,2015,read,P90,608.2,COMPUTED_MICRODATA,"OECD PUF via learningtower, gewichtetes Quantil (1 PV)",n = 7161
M479 (S07),Denmark,2015,sci,P10,381.8,COMPUTED_MICRODATA,"OECD PUF via learningtower, gewichtetes Quantil (1 PV)",n = 7161
M479 (S07),Denmark,2015,sci,P25,440.3,COMPUTED_MICRODATA,"OECD PUF via learningtower, gewichtetes Quantil (1 PV)",n = 7161
M479 (S07),Denmark,2015,sci,P50,501.7,COMPUTED_MICRODATA,"OECD PUF via learningtower, gewichtetes Quantil (1 PV)",n = 7161
M479 (S07),Denmark,2015,sci,P75,564.8,COMPUTED_MICRODATA,"OECD PUF via learningtower, gewichtetes Quantil (1 PV)",n = 7161
M479 (S07),Denmark,2015,sci,P90,617.4,COMPUTED_MICRODATA,"OECD PUF via learningtower, gewichtetes Quantil (1 PV)",n = 7161
M479 (S07),Dominican Republic,2015,math,P10,242.1,COMPUTED_MICRODATA,"OECD PUF via learningtower, gewichtetes Quantil (1 PV)",n = 4740
M479 (S07),Dominican Republic,2015,math,P25,282.7,COMPUTED_MICRODATA,"OECD PUF via learningtower, gewichtetes Quantil (1 PV)",n = 4740
M479 (S07),Dominican Republic,2015,math,P50,326.4,COMPUTED_MICRODATA,"OECD PUF via learningtower, gewichtetes Quantil (1 PV)",n = 4740
M479 (S07),Dominican Republic,2015,math,P75,375.3,COMPUTED_MICRODATA,"OECD PUF via learningtower, gewichtetes Quantil (1 PV)",n = 4740
M479 (S07),Dominican Republic,2015,math,P90,420.9,COMPUTED_MICRODATA,"OECD PUF via learningtower, gewichtetes Quantil (1 PV)",n = 4740
M479 (S07),Dominican Republic,2015,read,P10,248.9,COMPUTED_MICRODATA,"OECD PUF via learningtower, gewichtetes Quantil (1 PV)",n = 4740
M479 (S07),Dominican Republic,2015,read,P25,297.9,COMPUTED_MICRODATA,"OECD PUF via learningtower, gewichtetes Quantil (1 PV)",n = 4740
M479 (S07),Dominican Republic,2015,read,P50,354.5,COMPUTED_MICRODATA,"OECD PUF via learningtower, gewichtetes Quantil (1 PV)",n = 4740
M479 (S07),Dominican Republic,2015,read,P75,416.3,COMPUTED_MICRODATA,"OECD PUF via learningtower, gewichtetes Quantil (1 PV)",n = 4740
M479 (S07),Dominican Republic,2015,read,P90,469.7,COMPUTED_MICRODATA,"OECD PUF via learningtower, gewichtetes Quantil (1 PV)",n = 4740
M479 (S07),Dominican Republic,2015,sci,P10,244.6,COMPUTED_MICRODATA,"OECD PUF via learningtower, gewichtetes Quantil (1 PV)",n = 4740
M479 (S07),Dominican Republic,2015,sci,P25,279.8,COMPUTED_MICRODATA,"OECD PUF via learningtower, gewichtetes Quantil (1 PV)",n = 4740
M479 (S07),Dominican Republic,2015,sci,P50,324.2,COMPUTED_MICRODATA,"OECD PUF via learningtower, gewichtetes Quantil (1 PV)",n = 4740
M479 (S07),Dominican Republic,2015,sci,P75,376.7,COMPUTED_MICRODATA,"OECD PUF via learningtower, gewichtetes Quantil (1 PV)",n = 4740
M479 (S07),Dominican Republic,2015,sci,P90,429.6,COMPUTED_MICRODATA,"OECD PUF via learningtower, gewichtetes Quantil (1 PV)",n = 4740
M479 (S07),Spain,2015,math,P10,374.4,COMPUTED_MICRODATA,"OECD PUF via learningtower, gewichtetes Quantil (1 PV)",n = 6736
M479 (S07),Spain,2015,math,P25,428.4,COMPUTED_MICRODATA,"OECD PUF via learningtower, gewichtetes Quantil (1 PV)",n = 6736
M479 (S07),Spain,2015,math,P50,488.6,COMPUTED_MICRODATA,"OECD PUF via learningtower, gewichtetes Quantil (1 PV)",n = 6736
M479 (S07),Spain,2015,math,P75,544.5,COMPUTED_MICRODATA,"OECD PUF via learningtower, gewichtetes Quantil (1 PV)",n = 6736
M479 (S07),Spain,2015,math,P90,592.0,COMPUTED_MICRODATA,"OECD PUF via learningtower, gewichtetes Quantil (1 PV)",n = 6736
M479 (S07),Spain,2015,read,P10,380.8,COMPUTED_MICRODATA,"OECD PUF via learningtower, gewichtetes Quantil (1 PV)",n = 6736
M479 (S07),Spain,2015,read,P25,439.1,COMPUTED_MICRODATA,"OECD PUF via learningtower, gewichtetes Quantil (1 PV)",n = 6736
M479 (S07),Spain,2015,read,P50,501.1,COMPUTED_MICRODATA,"OECD PUF via learningtower, gewichtetes Quantil (1 PV)",n = 6736
M479 (S07),Spain,2015,read,P75,556.6,COMPUTED_MICRODATA,"OECD PUF via learningtower, gewichtetes Quantil (1 PV)",n = 6736
M479 (S07),Spain,2015,read,P90,603.0,COMPUTED_MICRODATA,"OECD PUF via learningtower, gewichtetes Quantil (1 PV)",n = 6736
M479 (S07),Spain,2015,sci,P10,374.5,COMPUTED_MICRODATA,"OECD PUF via learningtower, gewichtetes Quantil (1 PV)",n = 6736
M479 (S07),Spain,2015,sci,P25,432.1,COMPUTED_MICRODATA,"OECD PUF via learningtower, gewichtetes Quantil (1 PV)",n = 6736
M479 (S07),Spain,2015,sci,P50,495.2,COMPUTED_MICRODATA,"OECD PUF via learningtower, gewichtetes Quantil (1 PV)",n = 6736
M479 (S07),Spain,2015,sci,P75,554.8,COMPUTED_MICRODATA,"OECD PUF via learningtower, gewichtetes Quantil (1 PV)",n = 6736
M479 (S07),Spain,2015,sci,P90,605.5,COMPUTED_MICRODATA,"OECD PUF via learningtower, gewichtetes Quantil (1 PV)",n = 6736
M479 (S07),Estonia,2015,math,P10,414.4,COMPUTED_MICRODATA,"OECD PUF via learningtower, gewichtetes Quantil (1 PV)",n = 5587
M479 (S07),Estonia,2015,math,P25,462.2,COMPUTED_MICRODATA,"OECD PUF via learningtower, gewichtetes Quantil (1 PV)",n = 5587
M479 (S07),Estonia,2015,math,P50,520.8,COMPUTED_MICRODATA,"OECD PUF via learningtower, gewichtetes Quantil (1 PV)",n = 5587
M479 (S07),Estonia,2015,math,P75,574.6,COMPUTED_MICRODATA,"OECD PUF via learningtower, gewichtetes Quantil (1 PV)",n = 5587
M479 (S07),Estonia,2015,math,P90,624.3,COMPUTED_MICRODATA,"OECD PUF via learningtower, gewichtetes Quantil (1 PV)",n = 5587
M479 (S07),Estonia,2015,read,P10,401.9,COMPUTED_MICRODATA,"OECD PUF via learningtower, gewichtetes Quantil (1 PV)",n = 5587
M479 (S07),Estonia,2015,read,P25,460.2,COMPUTED_MICRODATA,"OECD PUF via learningtower, gewichtetes Quantil (1 PV)",n = 5587
M479 (S07),Estonia,2015,read,P50,522.3,COMPUTED_MICRODATA,"OECD PUF via learningtower, gewichtetes Quantil (1 PV)",n = 5587
M479 (S07),Estonia,2015,read,P75,580.0,COMPUTED_MICRODATA,"OECD PUF via learningtower, gewichtetes Quantil (1 PV)",n = 5587
M479 (S07),Estonia,2015,read,P90,630.3,COMPUTED_MICRODATA,"OECD PUF via learningtower, gewichtetes Quantil (1 PV)",n = 5587
M479 (S07),Estonia,2015,sci,P10,417.8,COMPUTED_MICRODATA,"OECD PUF via learningtower, gewichtetes Quantil (1 PV)",n = 5587
M479 (S07),Estonia,2015,sci,P25,474.3,COMPUTED_MICRODATA,"OECD PUF via learningtower, gewichtetes Quantil (1 PV)",n = 5587
M479 (S07),Estonia,2015,sci,P50,536.5,COMPUTED_MICRODATA,"OECD PUF via learningtower, gewichtetes Quantil (1 PV)",n = 5587
M479 (S07),Estonia,2015,sci,P75,595.9,COMPUTED_MICRODATA,"OECD PUF via learningtower, gewichtetes Quantil (1 PV)",n = 5587
M479 (S07),Estonia,2015,sci,P90,646.9,COMPUTED_MICRODATA,"OECD PUF via learningtower, gewichtetes Quantil (1 PV)",n = 5587
M479 (S07),Finland,2015,math,P10,403.0,COMPUTED_MICRODATA,"OECD PUF via learningtower, gewichtetes Quantil (1 PV)",n = 5882
M479 (S07),Finland,2015,math,P25,455.4,COMPUTED_MICRODATA,"OECD PUF via learningtower, gewichtetes Quantil (1 PV)",n = 5882
M479 (S07),Finland,2015,math,P50,512.3,COMPUTED_MICRODATA,"OECD PUF via learningtower, gewichtetes Quantil (1 PV)",n = 5882
M479 (S07),Finland,2015,math,P75,567.3,COMPUTED_MICRODATA,"OECD PUF via learningtower, gewichtetes Quantil (1 PV)",n = 5882
M479 (S07),Finland,2015,math,P90,614.8,COMPUTED_MICRODATA,"OECD PUF via learningtower, gewichtetes Quantil (1 PV)",n = 5882
M479 (S07),Finland,2015,read,P10,403.1,COMPUTED_MICRODATA,"OECD PUF via learningtower, gewichtetes Quantil (1 PV)",n = 5882
M479 (S07),Finland,2015,read,P25,469.4,COMPUTED_MICRODATA,"OECD PUF via learningtower, gewichtetes Quantil (1 PV)",n = 5882
M479 (S07),Finland,2015,read,P50,533.7,COMPUTED_MICRODATA,"OECD PUF via learningtower, gewichtetes Quantil (1 PV)",n = 5882
M479 (S07),Finland,2015,read,P75,591.2,COMPUTED_MICRODATA,"OECD PUF via learningtower, gewichtetes Quantil (1 PV)",n = 5882
M479 (S07),Finland,2015,read,P90,639.1,COMPUTED_MICRODATA,"OECD PUF via learningtower, gewichtetes Quantil (1 PV)",n = 5882
M479 (S07),Finland,2015,sci,P10,401.3,COMPUTED_MICRODATA,"OECD PUF via learningtower, gewichtetes Quantil (1 PV)",n = 5882
M479 (S07),Finland,2015,sci,P25,466.3,COMPUTED_MICRODATA,"OECD PUF via learningtower, gewichtetes Quantil (1 PV)",n = 5882
M479 (S07),Finland,2015,sci,P50,535.8,COMPUTED_MICRODATA,"OECD PUF via learningtower, gewichtetes Quantil (1 PV)",n = 5882
M479 (S07),Finland,2015,sci,P75,600.0,COMPUTED_MICRODATA,"OECD PUF via learningtower, gewichtetes Quantil (1 PV)",n = 5882
M479 (S07),Finland,2015,sci,P90,653.3,COMPUTED_MICRODATA,"OECD PUF via learningtower, gewichtetes Quantil (1 PV)",n = 5882
M479 (S07),France,2015,math,P10,364.0,COMPUTED_MICRODATA,"OECD PUF via learningtower, gewichtetes Quantil (1 PV)",n = 6108
M479 (S07),France,2015,math,P25,425.6,COMPUTED_MICRODATA,"OECD PUF via learningtower, gewichtetes Quantil (1 PV)",n = 6108
M479 (S07),France,2015,math,P50,500.4,COMPUTED_MICRODATA,"OECD PUF via learningtower, gewichtetes Quantil (1 PV)",n = 6108
M479 (S07),France,2015,math,P75,565.0,COMPUTED_MICRODATA,"OECD PUF via learningtower, gewichtetes Quantil (1 PV)",n = 6108
M479 (S07),France,2015,math,P90,613.9,COMPUTED_MICRODATA,"OECD PUF via learningtower, gewichtetes Quantil (1 PV)",n = 6108
M479 (S07),France,2015,read,P10,344.3,COMPUTED_MICRODATA,"OECD PUF via learningtower, gewichtetes Quantil (1 PV)",n = 6108
M479 (S07),France,2015,read,P25,423.6,COMPUTED_MICRODATA,"OECD PUF via learningtower, gewichtetes Quantil (1 PV)",n = 6108
M479 (S07),France,2015,read,P50,508.8,COMPUTED_MICRODATA,"OECD PUF via learningtower, gewichtetes Quantil (1 PV)",n = 6108
M479 (S07),France,2015,read,P75,579.3,COMPUTED_MICRODATA,"OECD PUF via learningtower, gewichtetes Quantil (1 PV)",n = 6108
M479 (S07),France,2015,read,P90,634.4,COMPUTED_MICRODATA,"OECD PUF via learningtower, gewichtetes Quantil (1 PV)",n = 6108
M479 (S07),France,2015,sci,P10,355.8,COMPUTED_MICRODATA,"OECD PUF via learningtower, gewichtetes Quantil (1 PV)",n = 6108
M479 (S07),France,2015,sci,P25,420.2,COMPUTED_MICRODATA,"OECD PUF via learningtower, gewichtetes Quantil (1 PV)",n = 6108
M479 (S07),France,2015,sci,P50,501.5,COMPUTED_MICRODATA,"OECD PUF via learningtower, gewichtetes Quantil (1 PV)",n = 6108
M479 (S07),France,2015,sci,P75,571.5,COMPUTED_MICRODATA,"OECD PUF via learningtower, gewichtetes Quantil (1 PV)",n = 6108
M479 (S07),France,2015,sci,P90,624.0,COMPUTED_MICRODATA,"OECD PUF via learningtower, gewichtetes Quantil (1 PV)",n = 6108
M479 (S07),United Kingdom,2015,math,P10,367.4,COMPUTED_MICRODATA,"OECD PUF via learningtower, gewichtetes Quantil (1 PV)",n = 14157
M479 (S07),United Kingdom,2015,math,P25,426.8,COMPUTED_MICRODATA,"OECD PUF via learningtower, gewichtetes Quantil (1 PV)",n = 14157
M479 (S07),United Kingdom,2015,math,P50,495.8,COMPUTED_MICRODATA,"OECD PUF via learningtower, gewichtetes Quantil (1 PV)",n = 14157
M479 (S07),United Kingdom,2015,math,P75,556.8,COMPUTED_MICRODATA,"OECD PUF via learningtower, gewichtetes Quantil (1 PV)",n = 14157
M479 (S07),United Kingdom,2015,math,P90,610.0,COMPUTED_MICRODATA,"OECD PUF via learningtower, gewichtetes Quantil (1 PV)",n = 14157
M479 (S07),United Kingdom,2015,read,P10,369.9,COMPUTED_MICRODATA,"OECD PUF via learningtower, gewichtetes Quantil (1 PV)",n = 14157
M479 (S07),United Kingdom,2015,read,P25,430.4,COMPUTED_MICRODATA,"OECD PUF via learningtower, gewichtetes Quantil (1 PV)",n = 14157
M479 (S07),United Kingdom,2015,read,P50,499.6,COMPUTED_MICRODATA,"OECD PUF via learningtower, gewichtetes Quantil (1 PV)",n = 14157
M479 (S07),United Kingdom,2015,read,P75,563.4,COMPUTED_MICRODATA,"OECD PUF via learningtower, gewichtetes Quantil (1 PV)",n = 14157
M479 (S07),United Kingdom,2015,read,P90,620.7,COMPUTED_MICRODATA,"OECD PUF via learningtower, gewichtetes Quantil (1 PV)",n = 14157
M479 (S07),United Kingdom,2015,sci,P10,377.4,COMPUTED_MICRODATA,"OECD PUF via learningtower, gewichtetes Quantil (1 PV)",n = 14157
M479 (S07),United Kingdom,2015,sci,P25,437.2,COMPUTED_MICRODATA,"OECD PUF via learningtower, gewichtetes Quantil (1 PV)",n = 14157
M479 (S07),United Kingdom,2015,sci,P50,514.1,COMPUTED_MICRODATA,"OECD PUF via learningtower, gewichtetes Quantil (1 PV)",n = 14157
M479 (S07),United Kingdom,2015,sci,P75,581.8,COMPUTED_MICRODATA,"OECD PUF via learningtower, gewichtetes Quantil (1 PV)",n = 14157
M479 (S07),United Kingdom,2015,sci,P90,640.0,COMPUTED_MICRODATA,"OECD PUF via learningtower, gewichtetes Quantil (1 PV)",n = 14157
M479 (S07),Georgia,2015,math,P10,288.1,COMPUTED_MICRODATA,"OECD PUF via learningtower, gewichtetes Quantil (1 PV)",n = 5316
M479 (S07),Georgia,2015,math,P25,344.4,COMPUTED_MICRODATA,"OECD PUF via learningtower, gewichtetes Quantil (1 PV)",n = 5316
M479 (S07),Georgia,2015,math,P50,405.0,COMPUTED_MICRODATA,"OECD PUF via learningtower, gewichtetes Quantil (1 PV)",n = 5316
M479 (S07),Georgia,2015,math,P75,467.4,COMPUTED_MICRODATA,"OECD PUF via learningtower, gewichtetes Quantil (1 PV)",n = 5316
M479 (S07),Georgia,2015,math,P90,524.3,COMPUTED_MICRODATA,"OECD PUF via learningtower, gewichtetes Quantil (1 PV)",n = 5316
M479 (S07),Georgia,2015,read,P10,266.1,COMPUTED_MICRODATA,"OECD PUF via learningtower, gewichtetes Quantil (1 PV)",n = 5316
M479 (S07),Georgia,2015,read,P25,332.3,COMPUTED_MICRODATA,"OECD PUF via learningtower, gewichtetes Quantil (1 PV)",n = 5316
M479 (S07),Georgia,2015,read,P50,403.0,COMPUTED_MICRODATA,"OECD PUF via learningtower, gewichtetes Quantil (1 PV)",n = 5316
M479 (S07),Georgia,2015,read,P75,473.9,COMPUTED_MICRODATA,"OECD PUF via learningtower, gewichtetes Quantil (1 PV)",n = 5316
M479 (S07),Georgia,2015,read,P90,533.9,COMPUTED_MICRODATA,"OECD PUF via learningtower, gewichtetes Quantil (1 PV)",n = 5316
M479 (S07),Georgia,2015,sci,P10,296.9,COMPUTED_MICRODATA,"OECD PUF via learningtower, gewichtetes Quantil (1 PV)",n = 5316
M479 (S07),Georgia,2015,sci,P25,346.8,COMPUTED_MICRODATA,"OECD PUF via learningtower, gewichtetes Quantil (1 PV)",n = 5316
M479 (S07),Georgia,2015,sci,P50,407.9,COMPUTED_MICRODATA,"OECD PUF via learningtower, gewichtetes Quantil (1 PV)",n = 5316
M479 (S07),Georgia,2015,sci,P75,469.6,COMPUTED_MICRODATA,"OECD PUF via learningtower, gewichtetes Quantil (1 PV)",n = 5316
M479 (S07),Georgia,2015,sci,P90,530.4,COMPUTED_MICRODATA,"OECD PUF via learningtower, gewichtetes Quantil (1 PV)",n = 5316
M479 (S07),Greece,2015,math,P10,335.4,COMPUTED_MICRODATA,"OECD PUF via learningtower, gewichtetes Quantil (1 PV)",n = 5532
M479 (S07),Greece,2015,math,P25,391.0,COMPUTED_MICRODATA,"OECD PUF via learningtower, gewichtetes Quantil (1 PV)",n = 5532
M479 (S07),Greece,2015,math,P50,455.8,COMPUTED_MICRODATA,"OECD PUF via learningtower, gewichtetes Quantil (1 PV)",n = 5532
M479 (S07),Greece,2015,math,P75,521.3,COMPUTED_MICRODATA,"OECD PUF via learningtower, gewichtetes Quantil (1 PV)",n = 5532
M479 (S07),Greece,2015,math,P90,572.7,COMPUTED_MICRODATA,"OECD PUF via learningtower, gewichtetes Quantil (1 PV)",n = 5532
M479 (S07),Greece,2015,read,P10,330.8,COMPUTED_MICRODATA,"OECD PUF via learningtower, gewichtetes Quantil (1 PV)",n = 5532
M479 (S07),Greece,2015,read,P25,399.4,COMPUTED_MICRODATA,"OECD PUF via learningtower, gewichtetes Quantil (1 PV)",n = 5532
M479 (S07),Greece,2015,read,P50,473.1,COMPUTED_MICRODATA,"OECD PUF via learningtower, gewichtetes Quantil (1 PV)",n = 5532
M479 (S07),Greece,2015,read,P75,538.7,COMPUTED_MICRODATA,"OECD PUF via learningtower, gewichtetes Quantil (1 PV)",n = 5532
M479 (S07),Greece,2015,read,P90,589.5,COMPUTED_MICRODATA,"OECD PUF via learningtower, gewichtetes Quantil (1 PV)",n = 5532
M479 (S07),Greece,2015,sci,P10,332.2,COMPUTED_MICRODATA,"OECD PUF via learningtower, gewichtetes Quantil (1 PV)",n = 5532
M479 (S07),Greece,2015,sci,P25,386.2,COMPUTED_MICRODATA,"OECD PUF via learningtower, gewichtetes Quantil (1 PV)",n = 5532
M479 (S07),Greece,2015,sci,P50,455.6,COMPUTED_MICRODATA,"OECD PUF via learningtower, gewichtetes Quantil (1 PV)",n = 5532
M479 (S07),Greece,2015,sci,P75,522.7,COMPUTED_MICRODATA,"OECD PUF via learningtower, gewichtetes Quantil (1 PV)",n = 5532
M479 (S07),Greece,2015,sci,P90,574.9,COMPUTED_MICRODATA,"OECD PUF via learningtower, gewichtetes Quantil (1 PV)",n = 5532
M479 (S07),Hong Kong (China),2015,math,P10,425.2,COMPUTED_MICRODATA,"OECD PUF via learningtower, gewichtetes Quantil (1 PV)",n = 5359
M479 (S07),Hong Kong (China),2015,math,P25,490.1,COMPUTED_MICRODATA,"OECD PUF via learningtower, gewichtetes Quantil (1 PV)",n = 5359
M479 (S07),Hong Kong (China),2015,math,P50,552.7,COMPUTED_MICRODATA,"OECD PUF via learningtower, gewichtetes Quantil (1 PV)",n = 5359
M479 (S07),Hong Kong (China),2015,math,P75,609.3,COMPUTED_MICRODATA,"OECD PUF via learningtower, gewichtetes Quantil (1 PV)",n = 5359
M479 (S07),Hong Kong (China),2015,math,P90,658.2,COMPUTED_MICRODATA,"OECD PUF via learningtower, gewichtetes Quantil (1 PV)",n = 5359
M479 (S07),Hong Kong (China),2015,read,P10,411.7,COMPUTED_MICRODATA,"OECD PUF via learningtower, gewichtetes Quantil (1 PV)",n = 5359
M479 (S07),Hong Kong (China),2015,read,P25,473.9,COMPUTED_MICRODATA,"OECD PUF via learningtower, gewichtetes Quantil (1 PV)",n = 5359
M479 (S07),Hong Kong (China),2015,read,P50,532.6,COMPUTED_MICRODATA,"OECD PUF via learningtower, gewichtetes Quantil (1 PV)",n = 5359
M479 (S07),Hong Kong (China),2015,read,P75,586.4,COMPUTED_MICRODATA,"OECD PUF via learningtower, gewichtetes Quantil (1 PV)",n = 5359
M479 (S07),Hong Kong (China),2015,read,P90,632.3,COMPUTED_MICRODATA,"OECD PUF via learningtower, gewichtetes Quantil (1 PV)",n = 5359
M479 (S07),Hong Kong (China),2015,sci,P10,413.2,COMPUTED_MICRODATA,"OECD PUF via learningtower, gewichtetes Quantil (1 PV)",n = 5359
M479 (S07),Hong Kong (China),2015,sci,P25,474.0,COMPUTED_MICRODATA,"OECD PUF via learningtower, gewichtetes Quantil (1 PV)",n = 5359
M479 (S07),Hong Kong (China),2015,sci,P50,528.1,COMPUTED_MICRODATA,"OECD PUF via learningtower, gewichtetes Quantil (1 PV)",n = 5359
M479 (S07),Hong Kong (China),2015,sci,P75,579.7,COMPUTED_MICRODATA,"OECD PUF via learningtower, gewichtetes Quantil (1 PV)",n = 5359
M479 (S07),Hong Kong (China),2015,sci,P90,622.1,COMPUTED_MICRODATA,"OECD PUF via learningtower, gewichtetes Quantil (1 PV)",n = 5359
M479 (S07),Croatia,2015,math,P10,350.6,COMPUTED_MICRODATA,"OECD PUF via learningtower, gewichtetes Quantil (1 PV)",n = 5809
M479 (S07),Croatia,2015,math,P25,400.2,COMPUTED_MICRODATA,"OECD PUF via learningtower, gewichtetes Quantil (1 PV)",n = 5809
M479 (S07),Croatia,2015,math,P50,460.5,COMPUTED_MICRODATA,"OECD PUF via learningtower, gewichtetes Quantil (1 PV)",n = 5809
M479 (S07),Croatia,2015,math,P75,524.1,COMPUTED_MICRODATA,"OECD PUF via learningtower, gewichtetes Quantil (1 PV)",n = 5809
M479 (S07),Croatia,2015,math,P90,579.8,COMPUTED_MICRODATA,"OECD PUF via learningtower, gewichtetes Quantil (1 PV)",n = 5809
M479 (S07),Croatia,2015,read,P10,365.7,COMPUTED_MICRODATA,"OECD PUF via learningtower, gewichtetes Quantil (1 PV)",n = 5809
M479 (S07),Croatia,2015,read,P25,425.3,COMPUTED_MICRODATA,"OECD PUF via learningtower, gewichtetes Quantil (1 PV)",n = 5809
M479 (S07),Croatia,2015,read,P50,489.5,COMPUTED_MICRODATA,"OECD PUF via learningtower, gewichtetes Quantil (1 PV)",n = 5809
M479 (S07),Croatia,2015,read,P75,553.0,COMPUTED_MICRODATA,"OECD PUF via learningtower, gewichtetes Quantil (1 PV)",n = 5809
M479 (S07),Croatia,2015,read,P90,601.8,COMPUTED_MICRODATA,"OECD PUF via learningtower, gewichtetes Quantil (1 PV)",n = 5809
M479 (S07),Croatia,2015,sci,P10,360.0,COMPUTED_MICRODATA,"OECD PUF via learningtower, gewichtetes Quantil (1 PV)",n = 5809
M479 (S07),Croatia,2015,sci,P25,410.8,COMPUTED_MICRODATA,"OECD PUF via learningtower, gewichtetes Quantil (1 PV)",n = 5809
M479 (S07),Croatia,2015,sci,P50,474.8,COMPUTED_MICRODATA,"OECD PUF via learningtower, gewichtetes Quantil (1 PV)",n = 5809
M479 (S07),Croatia,2015,sci,P75,537.4,COMPUTED_MICRODATA,"OECD PUF via learningtower, gewichtetes Quantil (1 PV)",n = 5809
M479 (S07),Croatia,2015,sci,P90,593.8,COMPUTED_MICRODATA,"OECD PUF via learningtower, gewichtetes Quantil (1 PV)",n = 5809
M479 (S07),Hungary,2015,math,P10,350.7,COMPUTED_MICRODATA,"OECD PUF via learningtower, gewichtetes Quantil (1 PV)",n = 5658
M479 (S07),Hungary,2015,math,P25,410.4,COMPUTED_MICRODATA,"OECD PUF via learningtower, gewichtetes Quantil (1 PV)",n = 5658
M479 (S07),Hungary,2015,math,P50,480.0,COMPUTED_MICRODATA,"OECD PUF via learningtower, gewichtetes Quantil (1 PV)",n = 5658
M479 (S07),Hungary,2015,math,P75,542.7,COMPUTED_MICRODATA,"OECD PUF via learningtower, gewichtetes Quantil (1 PV)",n = 5658
M479 (S07),Hungary,2015,math,P90,596.9,COMPUTED_MICRODATA,"OECD PUF via learningtower, gewichtetes Quantil (1 PV)",n = 5658
M479 (S07),Hungary,2015,read,P10,335.1,COMPUTED_MICRODATA,"OECD PUF via learningtower, gewichtetes Quantil (1 PV)",n = 5658
M479 (S07),Hungary,2015,read,P25,397.4,COMPUTED_MICRODATA,"OECD PUF via learningtower, gewichtetes Quantil (1 PV)",n = 5658
M479 (S07),Hungary,2015,read,P50,473.3,COMPUTED_MICRODATA,"OECD PUF via learningtower, gewichtetes Quantil (1 PV)",n = 5658
M479 (S07),Hungary,2015,read,P75,541.4,COMPUTED_MICRODATA,"OECD PUF via learningtower, gewichtetes Quantil (1 PV)",n = 5658
M479 (S07),Hungary,2015,read,P90,591.8,COMPUTED_MICRODATA,"OECD PUF via learningtower, gewichtetes Quantil (1 PV)",n = 5658
M479 (S07),Hungary,2015,sci,P10,346.8,COMPUTED_MICRODATA,"OECD PUF via learningtower, gewichtetes Quantil (1 PV)",n = 5658
M479 (S07),Hungary,2015,sci,P25,407.2,COMPUTED_MICRODATA,"OECD PUF via learningtower, gewichtetes Quantil (1 PV)",n = 5658
M479 (S07),Hungary,2015,sci,P50,480.7,COMPUTED_MICRODATA,"OECD PUF via learningtower, gewichtetes Quantil (1 PV)",n = 5658
M479 (S07),Hungary,2015,sci,P75,547.1,COMPUTED_MICRODATA,"OECD PUF via learningtower, gewichtetes Quantil (1 PV)",n = 5658
M479 (S07),Hungary,2015,sci,P90,599.9,COMPUTED_MICRODATA,"OECD PUF via learningtower, gewichtetes Quantil (1 PV)",n = 5658
M479 (S07),Indonesia,2015,math,P10,292.2,COMPUTED_MICRODATA,"OECD PUF via learningtower, gewichtetes Quantil (1 PV)",n = 6513
M479 (S07),Indonesia,2015,math,P25,332.6,COMPUTED_MICRODATA,"OECD PUF via learningtower, gewichtetes Quantil (1 PV)",n = 6513
M479 (S07),Indonesia,2015,math,P50,382.0,COMPUTED_MICRODATA,"OECD PUF via learningtower, gewichtetes Quantil (1 PV)",n = 6513
M479 (S07),Indonesia,2015,math,P75,434.9,COMPUTED_MICRODATA,"OECD PUF via learningtower, gewichtetes Quantil (1 PV)",n = 6513
M479 (S07),Indonesia,2015,math,P90,490.1,COMPUTED_MICRODATA,"OECD PUF via learningtower, gewichtetes Quantil (1 PV)",n = 6513
M479 (S07),Indonesia,2015,read,P10,299.8,COMPUTED_MICRODATA,"OECD PUF via learningtower, gewichtetes Quantil (1 PV)",n = 6513
M479 (S07),Indonesia,2015,read,P25,348.4,COMPUTED_MICRODATA,"OECD PUF via learningtower, gewichtetes Quantil (1 PV)",n = 6513
M479 (S07),Indonesia,2015,read,P50,398.2,COMPUTED_MICRODATA,"OECD PUF via learningtower, gewichtetes Quantil (1 PV)",n = 6513
M479 (S07),Indonesia,2015,read,P75,448.6,COMPUTED_MICRODATA,"OECD PUF via learningtower, gewichtetes Quantil (1 PV)",n = 6513
M479 (S07),Indonesia,2015,read,P90,495.7,COMPUTED_MICRODATA,"OECD PUF via learningtower, gewichtetes Quantil (1 PV)",n = 6513
M479 (S07),Indonesia,2015,sci,P10,318.3,COMPUTED_MICRODATA,"OECD PUF via learningtower, gewichtetes Quantil (1 PV)",n = 6513
M479 (S07),Indonesia,2015,sci,P25,357.0,COMPUTED_MICRODATA,"OECD PUF via learningtower, gewichtetes Quantil (1 PV)",n = 6513
M479 (S07),Indonesia,2015,sci,P50,400.7,COMPUTED_MICRODATA,"OECD PUF via learningtower, gewichtetes Quantil (1 PV)",n = 6513
M479 (S07),Indonesia,2015,sci,P75,446.4,COMPUTED_MICRODATA,"OECD PUF via learningtower, gewichtetes Quantil (1 PV)",n = 6513
M479 (S07),Indonesia,2015,sci,P90,492.3,COMPUTED_MICRODATA,"OECD PUF via learningtower, gewichtetes Quantil (1 PV)",n = 6513
M479 (S07),Ireland,2015,math,P10,401.1,COMPUTED_MICRODATA,"OECD PUF via learningtower, gewichtetes Quantil (1 PV)",n = 5741
M479 (S07),Ireland,2015,math,P25,448.9,COMPUTED_MICRODATA,"OECD PUF via learningtower, gewichtetes Quantil (1 PV)",n = 5741
M479 (S07),Ireland,2015,math,P50,504.6,COMPUTED_MICRODATA,"OECD PUF via learningtower, gewichtetes Quantil (1 PV)",n = 5741
M479 (S07),Ireland,2015,math,P75,558.5,COMPUTED_MICRODATA,"OECD PUF via learningtower, gewichtetes Quantil (1 PV)",n = 5741
M479 (S07),Ireland,2015,math,P90,604.9,COMPUTED_MICRODATA,"OECD PUF via learningtower, gewichtetes Quantil (1 PV)",n = 5741
M479 (S07),Ireland,2015,read,P10,408.3,COMPUTED_MICRODATA,"OECD PUF via learningtower, gewichtetes Quantil (1 PV)",n = 5741
M479 (S07),Ireland,2015,read,P25,462.9,COMPUTED_MICRODATA,"OECD PUF via learningtower, gewichtetes Quantil (1 PV)",n = 5741
M479 (S07),Ireland,2015,read,P50,523.8,COMPUTED_MICRODATA,"OECD PUF via learningtower, gewichtetes Quantil (1 PV)",n = 5741
M479 (S07),Ireland,2015,read,P75,578.9,COMPUTED_MICRODATA,"OECD PUF via learningtower, gewichtetes Quantil (1 PV)",n = 5741
M479 (S07),Ireland,2015,read,P90,626.9,COMPUTED_MICRODATA,"OECD PUF via learningtower, gewichtetes Quantil (1 PV)",n = 5741
M479 (S07),Ireland,2015,sci,P10,385.4,COMPUTED_MICRODATA,"OECD PUF via learningtower, gewichtetes Quantil (1 PV)",n = 5741
M479 (S07),Ireland,2015,sci,P25,440.4,COMPUTED_MICRODATA,"OECD PUF via learningtower, gewichtetes Quantil (1 PV)",n = 5741
M479 (S07),Ireland,2015,sci,P50,502.0,COMPUTED_MICRODATA,"OECD PUF via learningtower, gewichtetes Quantil (1 PV)",n = 5741
M479 (S07),Ireland,2015,sci,P75,563.0,COMPUTED_MICRODATA,"OECD PUF via learningtower, gewichtetes Quantil (1 PV)",n = 5741
M479 (S07),Ireland,2015,sci,P90,617.8,COMPUTED_MICRODATA,"OECD PUF via learningtower, gewichtetes Quantil (1 PV)",n = 5741
M479 (S07),Iceland,2015,math,P10,364.5,COMPUTED_MICRODATA,"OECD PUF via learningtower, gewichtetes Quantil (1 PV)",n = 3371
M479 (S07),Iceland,2015,math,P25,422.5,COMPUTED_MICRODATA,"OECD PUF via learningtower, gewichtetes Quantil (1 PV)",n = 3371
M479 (S07),Iceland,2015,math,P50,488.3,COMPUTED_MICRODATA,"OECD PUF via learningtower, gewichtetes Quantil (1 PV)",n = 3371
M479 (S07),Iceland,2015,math,P75,551.9,COMPUTED_MICRODATA,"OECD PUF via learningtower, gewichtetes Quantil (1 PV)",n = 3371
M479 (S07),Iceland,2015,math,P90,607.0,COMPUTED_MICRODATA,"OECD PUF via learningtower, gewichtetes Quantil (1 PV)",n = 3371
M479 (S07),Iceland,2015,read,P10,349.6,COMPUTED_MICRODATA,"OECD PUF via learningtower, gewichtetes Quantil (1 PV)",n = 3371
M479 (S07),Iceland,2015,read,P25,415.0,COMPUTED_MICRODATA,"OECD PUF via learningtower, gewichtetes Quantil (1 PV)",n = 3371
M479 (S07),Iceland,2015,read,P50,484.2,COMPUTED_MICRODATA,"OECD PUF via learningtower, gewichtetes Quantil (1 PV)",n = 3371
M479 (S07),Iceland,2015,read,P75,550.9,COMPUTED_MICRODATA,"OECD PUF via learningtower, gewichtetes Quantil (1 PV)",n = 3371
M479 (S07),Iceland,2015,read,P90,607.9,COMPUTED_MICRODATA,"OECD PUF via learningtower, gewichtetes Quantil (1 PV)",n = 3371
M479 (S07),Iceland,2015,sci,P10,352.5,COMPUTED_MICRODATA,"OECD PUF via learningtower, gewichtetes Quantil (1 PV)",n = 3371
M479 (S07),Iceland,2015,sci,P25,406.8,COMPUTED_MICRODATA,"OECD PUF via learningtower, gewichtetes Quantil (1 PV)",n = 3371
M479 (S07),Iceland,2015,sci,P50,473.0,COMPUTED_MICRODATA,"OECD PUF via learningtower, gewichtetes Quantil (1 PV)",n = 3371
M479 (S07),Iceland,2015,sci,P75,536.9,COMPUTED_MICRODATA,"OECD PUF via learningtower, gewichtetes Quantil (1 PV)",n = 3371
M479 (S07),Iceland,2015,sci,P90,594.0,COMPUTED_MICRODATA,"OECD PUF via learningtower, gewichtetes Quantil (1 PV)",n = 3371
M479 (S07),Israel,2015,math,P10,332.1,COMPUTED_MICRODATA,"OECD PUF via learningtower, gewichtetes Quantil (1 PV)",n = 6598
M479 (S07),Israel,2015,math,P25,395.1,COMPUTED_MICRODATA,"OECD PUF via learningtower, gewichtetes Quantil (1 PV)",n = 6598
M479 (S07),Israel,2015,math,P50,471.1,COMPUTED_MICRODATA,"OECD PUF via learningtower, gewichtetes Quantil (1 PV)",n = 6598
M479 (S07),Israel,2015,math,P75,543.2,COMPUTED_MICRODATA,"OECD PUF via learningtower, gewichtetes Quantil (1 PV)",n = 6598
M479 (S07),Israel,2015,math,P90,600.4,COMPUTED_MICRODATA,"OECD PUF via learningtower, gewichtetes Quantil (1 PV)",n = 6598
M479 (S07),Israel,2015,read,P10,326.4,COMPUTED_MICRODATA,"OECD PUF via learningtower, gewichtetes Quantil (1 PV)",n = 6598
M479 (S07),Israel,2015,read,P25,402.1,COMPUTED_MICRODATA,"OECD PUF via learningtower, gewichtetes Quantil (1 PV)",n = 6598
M479 (S07),Israel,2015,read,P50,485.6,COMPUTED_MICRODATA,"OECD PUF via learningtower, gewichtetes Quantil (1 PV)",n = 6598
M479 (S07),Israel,2015,read,P75,563.5,COMPUTED_MICRODATA,"OECD PUF via learningtower, gewichtetes Quantil (1 PV)",n = 6598
M479 (S07),Israel,2015,read,P90,621.1,COMPUTED_MICRODATA,"OECD PUF via learningtower, gewichtetes Quantil (1 PV)",n = 6598
M479 (S07),Israel,2015,sci,P10,327.1,COMPUTED_MICRODATA,"OECD PUF via learningtower, gewichtetes Quantil (1 PV)",n = 6598
M479 (S07),Israel,2015,sci,P25,390.1,COMPUTED_MICRODATA,"OECD PUF via learningtower, gewichtetes Quantil (1 PV)",n = 6598
M479 (S07),Israel,2015,sci,P50,467.1,COMPUTED_MICRODATA,"OECD PUF via learningtower, gewichtetes Quantil (1 PV)",n = 6598
M479 (S07),Israel,2015,sci,P75,545.5,COMPUTED_MICRODATA,"OECD PUF via learningtower, gewichtetes Quantil (1 PV)",n = 6598
M479 (S07),Israel,2015,sci,P90,607.4,COMPUTED_MICRODATA,"OECD PUF via learningtower, gewichtetes Quantil (1 PV)",n = 6598
M479 (S07),Italy,2015,math,P10,367.1,COMPUTED_MICRODATA,"OECD PUF via learningtower, gewichtetes Quantil (1 PV)",n = 11583
M479 (S07),Italy,2015,math,P25,424.0,COMPUTED_MICRODATA,"OECD PUF via learningtower, gewichtetes Quantil (1 PV)",n = 11583
M479 (S07),Italy,2015,math,P50,490.0,COMPUTED_MICRODATA,"OECD PUF via learningtower, gewichtetes Quantil (1 PV)",n = 11583
M479 (S07),Italy,2015,math,P75,552.8,COMPUTED_MICRODATA,"OECD PUF via learningtower, gewichtetes Quantil (1 PV)",n = 11583
M479 (S07),Italy,2015,math,P90,609.2,COMPUTED_MICRODATA,"OECD PUF via learningtower, gewichtetes Quantil (1 PV)",n = 11583
M479 (S07),Italy,2015,read,P10,356.4,COMPUTED_MICRODATA,"OECD PUF via learningtower, gewichtetes Quantil (1 PV)",n = 11583
M479 (S07),Italy,2015,read,P25,423.8,COMPUTED_MICRODATA,"OECD PUF via learningtower, gewichtetes Quantil (1 PV)",n = 11583
M479 (S07),Italy,2015,read,P50,491.9,COMPUTED_MICRODATA,"OECD PUF via learningtower, gewichtetes Quantil (1 PV)",n = 11583
M479 (S07),Italy,2015,read,P75,554.2,COMPUTED_MICRODATA,"OECD PUF via learningtower, gewichtetes Quantil (1 PV)",n = 11583
M479 (S07),Italy,2015,read,P90,603.3,COMPUTED_MICRODATA,"OECD PUF via learningtower, gewichtetes Quantil (1 PV)",n = 11583
M479 (S07),Italy,2015,sci,P10,357.7,COMPUTED_MICRODATA,"OECD PUF via learningtower, gewichtetes Quantil (1 PV)",n = 11583
M479 (S07),Italy,2015,sci,P25,415.3,COMPUTED_MICRODATA,"OECD PUF via learningtower, gewichtetes Quantil (1 PV)",n = 11583
M479 (S07),Italy,2015,sci,P50,484.1,COMPUTED_MICRODATA,"OECD PUF via learningtower, gewichtetes Quantil (1 PV)",n = 11583
M479 (S07),Italy,2015,sci,P75,547.1,COMPUTED_MICRODATA,"OECD PUF via learningtower, gewichtetes Quantil (1 PV)",n = 11583
M479 (S07),Italy,2015,sci,P90,598.2,COMPUTED_MICRODATA,"OECD PUF via learningtower, gewichtetes Quantil (1 PV)",n = 11583
M479 (S07),Jordan,2015,math,P10,269.4,COMPUTED_MICRODATA,"OECD PUF via learningtower, gewichtetes Quantil (1 PV)",n = 7267
M479 (S07),Jordan,2015,math,P25,325.2,COMPUTED_MICRODATA,"OECD PUF via learningtower, gewichtetes Quantil (1 PV)",n = 7267
M479 (S07),Jordan,2015,math,P50,382.8,COMPUTED_MICRODATA,"OECD PUF via learningtower, gewichtetes Quantil (1 PV)",n = 7267
M479 (S07),Jordan,2015,math,P75,440.2,COMPUTED_MICRODATA,"OECD PUF via learningtower, gewichtetes Quantil (1 PV)",n = 7267
M479 (S07),Jordan,2015,math,P90,490.2,COMPUTED_MICRODATA,"OECD PUF via learningtower, gewichtetes Quantil (1 PV)",n = 7267
M479 (S07),Jordan,2015,read,P10,278.0,COMPUTED_MICRODATA,"OECD PUF via learningtower, gewichtetes Quantil (1 PV)",n = 7267
M479 (S07),Jordan,2015,read,P25,346.7,COMPUTED_MICRODATA,"OECD PUF via learningtower, gewichtetes Quantil (1 PV)",n = 7267
M479 (S07),Jordan,2015,read,P50,417.0,COMPUTED_MICRODATA,"OECD PUF via learningtower, gewichtetes Quantil (1 PV)",n = 7267
M479 (S07),Jordan,2015,read,P75,475.4,COMPUTED_MICRODATA,"OECD PUF via learningtower, gewichtetes Quantil (1 PV)",n = 7267
M479 (S07),Jordan,2015,read,P90,522.0,COMPUTED_MICRODATA,"OECD PUF via learningtower, gewichtetes Quantil (1 PV)",n = 7267
M479 (S07),Jordan,2015,sci,P10,299.5,COMPUTED_MICRODATA,"OECD PUF via learningtower, gewichtetes Quantil (1 PV)",n = 7267
M479 (S07),Jordan,2015,sci,P25,349.4,COMPUTED_MICRODATA,"OECD PUF via learningtower, gewichtetes Quantil (1 PV)",n = 7267
M479 (S07),Jordan,2015,sci,P50,410.3,COMPUTED_MICRODATA,"OECD PUF via learningtower, gewichtetes Quantil (1 PV)",n = 7267
M479 (S07),Jordan,2015,sci,P75,468.9,COMPUTED_MICRODATA,"OECD PUF via learningtower, gewichtetes Quantil (1 PV)",n = 7267
M479 (S07),Jordan,2015,sci,P90,515.3,COMPUTED_MICRODATA,"OECD PUF via learningtower, gewichtetes Quantil (1 PV)",n = 7267
M479 (S07),Japan,2015,math,P10,416.9,COMPUTED_MICRODATA,"OECD PUF via learningtower, gewichtetes Quantil (1 PV)",n = 6647
M479 (S07),Japan,2015,math,P25,474.4,COMPUTED_MICRODATA,"OECD PUF via learningtower, gewichtetes Quantil (1 PV)",n = 6647
M479 (S07),Japan,2015,math,P50,537.0,COMPUTED_MICRODATA,"OECD PUF via learningtower, gewichtetes Quantil (1 PV)",n = 6647
M479 (S07),Japan,2015,math,P75,592.5,COMPUTED_MICRODATA,"OECD PUF via learningtower, gewichtetes Quantil (1 PV)",n = 6647
M479 (S07),Japan,2015,math,P90,643.3,COMPUTED_MICRODATA,"OECD PUF via learningtower, gewichtetes Quantil (1 PV)",n = 6647
M479 (S07),Japan,2015,read,P10,389.4,COMPUTED_MICRODATA,"OECD PUF via learningtower, gewichtetes Quantil (1 PV)",n = 6647
M479 (S07),Japan,2015,read,P25,457.9,COMPUTED_MICRODATA,"OECD PUF via learningtower, gewichtetes Quantil (1 PV)",n = 6647
M479 (S07),Japan,2015,read,P50,525.1,COMPUTED_MICRODATA,"OECD PUF via learningtower, gewichtetes Quantil (1 PV)",n = 6647
M479 (S07),Japan,2015,read,P75,579.7,COMPUTED_MICRODATA,"OECD PUF via learningtower, gewichtetes Quantil (1 PV)",n = 6647
M479 (S07),Japan,2015,read,P90,627.2,COMPUTED_MICRODATA,"OECD PUF via learningtower, gewichtetes Quantil (1 PV)",n = 6647
M479 (S07),Japan,2015,sci,P10,412.4,COMPUTED_MICRODATA,"OECD PUF via learningtower, gewichtetes Quantil (1 PV)",n = 6647
M479 (S07),Japan,2015,sci,P25,474.3,COMPUTED_MICRODATA,"OECD PUF via learningtower, gewichtetes Quantil (1 PV)",n = 6647
M479 (S07),Japan,2015,sci,P50,544.0,COMPUTED_MICRODATA,"OECD PUF via learningtower, gewichtetes Quantil (1 PV)",n = 6647
M479 (S07),Japan,2015,sci,P75,604.2,COMPUTED_MICRODATA,"OECD PUF via learningtower, gewichtetes Quantil (1 PV)",n = 6647
M479 (S07),Japan,2015,sci,P90,653.6,COMPUTED_MICRODATA,"OECD PUF via learningtower, gewichtetes Quantil (1 PV)",n = 6647
M479 (S07),Korea,2015,math,P10,393.5,COMPUTED_MICRODATA,"OECD PUF via learningtower, gewichtetes Quantil (1 PV)",n = 5581
M479 (S07),Korea,2015,math,P25,457.3,COMPUTED_MICRODATA,"OECD PUF via learningtower, gewichtetes Quantil (1 PV)",n = 5581
M479 (S07),Korea,2015,math,P50,528.8,COMPUTED_MICRODATA,"OECD PUF via learningtower, gewichtetes Quantil (1 PV)",n = 5581
M479 (S07),Korea,2015,math,P75,593.9,COMPUTED_MICRODATA,"OECD PUF via learningtower, gewichtetes Quantil (1 PV)",n = 5581
M479 (S07),Korea,2015,math,P90,648.4,COMPUTED_MICRODATA,"OECD PUF via learningtower, gewichtetes Quantil (1 PV)",n = 5581
M479 (S07),Korea,2015,read,P10,382.6,COMPUTED_MICRODATA,"OECD PUF via learningtower, gewichtetes Quantil (1 PV)",n = 5581
M479 (S07),Korea,2015,read,P25,453.3,COMPUTED_MICRODATA,"OECD PUF via learningtower, gewichtetes Quantil (1 PV)",n = 5581
M479 (S07),Korea,2015,read,P50,522.0,COMPUTED_MICRODATA,"OECD PUF via learningtower, gewichtetes Quantil (1 PV)",n = 5581
M479 (S07),Korea,2015,read,P75,584.3,COMPUTED_MICRODATA,"OECD PUF via learningtower, gewichtetes Quantil (1 PV)",n = 5581
M479 (S07),Korea,2015,read,P90,636.1,COMPUTED_MICRODATA,"OECD PUF via learningtower, gewichtetes Quantil (1 PV)",n = 5581
M479 (S07),Korea,2015,sci,P10,390.4,COMPUTED_MICRODATA,"OECD PUF via learningtower, gewichtetes Quantil (1 PV)",n = 5581
M479 (S07),Korea,2015,sci,P25,451.3,COMPUTED_MICRODATA,"OECD PUF via learningtower, gewichtetes Quantil (1 PV)",n = 5581
M479 (S07),Korea,2015,sci,P50,519.8,COMPUTED_MICRODATA,"OECD PUF via learningtower, gewichtetes Quantil (1 PV)",n = 5581
M479 (S07),Korea,2015,sci,P75,583.4,COMPUTED_MICRODATA,"OECD PUF via learningtower, gewichtetes Quantil (1 PV)",n = 5581
M479 (S07),Korea,2015,sci,P90,635.5,COMPUTED_MICRODATA,"OECD PUF via learningtower, gewichtetes Quantil (1 PV)",n = 5581
M479 (S07),Kosovo,2015,math,P10,266.7,COMPUTED_MICRODATA,"OECD PUF via learningtower, gewichtetes Quantil (1 PV)",n = 4826
M479 (S07),Kosovo,2015,math,P25,309.7,COMPUTED_MICRODATA,"OECD PUF via learningtower, gewichtetes Quantil (1 PV)",n = 4826
M479 (S07),Kosovo,2015,math,P50,359.3,COMPUTED_MICRODATA,"OECD PUF via learningtower, gewichtetes Quantil (1 PV)",n = 4826
M479 (S07),Kosovo,2015,math,P75,413.9,COMPUTED_MICRODATA,"OECD PUF via learningtower, gewichtetes Quantil (1 PV)",n = 4826
M479 (S07),Kosovo,2015,math,P90,461.8,COMPUTED_MICRODATA,"OECD PUF via learningtower, gewichtetes Quantil (1 PV)",n = 4826
M479 (S07),Kosovo,2015,read,P10,243.5,COMPUTED_MICRODATA,"OECD PUF via learningtower, gewichtetes Quantil (1 PV)",n = 4826
M479 (S07),Kosovo,2015,read,P25,293.7,COMPUTED_MICRODATA,"OECD PUF via learningtower, gewichtetes Quantil (1 PV)",n = 4826
M479 (S07),Kosovo,2015,read,P50,349.9,COMPUTED_MICRODATA,"OECD PUF via learningtower, gewichtetes Quantil (1 PV)",n = 4826
M479 (S07),Kosovo,2015,read,P75,402.3,COMPUTED_MICRODATA,"OECD PUF via learningtower, gewichtetes Quantil (1 PV)",n = 4826
M479 (S07),Kosovo,2015,read,P90,448.3,COMPUTED_MICRODATA,"OECD PUF via learningtower, gewichtetes Quantil (1 PV)",n = 4826
M479 (S07),Kosovo,2015,sci,P10,287.4,COMPUTED_MICRODATA,"OECD PUF via learningtower, gewichtetes Quantil (1 PV)",n = 4826
M479 (S07),Kosovo,2015,sci,P25,327.3,COMPUTED_MICRODATA,"OECD PUF via learningtower, gewichtetes Quantil (1 PV)",n = 4826
M479 (S07),Kosovo,2015,sci,P50,374.7,COMPUTED_MICRODATA,"OECD PUF via learningtower, gewichtetes Quantil (1 PV)",n = 4826
M479 (S07),Kosovo,2015,sci,P75,425.9,COMPUTED_MICRODATA,"OECD PUF via learningtower, gewichtetes Quantil (1 PV)",n = 4826
M479 (S07),Kosovo,2015,sci,P90,474.2,COMPUTED_MICRODATA,"OECD PUF via learningtower, gewichtetes Quantil (1 PV)",n = 4826
M479 (S07),Lebanon,2015,math,P10,270.6,COMPUTED_MICRODATA,"OECD PUF via learningtower, gewichtetes Quantil (1 PV)",n = 4546
M479 (S07),Lebanon,2015,math,P25,328.4,COMPUTED_MICRODATA,"OECD PUF via learningtower, gewichtetes Quantil (1 PV)",n = 4546
M479 (S07),Lebanon,2015,math,P50,393.6,COMPUTED_MICRODATA,"OECD PUF via learningtower, gewichtetes Quantil (1 PV)",n = 4546
M479 (S07),Lebanon,2015,math,P75,464.2,COMPUTED_MICRODATA,"OECD PUF via learningtower, gewichtetes Quantil (1 PV)",n = 4546
M479 (S07),Lebanon,2015,math,P90,534.0,COMPUTED_MICRODATA,"OECD PUF via learningtower, gewichtetes Quantil (1 PV)",n = 4546
M479 (S07),Lebanon,2015,read,P10,201.0,COMPUTED_MICRODATA,"OECD PUF via learningtower, gewichtetes Quantil (1 PV)",n = 4546
M479 (S07),Lebanon,2015,read,P25,264.1,COMPUTED_MICRODATA,"OECD PUF via learningtower, gewichtetes Quantil (1 PV)",n = 4546
M479 (S07),Lebanon,2015,read,P50,337.6,COMPUTED_MICRODATA,"OECD PUF via learningtower, gewichtetes Quantil (1 PV)",n = 4546
M479 (S07),Lebanon,2015,read,P75,426.2,COMPUTED_MICRODATA,"OECD PUF via learningtower, gewichtetes Quantil (1 PV)",n = 4546
M479 (S07),Lebanon,2015,read,P90,503.5,COMPUTED_MICRODATA,"OECD PUF via learningtower, gewichtetes Quantil (1 PV)",n = 4546
M479 (S07),Lebanon,2015,sci,P10,275.9,COMPUTED_MICRODATA,"OECD PUF via learningtower, gewichtetes Quantil (1 PV)",n = 4546
M479 (S07),Lebanon,2015,sci,P25,322.8,COMPUTED_MICRODATA,"OECD PUF via learningtower, gewichtetes Quantil (1 PV)",n = 4546
M479 (S07),Lebanon,2015,sci,P50,380.6,COMPUTED_MICRODATA,"OECD PUF via learningtower, gewichtetes Quantil (1 PV)",n = 4546
M479 (S07),Lebanon,2015,sci,P75,445.4,COMPUTED_MICRODATA,"OECD PUF via learningtower, gewichtetes Quantil (1 PV)",n = 4546
M479 (S07),Lebanon,2015,sci,P90,509.5,COMPUTED_MICRODATA,"OECD PUF via learningtower, gewichtetes Quantil (1 PV)",n = 4546
M479 (S07),Lithuania,2015,math,P10,366.2,COMPUTED_MICRODATA,"OECD PUF via learningtower, gewichtetes Quantil (1 PV)",n = 6525
M479 (S07),Lithuania,2015,math,P25,418.4,COMPUTED_MICRODATA,"OECD PUF via learningtower, gewichtetes Quantil (1 PV)",n = 6525
M479 (S07),Lithuania,2015,math,P50,479.5,COMPUTED_MICRODATA,"OECD PUF via learningtower, gewichtetes Quantil (1 PV)",n = 6525
M479 (S07),Lithuania,2015,math,P75,537.3,COMPUTED_MICRODATA,"OECD PUF via learningtower, gewichtetes Quantil (1 PV)",n = 6525
M479 (S07),Lithuania,2015,math,P90,593.0,COMPUTED_MICRODATA,"OECD PUF via learningtower, gewichtetes Quantil (1 PV)",n = 6525
M479 (S07),Lithuania,2015,read,P10,345.7,COMPUTED_MICRODATA,"OECD PUF via learningtower, gewichtetes Quantil (1 PV)",n = 6525
M479 (S07),Lithuania,2015,read,P25,407.0,COMPUTED_MICRODATA,"OECD PUF via learningtower, gewichtetes Quantil (1 PV)",n = 6525
M479 (S07),Lithuania,2015,read,P50,474.7,COMPUTED_MICRODATA,"OECD PUF via learningtower, gewichtetes Quantil (1 PV)",n = 6525
M479 (S07),Lithuania,2015,read,P75,541.9,COMPUTED_MICRODATA,"OECD PUF via learningtower, gewichtetes Quantil (1 PV)",n = 6525
M479 (S07),Lithuania,2015,read,P90,594.9,COMPUTED_MICRODATA,"OECD PUF via learningtower, gewichtetes Quantil (1 PV)",n = 6525
M479 (S07),Lithuania,2015,sci,P10,358.0,COMPUTED_MICRODATA,"OECD PUF via learningtower, gewichtetes Quantil (1 PV)",n = 6525
M479 (S07),Lithuania,2015,sci,P25,410.8,COMPUTED_MICRODATA,"OECD PUF via learningtower, gewichtetes Quantil (1 PV)",n = 6525
M479 (S07),Lithuania,2015,sci,P50,473.3,COMPUTED_MICRODATA,"OECD PUF via learningtower, gewichtetes Quantil (1 PV)",n = 6525
M479 (S07),Lithuania,2015,sci,P75,539.4,COMPUTED_MICRODATA,"OECD PUF via learningtower, gewichtetes Quantil (1 PV)",n = 6525
M479 (S07),Lithuania,2015,sci,P90,597.4,COMPUTED_MICRODATA,"OECD PUF via learningtower, gewichtetes Quantil (1 PV)",n = 6525
M479 (S07),Luxembourg,2015,math,P10,364.5,COMPUTED_MICRODATA,"OECD PUF via learningtower, gewichtetes Quantil (1 PV)",n = 5299
M479 (S07),Luxembourg,2015,math,P25,419.0,COMPUTED_MICRODATA,"OECD PUF via learningtower, gewichtetes Quantil (1 PV)",n = 5299
M479 (S07),Luxembourg,2015,math,P50,488.0,COMPUTED_MICRODATA,"OECD PUF via learningtower, gewichtetes Quantil (1 PV)",n = 5299
M479 (S07),Luxembourg,2015,math,P75,552.8,COMPUTED_MICRODATA,"OECD PUF via learningtower, gewichtetes Quantil (1 PV)",n = 5299
M479 (S07),Luxembourg,2015,math,P90,606.6,COMPUTED_MICRODATA,"OECD PUF via learningtower, gewichtetes Quantil (1 PV)",n = 5299
M479 (S07),Luxembourg,2015,read,P10,335.7,COMPUTED_MICRODATA,"OECD PUF via learningtower, gewichtetes Quantil (1 PV)",n = 5299
M479 (S07),Luxembourg,2015,read,P25,404.8,COMPUTED_MICRODATA,"OECD PUF via learningtower, gewichtetes Quantil (1 PV)",n = 5299
M479 (S07),Luxembourg,2015,read,P50,484.3,COMPUTED_MICRODATA,"OECD PUF via learningtower, gewichtetes Quantil (1 PV)",n = 5299
M479 (S07),Luxembourg,2015,read,P75,559.6,COMPUTED_MICRODATA,"OECD PUF via learningtower, gewichtetes Quantil (1 PV)",n = 5299
M479 (S07),Luxembourg,2015,read,P90,612.4,COMPUTED_MICRODATA,"OECD PUF via learningtower, gewichtetes Quantil (1 PV)",n = 5299
M479 (S07),Luxembourg,2015,sci,P10,353.6,COMPUTED_MICRODATA,"OECD PUF via learningtower, gewichtetes Quantil (1 PV)",n = 5299
M479 (S07),Luxembourg,2015,sci,P25,406.6,COMPUTED_MICRODATA,"OECD PUF via learningtower, gewichtetes Quantil (1 PV)",n = 5299
M479 (S07),Luxembourg,2015,sci,P50,482.0,COMPUTED_MICRODATA,"OECD PUF via learningtower, gewichtetes Quantil (1 PV)",n = 5299
M479 (S07),Luxembourg,2015,sci,P75,556.2,COMPUTED_MICRODATA,"OECD PUF via learningtower, gewichtetes Quantil (1 PV)",n = 5299
M479 (S07),Luxembourg,2015,sci,P90,614.3,COMPUTED_MICRODATA,"OECD PUF via learningtower, gewichtetes Quantil (1 PV)",n = 5299
M479 (S07),Latvia,2015,math,P10,380.5,COMPUTED_MICRODATA,"OECD PUF via learningtower, gewichtetes Quantil (1 PV)",n = 4869
M479 (S07),Latvia,2015,math,P25,429.4,COMPUTED_MICRODATA,"OECD PUF via learningtower, gewichtetes Quantil (1 PV)",n = 4869
M479 (S07),Latvia,2015,math,P50,481.2,COMPUTED_MICRODATA,"OECD PUF via learningtower, gewichtetes Quantil (1 PV)",n = 4869
M479 (S07),Latvia,2015,math,P75,535.4,COMPUTED_MICRODATA,"OECD PUF via learningtower, gewichtetes Quantil (1 PV)",n = 4869
M479 (S07),Latvia,2015,math,P90,582.9,COMPUTED_MICRODATA,"OECD PUF via learningtower, gewichtetes Quantil (1 PV)",n = 4869
M479 (S07),Latvia,2015,read,P10,375.7,COMPUTED_MICRODATA,"OECD PUF via learningtower, gewichtetes Quantil (1 PV)",n = 4869
M479 (S07),Latvia,2015,read,P25,431.9,COMPUTED_MICRODATA,"OECD PUF via learningtower, gewichtetes Quantil (1 PV)",n = 4869
M479 (S07),Latvia,2015,read,P50,493.6,COMPUTED_MICRODATA,"OECD PUF via learningtower, gewichtetes Quantil (1 PV)",n = 4869
M479 (S07),Latvia,2015,read,P75,548.5,COMPUTED_MICRODATA,"OECD PUF via learningtower, gewichtetes Quantil (1 PV)",n = 4869
M479 (S07),Latvia,2015,read,P90,594.8,COMPUTED_MICRODATA,"OECD PUF via learningtower, gewichtetes Quantil (1 PV)",n = 4869
M479 (S07),Latvia,2015,sci,P10,383.3,COMPUTED_MICRODATA,"OECD PUF via learningtower, gewichtetes Quantil (1 PV)",n = 4869
M479 (S07),Latvia,2015,sci,P25,433.6,COMPUTED_MICRODATA,"OECD PUF via learningtower, gewichtetes Quantil (1 PV)",n = 4869
M479 (S07),Latvia,2015,sci,P50,489.9,COMPUTED_MICRODATA,"OECD PUF via learningtower, gewichtetes Quantil (1 PV)",n = 4869
M479 (S07),Latvia,2015,sci,P75,547.0,COMPUTED_MICRODATA,"OECD PUF via learningtower, gewichtetes Quantil (1 PV)",n = 4869
M479 (S07),Latvia,2015,sci,P90,595.9,COMPUTED_MICRODATA,"OECD PUF via learningtower, gewichtetes Quantil (1 PV)",n = 4869
M479 (S07),Macao (China),2015,math,P10,439.2,COMPUTED_MICRODATA,"OECD PUF via learningtower, gewichtetes Quantil (1 PV)",n = 4476
M479 (S07),Macao (China),2015,math,P25,492.2,COMPUTED_MICRODATA,"OECD PUF via learningtower, gewichtetes Quantil (1 PV)",n = 4476
M479 (S07),Macao (China),2015,math,P50,546.0,COMPUTED_MICRODATA,"OECD PUF via learningtower, gewichtetes Quantil (1 PV)",n = 4476
M479 (S07),Macao (China),2015,math,P75,598.7,COMPUTED_MICRODATA,"OECD PUF via learningtower, gewichtetes Quantil (1 PV)",n = 4476
M479 (S07),Macao (China),2015,math,P90,640.1,COMPUTED_MICRODATA,"OECD PUF via learningtower, gewichtetes Quantil (1 PV)",n = 4476
M479 (S07),Macao (China),2015,read,P10,397.2,COMPUTED_MICRODATA,"OECD PUF via learningtower, gewichtetes Quantil (1 PV)",n = 4476
M479 (S07),Macao (China),2015,read,P25,456.7,COMPUTED_MICRODATA,"OECD PUF via learningtower, gewichtetes Quantil (1 PV)",n = 4476
M479 (S07),Macao (China),2015,read,P50,514.5,COMPUTED_MICRODATA,"OECD PUF via learningtower, gewichtetes Quantil (1 PV)",n = 4476
M479 (S07),Macao (China),2015,read,P75,565.2,COMPUTED_MICRODATA,"OECD PUF via learningtower, gewichtetes Quantil (1 PV)",n = 4476
M479 (S07),Macao (China),2015,read,P90,608.8,COMPUTED_MICRODATA,"OECD PUF via learningtower, gewichtetes Quantil (1 PV)",n = 4476
M479 (S07),Macao (China),2015,sci,P10,420.7,COMPUTED_MICRODATA,"OECD PUF via learningtower, gewichtetes Quantil (1 PV)",n = 4476
M479 (S07),Macao (China),2015,sci,P25,474.4,COMPUTED_MICRODATA,"OECD PUF via learningtower, gewichtetes Quantil (1 PV)",n = 4476
M479 (S07),Macao (China),2015,sci,P50,531.5,COMPUTED_MICRODATA,"OECD PUF via learningtower, gewichtetes Quantil (1 PV)",n = 4476
M479 (S07),Macao (China),2015,sci,P75,585.4,COMPUTED_MICRODATA,"OECD PUF via learningtower, gewichtetes Quantil (1 PV)",n = 4476
M479 (S07),Macao (China),2015,sci,P90,629.6,COMPUTED_MICRODATA,"OECD PUF via learningtower, gewichtetes Quantil (1 PV)",n = 4476
M479 (S07),Moldova,2015,math,P10,301.3,COMPUTED_MICRODATA,"OECD PUF via learningtower, gewichtetes Quantil (1 PV)",n = 5325
M479 (S07),Moldova,2015,math,P25,357.0,COMPUTED_MICRODATA,"OECD PUF via learningtower, gewichtetes Quantil (1 PV)",n = 5325
M479 (S07),Moldova,2015,math,P50,418.1,COMPUTED_MICRODATA,"OECD PUF via learningtower, gewichtetes Quantil (1 PV)",n = 5325
M479 (S07),Moldova,2015,math,P75,482.9,COMPUTED_MICRODATA,"OECD PUF via learningtower, gewichtetes Quantil (1 PV)",n = 5325
M479 (S07),Moldova,2015,math,P90,535.4,COMPUTED_MICRODATA,"OECD PUF via learningtower, gewichtetes Quantil (1 PV)",n = 5325
M479 (S07),Moldova,2015,read,P10,291.8,COMPUTED_MICRODATA,"OECD PUF via learningtower, gewichtetes Quantil (1 PV)",n = 5325
M479 (S07),Moldova,2015,read,P25,348.6,COMPUTED_MICRODATA,"OECD PUF via learningtower, gewichtetes Quantil (1 PV)",n = 5325
M479 (S07),Moldova,2015,read,P50,419.1,COMPUTED_MICRODATA,"OECD PUF via learningtower, gewichtetes Quantil (1 PV)",n = 5325
M479 (S07),Moldova,2015,read,P75,485.4,COMPUTED_MICRODATA,"OECD PUF via learningtower, gewichtetes Quantil (1 PV)",n = 5325
M479 (S07),Moldova,2015,read,P90,543.7,COMPUTED_MICRODATA,"OECD PUF via learningtower, gewichtetes Quantil (1 PV)",n = 5325
M479 (S07),Moldova,2015,sci,P10,316.6,COMPUTED_MICRODATA,"OECD PUF via learningtower, gewichtetes Quantil (1 PV)",n = 5325
M479 (S07),Moldova,2015,sci,P25,366.9,COMPUTED_MICRODATA,"OECD PUF via learningtower, gewichtetes Quantil (1 PV)",n = 5325
M479 (S07),Moldova,2015,sci,P50,426.4,COMPUTED_MICRODATA,"OECD PUF via learningtower, gewichtetes Quantil (1 PV)",n = 5325
M479 (S07),Moldova,2015,sci,P75,487.5,COMPUTED_MICRODATA,"OECD PUF via learningtower, gewichtetes Quantil (1 PV)",n = 5325
M479 (S07),Moldova,2015,sci,P90,541.8,COMPUTED_MICRODATA,"OECD PUF via learningtower, gewichtetes Quantil (1 PV)",n = 5325
M479 (S07),Mexico,2015,math,P10,310.8,COMPUTED_MICRODATA,"OECD PUF via learningtower, gewichtetes Quantil (1 PV)",n = 7568
M479 (S07),Mexico,2015,math,P25,355.5,COMPUTED_MICRODATA,"OECD PUF via learningtower, gewichtetes Quantil (1 PV)",n = 7568
M479 (S07),Mexico,2015,math,P50,405.5,COMPUTED_MICRODATA,"OECD PUF via learningtower, gewichtetes Quantil (1 PV)",n = 7568
M479 (S07),Mexico,2015,math,P75,460.0,COMPUTED_MICRODATA,"OECD PUF via learningtower, gewichtetes Quantil (1 PV)",n = 7568
M479 (S07),Mexico,2015,math,P90,507.2,COMPUTED_MICRODATA,"OECD PUF via learningtower, gewichtetes Quantil (1 PV)",n = 7568
M479 (S07),Mexico,2015,read,P10,320.5,COMPUTED_MICRODATA,"OECD PUF via learningtower, gewichtetes Quantil (1 PV)",n = 7568
M479 (S07),Mexico,2015,read,P25,369.6,COMPUTED_MICRODATA,"OECD PUF via learningtower, gewichtetes Quantil (1 PV)",n = 7568
M479 (S07),Mexico,2015,read,P50,424.4,COMPUTED_MICRODATA,"OECD PUF via learningtower, gewichtetes Quantil (1 PV)",n = 7568
M479 (S07),Mexico,2015,read,P75,478.7,COMPUTED_MICRODATA,"OECD PUF via learningtower, gewichtetes Quantil (1 PV)",n = 7568
M479 (S07),Mexico,2015,read,P90,525.7,COMPUTED_MICRODATA,"OECD PUF via learningtower, gewichtetes Quantil (1 PV)",n = 7568
M479 (S07),Mexico,2015,sci,P10,325.8,COMPUTED_MICRODATA,"OECD PUF via learningtower, gewichtetes Quantil (1 PV)",n = 7568
M479 (S07),Mexico,2015,sci,P25,365.9,COMPUTED_MICRODATA,"OECD PUF via learningtower, gewichtetes Quantil (1 PV)",n = 7568
M479 (S07),Mexico,2015,sci,P50,414.5,COMPUTED_MICRODATA,"OECD PUF via learningtower, gewichtetes Quantil (1 PV)",n = 7568
M479 (S07),Mexico,2015,sci,P75,463.7,COMPUTED_MICRODATA,"OECD PUF via learningtower, gewichtetes Quantil (1 PV)",n = 7568
M479 (S07),Mexico,2015,sci,P90,510.6,COMPUTED_MICRODATA,"OECD PUF via learningtower, gewichtetes Quantil (1 PV)",n = 7568
M479 (S07),North Macedonia,2015,math,P10,253.7,COMPUTED_MICRODATA,"OECD PUF via learningtower, gewichtetes Quantil (1 PV)",n = 5324
M479 (S07),North Macedonia,2015,math,P25,307.7,COMPUTED_MICRODATA,"OECD PUF via learningtower, gewichtetes Quantil (1 PV)",n = 5324
M479 (S07),North Macedonia,2015,math,P50,369.7,COMPUTED_MICRODATA,"OECD PUF via learningtower, gewichtetes Quantil (1 PV)",n = 5324
M479 (S07),North Macedonia,2015,math,P75,434.4,COMPUTED_MICRODATA,"OECD PUF via learningtower, gewichtetes Quantil (1 PV)",n = 5324
M479 (S07),North Macedonia,2015,math,P90,495.7,COMPUTED_MICRODATA,"OECD PUF via learningtower, gewichtetes Quantil (1 PV)",n = 5324
M479 (S07),North Macedonia,2015,read,P10,223.6,COMPUTED_MICRODATA,"OECD PUF via learningtower, gewichtetes Quantil (1 PV)",n = 5324
M479 (S07),North Macedonia,2015,read,P25,282.6,COMPUTED_MICRODATA,"OECD PUF via learningtower, gewichtetes Quantil (1 PV)",n = 5324
M479 (S07),North Macedonia,2015,read,P50,352.6,COMPUTED_MICRODATA,"OECD PUF via learningtower, gewichtetes Quantil (1 PV)",n = 5324
M479 (S07),North Macedonia,2015,read,P75,420.7,COMPUTED_MICRODATA,"OECD PUF via learningtower, gewichtetes Quantil (1 PV)",n = 5324
M479 (S07),North Macedonia,2015,read,P90,476.2,COMPUTED_MICRODATA,"OECD PUF via learningtower, gewichtetes Quantil (1 PV)",n = 5324
M479 (S07),North Macedonia,2015,sci,P10,274.3,COMPUTED_MICRODATA,"OECD PUF via learningtower, gewichtetes Quantil (1 PV)",n = 5324
M479 (S07),North Macedonia,2015,sci,P25,324.3,COMPUTED_MICRODATA,"OECD PUF via learningtower, gewichtetes Quantil (1 PV)",n = 5324
M479 (S07),North Macedonia,2015,sci,P50,382.0,COMPUTED_MICRODATA,"OECD PUF via learningtower, gewichtetes Quantil (1 PV)",n = 5324
M479 (S07),North Macedonia,2015,sci,P75,441.0,COMPUTED_MICRODATA,"OECD PUF via learningtower, gewichtetes Quantil (1 PV)",n = 5324
M479 (S07),North Macedonia,2015,sci,P90,497.1,COMPUTED_MICRODATA,"OECD PUF via learningtower, gewichtetes Quantil (1 PV)",n = 5324
M479 (S07),Malta,2015,math,P10,327.2,COMPUTED_MICRODATA,"OECD PUF via learningtower, gewichtetes Quantil (1 PV)",n = 3634
M479 (S07),Malta,2015,math,P25,402.3,COMPUTED_MICRODATA,"OECD PUF via learningtower, gewichtetes Quantil (1 PV)",n = 3634
M479 (S07),Malta,2015,math,P50,483.6,COMPUTED_MICRODATA,"OECD PUF via learningtower, gewichtetes Quantil (1 PV)",n = 3634
M479 (S07),Malta,2015,math,P75,557.9,COMPUTED_MICRODATA,"OECD PUF via learningtower, gewichtetes Quantil (1 PV)",n = 3634
M479 (S07),Malta,2015,math,P90,613.5,COMPUTED_MICRODATA,"OECD PUF via learningtower, gewichtetes Quantil (1 PV)",n = 3634
M479 (S07),Malta,2015,read,P10,284.3,COMPUTED_MICRODATA,"OECD PUF via learningtower, gewichtetes Quantil (1 PV)",n = 3634
M479 (S07),Malta,2015,read,P25,367.5,COMPUTED_MICRODATA,"OECD PUF via learningtower, gewichtetes Quantil (1 PV)",n = 3634
M479 (S07),Malta,2015,read,P50,456.5,COMPUTED_MICRODATA,"OECD PUF via learningtower, gewichtetes Quantil (1 PV)",n = 3634
M479 (S07),Malta,2015,read,P75,535.0,COMPUTED_MICRODATA,"OECD PUF via learningtower, gewichtetes Quantil (1 PV)",n = 3634
M479 (S07),Malta,2015,read,P90,595.3,COMPUTED_MICRODATA,"OECD PUF via learningtower, gewichtetes Quantil (1 PV)",n = 3634
M479 (S07),Malta,2015,sci,P10,310.3,COMPUTED_MICRODATA,"OECD PUF via learningtower, gewichtetes Quantil (1 PV)",n = 3634
M479 (S07),Malta,2015,sci,P25,385.7,COMPUTED_MICRODATA,"OECD PUF via learningtower, gewichtetes Quantil (1 PV)",n = 3634
M479 (S07),Malta,2015,sci,P50,467.0,COMPUTED_MICRODATA,"OECD PUF via learningtower, gewichtetes Quantil (1 PV)",n = 3634
M479 (S07),Malta,2015,sci,P75,549.2,COMPUTED_MICRODATA,"OECD PUF via learningtower, gewichtetes Quantil (1 PV)",n = 3634
M479 (S07),Malta,2015,sci,P90,618.1,COMPUTED_MICRODATA,"OECD PUF via learningtower, gewichtetes Quantil (1 PV)",n = 3634
M479 (S07),Montenegro,2015,math,P10,306.8,COMPUTED_MICRODATA,"OECD PUF via learningtower, gewichtetes Quantil (1 PV)",n = 5665
M479 (S07),Montenegro,2015,math,P25,354.6,COMPUTED_MICRODATA,"OECD PUF via learningtower, gewichtetes Quantil (1 PV)",n = 5665
M479 (S07),Montenegro,2015,math,P50,413.2,COMPUTED_MICRODATA,"OECD PUF via learningtower, gewichtetes Quantil (1 PV)",n = 5665
M479 (S07),Montenegro,2015,math,P75,475.4,COMPUTED_MICRODATA,"OECD PUF via learningtower, gewichtetes Quantil (1 PV)",n = 5665
M479 (S07),Montenegro,2015,math,P90,527.9,COMPUTED_MICRODATA,"OECD PUF via learningtower, gewichtetes Quantil (1 PV)",n = 5665
M479 (S07),Montenegro,2015,read,P10,304.5,COMPUTED_MICRODATA,"OECD PUF via learningtower, gewichtetes Quantil (1 PV)",n = 5665
M479 (S07),Montenegro,2015,read,P25,359.9,COMPUTED_MICRODATA,"OECD PUF via learningtower, gewichtetes Quantil (1 PV)",n = 5665
M479 (S07),Montenegro,2015,read,P50,426.6,COMPUTED_MICRODATA,"OECD PUF via learningtower, gewichtetes Quantil (1 PV)",n = 5665
M479 (S07),Montenegro,2015,read,P75,493.8,COMPUTED_MICRODATA,"OECD PUF via learningtower, gewichtetes Quantil (1 PV)",n = 5665
M479 (S07),Montenegro,2015,read,P90,547.4,COMPUTED_MICRODATA,"OECD PUF via learningtower, gewichtetes Quantil (1 PV)",n = 5665
M479 (S07),Montenegro,2015,sci,P10,302.2,COMPUTED_MICRODATA,"OECD PUF via learningtower, gewichtetes Quantil (1 PV)",n = 5665
M479 (S07),Montenegro,2015,sci,P25,351.8,COMPUTED_MICRODATA,"OECD PUF via learningtower, gewichtetes Quantil (1 PV)",n = 5665
M479 (S07),Montenegro,2015,sci,P50,408.1,COMPUTED_MICRODATA,"OECD PUF via learningtower, gewichtetes Quantil (1 PV)",n = 5665
M479 (S07),Montenegro,2015,sci,P75,468.6,COMPUTED_MICRODATA,"OECD PUF via learningtower, gewichtetes Quantil (1 PV)",n = 5665
M479 (S07),Montenegro,2015,sci,P90,525.9,COMPUTED_MICRODATA,"OECD PUF via learningtower, gewichtetes Quantil (1 PV)",n = 5665
M479 (S07),Netherlands,2015,math,P10,389.3,COMPUTED_MICRODATA,"OECD PUF via learningtower, gewichtetes Quantil (1 PV)",n = 5385
M479 (S07),Netherlands,2015,math,P25,448.9,COMPUTED_MICRODATA,"OECD PUF via learningtower, gewichtetes Quantil (1 PV)",n = 5385
M479 (S07),Netherlands,2015,math,P50,516.7,COMPUTED_MICRODATA,"OECD PUF via learningtower, gewichtetes Quantil (1 PV)",n = 5385
M479 (S07),Netherlands,2015,math,P75,579.6,COMPUTED_MICRODATA,"OECD PUF via learningtower, gewichtetes Quantil (1 PV)",n = 5385
M479 (S07),Netherlands,2015,math,P90,628.2,COMPUTED_MICRODATA,"OECD PUF via learningtower, gewichtetes Quantil (1 PV)",n = 5385
M479 (S07),Netherlands,2015,read,P10,367.2,COMPUTED_MICRODATA,"OECD PUF via learningtower, gewichtetes Quantil (1 PV)",n = 5385
M479 (S07),Netherlands,2015,read,P25,432.9,COMPUTED_MICRODATA,"OECD PUF via learningtower, gewichtetes Quantil (1 PV)",n = 5385
M479 (S07),Netherlands,2015,read,P50,508.5,COMPUTED_MICRODATA,"OECD PUF via learningtower, gewichtetes Quantil (1 PV)",n = 5385
M479 (S07),Netherlands,2015,read,P75,576.0,COMPUTED_MICRODATA,"OECD PUF via learningtower, gewichtetes Quantil (1 PV)",n = 5385
M479 (S07),Netherlands,2015,read,P90,630.2,COMPUTED_MICRODATA,"OECD PUF via learningtower, gewichtetes Quantil (1 PV)",n = 5385
M479 (S07),Netherlands,2015,sci,P10,372.5,COMPUTED_MICRODATA,"OECD PUF via learningtower, gewichtetes Quantil (1 PV)",n = 5385
M479 (S07),Netherlands,2015,sci,P25,432.9,COMPUTED_MICRODATA,"OECD PUF via learningtower, gewichtetes Quantil (1 PV)",n = 5385
M479 (S07),Netherlands,2015,sci,P50,512.6,COMPUTED_MICRODATA,"OECD PUF via learningtower, gewichtetes Quantil (1 PV)",n = 5385
M479 (S07),Netherlands,2015,sci,P75,584.1,COMPUTED_MICRODATA,"OECD PUF via learningtower, gewichtetes Quantil (1 PV)",n = 5385
M479 (S07),Netherlands,2015,sci,P90,637.4,COMPUTED_MICRODATA,"OECD PUF via learningtower, gewichtetes Quantil (1 PV)",n = 5385
M479 (S07),Norway,2015,math,P10,388.2,COMPUTED_MICRODATA,"OECD PUF via learningtower, gewichtetes Quantil (1 PV)",n = 5456
M479 (S07),Norway,2015,math,P25,443.5,COMPUTED_MICRODATA,"OECD PUF via learningtower, gewichtetes Quantil (1 PV)",n = 5456
M479 (S07),Norway,2015,math,P50,501.0,COMPUTED_MICRODATA,"OECD PUF via learningtower, gewichtetes Quantil (1 PV)",n = 5456
M479 (S07),Norway,2015,math,P75,558.1,COMPUTED_MICRODATA,"OECD PUF via learningtower, gewichtetes Quantil (1 PV)",n = 5456
M479 (S07),Norway,2015,math,P90,609.2,COMPUTED_MICRODATA,"OECD PUF via learningtower, gewichtetes Quantil (1 PV)",n = 5456
M479 (S07),Norway,2015,read,P10,383.1,COMPUTED_MICRODATA,"OECD PUF via learningtower, gewichtetes Quantil (1 PV)",n = 5456
M479 (S07),Norway,2015,read,P25,449.0,COMPUTED_MICRODATA,"OECD PUF via learningtower, gewichtetes Quantil (1 PV)",n = 5456
M479 (S07),Norway,2015,read,P50,519.4,COMPUTED_MICRODATA,"OECD PUF via learningtower, gewichtetes Quantil (1 PV)",n = 5456
M479 (S07),Norway,2015,read,P75,583.5,COMPUTED_MICRODATA,"OECD PUF via learningtower, gewichtetes Quantil (1 PV)",n = 5456
M479 (S07),Norway,2015,read,P90,636.4,COMPUTED_MICRODATA,"OECD PUF via learningtower, gewichtetes Quantil (1 PV)",n = 5456
M479 (S07),Norway,2015,sci,P10,372.0,COMPUTED_MICRODATA,"OECD PUF via learningtower, gewichtetes Quantil (1 PV)",n = 5456
M479 (S07),Norway,2015,sci,P25,431.7,COMPUTED_MICRODATA,"OECD PUF via learningtower, gewichtetes Quantil (1 PV)",n = 5456
M479 (S07),Norway,2015,sci,P50,500.1,COMPUTED_MICRODATA,"OECD PUF via learningtower, gewichtetes Quantil (1 PV)",n = 5456
M479 (S07),Norway,2015,sci,P75,565.2,COMPUTED_MICRODATA,"OECD PUF via learningtower, gewichtetes Quantil (1 PV)",n = 5456
M479 (S07),Norway,2015,sci,P90,622.7,COMPUTED_MICRODATA,"OECD PUF via learningtower, gewichtetes Quantil (1 PV)",n = 5456
M479 (S07),New Zealand,2015,math,P10,373.3,COMPUTED_MICRODATA,"OECD PUF via learningtower, gewichtetes Quantil (1 PV)",n = 4520
M479 (S07),New Zealand,2015,math,P25,431.2,COMPUTED_MICRODATA,"OECD PUF via learningtower, gewichtetes Quantil (1 PV)",n = 4520
M479 (S07),New Zealand,2015,math,P50,494.5,COMPUTED_MICRODATA,"OECD PUF via learningtower, gewichtetes Quantil (1 PV)",n = 4520
M479 (S07),New Zealand,2015,math,P75,558.7,COMPUTED_MICRODATA,"OECD PUF via learningtower, gewichtetes Quantil (1 PV)",n = 4520
M479 (S07),New Zealand,2015,math,P90,610.7,COMPUTED_MICRODATA,"OECD PUF via learningtower, gewichtetes Quantil (1 PV)",n = 4520
M479 (S07),New Zealand,2015,read,P10,366.4,COMPUTED_MICRODATA,"OECD PUF via learningtower, gewichtetes Quantil (1 PV)",n = 4520
M479 (S07),New Zealand,2015,read,P25,437.6,COMPUTED_MICRODATA,"OECD PUF via learningtower, gewichtetes Quantil (1 PV)",n = 4520
M479 (S07),New Zealand,2015,read,P50,514.1,COMPUTED_MICRODATA,"OECD PUF via learningtower, gewichtetes Quantil (1 PV)",n = 4520
M479 (S07),New Zealand,2015,read,P75,583.5,COMPUTED_MICRODATA,"OECD PUF via learningtower, gewichtetes Quantil (1 PV)",n = 4520
M479 (S07),New Zealand,2015,read,P90,639.6,COMPUTED_MICRODATA,"OECD PUF via learningtower, gewichtetes Quantil (1 PV)",n = 4520
M479 (S07),New Zealand,2015,sci,P10,375.3,COMPUTED_MICRODATA,"OECD PUF via learningtower, gewichtetes Quantil (1 PV)",n = 4520
M479 (S07),New Zealand,2015,sci,P25,439.5,COMPUTED_MICRODATA,"OECD PUF via learningtower, gewichtetes Quantil (1 PV)",n = 4520
M479 (S07),New Zealand,2015,sci,P50,518.0,COMPUTED_MICRODATA,"OECD PUF via learningtower, gewichtetes Quantil (1 PV)",n = 4520
M479 (S07),New Zealand,2015,sci,P75,588.8,COMPUTED_MICRODATA,"OECD PUF via learningtower, gewichtetes Quantil (1 PV)",n = 4520
M479 (S07),New Zealand,2015,sci,P90,648.2,COMPUTED_MICRODATA,"OECD PUF via learningtower, gewichtetes Quantil (1 PV)",n = 4520
M479 (S07),Peru,2015,math,P10,283.1,COMPUTED_MICRODATA,"OECD PUF via learningtower, gewichtetes Quantil (1 PV)",n = 6971
M479 (S07),Peru,2015,math,P25,329.5,COMPUTED_MICRODATA,"OECD PUF via learningtower, gewichtetes Quantil (1 PV)",n = 6971
M479 (S07),Peru,2015,math,P50,383.8,COMPUTED_MICRODATA,"OECD PUF via learningtower, gewichtetes Quantil (1 PV)",n = 6971
M479 (S07),Peru,2015,math,P75,440.4,COMPUTED_MICRODATA,"OECD PUF via learningtower, gewichtetes Quantil (1 PV)",n = 6971
M479 (S07),Peru,2015,math,P90,491.4,COMPUTED_MICRODATA,"OECD PUF via learningtower, gewichtetes Quantil (1 PV)",n = 6971
M479 (S07),Peru,2015,read,P10,280.4,COMPUTED_MICRODATA,"OECD PUF via learningtower, gewichtetes Quantil (1 PV)",n = 6971
M479 (S07),Peru,2015,read,P25,335.1,COMPUTED_MICRODATA,"OECD PUF via learningtower, gewichtetes Quantil (1 PV)",n = 6971
M479 (S07),Peru,2015,read,P50,396.2,COMPUTED_MICRODATA,"OECD PUF via learningtower, gewichtetes Quantil (1 PV)",n = 6971
M479 (S07),Peru,2015,read,P75,460.0,COMPUTED_MICRODATA,"OECD PUF via learningtower, gewichtetes Quantil (1 PV)",n = 6971
M479 (S07),Peru,2015,read,P90,513.0,COMPUTED_MICRODATA,"OECD PUF via learningtower, gewichtetes Quantil (1 PV)",n = 6971
M479 (S07),Peru,2015,sci,P10,300.3,COMPUTED_MICRODATA,"OECD PUF via learningtower, gewichtetes Quantil (1 PV)",n = 6971
M479 (S07),Peru,2015,sci,P25,342.5,COMPUTED_MICRODATA,"OECD PUF via learningtower, gewichtetes Quantil (1 PV)",n = 6971
M479 (S07),Peru,2015,sci,P50,392.6,COMPUTED_MICRODATA,"OECD PUF via learningtower, gewichtetes Quantil (1 PV)",n = 6971
M479 (S07),Peru,2015,sci,P75,448.0,COMPUTED_MICRODATA,"OECD PUF via learningtower, gewichtetes Quantil (1 PV)",n = 6971
M479 (S07),Peru,2015,sci,P90,498.7,COMPUTED_MICRODATA,"OECD PUF via learningtower, gewichtetes Quantil (1 PV)",n = 6971
M479 (S07),Poland,2015,math,P10,390.0,COMPUTED_MICRODATA,"OECD PUF via learningtower, gewichtetes Quantil (1 PV)",n = 4478
M479 (S07),Poland,2015,math,P25,444.1,COMPUTED_MICRODATA,"OECD PUF via learningtower, gewichtetes Quantil (1 PV)",n = 4478
M479 (S07),Poland,2015,math,P50,503.8,COMPUTED_MICRODATA,"OECD PUF via learningtower, gewichtetes Quantil (1 PV)",n = 4478
M479 (S07),Poland,2015,math,P75,565.0,COMPUTED_MICRODATA,"OECD PUF via learningtower, gewichtetes Quantil (1 PV)",n = 4478
M479 (S07),Poland,2015,math,P90,616.2,COMPUTED_MICRODATA,"OECD PUF via learningtower, gewichtetes Quantil (1 PV)",n = 4478
M479 (S07),Poland,2015,read,P10,386.0,COMPUTED_MICRODATA,"OECD PUF via learningtower, gewichtetes Quantil (1 PV)",n = 4478
M479 (S07),Poland,2015,read,P25,447.4,COMPUTED_MICRODATA,"OECD PUF via learningtower, gewichtetes Quantil (1 PV)",n = 4478
M479 (S07),Poland,2015,read,P50,512.7,COMPUTED_MICRODATA,"OECD PUF via learningtower, gewichtetes Quantil (1 PV)",n = 4478
M479 (S07),Poland,2015,read,P75,572.2,COMPUTED_MICRODATA,"OECD PUF via learningtower, gewichtetes Quantil (1 PV)",n = 4478
M479 (S07),Poland,2015,read,P90,616.5,COMPUTED_MICRODATA,"OECD PUF via learningtower, gewichtetes Quantil (1 PV)",n = 4478
M479 (S07),Poland,2015,sci,P10,384.7,COMPUTED_MICRODATA,"OECD PUF via learningtower, gewichtetes Quantil (1 PV)",n = 4478
M479 (S07),Poland,2015,sci,P25,436.3,COMPUTED_MICRODATA,"OECD PUF via learningtower, gewichtetes Quantil (1 PV)",n = 4478
M479 (S07),Poland,2015,sci,P50,501.9,COMPUTED_MICRODATA,"OECD PUF via learningtower, gewichtetes Quantil (1 PV)",n = 4478
M479 (S07),Poland,2015,sci,P75,564.8,COMPUTED_MICRODATA,"OECD PUF via learningtower, gewichtetes Quantil (1 PV)",n = 4478
M479 (S07),Poland,2015,sci,P90,619.0,COMPUTED_MICRODATA,"OECD PUF via learningtower, gewichtetes Quantil (1 PV)",n = 4478
M479 (S07),Portugal,2015,math,P10,363.1,COMPUTED_MICRODATA,"OECD PUF via learningtower, gewichtetes Quantil (1 PV)",n = 7325
M479 (S07),Portugal,2015,math,P25,423.3,COMPUTED_MICRODATA,"OECD PUF via learningtower, gewichtetes Quantil (1 PV)",n = 7325
M479 (S07),Portugal,2015,math,P50,495.1,COMPUTED_MICRODATA,"OECD PUF via learningtower, gewichtetes Quantil (1 PV)",n = 7325
M479 (S07),Portugal,2015,math,P75,562.2,COMPUTED_MICRODATA,"OECD PUF via learningtower, gewichtetes Quantil (1 PV)",n = 7325
M479 (S07),Portugal,2015,math,P90,615.1,COMPUTED_MICRODATA,"OECD PUF via learningtower, gewichtetes Quantil (1 PV)",n = 7325
M479 (S07),Portugal,2015,read,P10,374.8,COMPUTED_MICRODATA,"OECD PUF via learningtower, gewichtetes Quantil (1 PV)",n = 7325
M479 (S07),Portugal,2015,read,P25,435.4,COMPUTED_MICRODATA,"OECD PUF via learningtower, gewichtetes Quantil (1 PV)",n = 7325
M479 (S07),Portugal,2015,read,P50,504.7,COMPUTED_MICRODATA,"OECD PUF via learningtower, gewichtetes Quantil (1 PV)",n = 7325
M479 (S07),Portugal,2015,read,P75,563.3,COMPUTED_MICRODATA,"OECD PUF via learningtower, gewichtetes Quantil (1 PV)",n = 7325
M479 (S07),Portugal,2015,read,P90,613.2,COMPUTED_MICRODATA,"OECD PUF via learningtower, gewichtetes Quantil (1 PV)",n = 7325
M479 (S07),Portugal,2015,sci,P10,378.1,COMPUTED_MICRODATA,"OECD PUF via learningtower, gewichtetes Quantil (1 PV)",n = 7325
M479 (S07),Portugal,2015,sci,P25,434.0,COMPUTED_MICRODATA,"OECD PUF via learningtower, gewichtetes Quantil (1 PV)",n = 7325
M479 (S07),Portugal,2015,sci,P50,500.8,COMPUTED_MICRODATA,"OECD PUF via learningtower, gewichtetes Quantil (1 PV)",n = 7325
M479 (S07),Portugal,2015,sci,P75,567.2,COMPUTED_MICRODATA,"OECD PUF via learningtower, gewichtetes Quantil (1 PV)",n = 7325
M479 (S07),Portugal,2015,sci,P90,617.5,COMPUTED_MICRODATA,"OECD PUF via learningtower, gewichtetes Quantil (1 PV)",n = 7325
M479 (S07),Qatar,2015,math,P10,278.6,COMPUTED_MICRODATA,"OECD PUF via learningtower, gewichtetes Quantil (1 PV)",n = 12083
M479 (S07),Qatar,2015,math,P25,330.1,COMPUTED_MICRODATA,"OECD PUF via learningtower, gewichtetes Quantil (1 PV)",n = 12083
M479 (S07),Qatar,2015,math,P50,397.3,COMPUTED_MICRODATA,"OECD PUF via learningtower, gewichtetes Quantil (1 PV)",n = 12083
M479 (S07),Qatar,2015,math,P75,469.3,COMPUTED_MICRODATA,"OECD PUF via learningtower, gewichtetes Quantil (1 PV)",n = 12083
M479 (S07),Qatar,2015,math,P90,535.3,COMPUTED_MICRODATA,"OECD PUF via learningtower, gewichtetes Quantil (1 PV)",n = 12083
M479 (S07),Qatar,2015,read,P10,254.4,COMPUTED_MICRODATA,"OECD PUF via learningtower, gewichtetes Quantil (1 PV)",n = 12083
M479 (S07),Qatar,2015,read,P25,320.2,COMPUTED_MICRODATA,"OECD PUF via learningtower, gewichtetes Quantil (1 PV)",n = 12083
M479 (S07),Qatar,2015,read,P50,403.6,COMPUTED_MICRODATA,"OECD PUF via learningtower, gewichtetes Quantil (1 PV)",n = 12083
M479 (S07),Qatar,2015,read,P75,485.8,COMPUTED_MICRODATA,"OECD PUF via learningtower, gewichtetes Quantil (1 PV)",n = 12083
M479 (S07),Qatar,2015,read,P90,548.7,COMPUTED_MICRODATA,"OECD PUF via learningtower, gewichtetes Quantil (1 PV)",n = 12083
M479 (S07),Qatar,2015,sci,P10,293.6,COMPUTED_MICRODATA,"OECD PUF via learningtower, gewichtetes Quantil (1 PV)",n = 12083
M479 (S07),Qatar,2015,sci,P25,343.6,COMPUTED_MICRODATA,"OECD PUF via learningtower, gewichtetes Quantil (1 PV)",n = 12083
M479 (S07),Qatar,2015,sci,P50,408.9,COMPUTED_MICRODATA,"OECD PUF via learningtower, gewichtetes Quantil (1 PV)",n = 12083
M479 (S07),Qatar,2015,sci,P75,484.4,COMPUTED_MICRODATA,"OECD PUF via learningtower, gewichtetes Quantil (1 PV)",n = 12083
M479 (S07),Qatar,2015,sci,P90,552.0,COMPUTED_MICRODATA,"OECD PUF via learningtower, gewichtetes Quantil (1 PV)",n = 12083
M479 (S07),Ukrainian regions (17 of 27),2015,math,P10,386.4,COMPUTED_MICRODATA,"OECD PUF via learningtower, gewichtetes Quantil (1 PV)",n = 1652
M479 (S07),Ukrainian regions (17 of 27),2015,math,P25,445.4,COMPUTED_MICRODATA,"OECD PUF via learningtower, gewichtetes Quantil (1 PV)",n = 1652
M479 (S07),Ukrainian regions (17 of 27),2015,math,P50,501.5,COMPUTED_MICRODATA,"OECD PUF via learningtower, gewichtetes Quantil (1 PV)",n = 1652
M479 (S07),Ukrainian regions (17 of 27),2015,math,P75,559.5,COMPUTED_MICRODATA,"OECD PUF via learningtower, gewichtetes Quantil (1 PV)",n = 1652
M479 (S07),Ukrainian regions (17 of 27),2015,math,P90,607.2,COMPUTED_MICRODATA,"OECD PUF via learningtower, gewichtetes Quantil (1 PV)",n = 1652
M479 (S07),Ukrainian regions (17 of 27),2015,read,P10,400.6,COMPUTED_MICRODATA,"OECD PUF via learningtower, gewichtetes Quantil (1 PV)",n = 1652
M479 (S07),Ukrainian regions (17 of 27),2015,read,P25,464.6,COMPUTED_MICRODATA,"OECD PUF via learningtower, gewichtetes Quantil (1 PV)",n = 1652
M479 (S07),Ukrainian regions (17 of 27),2015,read,P50,531.0,COMPUTED_MICRODATA,"OECD PUF via learningtower, gewichtetes Quantil (1 PV)",n = 1652
M479 (S07),Ukrainian regions (17 of 27),2015,read,P75,592.4,COMPUTED_MICRODATA,"OECD PUF via learningtower, gewichtetes Quantil (1 PV)",n = 1652
M479 (S07),Ukrainian regions (17 of 27),2015,read,P90,642.9,COMPUTED_MICRODATA,"OECD PUF via learningtower, gewichtetes Quantil (1 PV)",n = 1652
M479 (S07),Ukrainian regions (17 of 27),2015,sci,P10,399.0,COMPUTED_MICRODATA,"OECD PUF via learningtower, gewichtetes Quantil (1 PV)",n = 1652
M479 (S07),Ukrainian regions (17 of 27),2015,sci,P25,465.6,COMPUTED_MICRODATA,"OECD PUF via learningtower, gewichtetes Quantil (1 PV)",n = 1652
M479 (S07),Ukrainian regions (17 of 27),2015,sci,P50,534.5,COMPUTED_MICRODATA,"OECD PUF via learningtower, gewichtetes Quantil (1 PV)",n = 1652
M479 (S07),Ukrainian regions (17 of 27),2015,sci,P75,598.5,COMPUTED_MICRODATA,"OECD PUF via learningtower, gewichtetes Quantil (1 PV)",n = 1652
M479 (S07),Ukrainian regions (17 of 27),2015,sci,P90,653.7,COMPUTED_MICRODATA,"OECD PUF via learningtower, gewichtetes Quantil (1 PV)",n = 1652
M479 (S07),Romania,2015,math,P10,334.1,COMPUTED_MICRODATA,"OECD PUF via learningtower, gewichtetes Quantil (1 PV)",n = 4876
M479 (S07),Romania,2015,math,P25,382.5,COMPUTED_MICRODATA,"OECD PUF via learningtower, gewichtetes Quantil (1 PV)",n = 4876
M479 (S07),Romania,2015,math,P50,442.4,COMPUTED_MICRODATA,"OECD PUF via learningtower, gewichtetes Quantil (1 PV)",n = 4876
M479 (S07),Romania,2015,math,P75,500.7,COMPUTED_MICRODATA,"OECD PUF via learningtower, gewichtetes Quantil (1 PV)",n = 4876
M479 (S07),Romania,2015,math,P90,557.6,COMPUTED_MICRODATA,"OECD PUF via learningtower, gewichtetes Quantil (1 PV)",n = 4876
M479 (S07),Romania,2015,read,P10,308.3,COMPUTED_MICRODATA,"OECD PUF via learningtower, gewichtetes Quantil (1 PV)",n = 4876
M479 (S07),Romania,2015,read,P25,369.4,COMPUTED_MICRODATA,"OECD PUF via learningtower, gewichtetes Quantil (1 PV)",n = 4876
M479 (S07),Romania,2015,read,P50,434.2,COMPUTED_MICRODATA,"OECD PUF via learningtower, gewichtetes Quantil (1 PV)",n = 4876
M479 (S07),Romania,2015,read,P75,498.4,COMPUTED_MICRODATA,"OECD PUF via learningtower, gewichtetes Quantil (1 PV)",n = 4876
M479 (S07),Romania,2015,read,P90,555.3,COMPUTED_MICRODATA,"OECD PUF via learningtower, gewichtetes Quantil (1 PV)",n = 4876
M479 (S07),Romania,2015,sci,P10,335.2,COMPUTED_MICRODATA,"OECD PUF via learningtower, gewichtetes Quantil (1 PV)",n = 4876
M479 (S07),Romania,2015,sci,P25,378.0,COMPUTED_MICRODATA,"OECD PUF via learningtower, gewichtetes Quantil (1 PV)",n = 4876
M479 (S07),Romania,2015,sci,P50,432.8,COMPUTED_MICRODATA,"OECD PUF via learningtower, gewichtetes Quantil (1 PV)",n = 4876
M479 (S07),Romania,2015,sci,P75,487.8,COMPUTED_MICRODATA,"OECD PUF via learningtower, gewichtetes Quantil (1 PV)",n = 4876
M479 (S07),Romania,2015,sci,P90,539.0,COMPUTED_MICRODATA,"OECD PUF via learningtower, gewichtetes Quantil (1 PV)",n = 4876
M479 (S07),Singapore,2015,math,P10,434.9,COMPUTED_MICRODATA,"OECD PUF via learningtower, gewichtetes Quantil (1 PV)",n = 6115
M479 (S07),Singapore,2015,math,P25,501.5,COMPUTED_MICRODATA,"OECD PUF via learningtower, gewichtetes Quantil (1 PV)",n = 6115
M479 (S07),Singapore,2015,math,P50,571.2,COMPUTED_MICRODATA,"OECD PUF via learningtower, gewichtetes Quantil (1 PV)",n = 6115
M479 (S07),Singapore,2015,math,P75,632.6,COMPUTED_MICRODATA,"OECD PUF via learningtower, gewichtetes Quantil (1 PV)",n = 6115
M479 (S07),Singapore,2015,math,P90,682.0,COMPUTED_MICRODATA,"OECD PUF via learningtower, gewichtetes Quantil (1 PV)",n = 6115
M479 (S07),Singapore,2015,read,P10,394.8,COMPUTED_MICRODATA,"OECD PUF via learningtower, gewichtetes Quantil (1 PV)",n = 6115
M479 (S07),Singapore,2015,read,P25,467.5,COMPUTED_MICRODATA,"OECD PUF via learningtower, gewichtetes Quantil (1 PV)",n = 6115
M479 (S07),Singapore,2015,read,P50,541.0,COMPUTED_MICRODATA,"OECD PUF via learningtower, gewichtetes Quantil (1 PV)",n = 6115
M479 (S07),Singapore,2015,read,P75,605.0,COMPUTED_MICRODATA,"OECD PUF via learningtower, gewichtetes Quantil (1 PV)",n = 6115
M479 (S07),Singapore,2015,read,P90,655.3,COMPUTED_MICRODATA,"OECD PUF via learningtower, gewichtetes Quantil (1 PV)",n = 6115
M479 (S07),Singapore,2015,sci,P10,410.9,COMPUTED_MICRODATA,"OECD PUF via learningtower, gewichtetes Quantil (1 PV)",n = 6115
M479 (S07),Singapore,2015,sci,P25,484.6,COMPUTED_MICRODATA,"OECD PUF via learningtower, gewichtetes Quantil (1 PV)",n = 6115
M479 (S07),Singapore,2015,sci,P50,563.8,COMPUTED_MICRODATA,"OECD PUF via learningtower, gewichtetes Quantil (1 PV)",n = 6115
M479 (S07),Singapore,2015,sci,P75,630.0,COMPUTED_MICRODATA,"OECD PUF via learningtower, gewichtetes Quantil (1 PV)",n = 6115
M479 (S07),Singapore,2015,sci,P90,684.9,COMPUTED_MICRODATA,"OECD PUF via learningtower, gewichtetes Quantil (1 PV)",n = 6115
M479 (S07),Slovak Republic,2015,math,P10,347.2,COMPUTED_MICRODATA,"OECD PUF via learningtower, gewichtetes Quantil (1 PV)",n = 6350
M479 (S07),Slovak Republic,2015,math,P25,408.6,COMPUTED_MICRODATA,"OECD PUF via learningtower, gewichtetes Quantil (1 PV)",n = 6350
M479 (S07),Slovak Republic,2015,math,P50,479.7,COMPUTED_MICRODATA,"OECD PUF via learningtower, gewichtetes Quantil (1 PV)",n = 6350
M479 (S07),Slovak Republic,2015,math,P75,542.7,COMPUTED_MICRODATA,"OECD PUF via learningtower, gewichtetes Quantil (1 PV)",n = 6350
M479 (S07),Slovak Republic,2015,math,P90,598.6,COMPUTED_MICRODATA,"OECD PUF via learningtower, gewichtetes Quantil (1 PV)",n = 6350
M479 (S07),Slovak Republic,2015,read,P10,312.3,COMPUTED_MICRODATA,"OECD PUF via learningtower, gewichtetes Quantil (1 PV)",n = 6350
M479 (S07),Slovak Republic,2015,read,P25,382.4,COMPUTED_MICRODATA,"OECD PUF via learningtower, gewichtetes Quantil (1 PV)",n = 6350
M479 (S07),Slovak Republic,2015,read,P50,459.8,COMPUTED_MICRODATA,"OECD PUF via learningtower, gewichtetes Quantil (1 PV)",n = 6350
M479 (S07),Slovak Republic,2015,read,P75,526.8,COMPUTED_MICRODATA,"OECD PUF via learningtower, gewichtetes Quantil (1 PV)",n = 6350
M479 (S07),Slovak Republic,2015,read,P90,583.3,COMPUTED_MICRODATA,"OECD PUF via learningtower, gewichtetes Quantil (1 PV)",n = 6350
M479 (S07),Slovak Republic,2015,sci,P10,331.8,COMPUTED_MICRODATA,"OECD PUF via learningtower, gewichtetes Quantil (1 PV)",n = 6350
M479 (S07),Slovak Republic,2015,sci,P25,391.1,COMPUTED_MICRODATA,"OECD PUF via learningtower, gewichtetes Quantil (1 PV)",n = 6350
M479 (S07),Slovak Republic,2015,sci,P50,462.9,COMPUTED_MICRODATA,"OECD PUF via learningtower, gewichtetes Quantil (1 PV)",n = 6350
M479 (S07),Slovak Republic,2015,sci,P75,532.9,COMPUTED_MICRODATA,"OECD PUF via learningtower, gewichtetes Quantil (1 PV)",n = 6350
M479 (S07),Slovak Republic,2015,sci,P90,591.1,COMPUTED_MICRODATA,"OECD PUF via learningtower, gewichtetes Quantil (1 PV)",n = 6350
M479 (S07),Slovenia,2015,math,P10,394.1,COMPUTED_MICRODATA,"OECD PUF via learningtower, gewichtetes Quantil (1 PV)",n = 6406
M479 (S07),Slovenia,2015,math,P25,449.8,COMPUTED_MICRODATA,"OECD PUF via learningtower, gewichtetes Quantil (1 PV)",n = 6406
M479 (S07),Slovenia,2015,math,P50,512.6,COMPUTED_MICRODATA,"OECD PUF via learningtower, gewichtetes Quantil (1 PV)",n = 6406
M479 (S07),Slovenia,2015,math,P75,572.1,COMPUTED_MICRODATA,"OECD PUF via learningtower, gewichtetes Quantil (1 PV)",n = 6406
M479 (S07),Slovenia,2015,math,P90,622.2,COMPUTED_MICRODATA,"OECD PUF via learningtower, gewichtetes Quantil (1 PV)",n = 6406
M479 (S07),Slovenia,2015,read,P10,379.3,COMPUTED_MICRODATA,"OECD PUF via learningtower, gewichtetes Quantil (1 PV)",n = 6406
M479 (S07),Slovenia,2015,read,P25,444.7,COMPUTED_MICRODATA,"OECD PUF via learningtower, gewichtetes Quantil (1 PV)",n = 6406
M479 (S07),Slovenia,2015,read,P50,509.0,COMPUTED_MICRODATA,"OECD PUF via learningtower, gewichtetes Quantil (1 PV)",n = 6406
M479 (S07),Slovenia,2015,read,P75,569.4,COMPUTED_MICRODATA,"OECD PUF via learningtower, gewichtetes Quantil (1 PV)",n = 6406
M479 (S07),Slovenia,2015,read,P90,619.5,COMPUTED_MICRODATA,"OECD PUF via learningtower, gewichtetes Quantil (1 PV)",n = 6406
M479 (S07),Slovenia,2015,sci,P10,385.9,COMPUTED_MICRODATA,"OECD PUF via learningtower, gewichtetes Quantil (1 PV)",n = 6406
M479 (S07),Slovenia,2015,sci,P25,444.8,COMPUTED_MICRODATA,"OECD PUF via learningtower, gewichtetes Quantil (1 PV)",n = 6406
M479 (S07),Slovenia,2015,sci,P50,513.9,COMPUTED_MICRODATA,"OECD PUF via learningtower, gewichtetes Quantil (1 PV)",n = 6406
M479 (S07),Slovenia,2015,sci,P75,580.2,COMPUTED_MICRODATA,"OECD PUF via learningtower, gewichtetes Quantil (1 PV)",n = 6406
M479 (S07),Slovenia,2015,sci,P90,636.0,COMPUTED_MICRODATA,"OECD PUF via learningtower, gewichtetes Quantil (1 PV)",n = 6406
M479 (S07),Sweden,2015,math,P10,378.2,COMPUTED_MICRODATA,"OECD PUF via learningtower, gewichtetes Quantil (1 PV)",n = 5458
M479 (S07),Sweden,2015,math,P25,434.8,COMPUTED_MICRODATA,"OECD PUF via learningtower, gewichtetes Quantil (1 PV)",n = 5458
M479 (S07),Sweden,2015,math,P50,495.5,COMPUTED_MICRODATA,"OECD PUF via learningtower, gewichtetes Quantil (1 PV)",n = 5458
M479 (S07),Sweden,2015,math,P75,556.1,COMPUTED_MICRODATA,"OECD PUF via learningtower, gewichtetes Quantil (1 PV)",n = 5458
M479 (S07),Sweden,2015,math,P90,607.8,COMPUTED_MICRODATA,"OECD PUF via learningtower, gewichtetes Quantil (1 PV)",n = 5458
M479 (S07),Sweden,2015,read,P10,363.3,COMPUTED_MICRODATA,"OECD PUF via learningtower, gewichtetes Quantil (1 PV)",n = 5458
M479 (S07),Sweden,2015,read,P25,433.8,COMPUTED_MICRODATA,"OECD PUF via learningtower, gewichtetes Quantil (1 PV)",n = 5458
M479 (S07),Sweden,2015,read,P50,506.1,COMPUTED_MICRODATA,"OECD PUF via learningtower, gewichtetes Quantil (1 PV)",n = 5458
M479 (S07),Sweden,2015,read,P75,573.5,COMPUTED_MICRODATA,"OECD PUF via learningtower, gewichtetes Quantil (1 PV)",n = 5458
M479 (S07),Sweden,2015,read,P90,624.9,COMPUTED_MICRODATA,"OECD PUF via learningtower, gewichtetes Quantil (1 PV)",n = 5458
M479 (S07),Sweden,2015,sci,P10,356.1,COMPUTED_MICRODATA,"OECD PUF via learningtower, gewichtetes Quantil (1 PV)",n = 5458
M479 (S07),Sweden,2015,sci,P25,420.9,COMPUTED_MICRODATA,"OECD PUF via learningtower, gewichtetes Quantil (1 PV)",n = 5458
M479 (S07),Sweden,2015,sci,P50,495.5,COMPUTED_MICRODATA,"OECD PUF via learningtower, gewichtetes Quantil (1 PV)",n = 5458
M479 (S07),Sweden,2015,sci,P75,566.3,COMPUTED_MICRODATA,"OECD PUF via learningtower, gewichtetes Quantil (1 PV)",n = 5458
M479 (S07),Sweden,2015,sci,P90,623.7,COMPUTED_MICRODATA,"OECD PUF via learningtower, gewichtetes Quantil (1 PV)",n = 5458
M479 (S07),Chinese Taipei,2015,math,P10,405.8,COMPUTED_MICRODATA,"OECD PUF via learningtower, gewichtetes Quantil (1 PV)",n = 7708
M479 (S07),Chinese Taipei,2015,math,P25,473.3,COMPUTED_MICRODATA,"OECD PUF via learningtower, gewichtetes Quantil (1 PV)",n = 7708
M479 (S07),Chinese Taipei,2015,math,P50,550.1,COMPUTED_MICRODATA,"OECD PUF via learningtower, gewichtetes Quantil (1 PV)",n = 7708
M479 (S07),Chinese Taipei,2015,math,P75,617.5,COMPUTED_MICRODATA,"OECD PUF via learningtower, gewichtetes Quantil (1 PV)",n = 7708
M479 (S07),Chinese Taipei,2015,math,P90,671.4,COMPUTED_MICRODATA,"OECD PUF via learningtower, gewichtetes Quantil (1 PV)",n = 7708
M479 (S07),Chinese Taipei,2015,read,P10,372.4,COMPUTED_MICRODATA,"OECD PUF via learningtower, gewichtetes Quantil (1 PV)",n = 7708
M479 (S07),Chinese Taipei,2015,read,P25,437.4,COMPUTED_MICRODATA,"OECD PUF via learningtower, gewichtetes Quantil (1 PV)",n = 7708
M479 (S07),Chinese Taipei,2015,read,P50,504.3,COMPUTED_MICRODATA,"OECD PUF via learningtower, gewichtetes Quantil (1 PV)",n = 7708
M479 (S07),Chinese Taipei,2015,read,P75,561.6,COMPUTED_MICRODATA,"OECD PUF via learningtower, gewichtetes Quantil (1 PV)",n = 7708
M479 (S07),Chinese Taipei,2015,read,P90,610.0,COMPUTED_MICRODATA,"OECD PUF via learningtower, gewichtetes Quantil (1 PV)",n = 7708
M479 (S07),Chinese Taipei,2015,sci,P10,395.1,COMPUTED_MICRODATA,"OECD PUF via learningtower, gewichtetes Quantil (1 PV)",n = 7708
M479 (S07),Chinese Taipei,2015,sci,P25,465.5,COMPUTED_MICRODATA,"OECD PUF via learningtower, gewichtetes Quantil (1 PV)",n = 7708
M479 (S07),Chinese Taipei,2015,sci,P50,538.9,COMPUTED_MICRODATA,"OECD PUF via learningtower, gewichtetes Quantil (1 PV)",n = 7708
M479 (S07),Chinese Taipei,2015,sci,P75,605.2,COMPUTED_MICRODATA,"OECD PUF via learningtower, gewichtetes Quantil (1 PV)",n = 7708
M479 (S07),Chinese Taipei,2015,sci,P90,656.0,COMPUTED_MICRODATA,"OECD PUF via learningtower, gewichtetes Quantil (1 PV)",n = 7708
M479 (S07),Thailand,2015,math,P10,310.3,COMPUTED_MICRODATA,"OECD PUF via learningtower, gewichtetes Quantil (1 PV)",n = 8249
M479 (S07),Thailand,2015,math,P25,359.0,COMPUTED_MICRODATA,"OECD PUF via learningtower, gewichtetes Quantil (1 PV)",n = 8249
M479 (S07),Thailand,2015,math,P50,413.3,COMPUTED_MICRODATA,"OECD PUF via learningtower, gewichtetes Quantil (1 PV)",n = 8249
M479 (S07),Thailand,2015,math,P75,468.7,COMPUTED_MICRODATA,"OECD PUF via learningtower, gewichtetes Quantil (1 PV)",n = 8249
M479 (S07),Thailand,2015,math,P90,518.3,COMPUTED_MICRODATA,"OECD PUF via learningtower, gewichtetes Quantil (1 PV)",n = 8249
M479 (S07),Thailand,2015,read,P10,308.5,COMPUTED_MICRODATA,"OECD PUF via learningtower, gewichtetes Quantil (1 PV)",n = 8249
M479 (S07),Thailand,2015,read,P25,351.8,COMPUTED_MICRODATA,"OECD PUF via learningtower, gewichtetes Quantil (1 PV)",n = 8249
M479 (S07),Thailand,2015,read,P50,406.4,COMPUTED_MICRODATA,"OECD PUF via learningtower, gewichtetes Quantil (1 PV)",n = 8249
M479 (S07),Thailand,2015,read,P75,460.9,COMPUTED_MICRODATA,"OECD PUF via learningtower, gewichtetes Quantil (1 PV)",n = 8249
M479 (S07),Thailand,2015,read,P90,512.9,COMPUTED_MICRODATA,"OECD PUF via learningtower, gewichtetes Quantil (1 PV)",n = 8249
M479 (S07),Thailand,2015,sci,P10,325.8,COMPUTED_MICRODATA,"OECD PUF via learningtower, gewichtetes Quantil (1 PV)",n = 8249
M479 (S07),Thailand,2015,sci,P25,365.3,COMPUTED_MICRODATA,"OECD PUF via learningtower, gewichtetes Quantil (1 PV)",n = 8249
M479 (S07),Thailand,2015,sci,P50,416.0,COMPUTED_MICRODATA,"OECD PUF via learningtower, gewichtetes Quantil (1 PV)",n = 8249
M479 (S07),Thailand,2015,sci,P75,474.7,COMPUTED_MICRODATA,"OECD PUF via learningtower, gewichtetes Quantil (1 PV)",n = 8249
M479 (S07),Thailand,2015,sci,P90,530.4,COMPUTED_MICRODATA,"OECD PUF via learningtower, gewichtetes Quantil (1 PV)",n = 8249
M479 (S07),Türkiye,2015,math,P10,317.6,COMPUTED_MICRODATA,"OECD PUF via learningtower, gewichtetes Quantil (1 PV)",n = 5895
M479 (S07),Türkiye,2015,math,P25,362.8,COMPUTED_MICRODATA,"OECD PUF via learningtower, gewichtetes Quantil (1 PV)",n = 5895
M479 (S07),Türkiye,2015,math,P50,418.5,COMPUTED_MICRODATA,"OECD PUF via learningtower, gewichtetes Quantil (1 PV)",n = 5895
M479 (S07),Türkiye,2015,math,P75,478.8,COMPUTED_MICRODATA,"OECD PUF via learningtower, gewichtetes Quantil (1 PV)",n = 5895
M479 (S07),Türkiye,2015,math,P90,528.8,COMPUTED_MICRODATA,"OECD PUF via learningtower, gewichtetes Quantil (1 PV)",n = 5895
M479 (S07),Türkiye,2015,read,P10,323.9,COMPUTED_MICRODATA,"OECD PUF via learningtower, gewichtetes Quantil (1 PV)",n = 5895
M479 (S07),Türkiye,2015,read,P25,372.1,COMPUTED_MICRODATA,"OECD PUF via learningtower, gewichtetes Quantil (1 PV)",n = 5895
M479 (S07),Türkiye,2015,read,P50,428.5,COMPUTED_MICRODATA,"OECD PUF via learningtower, gewichtetes Quantil (1 PV)",n = 5895
M479 (S07),Türkiye,2015,read,P75,487.5,COMPUTED_MICRODATA,"OECD PUF via learningtower, gewichtetes Quantil (1 PV)",n = 5895
M479 (S07),Türkiye,2015,read,P90,534.4,COMPUTED_MICRODATA,"OECD PUF via learningtower, gewichtetes Quantil (1 PV)",n = 5895
M479 (S07),Türkiye,2015,sci,P10,324.0,COMPUTED_MICRODATA,"OECD PUF via learningtower, gewichtetes Quantil (1 PV)",n = 5895
M479 (S07),Türkiye,2015,sci,P25,369.3,COMPUTED_MICRODATA,"OECD PUF via learningtower, gewichtetes Quantil (1 PV)",n = 5895
M479 (S07),Türkiye,2015,sci,P50,421.6,COMPUTED_MICRODATA,"OECD PUF via learningtower, gewichtetes Quantil (1 PV)",n = 5895
M479 (S07),Türkiye,2015,sci,P75,482.4,COMPUTED_MICRODATA,"OECD PUF via learningtower, gewichtetes Quantil (1 PV)",n = 5895
M479 (S07),Türkiye,2015,sci,P90,531.9,COMPUTED_MICRODATA,"OECD PUF via learningtower, gewichtetes Quantil (1 PV)",n = 5895
M479 (S07),Uruguay,2015,math,P10,310.9,COMPUTED_MICRODATA,"OECD PUF via learningtower, gewichtetes Quantil (1 PV)",n = 6062
M479 (S07),Uruguay,2015,math,P25,359.9,COMPUTED_MICRODATA,"OECD PUF via learningtower, gewichtetes Quantil (1 PV)",n = 6062
M479 (S07),Uruguay,2015,math,P50,415.9,COMPUTED_MICRODATA,"OECD PUF via learningtower, gewichtetes Quantil (1 PV)",n = 6062
M479 (S07),Uruguay,2015,math,P75,477.6,COMPUTED_MICRODATA,"OECD PUF via learningtower, gewichtetes Quantil (1 PV)",n = 6062
M479 (S07),Uruguay,2015,math,P90,532.4,COMPUTED_MICRODATA,"OECD PUF via learningtower, gewichtetes Quantil (1 PV)",n = 6062
M479 (S07),Uruguay,2015,read,P10,309.5,COMPUTED_MICRODATA,"OECD PUF via learningtower, gewichtetes Quantil (1 PV)",n = 6062
M479 (S07),Uruguay,2015,read,P25,367.8,COMPUTED_MICRODATA,"OECD PUF via learningtower, gewichtetes Quantil (1 PV)",n = 6062
M479 (S07),Uruguay,2015,read,P50,437.5,COMPUTED_MICRODATA,"OECD PUF via learningtower, gewichtetes Quantil (1 PV)",n = 6062
M479 (S07),Uruguay,2015,read,P75,506.4,COMPUTED_MICRODATA,"OECD PUF via learningtower, gewichtetes Quantil (1 PV)",n = 6062
M479 (S07),Uruguay,2015,read,P90,565.0,COMPUTED_MICRODATA,"OECD PUF via learningtower, gewichtetes Quantil (1 PV)",n = 6062
M479 (S07),Uruguay,2015,sci,P10,324.7,COMPUTED_MICRODATA,"OECD PUF via learningtower, gewichtetes Quantil (1 PV)",n = 6062
M479 (S07),Uruguay,2015,sci,P25,370.8,COMPUTED_MICRODATA,"OECD PUF via learningtower, gewichtetes Quantil (1 PV)",n = 6062
M479 (S07),Uruguay,2015,sci,P50,430.6,COMPUTED_MICRODATA,"OECD PUF via learningtower, gewichtetes Quantil (1 PV)",n = 6062
M479 (S07),Uruguay,2015,sci,P75,497.2,COMPUTED_MICRODATA,"OECD PUF via learningtower, gewichtetes Quantil (1 PV)",n = 6062
M479 (S07),Uruguay,2015,sci,P90,552.7,COMPUTED_MICRODATA,"OECD PUF via learningtower, gewichtetes Quantil (1 PV)",n = 6062
M479 (S07),United States,2015,math,P10,355.4,COMPUTED_MICRODATA,"OECD PUF via learningtower, gewichtetes Quantil (1 PV)",n = 5712
M479 (S07),United States,2015,math,P25,408.9,COMPUTED_MICRODATA,"OECD PUF via learningtower, gewichtetes Quantil (1 PV)",n = 5712
M479 (S07),United States,2015,math,P50,470.2,COMPUTED_MICRODATA,"OECD PUF via learningtower, gewichtetes Quantil (1 PV)",n = 5712
M479 (S07),United States,2015,math,P75,533.5,COMPUTED_MICRODATA,"OECD PUF via learningtower, gewichtetes Quantil (1 PV)",n = 5712
M479 (S07),United States,2015,math,P90,587.0,COMPUTED_MICRODATA,"OECD PUF via learningtower, gewichtetes Quantil (1 PV)",n = 5712
M479 (S07),United States,2015,read,P10,362.3,COMPUTED_MICRODATA,"OECD PUF via learningtower, gewichtetes Quantil (1 PV)",n = 5712
M479 (S07),United States,2015,read,P25,429.5,COMPUTED_MICRODATA,"OECD PUF via learningtower, gewichtetes Quantil (1 PV)",n = 5712
M479 (S07),United States,2015,read,P50,501.8,COMPUTED_MICRODATA,"OECD PUF via learningtower, gewichtetes Quantil (1 PV)",n = 5712
M479 (S07),United States,2015,read,P75,568.1,COMPUTED_MICRODATA,"OECD PUF via learningtower, gewichtetes Quantil (1 PV)",n = 5712
M479 (S07),United States,2015,read,P90,622.7,COMPUTED_MICRODATA,"OECD PUF via learningtower, gewichtetes Quantil (1 PV)",n = 5712
M479 (S07),United States,2015,sci,P10,367.3,COMPUTED_MICRODATA,"OECD PUF via learningtower, gewichtetes Quantil (1 PV)",n = 5712
M479 (S07),United States,2015,sci,P25,425.1,COMPUTED_MICRODATA,"OECD PUF via learningtower, gewichtetes Quantil (1 PV)",n = 5712
M479 (S07),United States,2015,sci,P50,495.3,COMPUTED_MICRODATA,"OECD PUF via learningtower, gewichtetes Quantil (1 PV)",n = 5712
M479 (S07),United States,2015,sci,P75,567.6,COMPUTED_MICRODATA,"OECD PUF via learningtower, gewichtetes Quantil (1 PV)",n = 5712
M479 (S07),United States,2015,sci,P90,625.9,COMPUTED_MICRODATA,"OECD PUF via learningtower, gewichtetes Quantil (1 PV)",n = 5712
M479 (S07),Viet Nam,2015,math,P10,387.0,COMPUTED_MICRODATA,"OECD PUF via learningtower, gewichtetes Quantil (1 PV)",n = 5826
M479 (S07),Viet Nam,2015,math,P25,434.9,COMPUTED_MICRODATA,"OECD PUF via learningtower, gewichtetes Quantil (1 PV)",n = 5826
M479 (S07),Viet Nam,2015,math,P50,490.8,COMPUTED_MICRODATA,"OECD PUF via learningtower, gewichtetes Quantil (1 PV)",n = 5826
M479 (S07),Viet Nam,2015,math,P75,550.4,COMPUTED_MICRODATA,"OECD PUF via learningtower, gewichtetes Quantil (1 PV)",n = 5826
M479 (S07),Viet Nam,2015,math,P90,600.8,COMPUTED_MICRODATA,"OECD PUF via learningtower, gewichtetes Quantil (1 PV)",n = 5826
M479 (S07),Viet Nam,2015,read,P10,391.9,COMPUTED_MICRODATA,"OECD PUF via learningtower, gewichtetes Quantil (1 PV)",n = 5826
M479 (S07),Viet Nam,2015,read,P25,438.8,COMPUTED_MICRODATA,"OECD PUF via learningtower, gewichtetes Quantil (1 PV)",n = 5826
M479 (S07),Viet Nam,2015,read,P50,487.7,COMPUTED_MICRODATA,"OECD PUF via learningtower, gewichtetes Quantil (1 PV)",n = 5826
M479 (S07),Viet Nam,2015,read,P75,537.6,COMPUTED_MICRODATA,"OECD PUF via learningtower, gewichtetes Quantil (1 PV)",n = 5826
M479 (S07),Viet Nam,2015,read,P90,581.6,COMPUTED_MICRODATA,"OECD PUF via learningtower, gewichtetes Quantil (1 PV)",n = 5826
M479 (S07),Viet Nam,2015,sci,P10,426.9,COMPUTED_MICRODATA,"OECD PUF via learningtower, gewichtetes Quantil (1 PV)",n = 5826
M479 (S07),Viet Nam,2015,sci,P25,468.9,COMPUTED_MICRODATA,"OECD PUF via learningtower, gewichtetes Quantil (1 PV)",n = 5826
M479 (S07),Viet Nam,2015,sci,P50,523.2,COMPUTED_MICRODATA,"OECD PUF via learningtower, gewichtetes Quantil (1 PV)",n = 5826
M479 (S07),Viet Nam,2015,sci,P75,574.6,COMPUTED_MICRODATA,"OECD PUF via learningtower, gewichtetes Quantil (1 PV)",n = 5826
M479 (S07),Viet Nam,2015,sci,P90,622.1,COMPUTED_MICRODATA,"OECD PUF via learningtower, gewichtetes Quantil (1 PV)",n = 5826
M479 (S07),OECD average,2015,math,P10,372.4,COMPUTED_MICRODATA,"OECD PUF via learningtower, gewichtetes Quantil (1 PV)",n = 35
M479 (S07),OECD average,2015,math,P25,428.2,COMPUTED_MICRODATA,"OECD PUF via learningtower, gewichtetes Quantil (1 PV)",n = 35
M479 (S07),OECD average,2015,math,P50,492.0,COMPUTED_MICRODATA,"OECD PUF via learningtower, gewichtetes Quantil (1 PV)",n = 35
M479 (S07),OECD average,2015,math,P75,553.0,COMPUTED_MICRODATA,"OECD PUF via learningtower, gewichtetes Quantil (1 PV)",n = 35
M479 (S07),OECD average,2015,math,P90,604.5,COMPUTED_MICRODATA,"OECD PUF via learningtower, gewichtetes Quantil (1 PV)",n = 35
M479 (S07),OECD average,2015,read,P10,363.6,COMPUTED_MICRODATA,"OECD PUF via learningtower, gewichtetes Quantil (1 PV)",n = 35
M479 (S07),OECD average,2015,read,P25,428.0,COMPUTED_MICRODATA,"OECD PUF via learningtower, gewichtetes Quantil (1 PV)",n = 35
M479 (S07),OECD average,2015,read,P50,497.8,COMPUTED_MICRODATA,"OECD PUF via learningtower, gewichtetes Quantil (1 PV)",n = 35
M479 (S07),OECD average,2015,read,P75,561.1,COMPUTED_MICRODATA,"OECD PUF via learningtower, gewichtetes Quantil (1 PV)",n = 35
M479 (S07),OECD average,2015,read,P90,612.5,COMPUTED_MICRODATA,"OECD PUF via learningtower, gewichtetes Quantil (1 PV)",n = 35
M479 (S07),OECD average,2015,sci,P10,367.9,COMPUTED_MICRODATA,"OECD PUF via learningtower, gewichtetes Quantil (1 PV)",n = 35
M479 (S07),OECD average,2015,sci,P25,426.0,COMPUTED_MICRODATA,"OECD PUF via learningtower, gewichtetes Quantil (1 PV)",n = 35
M479 (S07),OECD average,2015,sci,P50,495.3,COMPUTED_MICRODATA,"OECD PUF via learningtower, gewichtetes Quantil (1 PV)",n = 35
M479 (S07),OECD average,2015,sci,P75,561.0,COMPUTED_MICRODATA,"OECD PUF via learningtower, gewichtetes Quantil (1 PV)",n = 35
M479 (S07),OECD average,2015,sci,P90,614.9,COMPUTED_MICRODATA,"OECD PUF via learningtower, gewichtetes Quantil (1 PV)",n = 35
M479 (S07),Albania,2018,math,P10,332.4,COMPUTED_MICRODATA,"OECD PUF via learningtower, gewichtetes Quantil (1 PV)",n = 6359
M479 (S07),Albania,2018,math,P25,379.1,COMPUTED_MICRODATA,"OECD PUF via learningtower, gewichtetes Quantil (1 PV)",n = 6359
M479 (S07),Albania,2018,math,P50,435.1,COMPUTED_MICRODATA,"OECD PUF via learningtower, gewichtetes Quantil (1 PV)",n = 6359
M479 (S07),Albania,2018,math,P75,492.1,COMPUTED_MICRODATA,"OECD PUF via learningtower, gewichtetes Quantil (1 PV)",n = 6359
M479 (S07),Albania,2018,math,P90,543.4,COMPUTED_MICRODATA,"OECD PUF via learningtower, gewichtetes Quantil (1 PV)",n = 6359
M479 (S07),Albania,2018,read,P10,304.7,COMPUTED_MICRODATA,"OECD PUF via learningtower, gewichtetes Quantil (1 PV)",n = 6359
M479 (S07),Albania,2018,read,P25,347.6,COMPUTED_MICRODATA,"OECD PUF via learningtower, gewichtetes Quantil (1 PV)",n = 6359
M479 (S07),Albania,2018,read,P50,402.2,COMPUTED_MICRODATA,"OECD PUF via learningtower, gewichtetes Quantil (1 PV)",n = 6359
M479 (S07),Albania,2018,read,P75,458.4,COMPUTED_MICRODATA,"OECD PUF via learningtower, gewichtetes Quantil (1 PV)",n = 6359
M479 (S07),Albania,2018,read,P90,510.9,COMPUTED_MICRODATA,"OECD PUF via learningtower, gewichtetes Quantil (1 PV)",n = 6359
M479 (S07),Albania,2018,sci,P10,319.8,COMPUTED_MICRODATA,"OECD PUF via learningtower, gewichtetes Quantil (1 PV)",n = 6359
M479 (S07),Albania,2018,sci,P25,363.0,COMPUTED_MICRODATA,"OECD PUF via learningtower, gewichtetes Quantil (1 PV)",n = 6359
M479 (S07),Albania,2018,sci,P50,414.9,COMPUTED_MICRODATA,"OECD PUF via learningtower, gewichtetes Quantil (1 PV)",n = 6359
M479 (S07),Albania,2018,sci,P75,468.5,COMPUTED_MICRODATA,"OECD PUF via learningtower, gewichtetes Quantil (1 PV)",n = 6359
M479 (S07),Albania,2018,sci,P90,515.3,COMPUTED_MICRODATA,"OECD PUF via learningtower, gewichtetes Quantil (1 PV)",n = 6359
M479 (S07),United Arab Emirates,2018,math,P10,303.9,COMPUTED_MICRODATA,"OECD PUF via learningtower, gewichtetes Quantil (1 PV)",n = 19277
M479 (S07),United Arab Emirates,2018,math,P25,362.2,COMPUTED_MICRODATA,"OECD PUF via learningtower, gewichtetes Quantil (1 PV)",n = 19277
M479 (S07),United Arab Emirates,2018,math,P50,434.3,COMPUTED_MICRODATA,"OECD PUF via learningtower, gewichtetes Quantil (1 PV)",n = 19277
M479 (S07),United Arab Emirates,2018,math,P75,509.3,COMPUTED_MICRODATA,"OECD PUF via learningtower, gewichtetes Quantil (1 PV)",n = 19277
M479 (S07),United Arab Emirates,2018,math,P90,575.1,COMPUTED_MICRODATA,"OECD PUF via learningtower, gewichtetes Quantil (1 PV)",n = 19277
M479 (S07),United Arab Emirates,2018,read,P10,284.4,COMPUTED_MICRODATA,"OECD PUF via learningtower, gewichtetes Quantil (1 PV)",n = 19277
M479 (S07),United Arab Emirates,2018,read,P25,347.8,COMPUTED_MICRODATA,"OECD PUF via learningtower, gewichtetes Quantil (1 PV)",n = 19277
M479 (S07),United Arab Emirates,2018,read,P50,427.3,COMPUTED_MICRODATA,"OECD PUF via learningtower, gewichtetes Quantil (1 PV)",n = 19277
M479 (S07),United Arab Emirates,2018,read,P75,510.2,COMPUTED_MICRODATA,"OECD PUF via learningtower, gewichtetes Quantil (1 PV)",n = 19277
M479 (S07),United Arab Emirates,2018,read,P90,583.7,COMPUTED_MICRODATA,"OECD PUF via learningtower, gewichtetes Quantil (1 PV)",n = 19277
M479 (S07),United Arab Emirates,2018,sci,P10,302.4,COMPUTED_MICRODATA,"OECD PUF via learningtower, gewichtetes Quantil (1 PV)",n = 19277
M479 (S07),United Arab Emirates,2018,sci,P25,357.6,COMPUTED_MICRODATA,"OECD PUF via learningtower, gewichtetes Quantil (1 PV)",n = 19277
M479 (S07),United Arab Emirates,2018,sci,P50,427.8,COMPUTED_MICRODATA,"OECD PUF via learningtower, gewichtetes Quantil (1 PV)",n = 19277
M479 (S07),United Arab Emirates,2018,sci,P75,506.6,COMPUTED_MICRODATA,"OECD PUF via learningtower, gewichtetes Quantil (1 PV)",n = 19277
M479 (S07),United Arab Emirates,2018,sci,P90,570.8,COMPUTED_MICRODATA,"OECD PUF via learningtower, gewichtetes Quantil (1 PV)",n = 19277
M479 (S07),Argentina,2018,math,P10,269.8,COMPUTED_MICRODATA,"OECD PUF via learningtower, gewichtetes Quantil (1 PV)",n = 11975
M479 (S07),Argentina,2018,math,P25,322.2,COMPUTED_MICRODATA,"OECD PUF via learningtower, gewichtetes Quantil (1 PV)",n = 11975
M479 (S07),Argentina,2018,math,P50,377.9,COMPUTED_MICRODATA,"OECD PUF via learningtower, gewichtetes Quantil (1 PV)",n = 11975
M479 (S07),Argentina,2018,math,P75,437.9,COMPUTED_MICRODATA,"OECD PUF via learningtower, gewichtetes Quantil (1 PV)",n = 11975
M479 (S07),Argentina,2018,math,P90,490.3,COMPUTED_MICRODATA,"OECD PUF via learningtower, gewichtetes Quantil (1 PV)",n = 11975
M479 (S07),Argentina,2018,read,P10,273.1,COMPUTED_MICRODATA,"OECD PUF via learningtower, gewichtetes Quantil (1 PV)",n = 11975
M479 (S07),Argentina,2018,read,P25,332.3,COMPUTED_MICRODATA,"OECD PUF via learningtower, gewichtetes Quantil (1 PV)",n = 11975
M479 (S07),Argentina,2018,read,P50,402.3,COMPUTED_MICRODATA,"OECD PUF via learningtower, gewichtetes Quantil (1 PV)",n = 11975
M479 (S07),Argentina,2018,read,P75,470.6,COMPUTED_MICRODATA,"OECD PUF via learningtower, gewichtetes Quantil (1 PV)",n = 11975
M479 (S07),Argentina,2018,read,P90,527.1,COMPUTED_MICRODATA,"OECD PUF via learningtower, gewichtetes Quantil (1 PV)",n = 11975
M479 (S07),Argentina,2018,sci,P10,292.2,COMPUTED_MICRODATA,"OECD PUF via learningtower, gewichtetes Quantil (1 PV)",n = 11975
M479 (S07),Argentina,2018,sci,P25,341.2,COMPUTED_MICRODATA,"OECD PUF via learningtower, gewichtetes Quantil (1 PV)",n = 11975
M479 (S07),Argentina,2018,sci,P50,401.5,COMPUTED_MICRODATA,"OECD PUF via learningtower, gewichtetes Quantil (1 PV)",n = 11975
M479 (S07),Argentina,2018,sci,P75,468.3,COMPUTED_MICRODATA,"OECD PUF via learningtower, gewichtetes Quantil (1 PV)",n = 11975
M479 (S07),Argentina,2018,sci,P90,525.0,COMPUTED_MICRODATA,"OECD PUF via learningtower, gewichtetes Quantil (1 PV)",n = 11975
M479 (S07),Australia,2018,math,P10,373.6,COMPUTED_MICRODATA,"OECD PUF via learningtower, gewichtetes Quantil (1 PV)",n = 14273
M479 (S07),Australia,2018,math,P25,429.2,COMPUTED_MICRODATA,"OECD PUF via learningtower, gewichtetes Quantil (1 PV)",n = 14273
M479 (S07),Australia,2018,math,P50,493.7,COMPUTED_MICRODATA,"OECD PUF via learningtower, gewichtetes Quantil (1 PV)",n = 14273
M479 (S07),Australia,2018,math,P75,555.0,COMPUTED_MICRODATA,"OECD PUF via learningtower, gewichtetes Quantil (1 PV)",n = 14273
M479 (S07),Australia,2018,math,P90,609.6,COMPUTED_MICRODATA,"OECD PUF via learningtower, gewichtetes Quantil (1 PV)",n = 14273
M479 (S07),Australia,2018,read,P10,357.8,COMPUTED_MICRODATA,"OECD PUF via learningtower, gewichtetes Quantil (1 PV)",n = 14273
M479 (S07),Australia,2018,read,P25,428.7,COMPUTED_MICRODATA,"OECD PUF via learningtower, gewichtetes Quantil (1 PV)",n = 14273
M479 (S07),Australia,2018,read,P50,506.7,COMPUTED_MICRODATA,"OECD PUF via learningtower, gewichtetes Quantil (1 PV)",n = 14273
M479 (S07),Australia,2018,read,P75,579.3,COMPUTED_MICRODATA,"OECD PUF via learningtower, gewichtetes Quantil (1 PV)",n = 14273
M479 (S07),Australia,2018,read,P90,639.9,COMPUTED_MICRODATA,"OECD PUF via learningtower, gewichtetes Quantil (1 PV)",n = 14273
M479 (S07),Australia,2018,sci,P10,368.2,COMPUTED_MICRODATA,"OECD PUF via learningtower, gewichtetes Quantil (1 PV)",n = 14273
M479 (S07),Australia,2018,sci,P25,431.2,COMPUTED_MICRODATA,"OECD PUF via learningtower, gewichtetes Quantil (1 PV)",n = 14273
M479 (S07),Australia,2018,sci,P50,505.1,COMPUTED_MICRODATA,"OECD PUF via learningtower, gewichtetes Quantil (1 PV)",n = 14273
M479 (S07),Australia,2018,sci,P75,573.4,COMPUTED_MICRODATA,"OECD PUF via learningtower, gewichtetes Quantil (1 PV)",n = 14273
M479 (S07),Australia,2018,sci,P90,630.3,COMPUTED_MICRODATA,"OECD PUF via learningtower, gewichtetes Quantil (1 PV)",n = 14273
M479 (S07),Austria,2018,math,P10,373.0,COMPUTED_MICRODATA,"OECD PUF via learningtower, gewichtetes Quantil (1 PV)",n = 6802
M479 (S07),Austria,2018,math,P25,432.6,COMPUTED_MICRODATA,"OECD PUF via learningtower, gewichtetes Quantil (1 PV)",n = 6802
M479 (S07),Austria,2018,math,P50,504.8,COMPUTED_MICRODATA,"OECD PUF via learningtower, gewichtetes Quantil (1 PV)",n = 6802
M479 (S07),Austria,2018,math,P75,567.8,COMPUTED_MICRODATA,"OECD PUF via learningtower, gewichtetes Quantil (1 PV)",n = 6802
M479 (S07),Austria,2018,math,P90,618.9,COMPUTED_MICRODATA,"OECD PUF via learningtower, gewichtetes Quantil (1 PV)",n = 6802
M479 (S07),Austria,2018,read,P10,349.0,COMPUTED_MICRODATA,"OECD PUF via learningtower, gewichtetes Quantil (1 PV)",n = 6802
M479 (S07),Austria,2018,read,P25,413.3,COMPUTED_MICRODATA,"OECD PUF via learningtower, gewichtetes Quantil (1 PV)",n = 6802
M479 (S07),Austria,2018,read,P50,486.3,COMPUTED_MICRODATA,"OECD PUF via learningtower, gewichtetes Quantil (1 PV)",n = 6802
M479 (S07),Austria,2018,read,P75,557.3,COMPUTED_MICRODATA,"OECD PUF via learningtower, gewichtetes Quantil (1 PV)",n = 6802
M479 (S07),Austria,2018,read,P90,611.9,COMPUTED_MICRODATA,"OECD PUF via learningtower, gewichtetes Quantil (1 PV)",n = 6802
M479 (S07),Austria,2018,sci,P10,360.4,COMPUTED_MICRODATA,"OECD PUF via learningtower, gewichtetes Quantil (1 PV)",n = 6802
M479 (S07),Austria,2018,sci,P25,418.7,COMPUTED_MICRODATA,"OECD PUF via learningtower, gewichtetes Quantil (1 PV)",n = 6802
M479 (S07),Austria,2018,sci,P50,492.4,COMPUTED_MICRODATA,"OECD PUF via learningtower, gewichtetes Quantil (1 PV)",n = 6802
M479 (S07),Austria,2018,sci,P75,560.3,COMPUTED_MICRODATA,"OECD PUF via learningtower, gewichtetes Quantil (1 PV)",n = 6802
M479 (S07),Austria,2018,sci,P90,612.6,COMPUTED_MICRODATA,"OECD PUF via learningtower, gewichtetes Quantil (1 PV)",n = 6802
M479 (S07),Belgium,2018,math,P10,376.1,COMPUTED_MICRODATA,"OECD PUF via learningtower, gewichtetes Quantil (1 PV)",n = 8475
M479 (S07),Belgium,2018,math,P25,441.0,COMPUTED_MICRODATA,"OECD PUF via learningtower, gewichtetes Quantil (1 PV)",n = 8475
M479 (S07),Belgium,2018,math,P50,513.8,COMPUTED_MICRODATA,"OECD PUF via learningtower, gewichtetes Quantil (1 PV)",n = 8475
M479 (S07),Belgium,2018,math,P75,579.5,COMPUTED_MICRODATA,"OECD PUF via learningtower, gewichtetes Quantil (1 PV)",n = 8475
M479 (S07),Belgium,2018,math,P90,628.3,COMPUTED_MICRODATA,"OECD PUF via learningtower, gewichtetes Quantil (1 PV)",n = 8475
M479 (S07),Belgium,2018,read,P10,352.2,COMPUTED_MICRODATA,"OECD PUF via learningtower, gewichtetes Quantil (1 PV)",n = 8475
M479 (S07),Belgium,2018,read,P25,420.5,COMPUTED_MICRODATA,"OECD PUF via learningtower, gewichtetes Quantil (1 PV)",n = 8475
M479 (S07),Belgium,2018,read,P50,497.9,COMPUTED_MICRODATA,"OECD PUF via learningtower, gewichtetes Quantil (1 PV)",n = 8475
M479 (S07),Belgium,2018,read,P75,569.2,COMPUTED_MICRODATA,"OECD PUF via learningtower, gewichtetes Quantil (1 PV)",n = 8475
M479 (S07),Belgium,2018,read,P90,622.1,COMPUTED_MICRODATA,"OECD PUF via learningtower, gewichtetes Quantil (1 PV)",n = 8475
M479 (S07),Belgium,2018,sci,P10,363.8,COMPUTED_MICRODATA,"OECD PUF via learningtower, gewichtetes Quantil (1 PV)",n = 8475
M479 (S07),Belgium,2018,sci,P25,429.3,COMPUTED_MICRODATA,"OECD PUF via learningtower, gewichtetes Quantil (1 PV)",n = 8475
M479 (S07),Belgium,2018,sci,P50,506.5,COMPUTED_MICRODATA,"OECD PUF via learningtower, gewichtetes Quantil (1 PV)",n = 8475
M479 (S07),Belgium,2018,sci,P75,572.2,COMPUTED_MICRODATA,"OECD PUF via learningtower, gewichtetes Quantil (1 PV)",n = 8475
M479 (S07),Belgium,2018,sci,P90,623.2,COMPUTED_MICRODATA,"OECD PUF via learningtower, gewichtetes Quantil (1 PV)",n = 8475
M479 (S07),Bulgaria,2018,math,P10,309.6,COMPUTED_MICRODATA,"OECD PUF via learningtower, gewichtetes Quantil (1 PV)",n = 5294
M479 (S07),Bulgaria,2018,math,P25,367.9,COMPUTED_MICRODATA,"OECD PUF via learningtower, gewichtetes Quantil (1 PV)",n = 5294
M479 (S07),Bulgaria,2018,math,P50,435.3,COMPUTED_MICRODATA,"OECD PUF via learningtower, gewichtetes Quantil (1 PV)",n = 5294
M479 (S07),Bulgaria,2018,math,P75,503.5,COMPUTED_MICRODATA,"OECD PUF via learningtower, gewichtetes Quantil (1 PV)",n = 5294
M479 (S07),Bulgaria,2018,math,P90,565.4,COMPUTED_MICRODATA,"OECD PUF via learningtower, gewichtetes Quantil (1 PV)",n = 5294
M479 (S07),Bulgaria,2018,read,P10,288.2,COMPUTED_MICRODATA,"OECD PUF via learningtower, gewichtetes Quantil (1 PV)",n = 5294
M479 (S07),Bulgaria,2018,read,P25,344.1,COMPUTED_MICRODATA,"OECD PUF via learningtower, gewichtetes Quantil (1 PV)",n = 5294
M479 (S07),Bulgaria,2018,read,P50,415.6,COMPUTED_MICRODATA,"OECD PUF via learningtower, gewichtetes Quantil (1 PV)",n = 5294
M479 (S07),Bulgaria,2018,read,P75,490.9,COMPUTED_MICRODATA,"OECD PUF via learningtower, gewichtetes Quantil (1 PV)",n = 5294
M479 (S07),Bulgaria,2018,read,P90,555.6,COMPUTED_MICRODATA,"OECD PUF via learningtower, gewichtetes Quantil (1 PV)",n = 5294
M479 (S07),Bulgaria,2018,sci,P10,303.7,COMPUTED_MICRODATA,"OECD PUF via learningtower, gewichtetes Quantil (1 PV)",n = 5294
M479 (S07),Bulgaria,2018,sci,P25,353.4,COMPUTED_MICRODATA,"OECD PUF via learningtower, gewichtetes Quantil (1 PV)",n = 5294
M479 (S07),Bulgaria,2018,sci,P50,417.6,COMPUTED_MICRODATA,"OECD PUF via learningtower, gewichtetes Quantil (1 PV)",n = 5294
M479 (S07),Bulgaria,2018,sci,P75,489.8,COMPUTED_MICRODATA,"OECD PUF via learningtower, gewichtetes Quantil (1 PV)",n = 5294
M479 (S07),Bulgaria,2018,sci,P90,550.7,COMPUTED_MICRODATA,"OECD PUF via learningtower, gewichtetes Quantil (1 PV)",n = 5294
M479 (S07),Brazil,2018,math,P10,276.8,COMPUTED_MICRODATA,"OECD PUF via learningtower, gewichtetes Quantil (1 PV)",n = 10691
M479 (S07),Brazil,2018,math,P25,320.9,COMPUTED_MICRODATA,"OECD PUF via learningtower, gewichtetes Quantil (1 PV)",n = 10691
M479 (S07),Brazil,2018,math,P50,375.8,COMPUTED_MICRODATA,"OECD PUF via learningtower, gewichtetes Quantil (1 PV)",n = 10691
M479 (S07),Brazil,2018,math,P75,438.7,COMPUTED_MICRODATA,"OECD PUF via learningtower, gewichtetes Quantil (1 PV)",n = 10691
M479 (S07),Brazil,2018,math,P90,497.8,COMPUTED_MICRODATA,"OECD PUF via learningtower, gewichtetes Quantil (1 PV)",n = 10691
M479 (S07),Brazil,2018,read,P10,287.0,COMPUTED_MICRODATA,"OECD PUF via learningtower, gewichtetes Quantil (1 PV)",n = 10691
M479 (S07),Brazil,2018,read,P25,340.1,COMPUTED_MICRODATA,"OECD PUF via learningtower, gewichtetes Quantil (1 PV)",n = 10691
M479 (S07),Brazil,2018,read,P50,407.8,COMPUTED_MICRODATA,"OECD PUF via learningtower, gewichtetes Quantil (1 PV)",n = 10691
M479 (S07),Brazil,2018,read,P75,482.8,COMPUTED_MICRODATA,"OECD PUF via learningtower, gewichtetes Quantil (1 PV)",n = 10691
M479 (S07),Brazil,2018,read,P90,548.0,COMPUTED_MICRODATA,"OECD PUF via learningtower, gewichtetes Quantil (1 PV)",n = 10691
M479 (S07),Brazil,2018,sci,P10,293.0,COMPUTED_MICRODATA,"OECD PUF via learningtower, gewichtetes Quantil (1 PV)",n = 10691
M479 (S07),Brazil,2018,sci,P25,337.5,COMPUTED_MICRODATA,"OECD PUF via learningtower, gewichtetes Quantil (1 PV)",n = 10691
M479 (S07),Brazil,2018,sci,P50,397.3,COMPUTED_MICRODATA,"OECD PUF via learningtower, gewichtetes Quantil (1 PV)",n = 10691
M479 (S07),Brazil,2018,sci,P75,466.0,COMPUTED_MICRODATA,"OECD PUF via learningtower, gewichtetes Quantil (1 PV)",n = 10691
M479 (S07),Brazil,2018,sci,P90,528.7,COMPUTED_MICRODATA,"OECD PUF via learningtower, gewichtetes Quantil (1 PV)",n = 10691
M479 (S07),Brunei Darussalam,2018,math,P10,314.1,COMPUTED_MICRODATA,"OECD PUF via learningtower, gewichtetes Quantil (1 PV)",n = 6828
M479 (S07),Brunei Darussalam,2018,math,P25,364.1,COMPUTED_MICRODATA,"OECD PUF via learningtower, gewichtetes Quantil (1 PV)",n = 6828
M479 (S07),Brunei Darussalam,2018,math,P50,424.0,COMPUTED_MICRODATA,"OECD PUF via learningtower, gewichtetes Quantil (1 PV)",n = 6828
M479 (S07),Brunei Darussalam,2018,math,P75,491.1,COMPUTED_MICRODATA,"OECD PUF via learningtower, gewichtetes Quantil (1 PV)",n = 6828
M479 (S07),Brunei Darussalam,2018,math,P90,556.2,COMPUTED_MICRODATA,"OECD PUF via learningtower, gewichtetes Quantil (1 PV)",n = 6828
M479 (S07),Brunei Darussalam,2018,read,P10,285.2,COMPUTED_MICRODATA,"OECD PUF via learningtower, gewichtetes Quantil (1 PV)",n = 6828
M479 (S07),Brunei Darussalam,2018,read,P25,336.1,COMPUTED_MICRODATA,"OECD PUF via learningtower, gewichtetes Quantil (1 PV)",n = 6828
M479 (S07),Brunei Darussalam,2018,read,P50,404.8,COMPUTED_MICRODATA,"OECD PUF via learningtower, gewichtetes Quantil (1 PV)",n = 6828
M479 (S07),Brunei Darussalam,2018,read,P75,477.4,COMPUTED_MICRODATA,"OECD PUF via learningtower, gewichtetes Quantil (1 PV)",n = 6828
M479 (S07),Brunei Darussalam,2018,read,P90,543.5,COMPUTED_MICRODATA,"OECD PUF via learningtower, gewichtetes Quantil (1 PV)",n = 6828
M479 (S07),Brunei Darussalam,2018,sci,P10,315.1,COMPUTED_MICRODATA,"OECD PUF via learningtower, gewichtetes Quantil (1 PV)",n = 6828
M479 (S07),Brunei Darussalam,2018,sci,P25,361.4,COMPUTED_MICRODATA,"OECD PUF via learningtower, gewichtetes Quantil (1 PV)",n = 6828
M479 (S07),Brunei Darussalam,2018,sci,P50,420.4,COMPUTED_MICRODATA,"OECD PUF via learningtower, gewichtetes Quantil (1 PV)",n = 6828
M479 (S07),Brunei Darussalam,2018,sci,P75,495.8,COMPUTED_MICRODATA,"OECD PUF via learningtower, gewichtetes Quantil (1 PV)",n = 6828
M479 (S07),Brunei Darussalam,2018,sci,P90,565.3,COMPUTED_MICRODATA,"OECD PUF via learningtower, gewichtetes Quantil (1 PV)",n = 6828
M479 (S07),Canada,2018,math,P10,393.5,COMPUTED_MICRODATA,"OECD PUF via learningtower, gewichtetes Quantil (1 PV)",n = 22653
M479 (S07),Canada,2018,math,P25,448.9,COMPUTED_MICRODATA,"OECD PUF via learningtower, gewichtetes Quantil (1 PV)",n = 22653
M479 (S07),Canada,2018,math,P50,512.8,COMPUTED_MICRODATA,"OECD PUF via learningtower, gewichtetes Quantil (1 PV)",n = 22653
M479 (S07),Canada,2018,math,P75,576.8,COMPUTED_MICRODATA,"OECD PUF via learningtower, gewichtetes Quantil (1 PV)",n = 22653
M479 (S07),Canada,2018,math,P90,628.4,COMPUTED_MICRODATA,"OECD PUF via learningtower, gewichtetes Quantil (1 PV)",n = 22653
M479 (S07),Canada,2018,read,P10,387.5,COMPUTED_MICRODATA,"OECD PUF via learningtower, gewichtetes Quantil (1 PV)",n = 22653
M479 (S07),Canada,2018,read,P25,452.2,COMPUTED_MICRODATA,"OECD PUF via learningtower, gewichtetes Quantil (1 PV)",n = 22653
M479 (S07),Canada,2018,read,P50,524.3,COMPUTED_MICRODATA,"OECD PUF via learningtower, gewichtetes Quantil (1 PV)",n = 22653
M479 (S07),Canada,2018,read,P75,593.0,COMPUTED_MICRODATA,"OECD PUF via learningtower, gewichtetes Quantil (1 PV)",n = 22653
M479 (S07),Canada,2018,read,P90,644.5,COMPUTED_MICRODATA,"OECD PUF via learningtower, gewichtetes Quantil (1 PV)",n = 22653
M479 (S07),Canada,2018,sci,P10,392.3,COMPUTED_MICRODATA,"OECD PUF via learningtower, gewichtetes Quantil (1 PV)",n = 22653
M479 (S07),Canada,2018,sci,P25,452.7,COMPUTED_MICRODATA,"OECD PUF via learningtower, gewichtetes Quantil (1 PV)",n = 22653
M479 (S07),Canada,2018,sci,P50,520.2,COMPUTED_MICRODATA,"OECD PUF via learningtower, gewichtetes Quantil (1 PV)",n = 22653
M479 (S07),Canada,2018,sci,P75,584.6,COMPUTED_MICRODATA,"OECD PUF via learningtower, gewichtetes Quantil (1 PV)",n = 22653
M479 (S07),Canada,2018,sci,P90,638.2,COMPUTED_MICRODATA,"OECD PUF via learningtower, gewichtetes Quantil (1 PV)",n = 22653
M479 (S07),Switzerland,2018,math,P10,391.6,COMPUTED_MICRODATA,"OECD PUF via learningtower, gewichtetes Quantil (1 PV)",n = 5822
M479 (S07),Switzerland,2018,math,P25,449.0,COMPUTED_MICRODATA,"OECD PUF via learningtower, gewichtetes Quantil (1 PV)",n = 5822
M479 (S07),Switzerland,2018,math,P50,517.7,COMPUTED_MICRODATA,"OECD PUF via learningtower, gewichtetes Quantil (1 PV)",n = 5822
M479 (S07),Switzerland,2018,math,P75,582.0,COMPUTED_MICRODATA,"OECD PUF via learningtower, gewichtetes Quantil (1 PV)",n = 5822
M479 (S07),Switzerland,2018,math,P90,634.2,COMPUTED_MICRODATA,"OECD PUF via learningtower, gewichtetes Quantil (1 PV)",n = 5822
M479 (S07),Switzerland,2018,read,P10,343.2,COMPUTED_MICRODATA,"OECD PUF via learningtower, gewichtetes Quantil (1 PV)",n = 5822
M479 (S07),Switzerland,2018,read,P25,412.4,COMPUTED_MICRODATA,"OECD PUF via learningtower, gewichtetes Quantil (1 PV)",n = 5822
M479 (S07),Switzerland,2018,read,P50,486.9,COMPUTED_MICRODATA,"OECD PUF via learningtower, gewichtetes Quantil (1 PV)",n = 5822
M479 (S07),Switzerland,2018,read,P75,558.2,COMPUTED_MICRODATA,"OECD PUF via learningtower, gewichtetes Quantil (1 PV)",n = 5822
M479 (S07),Switzerland,2018,read,P90,614.2,COMPUTED_MICRODATA,"OECD PUF via learningtower, gewichtetes Quantil (1 PV)",n = 5822
M479 (S07),Switzerland,2018,sci,P10,368.0,COMPUTED_MICRODATA,"OECD PUF via learningtower, gewichtetes Quantil (1 PV)",n = 5822
M479 (S07),Switzerland,2018,sci,P25,426.2,COMPUTED_MICRODATA,"OECD PUF via learningtower, gewichtetes Quantil (1 PV)",n = 5822
M479 (S07),Switzerland,2018,sci,P50,496.6,COMPUTED_MICRODATA,"OECD PUF via learningtower, gewichtetes Quantil (1 PV)",n = 5822
M479 (S07),Switzerland,2018,sci,P75,566.0,COMPUTED_MICRODATA,"OECD PUF via learningtower, gewichtetes Quantil (1 PV)",n = 5822
M479 (S07),Switzerland,2018,sci,P90,618.9,COMPUTED_MICRODATA,"OECD PUF via learningtower, gewichtetes Quantil (1 PV)",n = 5822
M479 (S07),Chile,2018,math,P10,311.9,COMPUTED_MICRODATA,"OECD PUF via learningtower, gewichtetes Quantil (1 PV)",n = 7621
M479 (S07),Chile,2018,math,P25,359.8,COMPUTED_MICRODATA,"OECD PUF via learningtower, gewichtetes Quantil (1 PV)",n = 7621
M479 (S07),Chile,2018,math,P50,416.2,COMPUTED_MICRODATA,"OECD PUF via learningtower, gewichtetes Quantil (1 PV)",n = 7621
M479 (S07),Chile,2018,math,P75,474.0,COMPUTED_MICRODATA,"OECD PUF via learningtower, gewichtetes Quantil (1 PV)",n = 7621
M479 (S07),Chile,2018,math,P90,527.6,COMPUTED_MICRODATA,"OECD PUF via learningtower, gewichtetes Quantil (1 PV)",n = 7621
M479 (S07),Chile,2018,read,P10,332.2,COMPUTED_MICRODATA,"OECD PUF via learningtower, gewichtetes Quantil (1 PV)",n = 7621
M479 (S07),Chile,2018,read,P25,390.3,COMPUTED_MICRODATA,"OECD PUF via learningtower, gewichtetes Quantil (1 PV)",n = 7621
M479 (S07),Chile,2018,read,P50,452.6,COMPUTED_MICRODATA,"OECD PUF via learningtower, gewichtetes Quantil (1 PV)",n = 7621
M479 (S07),Chile,2018,read,P75,518.6,COMPUTED_MICRODATA,"OECD PUF via learningtower, gewichtetes Quantil (1 PV)",n = 7621
M479 (S07),Chile,2018,read,P90,573.4,COMPUTED_MICRODATA,"OECD PUF via learningtower, gewichtetes Quantil (1 PV)",n = 7621
M479 (S07),Chile,2018,sci,P10,336.8,COMPUTED_MICRODATA,"OECD PUF via learningtower, gewichtetes Quantil (1 PV)",n = 7621
M479 (S07),Chile,2018,sci,P25,385.4,COMPUTED_MICRODATA,"OECD PUF via learningtower, gewichtetes Quantil (1 PV)",n = 7621
M479 (S07),Chile,2018,sci,P50,441.8,COMPUTED_MICRODATA,"OECD PUF via learningtower, gewichtetes Quantil (1 PV)",n = 7621
M479 (S07),Chile,2018,sci,P75,499.7,COMPUTED_MICRODATA,"OECD PUF via learningtower, gewichtetes Quantil (1 PV)",n = 7621
M479 (S07),Chile,2018,sci,P90,551.5,COMPUTED_MICRODATA,"OECD PUF via learningtower, gewichtetes Quantil (1 PV)",n = 7621
M479 (S07),Colombia,2018,math,P10,289.8,COMPUTED_MICRODATA,"OECD PUF via learningtower, gewichtetes Quantil (1 PV)",n = 7522
M479 (S07),Colombia,2018,math,P25,334.0,COMPUTED_MICRODATA,"OECD PUF via learningtower, gewichtetes Quantil (1 PV)",n = 7522
M479 (S07),Colombia,2018,math,P50,388.6,COMPUTED_MICRODATA,"OECD PUF via learningtower, gewichtetes Quantil (1 PV)",n = 7522
M479 (S07),Colombia,2018,math,P75,446.0,COMPUTED_MICRODATA,"OECD PUF via learningtower, gewichtetes Quantil (1 PV)",n = 7522
M479 (S07),Colombia,2018,math,P90,498.8,COMPUTED_MICRODATA,"OECD PUF via learningtower, gewichtetes Quantil (1 PV)",n = 7522
M479 (S07),Colombia,2018,read,P10,299.5,COMPUTED_MICRODATA,"OECD PUF via learningtower, gewichtetes Quantil (1 PV)",n = 7522
M479 (S07),Colombia,2018,read,P25,349.3,COMPUTED_MICRODATA,"OECD PUF via learningtower, gewichtetes Quantil (1 PV)",n = 7522
M479 (S07),Colombia,2018,read,P50,408.2,COMPUTED_MICRODATA,"OECD PUF via learningtower, gewichtetes Quantil (1 PV)",n = 7522
M479 (S07),Colombia,2018,read,P75,473.5,COMPUTED_MICRODATA,"OECD PUF via learningtower, gewichtetes Quantil (1 PV)",n = 7522
M479 (S07),Colombia,2018,read,P90,531.4,COMPUTED_MICRODATA,"OECD PUF via learningtower, gewichtetes Quantil (1 PV)",n = 7522
M479 (S07),Colombia,2018,sci,P10,308.1,COMPUTED_MICRODATA,"OECD PUF via learningtower, gewichtetes Quantil (1 PV)",n = 7522
M479 (S07),Colombia,2018,sci,P25,352.4,COMPUTED_MICRODATA,"OECD PUF via learningtower, gewichtetes Quantil (1 PV)",n = 7522
M479 (S07),Colombia,2018,sci,P50,407.8,COMPUTED_MICRODATA,"OECD PUF via learningtower, gewichtetes Quantil (1 PV)",n = 7522
M479 (S07),Colombia,2018,sci,P75,468.2,COMPUTED_MICRODATA,"OECD PUF via learningtower, gewichtetes Quantil (1 PV)",n = 7522
M479 (S07),Colombia,2018,sci,P90,523.2,COMPUTED_MICRODATA,"OECD PUF via learningtower, gewichtetes Quantil (1 PV)",n = 7522
M479 (S07),Costa Rica,2018,math,P10,309.1,COMPUTED_MICRODATA,"OECD PUF via learningtower, gewichtetes Quantil (1 PV)",n = 7221
M479 (S07),Costa Rica,2018,math,P25,352.9,COMPUTED_MICRODATA,"OECD PUF via learningtower, gewichtetes Quantil (1 PV)",n = 7221
M479 (S07),Costa Rica,2018,math,P50,402.8,COMPUTED_MICRODATA,"OECD PUF via learningtower, gewichtetes Quantil (1 PV)",n = 7221
M479 (S07),Costa Rica,2018,math,P75,453.0,COMPUTED_MICRODATA,"OECD PUF via learningtower, gewichtetes Quantil (1 PV)",n = 7221
M479 (S07),Costa Rica,2018,math,P90,499.2,COMPUTED_MICRODATA,"OECD PUF via learningtower, gewichtetes Quantil (1 PV)",n = 7221
M479 (S07),Costa Rica,2018,read,P10,323.2,COMPUTED_MICRODATA,"OECD PUF via learningtower, gewichtetes Quantil (1 PV)",n = 7221
M479 (S07),Costa Rica,2018,read,P25,369.7,COMPUTED_MICRODATA,"OECD PUF via learningtower, gewichtetes Quantil (1 PV)",n = 7221
M479 (S07),Costa Rica,2018,read,P50,424.5,COMPUTED_MICRODATA,"OECD PUF via learningtower, gewichtetes Quantil (1 PV)",n = 7221
M479 (S07),Costa Rica,2018,read,P75,484.2,COMPUTED_MICRODATA,"OECD PUF via learningtower, gewichtetes Quantil (1 PV)",n = 7221
M479 (S07),Costa Rica,2018,read,P90,534.9,COMPUTED_MICRODATA,"OECD PUF via learningtower, gewichtetes Quantil (1 PV)",n = 7221
M479 (S07),Costa Rica,2018,sci,P10,323.9,COMPUTED_MICRODATA,"OECD PUF via learningtower, gewichtetes Quantil (1 PV)",n = 7221
M479 (S07),Costa Rica,2018,sci,P25,365.0,COMPUTED_MICRODATA,"OECD PUF via learningtower, gewichtetes Quantil (1 PV)",n = 7221
M479 (S07),Costa Rica,2018,sci,P50,413.5,COMPUTED_MICRODATA,"OECD PUF via learningtower, gewichtetes Quantil (1 PV)",n = 7221
M479 (S07),Costa Rica,2018,sci,P75,464.2,COMPUTED_MICRODATA,"OECD PUF via learningtower, gewichtetes Quantil (1 PV)",n = 7221
M479 (S07),Costa Rica,2018,sci,P90,508.5,COMPUTED_MICRODATA,"OECD PUF via learningtower, gewichtetes Quantil (1 PV)",n = 7221
M479 (S07),Czechia,2018,math,P10,377.6,COMPUTED_MICRODATA,"OECD PUF via learningtower, gewichtetes Quantil (1 PV)",n = 7019
M479 (S07),Czechia,2018,math,P25,435.2,COMPUTED_MICRODATA,"OECD PUF via learningtower, gewichtetes Quantil (1 PV)",n = 7019
M479 (S07),Czechia,2018,math,P50,500.2,COMPUTED_MICRODATA,"OECD PUF via learningtower, gewichtetes Quantil (1 PV)",n = 7019
M479 (S07),Czechia,2018,math,P75,564.6,COMPUTED_MICRODATA,"OECD PUF via learningtower, gewichtetes Quantil (1 PV)",n = 7019
M479 (S07),Czechia,2018,math,P90,617.7,COMPUTED_MICRODATA,"OECD PUF via learningtower, gewichtetes Quantil (1 PV)",n = 7019
M479 (S07),Czechia,2018,read,P10,362.5,COMPUTED_MICRODATA,"OECD PUF via learningtower, gewichtetes Quantil (1 PV)",n = 7019
M479 (S07),Czechia,2018,read,P25,423.1,COMPUTED_MICRODATA,"OECD PUF via learningtower, gewichtetes Quantil (1 PV)",n = 7019
M479 (S07),Czechia,2018,read,P50,490.7,COMPUTED_MICRODATA,"OECD PUF via learningtower, gewichtetes Quantil (1 PV)",n = 7019
M479 (S07),Czechia,2018,read,P75,560.4,COMPUTED_MICRODATA,"OECD PUF via learningtower, gewichtetes Quantil (1 PV)",n = 7019
M479 (S07),Czechia,2018,read,P90,615.2,COMPUTED_MICRODATA,"OECD PUF via learningtower, gewichtetes Quantil (1 PV)",n = 7019
M479 (S07),Czechia,2018,sci,P10,375.0,COMPUTED_MICRODATA,"OECD PUF via learningtower, gewichtetes Quantil (1 PV)",n = 7019
M479 (S07),Czechia,2018,sci,P25,430.6,COMPUTED_MICRODATA,"OECD PUF via learningtower, gewichtetes Quantil (1 PV)",n = 7019
M479 (S07),Czechia,2018,sci,P50,497.8,COMPUTED_MICRODATA,"OECD PUF via learningtower, gewichtetes Quantil (1 PV)",n = 7019
M479 (S07),Czechia,2018,sci,P75,564.8,COMPUTED_MICRODATA,"OECD PUF via learningtower, gewichtetes Quantil (1 PV)",n = 7019
M479 (S07),Czechia,2018,sci,P90,621.1,COMPUTED_MICRODATA,"OECD PUF via learningtower, gewichtetes Quantil (1 PV)",n = 7019
M479 (S07),Germany,2018,math,P10,374.3,COMPUTED_MICRODATA,"OECD PUF via learningtower, gewichtetes Quantil (1 PV)",n = 5451
M479 (S07),Germany,2018,math,P25,434.7,COMPUTED_MICRODATA,"OECD PUF via learningtower, gewichtetes Quantil (1 PV)",n = 5451
M479 (S07),Germany,2018,math,P50,504.2,COMPUTED_MICRODATA,"OECD PUF via learningtower, gewichtetes Quantil (1 PV)",n = 5451
M479 (S07),Germany,2018,math,P75,569.6,COMPUTED_MICRODATA,"OECD PUF via learningtower, gewichtetes Quantil (1 PV)",n = 5451
M479 (S07),Germany,2018,math,P90,619.3,COMPUTED_MICRODATA,"OECD PUF via learningtower, gewichtetes Quantil (1 PV)",n = 5451
M479 (S07),Germany,2018,read,P10,352.8,COMPUTED_MICRODATA,"OECD PUF via learningtower, gewichtetes Quantil (1 PV)",n = 5451
M479 (S07),Germany,2018,read,P25,425.2,COMPUTED_MICRODATA,"OECD PUF via learningtower, gewichtetes Quantil (1 PV)",n = 5451
M479 (S07),Germany,2018,read,P50,504.9,COMPUTED_MICRODATA,"OECD PUF via learningtower, gewichtetes Quantil (1 PV)",n = 5451
M479 (S07),Germany,2018,read,P75,577.3,COMPUTED_MICRODATA,"OECD PUF via learningtower, gewichtetes Quantil (1 PV)",n = 5451
M479 (S07),Germany,2018,read,P90,633.4,COMPUTED_MICRODATA,"OECD PUF via learningtower, gewichtetes Quantil (1 PV)",n = 5451
M479 (S07),Germany,2018,sci,P10,365.9,COMPUTED_MICRODATA,"OECD PUF via learningtower, gewichtetes Quantil (1 PV)",n = 5451
M479 (S07),Germany,2018,sci,P25,431.0,COMPUTED_MICRODATA,"OECD PUF via learningtower, gewichtetes Quantil (1 PV)",n = 5451
M479 (S07),Germany,2018,sci,P50,508.4,COMPUTED_MICRODATA,"OECD PUF via learningtower, gewichtetes Quantil (1 PV)",n = 5451
M479 (S07),Germany,2018,sci,P75,576.2,COMPUTED_MICRODATA,"OECD PUF via learningtower, gewichtetes Quantil (1 PV)",n = 5451
M479 (S07),Germany,2018,sci,P90,632.7,COMPUTED_MICRODATA,"OECD PUF via learningtower, gewichtetes Quantil (1 PV)",n = 5451
M479 (S07),Denmark,2018,math,P10,400.6,COMPUTED_MICRODATA,"OECD PUF via learningtower, gewichtetes Quantil (1 PV)",n = 7657
M479 (S07),Denmark,2018,math,P25,455.0,COMPUTED_MICRODATA,"OECD PUF via learningtower, gewichtetes Quantil (1 PV)",n = 7657
M479 (S07),Denmark,2018,math,P50,512.6,COMPUTED_MICRODATA,"OECD PUF via learningtower, gewichtetes Quantil (1 PV)",n = 7657
M479 (S07),Denmark,2018,math,P75,568.0,COMPUTED_MICRODATA,"OECD PUF via learningtower, gewichtetes Quantil (1 PV)",n = 7657
M479 (S07),Denmark,2018,math,P90,614.4,COMPUTED_MICRODATA,"OECD PUF via learningtower, gewichtetes Quantil (1 PV)",n = 7657
M479 (S07),Denmark,2018,read,P10,379.5,COMPUTED_MICRODATA,"OECD PUF via learningtower, gewichtetes Quantil (1 PV)",n = 7657
M479 (S07),Denmark,2018,read,P25,438.8,COMPUTED_MICRODATA,"OECD PUF via learningtower, gewichtetes Quantil (1 PV)",n = 7657
M479 (S07),Denmark,2018,read,P50,505.0,COMPUTED_MICRODATA,"OECD PUF via learningtower, gewichtetes Quantil (1 PV)",n = 7657
M479 (S07),Denmark,2018,read,P75,567.0,COMPUTED_MICRODATA,"OECD PUF via learningtower, gewichtetes Quantil (1 PV)",n = 7657
M479 (S07),Denmark,2018,read,P90,620.0,COMPUTED_MICRODATA,"OECD PUF via learningtower, gewichtetes Quantil (1 PV)",n = 7657
M479 (S07),Denmark,2018,sci,P10,370.7,COMPUTED_MICRODATA,"OECD PUF via learningtower, gewichtetes Quantil (1 PV)",n = 7657
M479 (S07),Denmark,2018,sci,P25,432.4,COMPUTED_MICRODATA,"OECD PUF via learningtower, gewichtetes Quantil (1 PV)",n = 7657
M479 (S07),Denmark,2018,sci,P50,495.2,COMPUTED_MICRODATA,"OECD PUF via learningtower, gewichtetes Quantil (1 PV)",n = 7657
M479 (S07),Denmark,2018,sci,P75,558.3,COMPUTED_MICRODATA,"OECD PUF via learningtower, gewichtetes Quantil (1 PV)",n = 7657
M479 (S07),Denmark,2018,sci,P90,606.6,COMPUTED_MICRODATA,"OECD PUF via learningtower, gewichtetes Quantil (1 PV)",n = 7657
M479 (S07),Dominican Republic,2018,math,P10,237.2,COMPUTED_MICRODATA,"OECD PUF via learningtower, gewichtetes Quantil (1 PV)",n = 5674
M479 (S07),Dominican Republic,2018,math,P25,276.5,COMPUTED_MICRODATA,"OECD PUF via learningtower, gewichtetes Quantil (1 PV)",n = 5674
M479 (S07),Dominican Republic,2018,math,P50,322.0,COMPUTED_MICRODATA,"OECD PUF via learningtower, gewichtetes Quantil (1 PV)",n = 5674
M479 (S07),Dominican Republic,2018,math,P75,368.4,COMPUTED_MICRODATA,"OECD PUF via learningtower, gewichtetes Quantil (1 PV)",n = 5674
M479 (S07),Dominican Republic,2018,math,P90,416.0,COMPUTED_MICRODATA,"OECD PUF via learningtower, gewichtetes Quantil (1 PV)",n = 5674
M479 (S07),Dominican Republic,2018,read,P10,240.8,COMPUTED_MICRODATA,"OECD PUF via learningtower, gewichtetes Quantil (1 PV)",n = 5674
M479 (S07),Dominican Republic,2018,read,P25,281.2,COMPUTED_MICRODATA,"OECD PUF via learningtower, gewichtetes Quantil (1 PV)",n = 5674
M479 (S07),Dominican Republic,2018,read,P50,333.3,COMPUTED_MICRODATA,"OECD PUF via learningtower, gewichtetes Quantil (1 PV)",n = 5674
M479 (S07),Dominican Republic,2018,read,P75,393.2,COMPUTED_MICRODATA,"OECD PUF via learningtower, gewichtetes Quantil (1 PV)",n = 5674
M479 (S07),Dominican Republic,2018,read,P90,452.5,COMPUTED_MICRODATA,"OECD PUF via learningtower, gewichtetes Quantil (1 PV)",n = 5674
M479 (S07),Dominican Republic,2018,sci,P10,250.0,COMPUTED_MICRODATA,"OECD PUF via learningtower, gewichtetes Quantil (1 PV)",n = 5674
M479 (S07),Dominican Republic,2018,sci,P25,285.2,COMPUTED_MICRODATA,"OECD PUF via learningtower, gewichtetes Quantil (1 PV)",n = 5674
M479 (S07),Dominican Republic,2018,sci,P50,327.8,COMPUTED_MICRODATA,"OECD PUF via learningtower, gewichtetes Quantil (1 PV)",n = 5674
M479 (S07),Dominican Republic,2018,sci,P75,378.7,COMPUTED_MICRODATA,"OECD PUF via learningtower, gewichtetes Quantil (1 PV)",n = 5674
M479 (S07),Dominican Republic,2018,sci,P90,433.5,COMPUTED_MICRODATA,"OECD PUF via learningtower, gewichtetes Quantil (1 PV)",n = 5674
M479 (S07),Spain,2018,math,P10,366.8,COMPUTED_MICRODATA,"OECD PUF via learningtower, gewichtetes Quantil (1 PV)",n = 35943
M479 (S07),Spain,2018,math,P25,420.9,COMPUTED_MICRODATA,"OECD PUF via learningtower, gewichtetes Quantil (1 PV)",n = 35943
M479 (S07),Spain,2018,math,P50,484.5,COMPUTED_MICRODATA,"OECD PUF via learningtower, gewichtetes Quantil (1 PV)",n = 35943
M479 (S07),Spain,2018,math,P75,544.1,COMPUTED_MICRODATA,"OECD PUF via learningtower, gewichtetes Quantil (1 PV)",n = 35943
M479 (S07),Spain,2018,math,P90,593.0,COMPUTED_MICRODATA,"OECD PUF via learningtower, gewichtetes Quantil (1 PV)",n = 35943
M479 (S07),Spain,2018,read,P10,353.6,COMPUTED_MICRODATA,"OECD PUF via learningtower, gewichtetes Quantil (1 PV)",n = 35943
M479 (S07),Spain,2018,read,P25,413.4,COMPUTED_MICRODATA,"OECD PUF via learningtower, gewichtetes Quantil (1 PV)",n = 35943
M479 (S07),Spain,2018,read,P50,479.1,COMPUTED_MICRODATA,"OECD PUF via learningtower, gewichtetes Quantil (1 PV)",n = 35943
M479 (S07),Spain,2018,read,P75,542.2,COMPUTED_MICRODATA,"OECD PUF via learningtower, gewichtetes Quantil (1 PV)",n = 35943
M479 (S07),Spain,2018,read,P90,594.9,COMPUTED_MICRODATA,"OECD PUF via learningtower, gewichtetes Quantil (1 PV)",n = 35943
M479 (S07),Spain,2018,sci,P10,364.0,COMPUTED_MICRODATA,"OECD PUF via learningtower, gewichtetes Quantil (1 PV)",n = 35943
M479 (S07),Spain,2018,sci,P25,421.4,COMPUTED_MICRODATA,"OECD PUF via learningtower, gewichtetes Quantil (1 PV)",n = 35943
M479 (S07),Spain,2018,sci,P50,484.9,COMPUTED_MICRODATA,"OECD PUF via learningtower, gewichtetes Quantil (1 PV)",n = 35943
M479 (S07),Spain,2018,sci,P75,547.4,COMPUTED_MICRODATA,"OECD PUF via learningtower, gewichtetes Quantil (1 PV)",n = 35943
M479 (S07),Spain,2018,sci,P90,597.5,COMPUTED_MICRODATA,"OECD PUF via learningtower, gewichtetes Quantil (1 PV)",n = 35943
M479 (S07),Estonia,2018,math,P10,418.7,COMPUTED_MICRODATA,"OECD PUF via learningtower, gewichtetes Quantil (1 PV)",n = 5316
M479 (S07),Estonia,2018,math,P25,467.8,COMPUTED_MICRODATA,"OECD PUF via learningtower, gewichtetes Quantil (1 PV)",n = 5316
M479 (S07),Estonia,2018,math,P50,522.7,COMPUTED_MICRODATA,"OECD PUF via learningtower, gewichtetes Quantil (1 PV)",n = 5316
M479 (S07),Estonia,2018,math,P75,579.7,COMPUTED_MICRODATA,"OECD PUF via learningtower, gewichtetes Quantil (1 PV)",n = 5316
M479 (S07),Estonia,2018,math,P90,627.1,COMPUTED_MICRODATA,"OECD PUF via learningtower, gewichtetes Quantil (1 PV)",n = 5316
M479 (S07),Estonia,2018,read,P10,403.0,COMPUTED_MICRODATA,"OECD PUF via learningtower, gewichtetes Quantil (1 PV)",n = 5316
M479 (S07),Estonia,2018,read,P25,461.5,COMPUTED_MICRODATA,"OECD PUF via learningtower, gewichtetes Quantil (1 PV)",n = 5316
M479 (S07),Estonia,2018,read,P50,524.5,COMPUTED_MICRODATA,"OECD PUF via learningtower, gewichtetes Quantil (1 PV)",n = 5316
M479 (S07),Estonia,2018,read,P75,589.3,COMPUTED_MICRODATA,"OECD PUF via learningtower, gewichtetes Quantil (1 PV)",n = 5316
M479 (S07),Estonia,2018,read,P90,643.5,COMPUTED_MICRODATA,"OECD PUF via learningtower, gewichtetes Quantil (1 PV)",n = 5316
M479 (S07),Estonia,2018,sci,P10,414.7,COMPUTED_MICRODATA,"OECD PUF via learningtower, gewichtetes Quantil (1 PV)",n = 5316
M479 (S07),Estonia,2018,sci,P25,470.1,COMPUTED_MICRODATA,"OECD PUF via learningtower, gewichtetes Quantil (1 PV)",n = 5316
M479 (S07),Estonia,2018,sci,P50,530.2,COMPUTED_MICRODATA,"OECD PUF via learningtower, gewichtetes Quantil (1 PV)",n = 5316
M479 (S07),Estonia,2018,sci,P75,592.4,COMPUTED_MICRODATA,"OECD PUF via learningtower, gewichtetes Quantil (1 PV)",n = 5316
M479 (S07),Estonia,2018,sci,P90,645.7,COMPUTED_MICRODATA,"OECD PUF via learningtower, gewichtetes Quantil (1 PV)",n = 5316
M479 (S07),Finland,2018,math,P10,399.4,COMPUTED_MICRODATA,"OECD PUF via learningtower, gewichtetes Quantil (1 PV)",n = 5649
M479 (S07),Finland,2018,math,P25,450.3,COMPUTED_MICRODATA,"OECD PUF via learningtower, gewichtetes Quantil (1 PV)",n = 5649
M479 (S07),Finland,2018,math,P50,510.8,COMPUTED_MICRODATA,"OECD PUF via learningtower, gewichtetes Quantil (1 PV)",n = 5649
M479 (S07),Finland,2018,math,P75,565.3,COMPUTED_MICRODATA,"OECD PUF via learningtower, gewichtetes Quantil (1 PV)",n = 5649
M479 (S07),Finland,2018,math,P90,613.2,COMPUTED_MICRODATA,"OECD PUF via learningtower, gewichtetes Quantil (1 PV)",n = 5649
M479 (S07),Finland,2018,read,P10,383.3,COMPUTED_MICRODATA,"OECD PUF via learningtower, gewichtetes Quantil (1 PV)",n = 5649
M479 (S07),Finland,2018,read,P25,454.4,COMPUTED_MICRODATA,"OECD PUF via learningtower, gewichtetes Quantil (1 PV)",n = 5649
M479 (S07),Finland,2018,read,P50,526.7,COMPUTED_MICRODATA,"OECD PUF via learningtower, gewichtetes Quantil (1 PV)",n = 5649
M479 (S07),Finland,2018,read,P75,590.3,COMPUTED_MICRODATA,"OECD PUF via learningtower, gewichtetes Quantil (1 PV)",n = 5649
M479 (S07),Finland,2018,read,P90,643.0,COMPUTED_MICRODATA,"OECD PUF via learningtower, gewichtetes Quantil (1 PV)",n = 5649
M479 (S07),Finland,2018,sci,P10,388.6,COMPUTED_MICRODATA,"OECD PUF via learningtower, gewichtetes Quantil (1 PV)",n = 5649
M479 (S07),Finland,2018,sci,P25,456.3,COMPUTED_MICRODATA,"OECD PUF via learningtower, gewichtetes Quantil (1 PV)",n = 5649
M479 (S07),Finland,2018,sci,P50,524.4,COMPUTED_MICRODATA,"OECD PUF via learningtower, gewichtetes Quantil (1 PV)",n = 5649
M479 (S07),Finland,2018,sci,P75,588.1,COMPUTED_MICRODATA,"OECD PUF via learningtower, gewichtetes Quantil (1 PV)",n = 5649
M479 (S07),Finland,2018,sci,P90,639.8,COMPUTED_MICRODATA,"OECD PUF via learningtower, gewichtetes Quantil (1 PV)",n = 5649
M479 (S07),France,2018,math,P10,368.6,COMPUTED_MICRODATA,"OECD PUF via learningtower, gewichtetes Quantil (1 PV)",n = 6308
M479 (S07),France,2018,math,P25,434.0,COMPUTED_MICRODATA,"OECD PUF via learningtower, gewichtetes Quantil (1 PV)",n = 6308
M479 (S07),France,2018,math,P50,501.9,COMPUTED_MICRODATA,"OECD PUF via learningtower, gewichtetes Quantil (1 PV)",n = 6308
M479 (S07),France,2018,math,P75,562.4,COMPUTED_MICRODATA,"OECD PUF via learningtower, gewichtetes Quantil (1 PV)",n = 6308
M479 (S07),France,2018,math,P90,612.5,COMPUTED_MICRODATA,"OECD PUF via learningtower, gewichtetes Quantil (1 PV)",n = 6308
M479 (S07),France,2018,read,P10,355.7,COMPUTED_MICRODATA,"OECD PUF via learningtower, gewichtetes Quantil (1 PV)",n = 6308
M479 (S07),France,2018,read,P25,422.2,COMPUTED_MICRODATA,"OECD PUF via learningtower, gewichtetes Quantil (1 PV)",n = 6308
M479 (S07),France,2018,read,P50,498.1,COMPUTED_MICRODATA,"OECD PUF via learningtower, gewichtetes Quantil (1 PV)",n = 6308
M479 (S07),France,2018,read,P75,568.0,COMPUTED_MICRODATA,"OECD PUF via learningtower, gewichtetes Quantil (1 PV)",n = 6308
M479 (S07),France,2018,read,P90,622.4,COMPUTED_MICRODATA,"OECD PUF via learningtower, gewichtetes Quantil (1 PV)",n = 6308
M479 (S07),France,2018,sci,P10,365.4,COMPUTED_MICRODATA,"OECD PUF via learningtower, gewichtetes Quantil (1 PV)",n = 6308
M479 (S07),France,2018,sci,P25,426.0,COMPUTED_MICRODATA,"OECD PUF via learningtower, gewichtetes Quantil (1 PV)",n = 6308
M479 (S07),France,2018,sci,P50,498.6,COMPUTED_MICRODATA,"OECD PUF via learningtower, gewichtetes Quantil (1 PV)",n = 6308
M479 (S07),France,2018,sci,P75,564.2,COMPUTED_MICRODATA,"OECD PUF via learningtower, gewichtetes Quantil (1 PV)",n = 6308
M479 (S07),France,2018,sci,P90,614.2,COMPUTED_MICRODATA,"OECD PUF via learningtower, gewichtetes Quantil (1 PV)",n = 6308
M479 (S07),United Kingdom,2018,math,P10,382.2,COMPUTED_MICRODATA,"OECD PUF via learningtower, gewichtetes Quantil (1 PV)",n = 13818
M479 (S07),United Kingdom,2018,math,P25,439.1,COMPUTED_MICRODATA,"OECD PUF via learningtower, gewichtetes Quantil (1 PV)",n = 13818
M479 (S07),United Kingdom,2018,math,P50,504.0,COMPUTED_MICRODATA,"OECD PUF via learningtower, gewichtetes Quantil (1 PV)",n = 13818
M479 (S07),United Kingdom,2018,math,P75,566.1,COMPUTED_MICRODATA,"OECD PUF via learningtower, gewichtetes Quantil (1 PV)",n = 13818
M479 (S07),United Kingdom,2018,math,P90,621.4,COMPUTED_MICRODATA,"OECD PUF via learningtower, gewichtetes Quantil (1 PV)",n = 13818
M479 (S07),United Kingdom,2018,read,P10,373.8,COMPUTED_MICRODATA,"OECD PUF via learningtower, gewichtetes Quantil (1 PV)",n = 13818
M479 (S07),United Kingdom,2018,read,P25,436.2,COMPUTED_MICRODATA,"OECD PUF via learningtower, gewichtetes Quantil (1 PV)",n = 13818
M479 (S07),United Kingdom,2018,read,P50,507.2,COMPUTED_MICRODATA,"OECD PUF via learningtower, gewichtetes Quantil (1 PV)",n = 13818
M479 (S07),United Kingdom,2018,read,P75,572.4,COMPUTED_MICRODATA,"OECD PUF via learningtower, gewichtetes Quantil (1 PV)",n = 13818
M479 (S07),United Kingdom,2018,read,P90,633.6,COMPUTED_MICRODATA,"OECD PUF via learningtower, gewichtetes Quantil (1 PV)",n = 13818
M479 (S07),United Kingdom,2018,sci,P10,375.3,COMPUTED_MICRODATA,"OECD PUF via learningtower, gewichtetes Quantil (1 PV)",n = 13818
M479 (S07),United Kingdom,2018,sci,P25,436.1,COMPUTED_MICRODATA,"OECD PUF via learningtower, gewichtetes Quantil (1 PV)",n = 13818
M479 (S07),United Kingdom,2018,sci,P50,506.2,COMPUTED_MICRODATA,"OECD PUF via learningtower, gewichtetes Quantil (1 PV)",n = 13818
M479 (S07),United Kingdom,2018,sci,P75,573.9,COMPUTED_MICRODATA,"OECD PUF via learningtower, gewichtetes Quantil (1 PV)",n = 13818
M479 (S07),United Kingdom,2018,sci,P90,629.9,COMPUTED_MICRODATA,"OECD PUF via learningtower, gewichtetes Quantil (1 PV)",n = 13818
M479 (S07),Georgia,2018,math,P10,288.7,COMPUTED_MICRODATA,"OECD PUF via learningtower, gewichtetes Quantil (1 PV)",n = 5572
M479 (S07),Georgia,2018,math,P25,335.0,COMPUTED_MICRODATA,"OECD PUF via learningtower, gewichtetes Quantil (1 PV)",n = 5572
M479 (S07),Georgia,2018,math,P50,395.2,COMPUTED_MICRODATA,"OECD PUF via learningtower, gewichtetes Quantil (1 PV)",n = 5572
M479 (S07),Georgia,2018,math,P75,457.7,COMPUTED_MICRODATA,"OECD PUF via learningtower, gewichtetes Quantil (1 PV)",n = 5572
M479 (S07),Georgia,2018,math,P90,516.3,COMPUTED_MICRODATA,"OECD PUF via learningtower, gewichtetes Quantil (1 PV)",n = 5572
M479 (S07),Georgia,2018,read,P10,275.6,COMPUTED_MICRODATA,"OECD PUF via learningtower, gewichtetes Quantil (1 PV)",n = 5572
M479 (S07),Georgia,2018,read,P25,319.9,COMPUTED_MICRODATA,"OECD PUF via learningtower, gewichtetes Quantil (1 PV)",n = 5572
M479 (S07),Georgia,2018,read,P50,373.2,COMPUTED_MICRODATA,"OECD PUF via learningtower, gewichtetes Quantil (1 PV)",n = 5572
M479 (S07),Georgia,2018,read,P75,435.7,COMPUTED_MICRODATA,"OECD PUF via learningtower, gewichtetes Quantil (1 PV)",n = 5572
M479 (S07),Georgia,2018,read,P90,491.2,COMPUTED_MICRODATA,"OECD PUF via learningtower, gewichtetes Quantil (1 PV)",n = 5572
M479 (S07),Georgia,2018,sci,P10,280.2,COMPUTED_MICRODATA,"OECD PUF via learningtower, gewichtetes Quantil (1 PV)",n = 5572
M479 (S07),Georgia,2018,sci,P25,326.2,COMPUTED_MICRODATA,"OECD PUF via learningtower, gewichtetes Quantil (1 PV)",n = 5572
M479 (S07),Georgia,2018,sci,P50,379.8,COMPUTED_MICRODATA,"OECD PUF via learningtower, gewichtetes Quantil (1 PV)",n = 5572
M479 (S07),Georgia,2018,sci,P75,436.0,COMPUTED_MICRODATA,"OECD PUF via learningtower, gewichtetes Quantil (1 PV)",n = 5572
M479 (S07),Georgia,2018,sci,P90,490.7,COMPUTED_MICRODATA,"OECD PUF via learningtower, gewichtetes Quantil (1 PV)",n = 5572
M479 (S07),Greece,2018,math,P10,335.0,COMPUTED_MICRODATA,"OECD PUF via learningtower, gewichtetes Quantil (1 PV)",n = 6403
M479 (S07),Greece,2018,math,P25,389.9,COMPUTED_MICRODATA,"OECD PUF via learningtower, gewichtetes Quantil (1 PV)",n = 6403
M479 (S07),Greece,2018,math,P50,453.2,COMPUTED_MICRODATA,"OECD PUF via learningtower, gewichtetes Quantil (1 PV)",n = 6403
M479 (S07),Greece,2018,math,P75,512.7,COMPUTED_MICRODATA,"OECD PUF via learningtower, gewichtetes Quantil (1 PV)",n = 6403
M479 (S07),Greece,2018,math,P90,564.5,COMPUTED_MICRODATA,"OECD PUF via learningtower, gewichtetes Quantil (1 PV)",n = 6403
M479 (S07),Greece,2018,read,P10,325.7,COMPUTED_MICRODATA,"OECD PUF via learningtower, gewichtetes Quantil (1 PV)",n = 6403
M479 (S07),Greece,2018,read,P25,388.9,COMPUTED_MICRODATA,"OECD PUF via learningtower, gewichtetes Quantil (1 PV)",n = 6403
M479 (S07),Greece,2018,read,P50,459.4,COMPUTED_MICRODATA,"OECD PUF via learningtower, gewichtetes Quantil (1 PV)",n = 6403
M479 (S07),Greece,2018,read,P75,526.8,COMPUTED_MICRODATA,"OECD PUF via learningtower, gewichtetes Quantil (1 PV)",n = 6403
M479 (S07),Greece,2018,read,P90,582.0,COMPUTED_MICRODATA,"OECD PUF via learningtower, gewichtetes Quantil (1 PV)",n = 6403
M479 (S07),Greece,2018,sci,P10,337.1,COMPUTED_MICRODATA,"OECD PUF via learningtower, gewichtetes Quantil (1 PV)",n = 6403
M479 (S07),Greece,2018,sci,P25,391.3,COMPUTED_MICRODATA,"OECD PUF via learningtower, gewichtetes Quantil (1 PV)",n = 6403
M479 (S07),Greece,2018,sci,P50,453.4,COMPUTED_MICRODATA,"OECD PUF via learningtower, gewichtetes Quantil (1 PV)",n = 6403
M479 (S07),Greece,2018,sci,P75,513.5,COMPUTED_MICRODATA,"OECD PUF via learningtower, gewichtetes Quantil (1 PV)",n = 6403
M479 (S07),Greece,2018,sci,P90,562.5,COMPUTED_MICRODATA,"OECD PUF via learningtower, gewichtetes Quantil (1 PV)",n = 6403
M479 (S07),Hong Kong (China),2018,math,P10,424.4,COMPUTED_MICRODATA,"OECD PUF via learningtower, gewichtetes Quantil (1 PV)",n = 6037
M479 (S07),Hong Kong (China),2018,math,P25,491.2,COMPUTED_MICRODATA,"OECD PUF via learningtower, gewichtetes Quantil (1 PV)",n = 6037
M479 (S07),Hong Kong (China),2018,math,P50,558.2,COMPUTED_MICRODATA,"OECD PUF via learningtower, gewichtetes Quantil (1 PV)",n = 6037
M479 (S07),Hong Kong (China),2018,math,P75,617.4,COMPUTED_MICRODATA,"OECD PUF via learningtower, gewichtetes Quantil (1 PV)",n = 6037
M479 (S07),Hong Kong (China),2018,math,P90,666.3,COMPUTED_MICRODATA,"OECD PUF via learningtower, gewichtetes Quantil (1 PV)",n = 6037
M479 (S07),Hong Kong (China),2018,read,P10,384.2,COMPUTED_MICRODATA,"OECD PUF via learningtower, gewichtetes Quantil (1 PV)",n = 6037
M479 (S07),Hong Kong (China),2018,read,P25,462.0,COMPUTED_MICRODATA,"OECD PUF via learningtower, gewichtetes Quantil (1 PV)",n = 6037
M479 (S07),Hong Kong (China),2018,read,P50,533.0,COMPUTED_MICRODATA,"OECD PUF via learningtower, gewichtetes Quantil (1 PV)",n = 6037
M479 (S07),Hong Kong (China),2018,read,P75,595.4,COMPUTED_MICRODATA,"OECD PUF via learningtower, gewichtetes Quantil (1 PV)",n = 6037
M479 (S07),Hong Kong (China),2018,read,P90,643.5,COMPUTED_MICRODATA,"OECD PUF via learningtower, gewichtetes Quantil (1 PV)",n = 6037
M479 (S07),Hong Kong (China),2018,sci,P10,402.1,COMPUTED_MICRODATA,"OECD PUF via learningtower, gewichtetes Quantil (1 PV)",n = 6037
M479 (S07),Hong Kong (China),2018,sci,P25,462.1,COMPUTED_MICRODATA,"OECD PUF via learningtower, gewichtetes Quantil (1 PV)",n = 6037
M479 (S07),Hong Kong (China),2018,sci,P50,522.1,COMPUTED_MICRODATA,"OECD PUF via learningtower, gewichtetes Quantil (1 PV)",n = 6037
M479 (S07),Hong Kong (China),2018,sci,P75,577.0,COMPUTED_MICRODATA,"OECD PUF via learningtower, gewichtetes Quantil (1 PV)",n = 6037
M479 (S07),Hong Kong (China),2018,sci,P90,626.7,COMPUTED_MICRODATA,"OECD PUF via learningtower, gewichtetes Quantil (1 PV)",n = 6037
M479 (S07),Croatia,2018,math,P10,352.6,COMPUTED_MICRODATA,"OECD PUF via learningtower, gewichtetes Quantil (1 PV)",n = 6609
M479 (S07),Croatia,2018,math,P25,404.3,COMPUTED_MICRODATA,"OECD PUF via learningtower, gewichtetes Quantil (1 PV)",n = 6609
M479 (S07),Croatia,2018,math,P50,463.9,COMPUTED_MICRODATA,"OECD PUF via learningtower, gewichtetes Quantil (1 PV)",n = 6609
M479 (S07),Croatia,2018,math,P75,522.9,COMPUTED_MICRODATA,"OECD PUF via learningtower, gewichtetes Quantil (1 PV)",n = 6609
M479 (S07),Croatia,2018,math,P90,578.4,COMPUTED_MICRODATA,"OECD PUF via learningtower, gewichtetes Quantil (1 PV)",n = 6609
M479 (S07),Croatia,2018,read,P10,361.6,COMPUTED_MICRODATA,"OECD PUF via learningtower, gewichtetes Quantil (1 PV)",n = 6609
M479 (S07),Croatia,2018,read,P25,417.9,COMPUTED_MICRODATA,"OECD PUF via learningtower, gewichtetes Quantil (1 PV)",n = 6609
M479 (S07),Croatia,2018,read,P50,481.4,COMPUTED_MICRODATA,"OECD PUF via learningtower, gewichtetes Quantil (1 PV)",n = 6609
M479 (S07),Croatia,2018,read,P75,542.4,COMPUTED_MICRODATA,"OECD PUF via learningtower, gewichtetes Quantil (1 PV)",n = 6609
M479 (S07),Croatia,2018,read,P90,593.3,COMPUTED_MICRODATA,"OECD PUF via learningtower, gewichtetes Quantil (1 PV)",n = 6609
M479 (S07),Croatia,2018,sci,P10,356.4,COMPUTED_MICRODATA,"OECD PUF via learningtower, gewichtetes Quantil (1 PV)",n = 6609
M479 (S07),Croatia,2018,sci,P25,409.5,COMPUTED_MICRODATA,"OECD PUF via learningtower, gewichtetes Quantil (1 PV)",n = 6609
M479 (S07),Croatia,2018,sci,P50,472.7,COMPUTED_MICRODATA,"OECD PUF via learningtower, gewichtetes Quantil (1 PV)",n = 6609
M479 (S07),Croatia,2018,sci,P75,535.0,COMPUTED_MICRODATA,"OECD PUF via learningtower, gewichtetes Quantil (1 PV)",n = 6609
M479 (S07),Croatia,2018,sci,P90,591.4,COMPUTED_MICRODATA,"OECD PUF via learningtower, gewichtetes Quantil (1 PV)",n = 6609
M479 (S07),Hungary,2018,math,P10,363.5,COMPUTED_MICRODATA,"OECD PUF via learningtower, gewichtetes Quantil (1 PV)",n = 5132
M479 (S07),Hungary,2018,math,P25,420.3,COMPUTED_MICRODATA,"OECD PUF via learningtower, gewichtetes Quantil (1 PV)",n = 5132
M479 (S07),Hungary,2018,math,P50,483.7,COMPUTED_MICRODATA,"OECD PUF via learningtower, gewichtetes Quantil (1 PV)",n = 5132
M479 (S07),Hungary,2018,math,P75,547.4,COMPUTED_MICRODATA,"OECD PUF via learningtower, gewichtetes Quantil (1 PV)",n = 5132
M479 (S07),Hungary,2018,math,P90,596.1,COMPUTED_MICRODATA,"OECD PUF via learningtower, gewichtetes Quantil (1 PV)",n = 5132
M479 (S07),Hungary,2018,read,P10,347.6,COMPUTED_MICRODATA,"OECD PUF via learningtower, gewichtetes Quantil (1 PV)",n = 5132
M479 (S07),Hungary,2018,read,P25,406.7,COMPUTED_MICRODATA,"OECD PUF via learningtower, gewichtetes Quantil (1 PV)",n = 5132
M479 (S07),Hungary,2018,read,P50,477.8,COMPUTED_MICRODATA,"OECD PUF via learningtower, gewichtetes Quantil (1 PV)",n = 5132
M479 (S07),Hungary,2018,read,P75,548.6,COMPUTED_MICRODATA,"OECD PUF via learningtower, gewichtetes Quantil (1 PV)",n = 5132
M479 (S07),Hungary,2018,read,P90,601.6,COMPUTED_MICRODATA,"OECD PUF via learningtower, gewichtetes Quantil (1 PV)",n = 5132
M479 (S07),Hungary,2018,sci,P10,353.0,COMPUTED_MICRODATA,"OECD PUF via learningtower, gewichtetes Quantil (1 PV)",n = 5132
M479 (S07),Hungary,2018,sci,P25,412.6,COMPUTED_MICRODATA,"OECD PUF via learningtower, gewichtetes Quantil (1 PV)",n = 5132
M479 (S07),Hungary,2018,sci,P50,482.0,COMPUTED_MICRODATA,"OECD PUF via learningtower, gewichtetes Quantil (1 PV)",n = 5132
M479 (S07),Hungary,2018,sci,P75,549.1,COMPUTED_MICRODATA,"OECD PUF via learningtower, gewichtetes Quantil (1 PV)",n = 5132
M479 (S07),Hungary,2018,sci,P90,603.7,COMPUTED_MICRODATA,"OECD PUF via learningtower, gewichtetes Quantil (1 PV)",n = 5132
M479 (S07),Indonesia,2018,math,P10,278.9,COMPUTED_MICRODATA,"OECD PUF via learningtower, gewichtetes Quantil (1 PV)",n = 12098
M479 (S07),Indonesia,2018,math,P25,324.6,COMPUTED_MICRODATA,"OECD PUF via learningtower, gewichtetes Quantil (1 PV)",n = 12098
M479 (S07),Indonesia,2018,math,P50,376.3,COMPUTED_MICRODATA,"OECD PUF via learningtower, gewichtetes Quantil (1 PV)",n = 12098
M479 (S07),Indonesia,2018,math,P75,426.7,COMPUTED_MICRODATA,"OECD PUF via learningtower, gewichtetes Quantil (1 PV)",n = 12098
M479 (S07),Indonesia,2018,math,P90,479.1,COMPUTED_MICRODATA,"OECD PUF via learningtower, gewichtetes Quantil (1 PV)",n = 12098
M479 (S07),Indonesia,2018,read,P10,276.6,COMPUTED_MICRODATA,"OECD PUF via learningtower, gewichtetes Quantil (1 PV)",n = 12098
M479 (S07),Indonesia,2018,read,P25,318.7,COMPUTED_MICRODATA,"OECD PUF via learningtower, gewichtetes Quantil (1 PV)",n = 12098
M479 (S07),Indonesia,2018,read,P50,366.7,COMPUTED_MICRODATA,"OECD PUF via learningtower, gewichtetes Quantil (1 PV)",n = 12098
M479 (S07),Indonesia,2018,read,P75,420.2,COMPUTED_MICRODATA,"OECD PUF via learningtower, gewichtetes Quantil (1 PV)",n = 12098
M479 (S07),Indonesia,2018,read,P90,472.4,COMPUTED_MICRODATA,"OECD PUF via learningtower, gewichtetes Quantil (1 PV)",n = 12098
M479 (S07),Indonesia,2018,sci,P10,312.8,COMPUTED_MICRODATA,"OECD PUF via learningtower, gewichtetes Quantil (1 PV)",n = 12098
M479 (S07),Indonesia,2018,sci,P25,350.4,COMPUTED_MICRODATA,"OECD PUF via learningtower, gewichtetes Quantil (1 PV)",n = 12098
M479 (S07),Indonesia,2018,sci,P50,392.0,COMPUTED_MICRODATA,"OECD PUF via learningtower, gewichtetes Quantil (1 PV)",n = 12098
M479 (S07),Indonesia,2018,sci,P75,439.8,COMPUTED_MICRODATA,"OECD PUF via learningtower, gewichtetes Quantil (1 PV)",n = 12098
M479 (S07),Indonesia,2018,sci,P90,491.1,COMPUTED_MICRODATA,"OECD PUF via learningtower, gewichtetes Quantil (1 PV)",n = 12098
M479 (S07),Ireland,2018,math,P10,395.8,COMPUTED_MICRODATA,"OECD PUF via learningtower, gewichtetes Quantil (1 PV)",n = 5577
M479 (S07),Ireland,2018,math,P25,446.0,COMPUTED_MICRODATA,"OECD PUF via learningtower, gewichtetes Quantil (1 PV)",n = 5577
M479 (S07),Ireland,2018,math,P50,501.2,COMPUTED_MICRODATA,"OECD PUF via learningtower, gewichtetes Quantil (1 PV)",n = 5577
M479 (S07),Ireland,2018,math,P75,554.1,COMPUTED_MICRODATA,"OECD PUF via learningtower, gewichtetes Quantil (1 PV)",n = 5577
M479 (S07),Ireland,2018,math,P90,599.6,COMPUTED_MICRODATA,"OECD PUF via learningtower, gewichtetes Quantil (1 PV)",n = 5577
M479 (S07),Ireland,2018,read,P10,397.6,COMPUTED_MICRODATA,"OECD PUF via learningtower, gewichtetes Quantil (1 PV)",n = 5577
M479 (S07),Ireland,2018,read,P25,456.2,COMPUTED_MICRODATA,"OECD PUF via learningtower, gewichtetes Quantil (1 PV)",n = 5577
M479 (S07),Ireland,2018,read,P50,519.8,COMPUTED_MICRODATA,"OECD PUF via learningtower, gewichtetes Quantil (1 PV)",n = 5577
M479 (S07),Ireland,2018,read,P75,583.0,COMPUTED_MICRODATA,"OECD PUF via learningtower, gewichtetes Quantil (1 PV)",n = 5577
M479 (S07),Ireland,2018,read,P90,634.0,COMPUTED_MICRODATA,"OECD PUF via learningtower, gewichtetes Quantil (1 PV)",n = 5577
M479 (S07),Ireland,2018,sci,P10,376.4,COMPUTED_MICRODATA,"OECD PUF via learningtower, gewichtetes Quantil (1 PV)",n = 5577
M479 (S07),Ireland,2018,sci,P25,435.0,COMPUTED_MICRODATA,"OECD PUF via learningtower, gewichtetes Quantil (1 PV)",n = 5577
M479 (S07),Ireland,2018,sci,P50,496.2,COMPUTED_MICRODATA,"OECD PUF via learningtower, gewichtetes Quantil (1 PV)",n = 5577
M479 (S07),Ireland,2018,sci,P75,558.4,COMPUTED_MICRODATA,"OECD PUF via learningtower, gewichtetes Quantil (1 PV)",n = 5577
M479 (S07),Ireland,2018,sci,P90,610.0,COMPUTED_MICRODATA,"OECD PUF via learningtower, gewichtetes Quantil (1 PV)",n = 5577
M479 (S07),Iceland,2018,math,P10,372.6,COMPUTED_MICRODATA,"OECD PUF via learningtower, gewichtetes Quantil (1 PV)",n = 3296
M479 (S07),Iceland,2018,math,P25,431.0,COMPUTED_MICRODATA,"OECD PUF via learningtower, gewichtetes Quantil (1 PV)",n = 3296
M479 (S07),Iceland,2018,math,P50,499.9,COMPUTED_MICRODATA,"OECD PUF via learningtower, gewichtetes Quantil (1 PV)",n = 3296
M479 (S07),Iceland,2018,math,P75,560.6,COMPUTED_MICRODATA,"OECD PUF via learningtower, gewichtetes Quantil (1 PV)",n = 3296
M479 (S07),Iceland,2018,math,P90,609.4,COMPUTED_MICRODATA,"OECD PUF via learningtower, gewichtetes Quantil (1 PV)",n = 3296
M479 (S07),Iceland,2018,read,P10,333.3,COMPUTED_MICRODATA,"OECD PUF via learningtower, gewichtetes Quantil (1 PV)",n = 3296
M479 (S07),Iceland,2018,read,P25,404.3,COMPUTED_MICRODATA,"OECD PUF via learningtower, gewichtetes Quantil (1 PV)",n = 3296
M479 (S07),Iceland,2018,read,P50,476.4,COMPUTED_MICRODATA,"OECD PUF via learningtower, gewichtetes Quantil (1 PV)",n = 3296
M479 (S07),Iceland,2018,read,P75,548.8,COMPUTED_MICRODATA,"OECD PUF via learningtower, gewichtetes Quantil (1 PV)",n = 3296
M479 (S07),Iceland,2018,read,P90,607.4,COMPUTED_MICRODATA,"OECD PUF via learningtower, gewichtetes Quantil (1 PV)",n = 3296
M479 (S07),Iceland,2018,sci,P10,353.3,COMPUTED_MICRODATA,"OECD PUF via learningtower, gewichtetes Quantil (1 PV)",n = 3296
M479 (S07),Iceland,2018,sci,P25,407.2,COMPUTED_MICRODATA,"OECD PUF via learningtower, gewichtetes Quantil (1 PV)",n = 3296
M479 (S07),Iceland,2018,sci,P50,475.2,COMPUTED_MICRODATA,"OECD PUF via learningtower, gewichtetes Quantil (1 PV)",n = 3296
M479 (S07),Iceland,2018,sci,P75,538.2,COMPUTED_MICRODATA,"OECD PUF via learningtower, gewichtetes Quantil (1 PV)",n = 3296
M479 (S07),Iceland,2018,sci,P90,593.0,COMPUTED_MICRODATA,"OECD PUF via learningtower, gewichtetes Quantil (1 PV)",n = 3296
M479 (S07),Israel,2018,math,P10,313.1,COMPUTED_MICRODATA,"OECD PUF via learningtower, gewichtetes Quantil (1 PV)",n = 6623
M479 (S07),Israel,2018,math,P25,385.9,COMPUTED_MICRODATA,"OECD PUF via learningtower, gewichtetes Quantil (1 PV)",n = 6623
M479 (S07),Israel,2018,math,P50,466.5,COMPUTED_MICRODATA,"OECD PUF via learningtower, gewichtetes Quantil (1 PV)",n = 6623
M479 (S07),Israel,2018,math,P75,542.0,COMPUTED_MICRODATA,"OECD PUF via learningtower, gewichtetes Quantil (1 PV)",n = 6623
M479 (S07),Israel,2018,math,P90,601.3,COMPUTED_MICRODATA,"OECD PUF via learningtower, gewichtetes Quantil (1 PV)",n = 6623
M479 (S07),Israel,2018,read,P10,295.9,COMPUTED_MICRODATA,"OECD PUF via learningtower, gewichtetes Quantil (1 PV)",n = 6623
M479 (S07),Israel,2018,read,P25,380.3,COMPUTED_MICRODATA,"OECD PUF via learningtower, gewichtetes Quantil (1 PV)",n = 6623
M479 (S07),Israel,2018,read,P50,478.2,COMPUTED_MICRODATA,"OECD PUF via learningtower, gewichtetes Quantil (1 PV)",n = 6623
M479 (S07),Israel,2018,read,P75,561.4,COMPUTED_MICRODATA,"OECD PUF via learningtower, gewichtetes Quantil (1 PV)",n = 6623
M479 (S07),Israel,2018,read,P90,627.8,COMPUTED_MICRODATA,"OECD PUF via learningtower, gewichtetes Quantil (1 PV)",n = 6623
M479 (S07),Israel,2018,sci,P10,315.4,COMPUTED_MICRODATA,"OECD PUF via learningtower, gewichtetes Quantil (1 PV)",n = 6623
M479 (S07),Israel,2018,sci,P25,381.9,COMPUTED_MICRODATA,"OECD PUF via learningtower, gewichtetes Quantil (1 PV)",n = 6623
M479 (S07),Israel,2018,sci,P50,464.9,COMPUTED_MICRODATA,"OECD PUF via learningtower, gewichtetes Quantil (1 PV)",n = 6623
M479 (S07),Israel,2018,sci,P75,545.4,COMPUTED_MICRODATA,"OECD PUF via learningtower, gewichtetes Quantil (1 PV)",n = 6623
M479 (S07),Israel,2018,sci,P90,606.9,COMPUTED_MICRODATA,"OECD PUF via learningtower, gewichtetes Quantil (1 PV)",n = 6623
M479 (S07),Italy,2018,math,P10,363.2,COMPUTED_MICRODATA,"OECD PUF via learningtower, gewichtetes Quantil (1 PV)",n = 11785
M479 (S07),Italy,2018,math,P25,423.2,COMPUTED_MICRODATA,"OECD PUF via learningtower, gewichtetes Quantil (1 PV)",n = 11785
M479 (S07),Italy,2018,math,P50,489.0,COMPUTED_MICRODATA,"OECD PUF via learningtower, gewichtetes Quantil (1 PV)",n = 11785
M479 (S07),Italy,2018,math,P75,552.8,COMPUTED_MICRODATA,"OECD PUF via learningtower, gewichtetes Quantil (1 PV)",n = 11785
M479 (S07),Italy,2018,math,P90,604.2,COMPUTED_MICRODATA,"OECD PUF via learningtower, gewichtetes Quantil (1 PV)",n = 11785
M479 (S07),Italy,2018,read,P10,344.3,COMPUTED_MICRODATA,"OECD PUF via learningtower, gewichtetes Quantil (1 PV)",n = 11785
M479 (S07),Italy,2018,read,P25,412.7,COMPUTED_MICRODATA,"OECD PUF via learningtower, gewichtetes Quantil (1 PV)",n = 11785
M479 (S07),Italy,2018,read,P50,480.2,COMPUTED_MICRODATA,"OECD PUF via learningtower, gewichtetes Quantil (1 PV)",n = 11785
M479 (S07),Italy,2018,read,P75,545.0,COMPUTED_MICRODATA,"OECD PUF via learningtower, gewichtetes Quantil (1 PV)",n = 11785
M479 (S07),Italy,2018,read,P90,597.4,COMPUTED_MICRODATA,"OECD PUF via learningtower, gewichtetes Quantil (1 PV)",n = 11785
M479 (S07),Italy,2018,sci,P10,350.6,COMPUTED_MICRODATA,"OECD PUF via learningtower, gewichtetes Quantil (1 PV)",n = 11785
M479 (S07),Italy,2018,sci,P25,405.8,COMPUTED_MICRODATA,"OECD PUF via learningtower, gewichtetes Quantil (1 PV)",n = 11785
M479 (S07),Italy,2018,sci,P50,469.6,COMPUTED_MICRODATA,"OECD PUF via learningtower, gewichtetes Quantil (1 PV)",n = 11785
M479 (S07),Italy,2018,sci,P75,532.1,COMPUTED_MICRODATA,"OECD PUF via learningtower, gewichtetes Quantil (1 PV)",n = 11785
M479 (S07),Italy,2018,sci,P90,582.1,COMPUTED_MICRODATA,"OECD PUF via learningtower, gewichtetes Quantil (1 PV)",n = 11785
M479 (S07),Jordan,2018,math,P10,291.4,COMPUTED_MICRODATA,"OECD PUF via learningtower, gewichtetes Quantil (1 PV)",n = 8963
M479 (S07),Jordan,2018,math,P25,342.2,COMPUTED_MICRODATA,"OECD PUF via learningtower, gewichtetes Quantil (1 PV)",n = 8963
M479 (S07),Jordan,2018,math,P50,401.1,COMPUTED_MICRODATA,"OECD PUF via learningtower, gewichtetes Quantil (1 PV)",n = 8963
M479 (S07),Jordan,2018,math,P75,458.0,COMPUTED_MICRODATA,"OECD PUF via learningtower, gewichtetes Quantil (1 PV)",n = 8963
M479 (S07),Jordan,2018,math,P90,508.4,COMPUTED_MICRODATA,"OECD PUF via learningtower, gewichtetes Quantil (1 PV)",n = 8963
M479 (S07),Jordan,2018,read,P10,303.6,COMPUTED_MICRODATA,"OECD PUF via learningtower, gewichtetes Quantil (1 PV)",n = 8963
M479 (S07),Jordan,2018,read,P25,365.7,COMPUTED_MICRODATA,"OECD PUF via learningtower, gewichtetes Quantil (1 PV)",n = 8963
M479 (S07),Jordan,2018,read,P50,426.2,COMPUTED_MICRODATA,"OECD PUF via learningtower, gewichtetes Quantil (1 PV)",n = 8963
M479 (S07),Jordan,2018,read,P75,480.1,COMPUTED_MICRODATA,"OECD PUF via learningtower, gewichtetes Quantil (1 PV)",n = 8963
M479 (S07),Jordan,2018,read,P90,522.6,COMPUTED_MICRODATA,"OECD PUF via learningtower, gewichtetes Quantil (1 PV)",n = 8963
M479 (S07),Jordan,2018,sci,P10,317.2,COMPUTED_MICRODATA,"OECD PUF via learningtower, gewichtetes Quantil (1 PV)",n = 8963
M479 (S07),Jordan,2018,sci,P25,369.9,COMPUTED_MICRODATA,"OECD PUF via learningtower, gewichtetes Quantil (1 PV)",n = 8963
M479 (S07),Jordan,2018,sci,P50,431.3,COMPUTED_MICRODATA,"OECD PUF via learningtower, gewichtetes Quantil (1 PV)",n = 8963
M479 (S07),Jordan,2018,sci,P75,490.5,COMPUTED_MICRODATA,"OECD PUF via learningtower, gewichtetes Quantil (1 PV)",n = 8963
M479 (S07),Jordan,2018,sci,P90,541.6,COMPUTED_MICRODATA,"OECD PUF via learningtower, gewichtetes Quantil (1 PV)",n = 8963
M479 (S07),Japan,2018,math,P10,413.0,COMPUTED_MICRODATA,"OECD PUF via learningtower, gewichtetes Quantil (1 PV)",n = 6109
M479 (S07),Japan,2018,math,P25,470.1,COMPUTED_MICRODATA,"OECD PUF via learningtower, gewichtetes Quantil (1 PV)",n = 6109
M479 (S07),Japan,2018,math,P50,532.5,COMPUTED_MICRODATA,"OECD PUF via learningtower, gewichtetes Quantil (1 PV)",n = 6109
M479 (S07),Japan,2018,math,P75,590.6,COMPUTED_MICRODATA,"OECD PUF via learningtower, gewichtetes Quantil (1 PV)",n = 6109
M479 (S07),Japan,2018,math,P90,637.0,COMPUTED_MICRODATA,"OECD PUF via learningtower, gewichtetes Quantil (1 PV)",n = 6109
M479 (S07),Japan,2018,read,P10,373.3,COMPUTED_MICRODATA,"OECD PUF via learningtower, gewichtetes Quantil (1 PV)",n = 6109
M479 (S07),Japan,2018,read,P25,437.5,COMPUTED_MICRODATA,"OECD PUF via learningtower, gewichtetes Quantil (1 PV)",n = 6109
M479 (S07),Japan,2018,read,P50,507.6,COMPUTED_MICRODATA,"OECD PUF via learningtower, gewichtetes Quantil (1 PV)",n = 6109
M479 (S07),Japan,2018,read,P75,571.6,COMPUTED_MICRODATA,"OECD PUF via learningtower, gewichtetes Quantil (1 PV)",n = 6109
M479 (S07),Japan,2018,read,P90,625.9,COMPUTED_MICRODATA,"OECD PUF via learningtower, gewichtetes Quantil (1 PV)",n = 6109
M479 (S07),Japan,2018,sci,P10,404.4,COMPUTED_MICRODATA,"OECD PUF via learningtower, gewichtetes Quantil (1 PV)",n = 6109
M479 (S07),Japan,2018,sci,P25,466.0,COMPUTED_MICRODATA,"OECD PUF via learningtower, gewichtetes Quantil (1 PV)",n = 6109
M479 (S07),Japan,2018,sci,P50,534.3,COMPUTED_MICRODATA,"OECD PUF via learningtower, gewichtetes Quantil (1 PV)",n = 6109
M479 (S07),Japan,2018,sci,P75,595.9,COMPUTED_MICRODATA,"OECD PUF via learningtower, gewichtetes Quantil (1 PV)",n = 6109
M479 (S07),Japan,2018,sci,P90,645.1,COMPUTED_MICRODATA,"OECD PUF via learningtower, gewichtetes Quantil (1 PV)",n = 6109
M479 (S07),Kazakhstan,2018,math,P10,315.5,COMPUTED_MICRODATA,"OECD PUF via learningtower, gewichtetes Quantil (1 PV)",n = 19507
M479 (S07),Kazakhstan,2018,math,P25,365.2,COMPUTED_MICRODATA,"OECD PUF via learningtower, gewichtetes Quantil (1 PV)",n = 19507
M479 (S07),Kazakhstan,2018,math,P50,422.6,COMPUTED_MICRODATA,"OECD PUF via learningtower, gewichtetes Quantil (1 PV)",n = 19507
M479 (S07),Kazakhstan,2018,math,P75,479.7,COMPUTED_MICRODATA,"OECD PUF via learningtower, gewichtetes Quantil (1 PV)",n = 19507
M479 (S07),Kazakhstan,2018,math,P90,531.9,COMPUTED_MICRODATA,"OECD PUF via learningtower, gewichtetes Quantil (1 PV)",n = 19507
M479 (S07),Kazakhstan,2018,read,P10,293.9,COMPUTED_MICRODATA,"OECD PUF via learningtower, gewichtetes Quantil (1 PV)",n = 19507
M479 (S07),Kazakhstan,2018,read,P25,333.3,COMPUTED_MICRODATA,"OECD PUF via learningtower, gewichtetes Quantil (1 PV)",n = 19507
M479 (S07),Kazakhstan,2018,read,P50,380.1,COMPUTED_MICRODATA,"OECD PUF via learningtower, gewichtetes Quantil (1 PV)",n = 19507
M479 (S07),Kazakhstan,2018,read,P75,432.5,COMPUTED_MICRODATA,"OECD PUF via learningtower, gewichtetes Quantil (1 PV)",n = 19507
M479 (S07),Kazakhstan,2018,read,P90,489.4,COMPUTED_MICRODATA,"OECD PUF via learningtower, gewichtetes Quantil (1 PV)",n = 19507
M479 (S07),Kazakhstan,2018,sci,P10,307.2,COMPUTED_MICRODATA,"OECD PUF via learningtower, gewichtetes Quantil (1 PV)",n = 19507
M479 (S07),Kazakhstan,2018,sci,P25,346.4,COMPUTED_MICRODATA,"OECD PUF via learningtower, gewichtetes Quantil (1 PV)",n = 19507
M479 (S07),Kazakhstan,2018,sci,P50,390.6,COMPUTED_MICRODATA,"OECD PUF via learningtower, gewichtetes Quantil (1 PV)",n = 19507
M479 (S07),Kazakhstan,2018,sci,P75,439.6,COMPUTED_MICRODATA,"OECD PUF via learningtower, gewichtetes Quantil (1 PV)",n = 19507
M479 (S07),Kazakhstan,2018,sci,P90,493.4,COMPUTED_MICRODATA,"OECD PUF via learningtower, gewichtetes Quantil (1 PV)",n = 19507
M479 (S07),Korea,2018,math,P10,393.5,COMPUTED_MICRODATA,"OECD PUF via learningtower, gewichtetes Quantil (1 PV)",n = 6650
M479 (S07),Korea,2018,math,P25,459.1,COMPUTED_MICRODATA,"OECD PUF via learningtower, gewichtetes Quantil (1 PV)",n = 6650
M479 (S07),Korea,2018,math,P50,530.0,COMPUTED_MICRODATA,"OECD PUF via learningtower, gewichtetes Quantil (1 PV)",n = 6650
M479 (S07),Korea,2018,math,P75,595.6,COMPUTED_MICRODATA,"OECD PUF via learningtower, gewichtetes Quantil (1 PV)",n = 6650
M479 (S07),Korea,2018,math,P90,648.1,COMPUTED_MICRODATA,"OECD PUF via learningtower, gewichtetes Quantil (1 PV)",n = 6650
M479 (S07),Korea,2018,read,P10,375.5,COMPUTED_MICRODATA,"OECD PUF via learningtower, gewichtetes Quantil (1 PV)",n = 6650
M479 (S07),Korea,2018,read,P25,448.6,COMPUTED_MICRODATA,"OECD PUF via learningtower, gewichtetes Quantil (1 PV)",n = 6650
M479 (S07),Korea,2018,read,P50,520.5,COMPUTED_MICRODATA,"OECD PUF via learningtower, gewichtetes Quantil (1 PV)",n = 6650
M479 (S07),Korea,2018,read,P75,584.9,COMPUTED_MICRODATA,"OECD PUF via learningtower, gewichtetes Quantil (1 PV)",n = 6650
M479 (S07),Korea,2018,read,P90,637.7,COMPUTED_MICRODATA,"OECD PUF via learningtower, gewichtetes Quantil (1 PV)",n = 6650
M479 (S07),Korea,2018,sci,P10,385.7,COMPUTED_MICRODATA,"OECD PUF via learningtower, gewichtetes Quantil (1 PV)",n = 6650
M479 (S07),Korea,2018,sci,P25,451.8,COMPUTED_MICRODATA,"OECD PUF via learningtower, gewichtetes Quantil (1 PV)",n = 6650
M479 (S07),Korea,2018,sci,P50,525.4,COMPUTED_MICRODATA,"OECD PUF via learningtower, gewichtetes Quantil (1 PV)",n = 6650
M479 (S07),Korea,2018,sci,P75,589.2,COMPUTED_MICRODATA,"OECD PUF via learningtower, gewichtetes Quantil (1 PV)",n = 6650
M479 (S07),Korea,2018,sci,P90,642.9,COMPUTED_MICRODATA,"OECD PUF via learningtower, gewichtetes Quantil (1 PV)",n = 6650
M479 (S07),Kosovo,2018,math,P10,269.1,COMPUTED_MICRODATA,"OECD PUF via learningtower, gewichtetes Quantil (1 PV)",n = 5058
M479 (S07),Kosovo,2018,math,P25,312.5,COMPUTED_MICRODATA,"OECD PUF via learningtower, gewichtetes Quantil (1 PV)",n = 5058
M479 (S07),Kosovo,2018,math,P50,361.9,COMPUTED_MICRODATA,"OECD PUF via learningtower, gewichtetes Quantil (1 PV)",n = 5058
M479 (S07),Kosovo,2018,math,P75,414.7,COMPUTED_MICRODATA,"OECD PUF via learningtower, gewichtetes Quantil (1 PV)",n = 5058
M479 (S07),Kosovo,2018,math,P90,461.2,COMPUTED_MICRODATA,"OECD PUF via learningtower, gewichtetes Quantil (1 PV)",n = 5058
M479 (S07),Kosovo,2018,read,P10,263.5,COMPUTED_MICRODATA,"OECD PUF via learningtower, gewichtetes Quantil (1 PV)",n = 5058
M479 (S07),Kosovo,2018,read,P25,303.5,COMPUTED_MICRODATA,"OECD PUF via learningtower, gewichtetes Quantil (1 PV)",n = 5058
M479 (S07),Kosovo,2018,read,P50,350.4,COMPUTED_MICRODATA,"OECD PUF via learningtower, gewichtetes Quantil (1 PV)",n = 5058
M479 (S07),Kosovo,2018,read,P75,398.6,COMPUTED_MICRODATA,"OECD PUF via learningtower, gewichtetes Quantil (1 PV)",n = 5058
M479 (S07),Kosovo,2018,read,P90,443.1,COMPUTED_MICRODATA,"OECD PUF via learningtower, gewichtetes Quantil (1 PV)",n = 5058
M479 (S07),Kosovo,2018,sci,P10,285.7,COMPUTED_MICRODATA,"OECD PUF via learningtower, gewichtetes Quantil (1 PV)",n = 5058
M479 (S07),Kosovo,2018,sci,P25,320.7,COMPUTED_MICRODATA,"OECD PUF via learningtower, gewichtetes Quantil (1 PV)",n = 5058
M479 (S07),Kosovo,2018,sci,P50,359.9,COMPUTED_MICRODATA,"OECD PUF via learningtower, gewichtetes Quantil (1 PV)",n = 5058
M479 (S07),Kosovo,2018,sci,P75,406.0,COMPUTED_MICRODATA,"OECD PUF via learningtower, gewichtetes Quantil (1 PV)",n = 5058
M479 (S07),Kosovo,2018,sci,P90,452.1,COMPUTED_MICRODATA,"OECD PUF via learningtower, gewichtetes Quantil (1 PV)",n = 5058
M479 (S07),Lebanon,2018,math,P10,258.0,COMPUTED_MICRODATA,"OECD PUF via learningtower, gewichtetes Quantil (1 PV)",n = 5614
M479 (S07),Lebanon,2018,math,P25,320.0,COMPUTED_MICRODATA,"OECD PUF via learningtower, gewichtetes Quantil (1 PV)",n = 5614
M479 (S07),Lebanon,2018,math,P50,391.3,COMPUTED_MICRODATA,"OECD PUF via learningtower, gewichtetes Quantil (1 PV)",n = 5614
M479 (S07),Lebanon,2018,math,P75,469.1,COMPUTED_MICRODATA,"OECD PUF via learningtower, gewichtetes Quantil (1 PV)",n = 5614
M479 (S07),Lebanon,2018,math,P90,530.1,COMPUTED_MICRODATA,"OECD PUF via learningtower, gewichtetes Quantil (1 PV)",n = 5614
M479 (S07),Lebanon,2018,read,P10,210.4,COMPUTED_MICRODATA,"OECD PUF via learningtower, gewichtetes Quantil (1 PV)",n = 5614
M479 (S07),Lebanon,2018,read,P25,266.4,COMPUTED_MICRODATA,"OECD PUF via learningtower, gewichtetes Quantil (1 PV)",n = 5614
M479 (S07),Lebanon,2018,read,P50,346.2,COMPUTED_MICRODATA,"OECD PUF via learningtower, gewichtetes Quantil (1 PV)",n = 5614
M479 (S07),Lebanon,2018,read,P75,434.2,COMPUTED_MICRODATA,"OECD PUF via learningtower, gewichtetes Quantil (1 PV)",n = 5614
M479 (S07),Lebanon,2018,read,P90,505.8,COMPUTED_MICRODATA,"OECD PUF via learningtower, gewichtetes Quantil (1 PV)",n = 5614
M479 (S07),Lebanon,2018,sci,P10,266.4,COMPUTED_MICRODATA,"OECD PUF via learningtower, gewichtetes Quantil (1 PV)",n = 5614
M479 (S07),Lebanon,2018,sci,P25,316.8,COMPUTED_MICRODATA,"OECD PUF via learningtower, gewichtetes Quantil (1 PV)",n = 5614
M479 (S07),Lebanon,2018,sci,P50,377.6,COMPUTED_MICRODATA,"OECD PUF via learningtower, gewichtetes Quantil (1 PV)",n = 5614
M479 (S07),Lebanon,2018,sci,P75,448.7,COMPUTED_MICRODATA,"OECD PUF via learningtower, gewichtetes Quantil (1 PV)",n = 5614
M479 (S07),Lebanon,2018,sci,P90,514.4,COMPUTED_MICRODATA,"OECD PUF via learningtower, gewichtetes Quantil (1 PV)",n = 5614
M479 (S07),Lithuania,2018,math,P10,364.1,COMPUTED_MICRODATA,"OECD PUF via learningtower, gewichtetes Quantil (1 PV)",n = 6885
M479 (S07),Lithuania,2018,math,P25,421.6,COMPUTED_MICRODATA,"OECD PUF via learningtower, gewichtetes Quantil (1 PV)",n = 6885
M479 (S07),Lithuania,2018,math,P50,485.8,COMPUTED_MICRODATA,"OECD PUF via learningtower, gewichtetes Quantil (1 PV)",n = 6885
M479 (S07),Lithuania,2018,math,P75,547.5,COMPUTED_MICRODATA,"OECD PUF via learningtower, gewichtetes Quantil (1 PV)",n = 6885
M479 (S07),Lithuania,2018,math,P90,600.6,COMPUTED_MICRODATA,"OECD PUF via learningtower, gewichtetes Quantil (1 PV)",n = 6885
M479 (S07),Lithuania,2018,read,P10,350.2,COMPUTED_MICRODATA,"OECD PUF via learningtower, gewichtetes Quantil (1 PV)",n = 6885
M479 (S07),Lithuania,2018,read,P25,410.0,COMPUTED_MICRODATA,"OECD PUF via learningtower, gewichtetes Quantil (1 PV)",n = 6885
M479 (S07),Lithuania,2018,read,P50,477.9,COMPUTED_MICRODATA,"OECD PUF via learningtower, gewichtetes Quantil (1 PV)",n = 6885
M479 (S07),Lithuania,2018,read,P75,543.6,COMPUTED_MICRODATA,"OECD PUF via learningtower, gewichtetes Quantil (1 PV)",n = 6885
M479 (S07),Lithuania,2018,read,P90,598.2,COMPUTED_MICRODATA,"OECD PUF via learningtower, gewichtetes Quantil (1 PV)",n = 6885
M479 (S07),Lithuania,2018,sci,P10,363.5,COMPUTED_MICRODATA,"OECD PUF via learningtower, gewichtetes Quantil (1 PV)",n = 6885
M479 (S07),Lithuania,2018,sci,P25,419.9,COMPUTED_MICRODATA,"OECD PUF via learningtower, gewichtetes Quantil (1 PV)",n = 6885
M479 (S07),Lithuania,2018,sci,P50,483.5,COMPUTED_MICRODATA,"OECD PUF via learningtower, gewichtetes Quantil (1 PV)",n = 6885
M479 (S07),Lithuania,2018,sci,P75,545.2,COMPUTED_MICRODATA,"OECD PUF via learningtower, gewichtetes Quantil (1 PV)",n = 6885
M479 (S07),Lithuania,2018,sci,P90,597.1,COMPUTED_MICRODATA,"OECD PUF via learningtower, gewichtetes Quantil (1 PV)",n = 6885
M479 (S07),Luxembourg,2018,math,P10,356.7,COMPUTED_MICRODATA,"OECD PUF via learningtower, gewichtetes Quantil (1 PV)",n = 5230
M479 (S07),Luxembourg,2018,math,P25,415.3,COMPUTED_MICRODATA,"OECD PUF via learningtower, gewichtetes Quantil (1 PV)",n = 5230
M479 (S07),Luxembourg,2018,math,P50,484.4,COMPUTED_MICRODATA,"OECD PUF via learningtower, gewichtetes Quantil (1 PV)",n = 5230
M479 (S07),Luxembourg,2018,math,P75,553.2,COMPUTED_MICRODATA,"OECD PUF via learningtower, gewichtetes Quantil (1 PV)",n = 5230
M479 (S07),Luxembourg,2018,math,P90,609.7,COMPUTED_MICRODATA,"OECD PUF via learningtower, gewichtetes Quantil (1 PV)",n = 5230
M479 (S07),Luxembourg,2018,read,P10,325.6,COMPUTED_MICRODATA,"OECD PUF via learningtower, gewichtetes Quantil (1 PV)",n = 5230
M479 (S07),Luxembourg,2018,read,P25,391.5,COMPUTED_MICRODATA,"OECD PUF via learningtower, gewichtetes Quantil (1 PV)",n = 5230
M479 (S07),Luxembourg,2018,read,P50,471.1,COMPUTED_MICRODATA,"OECD PUF via learningtower, gewichtetes Quantil (1 PV)",n = 5230
M479 (S07),Luxembourg,2018,read,P75,547.5,COMPUTED_MICRODATA,"OECD PUF via learningtower, gewichtetes Quantil (1 PV)",n = 5230
M479 (S07),Luxembourg,2018,read,P90,611.2,COMPUTED_MICRODATA,"OECD PUF via learningtower, gewichtetes Quantil (1 PV)",n = 5230
M479 (S07),Luxembourg,2018,sci,P10,345.0,COMPUTED_MICRODATA,"OECD PUF via learningtower, gewichtetes Quantil (1 PV)",n = 5230
M479 (S07),Luxembourg,2018,sci,P25,403.4,COMPUTED_MICRODATA,"OECD PUF via learningtower, gewichtetes Quantil (1 PV)",n = 5230
M479 (S07),Luxembourg,2018,sci,P50,477.3,COMPUTED_MICRODATA,"OECD PUF via learningtower, gewichtetes Quantil (1 PV)",n = 5230
M479 (S07),Luxembourg,2018,sci,P75,550.8,COMPUTED_MICRODATA,"OECD PUF via learningtower, gewichtetes Quantil (1 PV)",n = 5230
M479 (S07),Luxembourg,2018,sci,P90,607.1,COMPUTED_MICRODATA,"OECD PUF via learningtower, gewichtetes Quantil (1 PV)",n = 5230
M479 (S07),Latvia,2018,math,P10,392.1,COMPUTED_MICRODATA,"OECD PUF via learningtower, gewichtetes Quantil (1 PV)",n = 5303
M479 (S07),Latvia,2018,math,P25,442.4,COMPUTED_MICRODATA,"OECD PUF via learningtower, gewichtetes Quantil (1 PV)",n = 5303
M479 (S07),Latvia,2018,math,P50,497.6,COMPUTED_MICRODATA,"OECD PUF via learningtower, gewichtetes Quantil (1 PV)",n = 5303
M479 (S07),Latvia,2018,math,P75,551.4,COMPUTED_MICRODATA,"OECD PUF via learningtower, gewichtetes Quantil (1 PV)",n = 5303
M479 (S07),Latvia,2018,math,P90,602.2,COMPUTED_MICRODATA,"OECD PUF via learningtower, gewichtetes Quantil (1 PV)",n = 5303
M479 (S07),Latvia,2018,read,P10,360.6,COMPUTED_MICRODATA,"OECD PUF via learningtower, gewichtetes Quantil (1 PV)",n = 5303
M479 (S07),Latvia,2018,read,P25,414.6,COMPUTED_MICRODATA,"OECD PUF via learningtower, gewichtetes Quantil (1 PV)",n = 5303
M479 (S07),Latvia,2018,read,P50,480.3,COMPUTED_MICRODATA,"OECD PUF via learningtower, gewichtetes Quantil (1 PV)",n = 5303
M479 (S07),Latvia,2018,read,P75,540.9,COMPUTED_MICRODATA,"OECD PUF via learningtower, gewichtetes Quantil (1 PV)",n = 5303
M479 (S07),Latvia,2018,read,P90,593.7,COMPUTED_MICRODATA,"OECD PUF via learningtower, gewichtetes Quantil (1 PV)",n = 5303
M479 (S07),Latvia,2018,sci,P10,378.8,COMPUTED_MICRODATA,"OECD PUF via learningtower, gewichtetes Quantil (1 PV)",n = 5303
M479 (S07),Latvia,2018,sci,P25,430.9,COMPUTED_MICRODATA,"OECD PUF via learningtower, gewichtetes Quantil (1 PV)",n = 5303
M479 (S07),Latvia,2018,sci,P50,488.6,COMPUTED_MICRODATA,"OECD PUF via learningtower, gewichtetes Quantil (1 PV)",n = 5303
M479 (S07),Latvia,2018,sci,P75,546.0,COMPUTED_MICRODATA,"OECD PUF via learningtower, gewichtetes Quantil (1 PV)",n = 5303
M479 (S07),Latvia,2018,sci,P90,595.3,COMPUTED_MICRODATA,"OECD PUF via learningtower, gewichtetes Quantil (1 PV)",n = 5303
M479 (S07),Macao (China),2018,math,P10,450.8,COMPUTED_MICRODATA,"OECD PUF via learningtower, gewichtetes Quantil (1 PV)",n = 3775
M479 (S07),Macao (China),2018,math,P25,503.5,COMPUTED_MICRODATA,"OECD PUF via learningtower, gewichtetes Quantil (1 PV)",n = 3775
M479 (S07),Macao (China),2018,math,P50,559.6,COMPUTED_MICRODATA,"OECD PUF via learningtower, gewichtetes Quantil (1 PV)",n = 3775
M479 (S07),Macao (China),2018,math,P75,611.3,COMPUTED_MICRODATA,"OECD PUF via learningtower, gewichtetes Quantil (1 PV)",n = 3775
M479 (S07),Macao (China),2018,math,P90,656.9,COMPUTED_MICRODATA,"OECD PUF via learningtower, gewichtetes Quantil (1 PV)",n = 3775
M479 (S07),Macao (China),2018,read,P10,403.7,COMPUTED_MICRODATA,"OECD PUF via learningtower, gewichtetes Quantil (1 PV)",n = 3775
M479 (S07),Macao (China),2018,read,P25,464.9,COMPUTED_MICRODATA,"OECD PUF via learningtower, gewichtetes Quantil (1 PV)",n = 3775
M479 (S07),Macao (China),2018,read,P50,530.2,COMPUTED_MICRODATA,"OECD PUF via learningtower, gewichtetes Quantil (1 PV)",n = 3775
M479 (S07),Macao (China),2018,read,P75,589.5,COMPUTED_MICRODATA,"OECD PUF via learningtower, gewichtetes Quantil (1 PV)",n = 3775
M479 (S07),Macao (China),2018,read,P90,643.0,COMPUTED_MICRODATA,"OECD PUF via learningtower, gewichtetes Quantil (1 PV)",n = 3775
M479 (S07),Macao (China),2018,sci,P10,433.4,COMPUTED_MICRODATA,"OECD PUF via learningtower, gewichtetes Quantil (1 PV)",n = 3775
M479 (S07),Macao (China),2018,sci,P25,487.4,COMPUTED_MICRODATA,"OECD PUF via learningtower, gewichtetes Quantil (1 PV)",n = 3775
M479 (S07),Macao (China),2018,sci,P50,546.0,COMPUTED_MICRODATA,"OECD PUF via learningtower, gewichtetes Quantil (1 PV)",n = 3775
M479 (S07),Macao (China),2018,sci,P75,598.6,COMPUTED_MICRODATA,"OECD PUF via learningtower, gewichtetes Quantil (1 PV)",n = 3775
M479 (S07),Macao (China),2018,sci,P90,647.1,COMPUTED_MICRODATA,"OECD PUF via learningtower, gewichtetes Quantil (1 PV)",n = 3775
M479 (S07),Morocco,2018,math,P10,274.3,COMPUTED_MICRODATA,"OECD PUF via learningtower, gewichtetes Quantil (1 PV)",n = 6814
M479 (S07),Morocco,2018,math,P25,315.8,COMPUTED_MICRODATA,"OECD PUF via learningtower, gewichtetes Quantil (1 PV)",n = 6814
M479 (S07),Morocco,2018,math,P50,364.7,COMPUTED_MICRODATA,"OECD PUF via learningtower, gewichtetes Quantil (1 PV)",n = 6814
M479 (S07),Morocco,2018,math,P75,419.1,COMPUTED_MICRODATA,"OECD PUF via learningtower, gewichtetes Quantil (1 PV)",n = 6814
M479 (S07),Morocco,2018,math,P90,470.6,COMPUTED_MICRODATA,"OECD PUF via learningtower, gewichtetes Quantil (1 PV)",n = 6814
M479 (S07),Morocco,2018,read,P10,265.1,COMPUTED_MICRODATA,"OECD PUF via learningtower, gewichtetes Quantil (1 PV)",n = 6814
M479 (S07),Morocco,2018,read,P25,304.1,COMPUTED_MICRODATA,"OECD PUF via learningtower, gewichtetes Quantil (1 PV)",n = 6814
M479 (S07),Morocco,2018,read,P50,355.3,COMPUTED_MICRODATA,"OECD PUF via learningtower, gewichtetes Quantil (1 PV)",n = 6814
M479 (S07),Morocco,2018,read,P75,412.2,COMPUTED_MICRODATA,"OECD PUF via learningtower, gewichtetes Quantil (1 PV)",n = 6814
M479 (S07),Morocco,2018,read,P90,460.3,COMPUTED_MICRODATA,"OECD PUF via learningtower, gewichtetes Quantil (1 PV)",n = 6814
M479 (S07),Morocco,2018,sci,P10,294.7,COMPUTED_MICRODATA,"OECD PUF via learningtower, gewichtetes Quantil (1 PV)",n = 6814
M479 (S07),Morocco,2018,sci,P25,328.9,COMPUTED_MICRODATA,"OECD PUF via learningtower, gewichtetes Quantil (1 PV)",n = 6814
M479 (S07),Morocco,2018,sci,P50,373.3,COMPUTED_MICRODATA,"OECD PUF via learningtower, gewichtetes Quantil (1 PV)",n = 6814
M479 (S07),Morocco,2018,sci,P75,423.6,COMPUTED_MICRODATA,"OECD PUF via learningtower, gewichtetes Quantil (1 PV)",n = 6814
M479 (S07),Morocco,2018,sci,P90,468.8,COMPUTED_MICRODATA,"OECD PUF via learningtower, gewichtetes Quantil (1 PV)",n = 6814
M479 (S07),Moldova,2018,math,P10,299.8,COMPUTED_MICRODATA,"OECD PUF via learningtower, gewichtetes Quantil (1 PV)",n = 5367
M479 (S07),Moldova,2018,math,P25,354.5,COMPUTED_MICRODATA,"OECD PUF via learningtower, gewichtetes Quantil (1 PV)",n = 5367
M479 (S07),Moldova,2018,math,P50,418.0,COMPUTED_MICRODATA,"OECD PUF via learningtower, gewichtetes Quantil (1 PV)",n = 5367
M479 (S07),Moldova,2018,math,P75,484.6,COMPUTED_MICRODATA,"OECD PUF via learningtower, gewichtetes Quantil (1 PV)",n = 5367
M479 (S07),Moldova,2018,math,P90,539.2,COMPUTED_MICRODATA,"OECD PUF via learningtower, gewichtetes Quantil (1 PV)",n = 5367
M479 (S07),Moldova,2018,read,P10,302.7,COMPUTED_MICRODATA,"OECD PUF via learningtower, gewichtetes Quantil (1 PV)",n = 5367
M479 (S07),Moldova,2018,read,P25,357.6,COMPUTED_MICRODATA,"OECD PUF via learningtower, gewichtetes Quantil (1 PV)",n = 5367
M479 (S07),Moldova,2018,read,P50,424.3,COMPUTED_MICRODATA,"OECD PUF via learningtower, gewichtetes Quantil (1 PV)",n = 5367
M479 (S07),Moldova,2018,read,P75,490.3,COMPUTED_MICRODATA,"OECD PUF via learningtower, gewichtetes Quantil (1 PV)",n = 5367
M479 (S07),Moldova,2018,read,P90,543.9,COMPUTED_MICRODATA,"OECD PUF via learningtower, gewichtetes Quantil (1 PV)",n = 5367
M479 (S07),Moldova,2018,sci,P10,311.8,COMPUTED_MICRODATA,"OECD PUF via learningtower, gewichtetes Quantil (1 PV)",n = 5367
M479 (S07),Moldova,2018,sci,P25,365.0,COMPUTED_MICRODATA,"OECD PUF via learningtower, gewichtetes Quantil (1 PV)",n = 5367
M479 (S07),Moldova,2018,sci,P50,425.1,COMPUTED_MICRODATA,"OECD PUF via learningtower, gewichtetes Quantil (1 PV)",n = 5367
M479 (S07),Moldova,2018,sci,P75,491.4,COMPUTED_MICRODATA,"OECD PUF via learningtower, gewichtetes Quantil (1 PV)",n = 5367
M479 (S07),Moldova,2018,sci,P90,544.0,COMPUTED_MICRODATA,"OECD PUF via learningtower, gewichtetes Quantil (1 PV)",n = 5367
M479 (S07),Mexico,2018,math,P10,309.5,COMPUTED_MICRODATA,"OECD PUF via learningtower, gewichtetes Quantil (1 PV)",n = 7299
M479 (S07),Mexico,2018,math,P25,355.0,COMPUTED_MICRODATA,"OECD PUF via learningtower, gewichtetes Quantil (1 PV)",n = 7299
M479 (S07),Mexico,2018,math,P50,408.2,COMPUTED_MICRODATA,"OECD PUF via learningtower, gewichtetes Quantil (1 PV)",n = 7299
M479 (S07),Mexico,2018,math,P75,462.1,COMPUTED_MICRODATA,"OECD PUF via learningtower, gewichtetes Quantil (1 PV)",n = 7299
M479 (S07),Mexico,2018,math,P90,510.0,COMPUTED_MICRODATA,"OECD PUF via learningtower, gewichtetes Quantil (1 PV)",n = 7299
M479 (S07),Mexico,2018,read,P10,315.5,COMPUTED_MICRODATA,"OECD PUF via learningtower, gewichtetes Quantil (1 PV)",n = 7299
M479 (S07),Mexico,2018,read,P25,361.5,COMPUTED_MICRODATA,"OECD PUF via learningtower, gewichtetes Quantil (1 PV)",n = 7299
M479 (S07),Mexico,2018,read,P50,417.8,COMPUTED_MICRODATA,"OECD PUF via learningtower, gewichtetes Quantil (1 PV)",n = 7299
M479 (S07),Mexico,2018,read,P75,477.0,COMPUTED_MICRODATA,"OECD PUF via learningtower, gewichtetes Quantil (1 PV)",n = 7299
M479 (S07),Mexico,2018,read,P90,532.0,COMPUTED_MICRODATA,"OECD PUF via learningtower, gewichtetes Quantil (1 PV)",n = 7299
M479 (S07),Mexico,2018,sci,P10,325.5,COMPUTED_MICRODATA,"OECD PUF via learningtower, gewichtetes Quantil (1 PV)",n = 7299
M479 (S07),Mexico,2018,sci,P25,365.6,COMPUTED_MICRODATA,"OECD PUF via learningtower, gewichtetes Quantil (1 PV)",n = 7299
M479 (S07),Mexico,2018,sci,P50,414.6,COMPUTED_MICRODATA,"OECD PUF via learningtower, gewichtetes Quantil (1 PV)",n = 7299
M479 (S07),Mexico,2018,sci,P75,468.3,COMPUTED_MICRODATA,"OECD PUF via learningtower, gewichtetes Quantil (1 PV)",n = 7299
M479 (S07),Mexico,2018,sci,P90,517.6,COMPUTED_MICRODATA,"OECD PUF via learningtower, gewichtetes Quantil (1 PV)",n = 7299
M479 (S07),North Macedonia,2018,math,P10,273.5,COMPUTED_MICRODATA,"OECD PUF via learningtower, gewichtetes Quantil (1 PV)",n = 5569
M479 (S07),North Macedonia,2018,math,P25,328.7,COMPUTED_MICRODATA,"OECD PUF via learningtower, gewichtetes Quantil (1 PV)",n = 5569
M479 (S07),North Macedonia,2018,math,P50,392.8,COMPUTED_MICRODATA,"OECD PUF via learningtower, gewichtetes Quantil (1 PV)",n = 5569
M479 (S07),North Macedonia,2018,math,P75,458.3,COMPUTED_MICRODATA,"OECD PUF via learningtower, gewichtetes Quantil (1 PV)",n = 5569
M479 (S07),North Macedonia,2018,math,P90,514.4,COMPUTED_MICRODATA,"OECD PUF via learningtower, gewichtetes Quantil (1 PV)",n = 5569
M479 (S07),North Macedonia,2018,read,P10,268.4,COMPUTED_MICRODATA,"OECD PUF via learningtower, gewichtetes Quantil (1 PV)",n = 5569
M479 (S07),North Macedonia,2018,read,P25,328.4,COMPUTED_MICRODATA,"OECD PUF via learningtower, gewichtetes Quantil (1 PV)",n = 5569
M479 (S07),North Macedonia,2018,read,P50,393.1,COMPUTED_MICRODATA,"OECD PUF via learningtower, gewichtetes Quantil (1 PV)",n = 5569
M479 (S07),North Macedonia,2018,read,P75,458.5,COMPUTED_MICRODATA,"OECD PUF via learningtower, gewichtetes Quantil (1 PV)",n = 5569
M479 (S07),North Macedonia,2018,read,P90,511.9,COMPUTED_MICRODATA,"OECD PUF via learningtower, gewichtetes Quantil (1 PV)",n = 5569
M479 (S07),North Macedonia,2018,sci,P10,293.9,COMPUTED_MICRODATA,"OECD PUF via learningtower, gewichtetes Quantil (1 PV)",n = 5569
M479 (S07),North Macedonia,2018,sci,P25,346.7,COMPUTED_MICRODATA,"OECD PUF via learningtower, gewichtetes Quantil (1 PV)",n = 5569
M479 (S07),North Macedonia,2018,sci,P50,409.0,COMPUTED_MICRODATA,"OECD PUF via learningtower, gewichtetes Quantil (1 PV)",n = 5569
M479 (S07),North Macedonia,2018,sci,P75,477.0,COMPUTED_MICRODATA,"OECD PUF via learningtower, gewichtetes Quantil (1 PV)",n = 5569
M479 (S07),North Macedonia,2018,sci,P90,535.6,COMPUTED_MICRODATA,"OECD PUF via learningtower, gewichtetes Quantil (1 PV)",n = 5569
M479 (S07),Malta,2018,math,P10,332.5,COMPUTED_MICRODATA,"OECD PUF via learningtower, gewichtetes Quantil (1 PV)",n = 3363
M479 (S07),Malta,2018,math,P25,400.7,COMPUTED_MICRODATA,"OECD PUF via learningtower, gewichtetes Quantil (1 PV)",n = 3363
M479 (S07),Malta,2018,math,P50,474.7,COMPUTED_MICRODATA,"OECD PUF via learningtower, gewichtetes Quantil (1 PV)",n = 3363
M479 (S07),Malta,2018,math,P75,546.2,COMPUTED_MICRODATA,"OECD PUF via learningtower, gewichtetes Quantil (1 PV)",n = 3363
M479 (S07),Malta,2018,math,P90,597.3,COMPUTED_MICRODATA,"OECD PUF via learningtower, gewichtetes Quantil (1 PV)",n = 3363
M479 (S07),Malta,2018,read,P10,294.4,COMPUTED_MICRODATA,"OECD PUF via learningtower, gewichtetes Quantil (1 PV)",n = 3363
M479 (S07),Malta,2018,read,P25,368.0,COMPUTED_MICRODATA,"OECD PUF via learningtower, gewichtetes Quantil (1 PV)",n = 3363
M479 (S07),Malta,2018,read,P50,451.4,COMPUTED_MICRODATA,"OECD PUF via learningtower, gewichtetes Quantil (1 PV)",n = 3363
M479 (S07),Malta,2018,read,P75,530.9,COMPUTED_MICRODATA,"OECD PUF via learningtower, gewichtetes Quantil (1 PV)",n = 3363
M479 (S07),Malta,2018,read,P90,593.3,COMPUTED_MICRODATA,"OECD PUF via learningtower, gewichtetes Quantil (1 PV)",n = 3363
M479 (S07),Malta,2018,sci,P10,313.6,COMPUTED_MICRODATA,"OECD PUF via learningtower, gewichtetes Quantil (1 PV)",n = 3363
M479 (S07),Malta,2018,sci,P25,379.5,COMPUTED_MICRODATA,"OECD PUF via learningtower, gewichtetes Quantil (1 PV)",n = 3363
M479 (S07),Malta,2018,sci,P50,459.1,COMPUTED_MICRODATA,"OECD PUF via learningtower, gewichtetes Quantil (1 PV)",n = 3363
M479 (S07),Malta,2018,sci,P75,533.8,COMPUTED_MICRODATA,"OECD PUF via learningtower, gewichtetes Quantil (1 PV)",n = 3363
M479 (S07),Malta,2018,sci,P90,593.8,COMPUTED_MICRODATA,"OECD PUF via learningtower, gewichtetes Quantil (1 PV)",n = 3363
M479 (S07),Montenegro,2018,math,P10,323.1,COMPUTED_MICRODATA,"OECD PUF via learningtower, gewichtetes Quantil (1 PV)",n = 6666
M479 (S07),Montenegro,2018,math,P25,371.1,COMPUTED_MICRODATA,"OECD PUF via learningtower, gewichtetes Quantil (1 PV)",n = 6666
M479 (S07),Montenegro,2018,math,P50,426.7,COMPUTED_MICRODATA,"OECD PUF via learningtower, gewichtetes Quantil (1 PV)",n = 6666
M479 (S07),Montenegro,2018,math,P75,487.6,COMPUTED_MICRODATA,"OECD PUF via learningtower, gewichtetes Quantil (1 PV)",n = 6666
M479 (S07),Montenegro,2018,math,P90,539.3,COMPUTED_MICRODATA,"OECD PUF via learningtower, gewichtetes Quantil (1 PV)",n = 6666
M479 (S07),Montenegro,2018,read,P10,308.7,COMPUTED_MICRODATA,"OECD PUF via learningtower, gewichtetes Quantil (1 PV)",n = 6666
M479 (S07),Montenegro,2018,read,P25,360.5,COMPUTED_MICRODATA,"OECD PUF via learningtower, gewichtetes Quantil (1 PV)",n = 6666
M479 (S07),Montenegro,2018,read,P50,419.6,COMPUTED_MICRODATA,"OECD PUF via learningtower, gewichtetes Quantil (1 PV)",n = 6666
M479 (S07),Montenegro,2018,read,P75,481.4,COMPUTED_MICRODATA,"OECD PUF via learningtower, gewichtetes Quantil (1 PV)",n = 6666
M479 (S07),Montenegro,2018,read,P90,533.4,COMPUTED_MICRODATA,"OECD PUF via learningtower, gewichtetes Quantil (1 PV)",n = 6666
M479 (S07),Montenegro,2018,sci,P10,310.1,COMPUTED_MICRODATA,"OECD PUF via learningtower, gewichtetes Quantil (1 PV)",n = 6666
M479 (S07),Montenegro,2018,sci,P25,357.4,COMPUTED_MICRODATA,"OECD PUF via learningtower, gewichtetes Quantil (1 PV)",n = 6666
M479 (S07),Montenegro,2018,sci,P50,413.3,COMPUTED_MICRODATA,"OECD PUF via learningtower, gewichtetes Quantil (1 PV)",n = 6666
M479 (S07),Montenegro,2018,sci,P75,471.8,COMPUTED_MICRODATA,"OECD PUF via learningtower, gewichtetes Quantil (1 PV)",n = 6666
M479 (S07),Montenegro,2018,sci,P90,524.6,COMPUTED_MICRODATA,"OECD PUF via learningtower, gewichtetes Quantil (1 PV)",n = 6666
M479 (S07),Malaysia,2018,math,P10,337.5,COMPUTED_MICRODATA,"OECD PUF via learningtower, gewichtetes Quantil (1 PV)",n = 6111
M479 (S07),Malaysia,2018,math,P25,384.1,COMPUTED_MICRODATA,"OECD PUF via learningtower, gewichtetes Quantil (1 PV)",n = 6111
M479 (S07),Malaysia,2018,math,P50,438.4,COMPUTED_MICRODATA,"OECD PUF via learningtower, gewichtetes Quantil (1 PV)",n = 6111
M479 (S07),Malaysia,2018,math,P75,496.9,COMPUTED_MICRODATA,"OECD PUF via learningtower, gewichtetes Quantil (1 PV)",n = 6111
M479 (S07),Malaysia,2018,math,P90,549.2,COMPUTED_MICRODATA,"OECD PUF via learningtower, gewichtetes Quantil (1 PV)",n = 6111
M479 (S07),Malaysia,2018,read,P10,302.4,COMPUTED_MICRODATA,"OECD PUF via learningtower, gewichtetes Quantil (1 PV)",n = 6111
M479 (S07),Malaysia,2018,read,P25,356.8,COMPUTED_MICRODATA,"OECD PUF via learningtower, gewichtetes Quantil (1 PV)",n = 6111
M479 (S07),Malaysia,2018,read,P50,417.0,COMPUTED_MICRODATA,"OECD PUF via learningtower, gewichtetes Quantil (1 PV)",n = 6111
M479 (S07),Malaysia,2018,read,P75,474.0,COMPUTED_MICRODATA,"OECD PUF via learningtower, gewichtetes Quantil (1 PV)",n = 6111
M479 (S07),Malaysia,2018,read,P90,522.9,COMPUTED_MICRODATA,"OECD PUF via learningtower, gewichtetes Quantil (1 PV)",n = 6111
M479 (S07),Malaysia,2018,sci,P10,341.8,COMPUTED_MICRODATA,"OECD PUF via learningtower, gewichtetes Quantil (1 PV)",n = 6111
M479 (S07),Malaysia,2018,sci,P25,385.1,COMPUTED_MICRODATA,"OECD PUF via learningtower, gewichtetes Quantil (1 PV)",n = 6111
M479 (S07),Malaysia,2018,sci,P50,437.0,COMPUTED_MICRODATA,"OECD PUF via learningtower, gewichtetes Quantil (1 PV)",n = 6111
M479 (S07),Malaysia,2018,sci,P75,489.7,COMPUTED_MICRODATA,"OECD PUF via learningtower, gewichtetes Quantil (1 PV)",n = 6111
M479 (S07),Malaysia,2018,sci,P90,538.0,COMPUTED_MICRODATA,"OECD PUF via learningtower, gewichtetes Quantil (1 PV)",n = 6111
M479 (S07),Netherlands,2018,math,P10,394.2,COMPUTED_MICRODATA,"OECD PUF via learningtower, gewichtetes Quantil (1 PV)",n = 4765
M479 (S07),Netherlands,2018,math,P25,456.3,COMPUTED_MICRODATA,"OECD PUF via learningtower, gewichtetes Quantil (1 PV)",n = 4765
M479 (S07),Netherlands,2018,math,P50,524.5,COMPUTED_MICRODATA,"OECD PUF via learningtower, gewichtetes Quantil (1 PV)",n = 4765
M479 (S07),Netherlands,2018,math,P75,588.2,COMPUTED_MICRODATA,"OECD PUF via learningtower, gewichtetes Quantil (1 PV)",n = 4765
M479 (S07),Netherlands,2018,math,P90,640.0,COMPUTED_MICRODATA,"OECD PUF via learningtower, gewichtetes Quantil (1 PV)",n = 4765
M479 (S07),Netherlands,2018,read,P10,345.3,COMPUTED_MICRODATA,"OECD PUF via learningtower, gewichtetes Quantil (1 PV)",n = 4765
M479 (S07),Netherlands,2018,read,P25,410.5,COMPUTED_MICRODATA,"OECD PUF via learningtower, gewichtetes Quantil (1 PV)",n = 4765
M479 (S07),Netherlands,2018,read,P50,485.1,COMPUTED_MICRODATA,"OECD PUF via learningtower, gewichtetes Quantil (1 PV)",n = 4765
M479 (S07),Netherlands,2018,read,P75,561.8,COMPUTED_MICRODATA,"OECD PUF via learningtower, gewichtetes Quantil (1 PV)",n = 4765
M479 (S07),Netherlands,2018,read,P90,622.0,COMPUTED_MICRODATA,"OECD PUF via learningtower, gewichtetes Quantil (1 PV)",n = 4765
M479 (S07),Netherlands,2018,sci,P10,365.7,COMPUTED_MICRODATA,"OECD PUF via learningtower, gewichtetes Quantil (1 PV)",n = 4765
M479 (S07),Netherlands,2018,sci,P25,429.1,COMPUTED_MICRODATA,"OECD PUF via learningtower, gewichtetes Quantil (1 PV)",n = 4765
M479 (S07),Netherlands,2018,sci,P50,509.2,COMPUTED_MICRODATA,"OECD PUF via learningtower, gewichtetes Quantil (1 PV)",n = 4765
M479 (S07),Netherlands,2018,sci,P75,582.5,COMPUTED_MICRODATA,"OECD PUF via learningtower, gewichtetes Quantil (1 PV)",n = 4765
M479 (S07),Netherlands,2018,sci,P90,634.1,COMPUTED_MICRODATA,"OECD PUF via learningtower, gewichtetes Quantil (1 PV)",n = 4765
M479 (S07),Norway,2018,math,P10,382.3,COMPUTED_MICRODATA,"OECD PUF via learningtower, gewichtetes Quantil (1 PV)",n = 5813
M479 (S07),Norway,2018,math,P25,441.7,COMPUTED_MICRODATA,"OECD PUF via learningtower, gewichtetes Quantil (1 PV)",n = 5813
M479 (S07),Norway,2018,math,P50,506.6,COMPUTED_MICRODATA,"OECD PUF via learningtower, gewichtetes Quantil (1 PV)",n = 5813
M479 (S07),Norway,2018,math,P75,565.5,COMPUTED_MICRODATA,"OECD PUF via learningtower, gewichtetes Quantil (1 PV)",n = 5813
M479 (S07),Norway,2018,math,P90,619.9,COMPUTED_MICRODATA,"OECD PUF via learningtower, gewichtetes Quantil (1 PV)",n = 5813
M479 (S07),Norway,2018,read,P10,353.4,COMPUTED_MICRODATA,"OECD PUF via learningtower, gewichtetes Quantil (1 PV)",n = 5813
M479 (S07),Norway,2018,read,P25,429.0,COMPUTED_MICRODATA,"OECD PUF via learningtower, gewichtetes Quantil (1 PV)",n = 5813
M479 (S07),Norway,2018,read,P50,505.8,COMPUTED_MICRODATA,"OECD PUF via learningtower, gewichtetes Quantil (1 PV)",n = 5813
M479 (S07),Norway,2018,read,P75,576.6,COMPUTED_MICRODATA,"OECD PUF via learningtower, gewichtetes Quantil (1 PV)",n = 5813
M479 (S07),Norway,2018,read,P90,629.3,COMPUTED_MICRODATA,"OECD PUF via learningtower, gewichtetes Quantil (1 PV)",n = 5813
M479 (S07),Norway,2018,sci,P10,355.0,COMPUTED_MICRODATA,"OECD PUF via learningtower, gewichtetes Quantil (1 PV)",n = 5813
M479 (S07),Norway,2018,sci,P25,422.3,COMPUTED_MICRODATA,"OECD PUF via learningtower, gewichtetes Quantil (1 PV)",n = 5813
M479 (S07),Norway,2018,sci,P50,494.9,COMPUTED_MICRODATA,"OECD PUF via learningtower, gewichtetes Quantil (1 PV)",n = 5813
M479 (S07),Norway,2018,sci,P75,560.5,COMPUTED_MICRODATA,"OECD PUF via learningtower, gewichtetes Quantil (1 PV)",n = 5813
M479 (S07),Norway,2018,sci,P90,617.2,COMPUTED_MICRODATA,"OECD PUF via learningtower, gewichtetes Quantil (1 PV)",n = 5813
M479 (S07),New Zealand,2018,math,P10,371.5,COMPUTED_MICRODATA,"OECD PUF via learningtower, gewichtetes Quantil (1 PV)",n = 6173
M479 (S07),New Zealand,2018,math,P25,429.6,COMPUTED_MICRODATA,"OECD PUF via learningtower, gewichtetes Quantil (1 PV)",n = 6173
M479 (S07),New Zealand,2018,math,P50,496.7,COMPUTED_MICRODATA,"OECD PUF via learningtower, gewichtetes Quantil (1 PV)",n = 6173
M479 (S07),New Zealand,2018,math,P75,561.0,COMPUTED_MICRODATA,"OECD PUF via learningtower, gewichtetes Quantil (1 PV)",n = 6173
M479 (S07),New Zealand,2018,math,P90,614.0,COMPUTED_MICRODATA,"OECD PUF via learningtower, gewichtetes Quantil (1 PV)",n = 6173
M479 (S07),New Zealand,2018,read,P10,361.5,COMPUTED_MICRODATA,"OECD PUF via learningtower, gewichtetes Quantil (1 PV)",n = 6173
M479 (S07),New Zealand,2018,read,P25,432.6,COMPUTED_MICRODATA,"OECD PUF via learningtower, gewichtetes Quantil (1 PV)",n = 6173
M479 (S07),New Zealand,2018,read,P50,511.6,COMPUTED_MICRODATA,"OECD PUF via learningtower, gewichtetes Quantil (1 PV)",n = 6173
M479 (S07),New Zealand,2018,read,P75,584.3,COMPUTED_MICRODATA,"OECD PUF via learningtower, gewichtetes Quantil (1 PV)",n = 6173
M479 (S07),New Zealand,2018,read,P90,636.4,COMPUTED_MICRODATA,"OECD PUF via learningtower, gewichtetes Quantil (1 PV)",n = 6173
M479 (S07),New Zealand,2018,sci,P10,371.5,COMPUTED_MICRODATA,"OECD PUF via learningtower, gewichtetes Quantil (1 PV)",n = 6173
M479 (S07),New Zealand,2018,sci,P25,437.3,COMPUTED_MICRODATA,"OECD PUF via learningtower, gewichtetes Quantil (1 PV)",n = 6173
M479 (S07),New Zealand,2018,sci,P50,514.0,COMPUTED_MICRODATA,"OECD PUF via learningtower, gewichtetes Quantil (1 PV)",n = 6173
M479 (S07),New Zealand,2018,sci,P75,584.5,COMPUTED_MICRODATA,"OECD PUF via learningtower, gewichtetes Quantil (1 PV)",n = 6173
M479 (S07),New Zealand,2018,sci,P90,640.7,COMPUTED_MICRODATA,"OECD PUF via learningtower, gewichtetes Quantil (1 PV)",n = 6173
M479 (S07),Peru,2018,math,P10,293.7,COMPUTED_MICRODATA,"OECD PUF via learningtower, gewichtetes Quantil (1 PV)",n = 6086
M479 (S07),Peru,2018,math,P25,341.3,COMPUTED_MICRODATA,"OECD PUF via learningtower, gewichtetes Quantil (1 PV)",n = 6086
M479 (S07),Peru,2018,math,P50,397.0,COMPUTED_MICRODATA,"OECD PUF via learningtower, gewichtetes Quantil (1 PV)",n = 6086
M479 (S07),Peru,2018,math,P75,454.8,COMPUTED_MICRODATA,"OECD PUF via learningtower, gewichtetes Quantil (1 PV)",n = 6086
M479 (S07),Peru,2018,math,P90,510.1,COMPUTED_MICRODATA,"OECD PUF via learningtower, gewichtetes Quantil (1 PV)",n = 6086
M479 (S07),Peru,2018,read,P10,283.8,COMPUTED_MICRODATA,"OECD PUF via learningtower, gewichtetes Quantil (1 PV)",n = 6086
M479 (S07),Peru,2018,read,P25,333.8,COMPUTED_MICRODATA,"OECD PUF via learningtower, gewichtetes Quantil (1 PV)",n = 6086
M479 (S07),Peru,2018,read,P50,396.4,COMPUTED_MICRODATA,"OECD PUF via learningtower, gewichtetes Quantil (1 PV)",n = 6086
M479 (S07),Peru,2018,read,P75,462.8,COMPUTED_MICRODATA,"OECD PUF via learningtower, gewichtetes Quantil (1 PV)",n = 6086
M479 (S07),Peru,2018,read,P90,523.1,COMPUTED_MICRODATA,"OECD PUF via learningtower, gewichtetes Quantil (1 PV)",n = 6086
M479 (S07),Peru,2018,sci,P10,303.5,COMPUTED_MICRODATA,"OECD PUF via learningtower, gewichtetes Quantil (1 PV)",n = 6086
M479 (S07),Peru,2018,sci,P25,348.2,COMPUTED_MICRODATA,"OECD PUF via learningtower, gewichtetes Quantil (1 PV)",n = 6086
M479 (S07),Peru,2018,sci,P50,400.6,COMPUTED_MICRODATA,"OECD PUF via learningtower, gewichtetes Quantil (1 PV)",n = 6086
M479 (S07),Peru,2018,sci,P75,458.9,COMPUTED_MICRODATA,"OECD PUF via learningtower, gewichtetes Quantil (1 PV)",n = 6086
M479 (S07),Peru,2018,sci,P90,509.1,COMPUTED_MICRODATA,"OECD PUF via learningtower, gewichtetes Quantil (1 PV)",n = 6086
M479 (S07),Philippines,2018,math,P10,253.6,COMPUTED_MICRODATA,"OECD PUF via learningtower, gewichtetes Quantil (1 PV)",n = 7233
M479 (S07),Philippines,2018,math,P25,298.9,COMPUTED_MICRODATA,"OECD PUF via learningtower, gewichtetes Quantil (1 PV)",n = 7233
M479 (S07),Philippines,2018,math,P50,348.5,COMPUTED_MICRODATA,"OECD PUF via learningtower, gewichtetes Quantil (1 PV)",n = 7233
M479 (S07),Philippines,2018,math,P75,403.4,COMPUTED_MICRODATA,"OECD PUF via learningtower, gewichtetes Quantil (1 PV)",n = 7233
M479 (S07),Philippines,2018,math,P90,456.9,COMPUTED_MICRODATA,"OECD PUF via learningtower, gewichtetes Quantil (1 PV)",n = 7233
M479 (S07),Philippines,2018,read,P10,248.1,COMPUTED_MICRODATA,"OECD PUF via learningtower, gewichtetes Quantil (1 PV)",n = 7233
M479 (S07),Philippines,2018,read,P25,282.0,COMPUTED_MICRODATA,"OECD PUF via learningtower, gewichtetes Quantil (1 PV)",n = 7233
M479 (S07),Philippines,2018,read,P50,326.6,COMPUTED_MICRODATA,"OECD PUF via learningtower, gewichtetes Quantil (1 PV)",n = 7233
M479 (S07),Philippines,2018,read,P75,388.4,COMPUTED_MICRODATA,"OECD PUF via learningtower, gewichtetes Quantil (1 PV)",n = 7233
M479 (S07),Philippines,2018,read,P90,452.9,COMPUTED_MICRODATA,"OECD PUF via learningtower, gewichtetes Quantil (1 PV)",n = 7233
M479 (S07),Philippines,2018,sci,P10,273.0,COMPUTED_MICRODATA,"OECD PUF via learningtower, gewichtetes Quantil (1 PV)",n = 7233
M479 (S07),Philippines,2018,sci,P25,305.6,COMPUTED_MICRODATA,"OECD PUF via learningtower, gewichtetes Quantil (1 PV)",n = 7233
M479 (S07),Philippines,2018,sci,P50,348.0,COMPUTED_MICRODATA,"OECD PUF via learningtower, gewichtetes Quantil (1 PV)",n = 7233
M479 (S07),Philippines,2018,sci,P75,400.9,COMPUTED_MICRODATA,"OECD PUF via learningtower, gewichtetes Quantil (1 PV)",n = 7233
M479 (S07),Philippines,2018,sci,P90,458.8,COMPUTED_MICRODATA,"OECD PUF via learningtower, gewichtetes Quantil (1 PV)",n = 7233
M479 (S07),Poland,2018,math,P10,396.8,COMPUTED_MICRODATA,"OECD PUF via learningtower, gewichtetes Quantil (1 PV)",n = 5625
M479 (S07),Poland,2018,math,P25,455.9,COMPUTED_MICRODATA,"OECD PUF via learningtower, gewichtetes Quantil (1 PV)",n = 5625
M479 (S07),Poland,2018,math,P50,517.2,COMPUTED_MICRODATA,"OECD PUF via learningtower, gewichtetes Quantil (1 PV)",n = 5625
M479 (S07),Poland,2018,math,P75,579.5,COMPUTED_MICRODATA,"OECD PUF via learningtower, gewichtetes Quantil (1 PV)",n = 5625
M479 (S07),Poland,2018,math,P90,633.1,COMPUTED_MICRODATA,"OECD PUF via learningtower, gewichtetes Quantil (1 PV)",n = 5625
M479 (S07),Poland,2018,read,P10,382.4,COMPUTED_MICRODATA,"OECD PUF via learningtower, gewichtetes Quantil (1 PV)",n = 5625
M479 (S07),Poland,2018,read,P25,445.9,COMPUTED_MICRODATA,"OECD PUF via learningtower, gewichtetes Quantil (1 PV)",n = 5625
M479 (S07),Poland,2018,read,P50,514.4,COMPUTED_MICRODATA,"OECD PUF via learningtower, gewichtetes Quantil (1 PV)",n = 5625
M479 (S07),Poland,2018,read,P75,582.2,COMPUTED_MICRODATA,"OECD PUF via learningtower, gewichtetes Quantil (1 PV)",n = 5625
M479 (S07),Poland,2018,read,P90,636.5,COMPUTED_MICRODATA,"OECD PUF via learningtower, gewichtetes Quantil (1 PV)",n = 5625
M479 (S07),Poland,2018,sci,P10,390.0,COMPUTED_MICRODATA,"OECD PUF via learningtower, gewichtetes Quantil (1 PV)",n = 5625
M479 (S07),Poland,2018,sci,P25,447.6,COMPUTED_MICRODATA,"OECD PUF via learningtower, gewichtetes Quantil (1 PV)",n = 5625
M479 (S07),Poland,2018,sci,P50,511.4,COMPUTED_MICRODATA,"OECD PUF via learningtower, gewichtetes Quantil (1 PV)",n = 5625
M479 (S07),Poland,2018,sci,P75,576.0,COMPUTED_MICRODATA,"OECD PUF via learningtower, gewichtetes Quantil (1 PV)",n = 5625
M479 (S07),Poland,2018,sci,P90,632.8,COMPUTED_MICRODATA,"OECD PUF via learningtower, gewichtetes Quantil (1 PV)",n = 5625
M479 (S07),Portugal,2018,math,P10,362.1,COMPUTED_MICRODATA,"OECD PUF via learningtower, gewichtetes Quantil (1 PV)",n = 5932
M479 (S07),Portugal,2018,math,P25,426.8,COMPUTED_MICRODATA,"OECD PUF via learningtower, gewichtetes Quantil (1 PV)",n = 5932
M479 (S07),Portugal,2018,math,P50,497.6,COMPUTED_MICRODATA,"OECD PUF via learningtower, gewichtetes Quantil (1 PV)",n = 5932
M479 (S07),Portugal,2018,math,P75,562.8,COMPUTED_MICRODATA,"OECD PUF via learningtower, gewichtetes Quantil (1 PV)",n = 5932
M479 (S07),Portugal,2018,math,P90,614.3,COMPUTED_MICRODATA,"OECD PUF via learningtower, gewichtetes Quantil (1 PV)",n = 5932
M479 (S07),Portugal,2018,read,P10,363.2,COMPUTED_MICRODATA,"OECD PUF via learningtower, gewichtetes Quantil (1 PV)",n = 5932
M479 (S07),Portugal,2018,read,P25,424.6,COMPUTED_MICRODATA,"OECD PUF via learningtower, gewichtetes Quantil (1 PV)",n = 5932
M479 (S07),Portugal,2018,read,P50,496.8,COMPUTED_MICRODATA,"OECD PUF via learningtower, gewichtetes Quantil (1 PV)",n = 5932
M479 (S07),Portugal,2018,read,P75,563.1,COMPUTED_MICRODATA,"OECD PUF via learningtower, gewichtetes Quantil (1 PV)",n = 5932
M479 (S07),Portugal,2018,read,P90,612.0,COMPUTED_MICRODATA,"OECD PUF via learningtower, gewichtetes Quantil (1 PV)",n = 5932
M479 (S07),Portugal,2018,sci,P10,369.1,COMPUTED_MICRODATA,"OECD PUF via learningtower, gewichtetes Quantil (1 PV)",n = 5932
M479 (S07),Portugal,2018,sci,P25,427.6,COMPUTED_MICRODATA,"OECD PUF via learningtower, gewichtetes Quantil (1 PV)",n = 5932
M479 (S07),Portugal,2018,sci,P50,492.6,COMPUTED_MICRODATA,"OECD PUF via learningtower, gewichtetes Quantil (1 PV)",n = 5932
M479 (S07),Portugal,2018,sci,P75,558.7,COMPUTED_MICRODATA,"OECD PUF via learningtower, gewichtetes Quantil (1 PV)",n = 5932
M479 (S07),Portugal,2018,sci,P90,608.2,COMPUTED_MICRODATA,"OECD PUF via learningtower, gewichtetes Quantil (1 PV)",n = 5932
M479 (S07),Qatar,2018,math,P10,293.5,COMPUTED_MICRODATA,"OECD PUF via learningtower, gewichtetes Quantil (1 PV)",n = 13828
M479 (S07),Qatar,2018,math,P25,346.1,COMPUTED_MICRODATA,"OECD PUF via learningtower, gewichtetes Quantil (1 PV)",n = 13828
M479 (S07),Qatar,2018,math,P50,410.9,COMPUTED_MICRODATA,"OECD PUF via learningtower, gewichtetes Quantil (1 PV)",n = 13828
M479 (S07),Qatar,2018,math,P75,479.9,COMPUTED_MICRODATA,"OECD PUF via learningtower, gewichtetes Quantil (1 PV)",n = 13828
M479 (S07),Qatar,2018,math,P90,543.9,COMPUTED_MICRODATA,"OECD PUF via learningtower, gewichtetes Quantil (1 PV)",n = 13828
M479 (S07),Qatar,2018,read,P10,264.5,COMPUTED_MICRODATA,"OECD PUF via learningtower, gewichtetes Quantil (1 PV)",n = 13828
M479 (S07),Qatar,2018,read,P25,325.5,COMPUTED_MICRODATA,"OECD PUF via learningtower, gewichtetes Quantil (1 PV)",n = 13828
M479 (S07),Qatar,2018,read,P50,405.0,COMPUTED_MICRODATA,"OECD PUF via learningtower, gewichtetes Quantil (1 PV)",n = 13828
M479 (S07),Qatar,2018,read,P75,482.2,COMPUTED_MICRODATA,"OECD PUF via learningtower, gewichtetes Quantil (1 PV)",n = 13828
M479 (S07),Qatar,2018,read,P90,553.2,COMPUTED_MICRODATA,"OECD PUF via learningtower, gewichtetes Quantil (1 PV)",n = 13828
M479 (S07),Qatar,2018,sci,P10,289.3,COMPUTED_MICRODATA,"OECD PUF via learningtower, gewichtetes Quantil (1 PV)",n = 13828
M479 (S07),Qatar,2018,sci,P25,345.3,COMPUTED_MICRODATA,"OECD PUF via learningtower, gewichtetes Quantil (1 PV)",n = 13828
M479 (S07),Qatar,2018,sci,P50,414.8,COMPUTED_MICRODATA,"OECD PUF via learningtower, gewichtetes Quantil (1 PV)",n = 13828
M479 (S07),Qatar,2018,sci,P75,489.7,COMPUTED_MICRODATA,"OECD PUF via learningtower, gewichtetes Quantil (1 PV)",n = 13828
M479 (S07),Qatar,2018,sci,P90,557.6,COMPUTED_MICRODATA,"OECD PUF via learningtower, gewichtetes Quantil (1 PV)",n = 13828
M479 (S07),Baku (Azerbaijan),2018,math,P10,307.1,COMPUTED_MICRODATA,"OECD PUF via learningtower, gewichtetes Quantil (1 PV)",n = 6827
M479 (S07),Baku (Azerbaijan),2018,math,P25,358.6,COMPUTED_MICRODATA,"OECD PUF via learningtower, gewichtetes Quantil (1 PV)",n = 6827
M479 (S07),Baku (Azerbaijan),2018,math,P50,416.8,COMPUTED_MICRODATA,"OECD PUF via learningtower, gewichtetes Quantil (1 PV)",n = 6827
M479 (S07),Baku (Azerbaijan),2018,math,P75,479.6,COMPUTED_MICRODATA,"OECD PUF via learningtower, gewichtetes Quantil (1 PV)",n = 6827
M479 (S07),Baku (Azerbaijan),2018,math,P90,535.7,COMPUTED_MICRODATA,"OECD PUF via learningtower, gewichtetes Quantil (1 PV)",n = 6827
M479 (S07),Baku (Azerbaijan),2018,read,P10,295.1,COMPUTED_MICRODATA,"OECD PUF via learningtower, gewichtetes Quantil (1 PV)",n = 6827
M479 (S07),Baku (Azerbaijan),2018,read,P25,338.9,COMPUTED_MICRODATA,"OECD PUF via learningtower, gewichtetes Quantil (1 PV)",n = 6827
M479 (S07),Baku (Azerbaijan),2018,read,P50,388.0,COMPUTED_MICRODATA,"OECD PUF via learningtower, gewichtetes Quantil (1 PV)",n = 6827
M479 (S07),Baku (Azerbaijan),2018,read,P75,436.6,COMPUTED_MICRODATA,"OECD PUF via learningtower, gewichtetes Quantil (1 PV)",n = 6827
M479 (S07),Baku (Azerbaijan),2018,read,P90,485.7,COMPUTED_MICRODATA,"OECD PUF via learningtower, gewichtetes Quantil (1 PV)",n = 6827
M479 (S07),Baku (Azerbaijan),2018,sci,P10,304.5,COMPUTED_MICRODATA,"OECD PUF via learningtower, gewichtetes Quantil (1 PV)",n = 6827
M479 (S07),Baku (Azerbaijan),2018,sci,P25,345.9,COMPUTED_MICRODATA,"OECD PUF via learningtower, gewichtetes Quantil (1 PV)",n = 6827
M479 (S07),Baku (Azerbaijan),2018,sci,P50,395.2,COMPUTED_MICRODATA,"OECD PUF via learningtower, gewichtetes Quantil (1 PV)",n = 6827
M479 (S07),Baku (Azerbaijan),2018,sci,P75,445.6,COMPUTED_MICRODATA,"OECD PUF via learningtower, gewichtetes Quantil (1 PV)",n = 6827
M479 (S07),Baku (Azerbaijan),2018,sci,P90,494.1,COMPUTED_MICRODATA,"OECD PUF via learningtower, gewichtetes Quantil (1 PV)",n = 6827
M479 (S07),B-S-J-Z (China),2018,math,P10,485.4,COMPUTED_MICRODATA,"OECD PUF via learningtower, gewichtetes Quantil (1 PV)",n = 12058
M479 (S07),B-S-J-Z (China),2018,math,P25,539.7,COMPUTED_MICRODATA,"OECD PUF via learningtower, gewichtetes Quantil (1 PV)",n = 12058
M479 (S07),B-S-J-Z (China),2018,math,P50,595.1,COMPUTED_MICRODATA,"OECD PUF via learningtower, gewichtetes Quantil (1 PV)",n = 12058
M479 (S07),B-S-J-Z (China),2018,math,P75,648.3,COMPUTED_MICRODATA,"OECD PUF via learningtower, gewichtetes Quantil (1 PV)",n = 12058
M479 (S07),B-S-J-Z (China),2018,math,P90,690.1,COMPUTED_MICRODATA,"OECD PUF via learningtower, gewichtetes Quantil (1 PV)",n = 12058
M479 (S07),B-S-J-Z (China),2018,read,P10,441.6,COMPUTED_MICRODATA,"OECD PUF via learningtower, gewichtetes Quantil (1 PV)",n = 12058
M479 (S07),B-S-J-Z (China),2018,read,P25,496.9,COMPUTED_MICRODATA,"OECD PUF via learningtower, gewichtetes Quantil (1 PV)",n = 12058
M479 (S07),B-S-J-Z (China),2018,read,P50,558.5,COMPUTED_MICRODATA,"OECD PUF via learningtower, gewichtetes Quantil (1 PV)",n = 12058
M479 (S07),B-S-J-Z (China),2018,read,P75,616.5,COMPUTED_MICRODATA,"OECD PUF via learningtower, gewichtetes Quantil (1 PV)",n = 12058
M479 (S07),B-S-J-Z (China),2018,read,P90,665.8,COMPUTED_MICRODATA,"OECD PUF via learningtower, gewichtetes Quantil (1 PV)",n = 12058
M479 (S07),B-S-J-Z (China),2018,sci,P10,481.5,COMPUTED_MICRODATA,"OECD PUF via learningtower, gewichtetes Quantil (1 PV)",n = 12058
M479 (S07),B-S-J-Z (China),2018,sci,P25,536.9,COMPUTED_MICRODATA,"OECD PUF via learningtower, gewichtetes Quantil (1 PV)",n = 12058
M479 (S07),B-S-J-Z (China),2018,sci,P50,594.5,COMPUTED_MICRODATA,"OECD PUF via learningtower, gewichtetes Quantil (1 PV)",n = 12058
M479 (S07),B-S-J-Z (China),2018,sci,P75,648.2,COMPUTED_MICRODATA,"OECD PUF via learningtower, gewichtetes Quantil (1 PV)",n = 12058
M479 (S07),B-S-J-Z (China),2018,sci,P90,696.3,COMPUTED_MICRODATA,"OECD PUF via learningtower, gewichtetes Quantil (1 PV)",n = 12058
M479 (S07),Romania,2018,math,P10,311.1,COMPUTED_MICRODATA,"OECD PUF via learningtower, gewichtetes Quantil (1 PV)",n = 5075
M479 (S07),Romania,2018,math,P25,365.3,COMPUTED_MICRODATA,"OECD PUF via learningtower, gewichtetes Quantil (1 PV)",n = 5075
M479 (S07),Romania,2018,math,P50,429.7,COMPUTED_MICRODATA,"OECD PUF via learningtower, gewichtetes Quantil (1 PV)",n = 5075
M479 (S07),Romania,2018,math,P75,495.4,COMPUTED_MICRODATA,"OECD PUF via learningtower, gewichtetes Quantil (1 PV)",n = 5075
M479 (S07),Romania,2018,math,P90,553.8,COMPUTED_MICRODATA,"OECD PUF via learningtower, gewichtetes Quantil (1 PV)",n = 5075
M479 (S07),Romania,2018,read,P10,298.4,COMPUTED_MICRODATA,"OECD PUF via learningtower, gewichtetes Quantil (1 PV)",n = 5075
M479 (S07),Romania,2018,read,P25,360.5,COMPUTED_MICRODATA,"OECD PUF via learningtower, gewichtetes Quantil (1 PV)",n = 5075
M479 (S07),Romania,2018,read,P50,430.7,COMPUTED_MICRODATA,"OECD PUF via learningtower, gewichtetes Quantil (1 PV)",n = 5075
M479 (S07),Romania,2018,read,P75,495.9,COMPUTED_MICRODATA,"OECD PUF via learningtower, gewichtetes Quantil (1 PV)",n = 5075
M479 (S07),Romania,2018,read,P90,551.9,COMPUTED_MICRODATA,"OECD PUF via learningtower, gewichtetes Quantil (1 PV)",n = 5075
M479 (S07),Romania,2018,sci,P10,310.4,COMPUTED_MICRODATA,"OECD PUF via learningtower, gewichtetes Quantil (1 PV)",n = 5075
M479 (S07),Romania,2018,sci,P25,360.9,COMPUTED_MICRODATA,"OECD PUF via learningtower, gewichtetes Quantil (1 PV)",n = 5075
M479 (S07),Romania,2018,sci,P50,423.5,COMPUTED_MICRODATA,"OECD PUF via learningtower, gewichtetes Quantil (1 PV)",n = 5075
M479 (S07),Romania,2018,sci,P75,486.9,COMPUTED_MICRODATA,"OECD PUF via learningtower, gewichtetes Quantil (1 PV)",n = 5075
M479 (S07),Romania,2018,sci,P90,543.4,COMPUTED_MICRODATA,"OECD PUF via learningtower, gewichtetes Quantil (1 PV)",n = 5075
M479 (S07),Saudi Arabia,2018,math,P10,270.2,COMPUTED_MICRODATA,"OECD PUF via learningtower, gewichtetes Quantil (1 PV)",n = 6136
M479 (S07),Saudi Arabia,2018,math,P25,319.2,COMPUTED_MICRODATA,"OECD PUF via learningtower, gewichtetes Quantil (1 PV)",n = 6136
M479 (S07),Saudi Arabia,2018,math,P50,373.9,COMPUTED_MICRODATA,"OECD PUF via learningtower, gewichtetes Quantil (1 PV)",n = 6136
M479 (S07),Saudi Arabia,2018,math,P75,427.8,COMPUTED_MICRODATA,"OECD PUF via learningtower, gewichtetes Quantil (1 PV)",n = 6136
M479 (S07),Saudi Arabia,2018,math,P90,476.3,COMPUTED_MICRODATA,"OECD PUF via learningtower, gewichtetes Quantil (1 PV)",n = 6136
M479 (S07),Saudi Arabia,2018,read,P10,286.4,COMPUTED_MICRODATA,"OECD PUF via learningtower, gewichtetes Quantil (1 PV)",n = 6136
M479 (S07),Saudi Arabia,2018,read,P25,342.3,COMPUTED_MICRODATA,"OECD PUF via learningtower, gewichtetes Quantil (1 PV)",n = 6136
M479 (S07),Saudi Arabia,2018,read,P50,402.7,COMPUTED_MICRODATA,"OECD PUF via learningtower, gewichtetes Quantil (1 PV)",n = 6136
M479 (S07),Saudi Arabia,2018,read,P75,458.0,COMPUTED_MICRODATA,"OECD PUF via learningtower, gewichtetes Quantil (1 PV)",n = 6136
M479 (S07),Saudi Arabia,2018,read,P90,506.4,COMPUTED_MICRODATA,"OECD PUF via learningtower, gewichtetes Quantil (1 PV)",n = 6136
M479 (S07),Saudi Arabia,2018,sci,P10,285.1,COMPUTED_MICRODATA,"OECD PUF via learningtower, gewichtetes Quantil (1 PV)",n = 6136
M479 (S07),Saudi Arabia,2018,sci,P25,330.4,COMPUTED_MICRODATA,"OECD PUF via learningtower, gewichtetes Quantil (1 PV)",n = 6136
M479 (S07),Saudi Arabia,2018,sci,P50,382.2,COMPUTED_MICRODATA,"OECD PUF via learningtower, gewichtetes Quantil (1 PV)",n = 6136
M479 (S07),Saudi Arabia,2018,sci,P75,438.6,COMPUTED_MICRODATA,"OECD PUF via learningtower, gewichtetes Quantil (1 PV)",n = 6136
M479 (S07),Saudi Arabia,2018,sci,P90,489.8,COMPUTED_MICRODATA,"OECD PUF via learningtower, gewichtetes Quantil (1 PV)",n = 6136
M479 (S07),Singapore,2018,math,P10,438.8,COMPUTED_MICRODATA,"OECD PUF via learningtower, gewichtetes Quantil (1 PV)",n = 6676
M479 (S07),Singapore,2018,math,P25,506.8,COMPUTED_MICRODATA,"OECD PUF via learningtower, gewichtetes Quantil (1 PV)",n = 6676
M479 (S07),Singapore,2018,math,P50,573.5,COMPUTED_MICRODATA,"OECD PUF via learningtower, gewichtetes Quantil (1 PV)",n = 6676
M479 (S07),Singapore,2018,math,P75,632.7,COMPUTED_MICRODATA,"OECD PUF via learningtower, gewichtetes Quantil (1 PV)",n = 6676
M479 (S07),Singapore,2018,math,P90,682.3,COMPUTED_MICRODATA,"OECD PUF via learningtower, gewichtetes Quantil (1 PV)",n = 6676
M479 (S07),Singapore,2018,read,P10,397.7,COMPUTED_MICRODATA,"OECD PUF via learningtower, gewichtetes Quantil (1 PV)",n = 6676
M479 (S07),Singapore,2018,read,P25,478.2,COMPUTED_MICRODATA,"OECD PUF via learningtower, gewichtetes Quantil (1 PV)",n = 6676
M479 (S07),Singapore,2018,read,P50,558.9,COMPUTED_MICRODATA,"OECD PUF via learningtower, gewichtetes Quantil (1 PV)",n = 6676
M479 (S07),Singapore,2018,read,P75,628.0,COMPUTED_MICRODATA,"OECD PUF via learningtower, gewichtetes Quantil (1 PV)",n = 6676
M479 (S07),Singapore,2018,read,P90,682.3,COMPUTED_MICRODATA,"OECD PUF via learningtower, gewichtetes Quantil (1 PV)",n = 6676
M479 (S07),Singapore,2018,sci,P10,414.6,COMPUTED_MICRODATA,"OECD PUF via learningtower, gewichtetes Quantil (1 PV)",n = 6676
M479 (S07),Singapore,2018,sci,P25,486.4,COMPUTED_MICRODATA,"OECD PUF via learningtower, gewichtetes Quantil (1 PV)",n = 6676
M479 (S07),Singapore,2018,sci,P50,558.1,COMPUTED_MICRODATA,"OECD PUF via learningtower, gewichtetes Quantil (1 PV)",n = 6676
M479 (S07),Singapore,2018,sci,P75,620.1,COMPUTED_MICRODATA,"OECD PUF via learningtower, gewichtetes Quantil (1 PV)",n = 6676
M479 (S07),Singapore,2018,sci,P90,669.1,COMPUTED_MICRODATA,"OECD PUF via learningtower, gewichtetes Quantil (1 PV)",n = 6676
M479 (S07),Serbia,2018,math,P10,323.7,COMPUTED_MICRODATA,"OECD PUF via learningtower, gewichtetes Quantil (1 PV)",n = 6609
M479 (S07),Serbia,2018,math,P25,379.6,COMPUTED_MICRODATA,"OECD PUF via learningtower, gewichtetes Quantil (1 PV)",n = 6609
M479 (S07),Serbia,2018,math,P50,446.3,COMPUTED_MICRODATA,"OECD PUF via learningtower, gewichtetes Quantil (1 PV)",n = 6609
M479 (S07),Serbia,2018,math,P75,515.3,COMPUTED_MICRODATA,"OECD PUF via learningtower, gewichtetes Quantil (1 PV)",n = 6609
M479 (S07),Serbia,2018,math,P90,574.7,COMPUTED_MICRODATA,"OECD PUF via learningtower, gewichtetes Quantil (1 PV)",n = 6609
M479 (S07),Serbia,2018,read,P10,311.7,COMPUTED_MICRODATA,"OECD PUF via learningtower, gewichtetes Quantil (1 PV)",n = 6609
M479 (S07),Serbia,2018,read,P25,368.4,COMPUTED_MICRODATA,"OECD PUF via learningtower, gewichtetes Quantil (1 PV)",n = 6609
M479 (S07),Serbia,2018,read,P50,439.6,COMPUTED_MICRODATA,"OECD PUF via learningtower, gewichtetes Quantil (1 PV)",n = 6609
M479 (S07),Serbia,2018,read,P75,508.1,COMPUTED_MICRODATA,"OECD PUF via learningtower, gewichtetes Quantil (1 PV)",n = 6609
M479 (S07),Serbia,2018,read,P90,565.5,COMPUTED_MICRODATA,"OECD PUF via learningtower, gewichtetes Quantil (1 PV)",n = 6609
M479 (S07),Serbia,2018,sci,P10,319.4,COMPUTED_MICRODATA,"OECD PUF via learningtower, gewichtetes Quantil (1 PV)",n = 6609
M479 (S07),Serbia,2018,sci,P25,371.9,COMPUTED_MICRODATA,"OECD PUF via learningtower, gewichtetes Quantil (1 PV)",n = 6609
M479 (S07),Serbia,2018,sci,P50,437.4,COMPUTED_MICRODATA,"OECD PUF via learningtower, gewichtetes Quantil (1 PV)",n = 6609
M479 (S07),Serbia,2018,sci,P75,501.7,COMPUTED_MICRODATA,"OECD PUF via learningtower, gewichtetes Quantil (1 PV)",n = 6609
M479 (S07),Serbia,2018,sci,P90,557.4,COMPUTED_MICRODATA,"OECD PUF via learningtower, gewichtetes Quantil (1 PV)",n = 6609
M479 (S07),Slovak Republic,2018,math,P10,359.0,COMPUTED_MICRODATA,"OECD PUF via learningtower, gewichtetes Quantil (1 PV)",n = 5965
M479 (S07),Slovak Republic,2018,math,P25,422.1,COMPUTED_MICRODATA,"OECD PUF via learningtower, gewichtetes Quantil (1 PV)",n = 5965
M479 (S07),Slovak Republic,2018,math,P50,491.8,COMPUTED_MICRODATA,"OECD PUF via learningtower, gewichtetes Quantil (1 PV)",n = 5965
M479 (S07),Slovak Republic,2018,math,P75,558.0,COMPUTED_MICRODATA,"OECD PUF via learningtower, gewichtetes Quantil (1 PV)",n = 5965
M479 (S07),Slovak Republic,2018,math,P90,608.8,COMPUTED_MICRODATA,"OECD PUF via learningtower, gewichtetes Quantil (1 PV)",n = 5965
M479 (S07),Slovak Republic,2018,read,P10,328.2,COMPUTED_MICRODATA,"OECD PUF via learningtower, gewichtetes Quantil (1 PV)",n = 5965
M479 (S07),Slovak Republic,2018,read,P25,388.6,COMPUTED_MICRODATA,"OECD PUF via learningtower, gewichtetes Quantil (1 PV)",n = 5965
M479 (S07),Slovak Republic,2018,read,P50,455.5,COMPUTED_MICRODATA,"OECD PUF via learningtower, gewichtetes Quantil (1 PV)",n = 5965
M479 (S07),Slovak Republic,2018,read,P75,529.9,COMPUTED_MICRODATA,"OECD PUF via learningtower, gewichtetes Quantil (1 PV)",n = 5965
M479 (S07),Slovak Republic,2018,read,P90,592.1,COMPUTED_MICRODATA,"OECD PUF via learningtower, gewichtetes Quantil (1 PV)",n = 5965
M479 (S07),Slovak Republic,2018,sci,P10,339.5,COMPUTED_MICRODATA,"OECD PUF via learningtower, gewichtetes Quantil (1 PV)",n = 5965
M479 (S07),Slovak Republic,2018,sci,P25,398.3,COMPUTED_MICRODATA,"OECD PUF via learningtower, gewichtetes Quantil (1 PV)",n = 5965
M479 (S07),Slovak Republic,2018,sci,P50,463.1,COMPUTED_MICRODATA,"OECD PUF via learningtower, gewichtetes Quantil (1 PV)",n = 5965
M479 (S07),Slovak Republic,2018,sci,P75,530.2,COMPUTED_MICRODATA,"OECD PUF via learningtower, gewichtetes Quantil (1 PV)",n = 5965
M479 (S07),Slovak Republic,2018,sci,P90,587.7,COMPUTED_MICRODATA,"OECD PUF via learningtower, gewichtetes Quantil (1 PV)",n = 5965
M479 (S07),Slovenia,2018,math,P10,393.7,COMPUTED_MICRODATA,"OECD PUF via learningtower, gewichtetes Quantil (1 PV)",n = 6401
M479 (S07),Slovenia,2018,math,P25,449.5,COMPUTED_MICRODATA,"OECD PUF via learningtower, gewichtetes Quantil (1 PV)",n = 6401
M479 (S07),Slovenia,2018,math,P50,510.8,COMPUTED_MICRODATA,"OECD PUF via learningtower, gewichtetes Quantil (1 PV)",n = 6401
M479 (S07),Slovenia,2018,math,P75,570.7,COMPUTED_MICRODATA,"OECD PUF via learningtower, gewichtetes Quantil (1 PV)",n = 6401
M479 (S07),Slovenia,2018,math,P90,620.4,COMPUTED_MICRODATA,"OECD PUF via learningtower, gewichtetes Quantil (1 PV)",n = 6401
M479 (S07),Slovenia,2018,read,P10,372.0,COMPUTED_MICRODATA,"OECD PUF via learningtower, gewichtetes Quantil (1 PV)",n = 6401
M479 (S07),Slovenia,2018,read,P25,431.6,COMPUTED_MICRODATA,"OECD PUF via learningtower, gewichtetes Quantil (1 PV)",n = 6401
M479 (S07),Slovenia,2018,read,P50,498.4,COMPUTED_MICRODATA,"OECD PUF via learningtower, gewichtetes Quantil (1 PV)",n = 6401
M479 (S07),Slovenia,2018,read,P75,562.3,COMPUTED_MICRODATA,"OECD PUF via learningtower, gewichtetes Quantil (1 PV)",n = 6401
M479 (S07),Slovenia,2018,read,P90,616.3,COMPUTED_MICRODATA,"OECD PUF via learningtower, gewichtetes Quantil (1 PV)",n = 6401
M479 (S07),Slovenia,2018,sci,P10,387.0,COMPUTED_MICRODATA,"OECD PUF via learningtower, gewichtetes Quantil (1 PV)",n = 6401
M479 (S07),Slovenia,2018,sci,P25,445.3,COMPUTED_MICRODATA,"OECD PUF via learningtower, gewichtetes Quantil (1 PV)",n = 6401
M479 (S07),Slovenia,2018,sci,P50,509.5,COMPUTED_MICRODATA,"OECD PUF via learningtower, gewichtetes Quantil (1 PV)",n = 6401
M479 (S07),Slovenia,2018,sci,P75,568.3,COMPUTED_MICRODATA,"OECD PUF via learningtower, gewichtetes Quantil (1 PV)",n = 6401
M479 (S07),Slovenia,2018,sci,P90,622.2,COMPUTED_MICRODATA,"OECD PUF via learningtower, gewichtetes Quantil (1 PV)",n = 6401
M479 (S07),Sweden,2018,math,P10,380.8,COMPUTED_MICRODATA,"OECD PUF via learningtower, gewichtetes Quantil (1 PV)",n = 5504
M479 (S07),Sweden,2018,math,P25,439.5,COMPUTED_MICRODATA,"OECD PUF via learningtower, gewichtetes Quantil (1 PV)",n = 5504
M479 (S07),Sweden,2018,math,P50,504.6,COMPUTED_MICRODATA,"OECD PUF via learningtower, gewichtetes Quantil (1 PV)",n = 5504
M479 (S07),Sweden,2018,math,P75,567.8,COMPUTED_MICRODATA,"OECD PUF via learningtower, gewichtetes Quantil (1 PV)",n = 5504
M479 (S07),Sweden,2018,math,P90,618.1,COMPUTED_MICRODATA,"OECD PUF via learningtower, gewichtetes Quantil (1 PV)",n = 5504
M479 (S07),Sweden,2018,read,P10,362.8,COMPUTED_MICRODATA,"OECD PUF via learningtower, gewichtetes Quantil (1 PV)",n = 5504
M479 (S07),Sweden,2018,read,P25,433.0,COMPUTED_MICRODATA,"OECD PUF via learningtower, gewichtetes Quantil (1 PV)",n = 5504
M479 (S07),Sweden,2018,read,P50,512.0,COMPUTED_MICRODATA,"OECD PUF via learningtower, gewichtetes Quantil (1 PV)",n = 5504
M479 (S07),Sweden,2018,read,P75,583.1,COMPUTED_MICRODATA,"OECD PUF via learningtower, gewichtetes Quantil (1 PV)",n = 5504
M479 (S07),Sweden,2018,read,P90,638.3,COMPUTED_MICRODATA,"OECD PUF via learningtower, gewichtetes Quantil (1 PV)",n = 5504
M479 (S07),Sweden,2018,sci,P10,366.2,COMPUTED_MICRODATA,"OECD PUF via learningtower, gewichtetes Quantil (1 PV)",n = 5504
M479 (S07),Sweden,2018,sci,P25,431.3,COMPUTED_MICRODATA,"OECD PUF via learningtower, gewichtetes Quantil (1 PV)",n = 5504
M479 (S07),Sweden,2018,sci,P50,503.2,COMPUTED_MICRODATA,"OECD PUF via learningtower, gewichtetes Quantil (1 PV)",n = 5504
M479 (S07),Sweden,2018,sci,P75,568.5,COMPUTED_MICRODATA,"OECD PUF via learningtower, gewichtetes Quantil (1 PV)",n = 5504
M479 (S07),Sweden,2018,sci,P90,623.1,COMPUTED_MICRODATA,"OECD PUF via learningtower, gewichtetes Quantil (1 PV)",n = 5504
M479 (S07),Chinese Taipei,2018,math,P10,396.6,COMPUTED_MICRODATA,"OECD PUF via learningtower, gewichtetes Quantil (1 PV)",n = 7243
M479 (S07),Chinese Taipei,2018,math,P25,465.9,COMPUTED_MICRODATA,"OECD PUF via learningtower, gewichtetes Quantil (1 PV)",n = 7243
M479 (S07),Chinese Taipei,2018,math,P50,537.8,COMPUTED_MICRODATA,"OECD PUF via learningtower, gewichtetes Quantil (1 PV)",n = 7243
M479 (S07),Chinese Taipei,2018,math,P75,603.8,COMPUTED_MICRODATA,"OECD PUF via learningtower, gewichtetes Quantil (1 PV)",n = 7243
M479 (S07),Chinese Taipei,2018,math,P90,656.7,COMPUTED_MICRODATA,"OECD PUF via learningtower, gewichtetes Quantil (1 PV)",n = 7243
M479 (S07),Chinese Taipei,2018,read,P10,368.1,COMPUTED_MICRODATA,"OECD PUF via learningtower, gewichtetes Quantil (1 PV)",n = 7243
M479 (S07),Chinese Taipei,2018,read,P25,433.1,COMPUTED_MICRODATA,"OECD PUF via learningtower, gewichtetes Quantil (1 PV)",n = 7243
M479 (S07),Chinese Taipei,2018,read,P50,508.0,COMPUTED_MICRODATA,"OECD PUF via learningtower, gewichtetes Quantil (1 PV)",n = 7243
M479 (S07),Chinese Taipei,2018,read,P75,575.6,COMPUTED_MICRODATA,"OECD PUF via learningtower, gewichtetes Quantil (1 PV)",n = 7243
M479 (S07),Chinese Taipei,2018,read,P90,628.3,COMPUTED_MICRODATA,"OECD PUF via learningtower, gewichtetes Quantil (1 PV)",n = 7243
M479 (S07),Chinese Taipei,2018,sci,P10,383.4,COMPUTED_MICRODATA,"OECD PUF via learningtower, gewichtetes Quantil (1 PV)",n = 7243
M479 (S07),Chinese Taipei,2018,sci,P25,448.7,COMPUTED_MICRODATA,"OECD PUF via learningtower, gewichtetes Quantil (1 PV)",n = 7243
M479 (S07),Chinese Taipei,2018,sci,P50,519.9,COMPUTED_MICRODATA,"OECD PUF via learningtower, gewichtetes Quantil (1 PV)",n = 7243
M479 (S07),Chinese Taipei,2018,sci,P75,585.2,COMPUTED_MICRODATA,"OECD PUF via learningtower, gewichtetes Quantil (1 PV)",n = 7243
M479 (S07),Chinese Taipei,2018,sci,P90,640.0,COMPUTED_MICRODATA,"OECD PUF via learningtower, gewichtetes Quantil (1 PV)",n = 7243
M479 (S07),Thailand,2018,math,P10,309.9,COMPUTED_MICRODATA,"OECD PUF via learningtower, gewichtetes Quantil (1 PV)",n = 8633
M479 (S07),Thailand,2018,math,P25,357.9,COMPUTED_MICRODATA,"OECD PUF via learningtower, gewichtetes Quantil (1 PV)",n = 8633
M479 (S07),Thailand,2018,math,P50,412.2,COMPUTED_MICRODATA,"OECD PUF via learningtower, gewichtetes Quantil (1 PV)",n = 8633
M479 (S07),Thailand,2018,math,P75,474.1,COMPUTED_MICRODATA,"OECD PUF via learningtower, gewichtetes Quantil (1 PV)",n = 8633
M479 (S07),Thailand,2018,math,P90,533.2,COMPUTED_MICRODATA,"OECD PUF via learningtower, gewichtetes Quantil (1 PV)",n = 8633
M479 (S07),Thailand,2018,read,P10,295.0,COMPUTED_MICRODATA,"OECD PUF via learningtower, gewichtetes Quantil (1 PV)",n = 8633
M479 (S07),Thailand,2018,read,P25,337.0,COMPUTED_MICRODATA,"OECD PUF via learningtower, gewichtetes Quantil (1 PV)",n = 8633
M479 (S07),Thailand,2018,read,P50,388.2,COMPUTED_MICRODATA,"OECD PUF via learningtower, gewichtetes Quantil (1 PV)",n = 8633
M479 (S07),Thailand,2018,read,P75,445.3,COMPUTED_MICRODATA,"OECD PUF via learningtower, gewichtetes Quantil (1 PV)",n = 8633
M479 (S07),Thailand,2018,read,P90,501.7,COMPUTED_MICRODATA,"OECD PUF via learningtower, gewichtetes Quantil (1 PV)",n = 8633
M479 (S07),Thailand,2018,sci,P10,322.3,COMPUTED_MICRODATA,"OECD PUF via learningtower, gewichtetes Quantil (1 PV)",n = 8633
M479 (S07),Thailand,2018,sci,P25,367.6,COMPUTED_MICRODATA,"OECD PUF via learningtower, gewichtetes Quantil (1 PV)",n = 8633
M479 (S07),Thailand,2018,sci,P50,421.0,COMPUTED_MICRODATA,"OECD PUF via learningtower, gewichtetes Quantil (1 PV)",n = 8633
M479 (S07),Thailand,2018,sci,P75,478.8,COMPUTED_MICRODATA,"OECD PUF via learningtower, gewichtetes Quantil (1 PV)",n = 8633
M479 (S07),Thailand,2018,sci,P90,533.5,COMPUTED_MICRODATA,"OECD PUF via learningtower, gewichtetes Quantil (1 PV)",n = 8633
M479 (S07),Türkiye,2018,math,P10,342.6,COMPUTED_MICRODATA,"OECD PUF via learningtower, gewichtetes Quantil (1 PV)",n = 6890
M479 (S07),Türkiye,2018,math,P25,393.0,COMPUTED_MICRODATA,"OECD PUF via learningtower, gewichtetes Quantil (1 PV)",n = 6890
M479 (S07),Türkiye,2018,math,P50,450.7,COMPUTED_MICRODATA,"OECD PUF via learningtower, gewichtetes Quantil (1 PV)",n = 6890
M479 (S07),Türkiye,2018,math,P75,512.3,COMPUTED_MICRODATA,"OECD PUF via learningtower, gewichtetes Quantil (1 PV)",n = 6890
M479 (S07),Türkiye,2018,math,P90,568.6,COMPUTED_MICRODATA,"OECD PUF via learningtower, gewichtetes Quantil (1 PV)",n = 6890
M479 (S07),Türkiye,2018,read,P10,350.1,COMPUTED_MICRODATA,"OECD PUF via learningtower, gewichtetes Quantil (1 PV)",n = 6890
M479 (S07),Türkiye,2018,read,P25,403.8,COMPUTED_MICRODATA,"OECD PUF via learningtower, gewichtetes Quantil (1 PV)",n = 6890
M479 (S07),Türkiye,2018,read,P50,464.4,COMPUTED_MICRODATA,"OECD PUF via learningtower, gewichtetes Quantil (1 PV)",n = 6890
M479 (S07),Türkiye,2018,read,P75,527.0,COMPUTED_MICRODATA,"OECD PUF via learningtower, gewichtetes Quantil (1 PV)",n = 6890
M479 (S07),Türkiye,2018,read,P90,581.0,COMPUTED_MICRODATA,"OECD PUF via learningtower, gewichtetes Quantil (1 PV)",n = 6890
M479 (S07),Türkiye,2018,sci,P10,359.7,COMPUTED_MICRODATA,"OECD PUF via learningtower, gewichtetes Quantil (1 PV)",n = 6890
M479 (S07),Türkiye,2018,sci,P25,408.7,COMPUTED_MICRODATA,"OECD PUF via learningtower, gewichtetes Quantil (1 PV)",n = 6890
M479 (S07),Türkiye,2018,sci,P50,465.7,COMPUTED_MICRODATA,"OECD PUF via learningtower, gewichtetes Quantil (1 PV)",n = 6890
M479 (S07),Türkiye,2018,sci,P75,526.9,COMPUTED_MICRODATA,"OECD PUF via learningtower, gewichtetes Quantil (1 PV)",n = 6890
M479 (S07),Türkiye,2018,sci,P90,579.6,COMPUTED_MICRODATA,"OECD PUF via learningtower, gewichtetes Quantil (1 PV)",n = 6890
M479 (S07),Ukrainian regions (17 of 27),2018,math,P10,329.9,COMPUTED_MICRODATA,"OECD PUF via learningtower, gewichtetes Quantil (1 PV)",n = 5998
M479 (S07),Ukrainian regions (17 of 27),2018,math,P25,390.0,COMPUTED_MICRODATA,"OECD PUF via learningtower, gewichtetes Quantil (1 PV)",n = 5998
M479 (S07),Ukrainian regions (17 of 27),2018,math,P50,452.9,COMPUTED_MICRODATA,"OECD PUF via learningtower, gewichtetes Quantil (1 PV)",n = 5998
M479 (S07),Ukrainian regions (17 of 27),2018,math,P75,518.7,COMPUTED_MICRODATA,"OECD PUF via learningtower, gewichtetes Quantil (1 PV)",n = 5998
M479 (S07),Ukrainian regions (17 of 27),2018,math,P90,573.5,COMPUTED_MICRODATA,"OECD PUF via learningtower, gewichtetes Quantil (1 PV)",n = 5998
M479 (S07),Ukrainian regions (17 of 27),2018,read,P10,338.7,COMPUTED_MICRODATA,"OECD PUF via learningtower, gewichtetes Quantil (1 PV)",n = 5998
M479 (S07),Ukrainian regions (17 of 27),2018,read,P25,404.5,COMPUTED_MICRODATA,"OECD PUF via learningtower, gewichtetes Quantil (1 PV)",n = 5998
M479 (S07),Ukrainian regions (17 of 27),2018,read,P50,471.6,COMPUTED_MICRODATA,"OECD PUF via learningtower, gewichtetes Quantil (1 PV)",n = 5998
M479 (S07),Ukrainian regions (17 of 27),2018,read,P75,531.5,COMPUTED_MICRODATA,"OECD PUF via learningtower, gewichtetes Quantil (1 PV)",n = 5998
M479 (S07),Ukrainian regions (17 of 27),2018,read,P90,581.6,COMPUTED_MICRODATA,"OECD PUF via learningtower, gewichtetes Quantil (1 PV)",n = 5998
M479 (S07),Ukrainian regions (17 of 27),2018,sci,P10,350.7,COMPUTED_MICRODATA,"OECD PUF via learningtower, gewichtetes Quantil (1 PV)",n = 5998
M479 (S07),Ukrainian regions (17 of 27),2018,sci,P25,406.5,COMPUTED_MICRODATA,"OECD PUF via learningtower, gewichtetes Quantil (1 PV)",n = 5998
M479 (S07),Ukrainian regions (17 of 27),2018,sci,P50,470.5,COMPUTED_MICRODATA,"OECD PUF via learningtower, gewichtetes Quantil (1 PV)",n = 5998
M479 (S07),Ukrainian regions (17 of 27),2018,sci,P75,531.3,COMPUTED_MICRODATA,"OECD PUF via learningtower, gewichtetes Quantil (1 PV)",n = 5998
M479 (S07),Ukrainian regions (17 of 27),2018,sci,P90,590.1,COMPUTED_MICRODATA,"OECD PUF via learningtower, gewichtetes Quantil (1 PV)",n = 5998
M479 (S07),Uruguay,2018,math,P10,305.9,COMPUTED_MICRODATA,"OECD PUF via learningtower, gewichtetes Quantil (1 PV)",n = 5263
M479 (S07),Uruguay,2018,math,P25,357.0,COMPUTED_MICRODATA,"OECD PUF via learningtower, gewichtetes Quantil (1 PV)",n = 5263
M479 (S07),Uruguay,2018,math,P50,418.9,COMPUTED_MICRODATA,"OECD PUF via learningtower, gewichtetes Quantil (1 PV)",n = 5263
M479 (S07),Uruguay,2018,math,P75,475.9,COMPUTED_MICRODATA,"OECD PUF via learningtower, gewichtetes Quantil (1 PV)",n = 5263
M479 (S07),Uruguay,2018,math,P90,527.5,COMPUTED_MICRODATA,"OECD PUF via learningtower, gewichtetes Quantil (1 PV)",n = 5263
M479 (S07),Uruguay,2018,read,P10,296.3,COMPUTED_MICRODATA,"OECD PUF via learningtower, gewichtetes Quantil (1 PV)",n = 5263
M479 (S07),Uruguay,2018,read,P25,360.9,COMPUTED_MICRODATA,"OECD PUF via learningtower, gewichtetes Quantil (1 PV)",n = 5263
M479 (S07),Uruguay,2018,read,P50,427.5,COMPUTED_MICRODATA,"OECD PUF via learningtower, gewichtetes Quantil (1 PV)",n = 5263
M479 (S07),Uruguay,2018,read,P75,494.2,COMPUTED_MICRODATA,"OECD PUF via learningtower, gewichtetes Quantil (1 PV)",n = 5263
M479 (S07),Uruguay,2018,read,P90,551.7,COMPUTED_MICRODATA,"OECD PUF via learningtower, gewichtetes Quantil (1 PV)",n = 5263
M479 (S07),Uruguay,2018,sci,P10,314.7,COMPUTED_MICRODATA,"OECD PUF via learningtower, gewichtetes Quantil (1 PV)",n = 5263
M479 (S07),Uruguay,2018,sci,P25,364.7,COMPUTED_MICRODATA,"OECD PUF via learningtower, gewichtetes Quantil (1 PV)",n = 5263
M479 (S07),Uruguay,2018,sci,P50,422.3,COMPUTED_MICRODATA,"OECD PUF via learningtower, gewichtetes Quantil (1 PV)",n = 5263
M479 (S07),Uruguay,2018,sci,P75,487.6,COMPUTED_MICRODATA,"OECD PUF via learningtower, gewichtetes Quantil (1 PV)",n = 5263
M479 (S07),Uruguay,2018,sci,P90,539.6,COMPUTED_MICRODATA,"OECD PUF via learningtower, gewichtetes Quantil (1 PV)",n = 5263
M479 (S07),United States,2018,math,P10,357.1,COMPUTED_MICRODATA,"OECD PUF via learningtower, gewichtetes Quantil (1 PV)",n = 4838
M479 (S07),United States,2018,math,P25,414.1,COMPUTED_MICRODATA,"OECD PUF via learningtower, gewichtetes Quantil (1 PV)",n = 4838
M479 (S07),United States,2018,math,P50,479.4,COMPUTED_MICRODATA,"OECD PUF via learningtower, gewichtetes Quantil (1 PV)",n = 4838
M479 (S07),United States,2018,math,P75,544.0,COMPUTED_MICRODATA,"OECD PUF via learningtower, gewichtetes Quantil (1 PV)",n = 4838
M479 (S07),United States,2018,math,P90,596.3,COMPUTED_MICRODATA,"OECD PUF via learningtower, gewichtetes Quantil (1 PV)",n = 4838
M479 (S07),United States,2018,read,P10,358.6,COMPUTED_MICRODATA,"OECD PUF via learningtower, gewichtetes Quantil (1 PV)",n = 4838
M479 (S07),United States,2018,read,P25,428.5,COMPUTED_MICRODATA,"OECD PUF via learningtower, gewichtetes Quantil (1 PV)",n = 4838
M479 (S07),United States,2018,read,P50,510.3,COMPUTED_MICRODATA,"OECD PUF via learningtower, gewichtetes Quantil (1 PV)",n = 4838
M479 (S07),United States,2018,read,P75,583.1,COMPUTED_MICRODATA,"OECD PUF via learningtower, gewichtetes Quantil (1 PV)",n = 4838
M479 (S07),United States,2018,read,P90,641.8,COMPUTED_MICRODATA,"OECD PUF via learningtower, gewichtetes Quantil (1 PV)",n = 4838
M479 (S07),United States,2018,sci,P10,370.9,COMPUTED_MICRODATA,"OECD PUF via learningtower, gewichtetes Quantil (1 PV)",n = 4838
M479 (S07),United States,2018,sci,P25,432.6,COMPUTED_MICRODATA,"OECD PUF via learningtower, gewichtetes Quantil (1 PV)",n = 4838
M479 (S07),United States,2018,sci,P50,502.9,COMPUTED_MICRODATA,"OECD PUF via learningtower, gewichtetes Quantil (1 PV)",n = 4838
M479 (S07),United States,2018,sci,P75,572.9,COMPUTED_MICRODATA,"OECD PUF via learningtower, gewichtetes Quantil (1 PV)",n = 4838
M479 (S07),United States,2018,sci,P90,627.1,COMPUTED_MICRODATA,"OECD PUF via learningtower, gewichtetes Quantil (1 PV)",n = 4838
M479 (S07),OECD average,2018,math,P10,370.5,COMPUTED_MICRODATA,"OECD PUF via learningtower, gewichtetes Quantil (1 PV)",n = 37
M479 (S07),OECD average,2018,math,P25,427.6,COMPUTED_MICRODATA,"OECD PUF via learningtower, gewichtetes Quantil (1 PV)",n = 37
M479 (S07),OECD average,2018,math,P50,491.9,COMPUTED_MICRODATA,"OECD PUF via learningtower, gewichtetes Quantil (1 PV)",n = 37
M479 (S07),OECD average,2018,math,P75,553.5,COMPUTED_MICRODATA,"OECD PUF via learningtower, gewichtetes Quantil (1 PV)",n = 37
M479 (S07),OECD average,2018,math,P90,604.9,COMPUTED_MICRODATA,"OECD PUF via learningtower, gewichtetes Quantil (1 PV)",n = 37
M479 (S07),OECD average,2018,read,P10,354.3,COMPUTED_MICRODATA,"OECD PUF via learningtower, gewichtetes Quantil (1 PV)",n = 37
M479 (S07),OECD average,2018,read,P25,418.4,COMPUTED_MICRODATA,"OECD PUF via learningtower, gewichtetes Quantil (1 PV)",n = 37
M479 (S07),OECD average,2018,read,P50,489.7,COMPUTED_MICRODATA,"OECD PUF via learningtower, gewichtetes Quantil (1 PV)",n = 37
M479 (S07),OECD average,2018,read,P75,558.1,COMPUTED_MICRODATA,"OECD PUF via learningtower, gewichtetes Quantil (1 PV)",n = 37
M479 (S07),OECD average,2018,read,P90,613.5,COMPUTED_MICRODATA,"OECD PUF via learningtower, gewichtetes Quantil (1 PV)",n = 37
M479 (S07),OECD average,2018,sci,P10,364.3,COMPUTED_MICRODATA,"OECD PUF via learningtower, gewichtetes Quantil (1 PV)",n = 37
M479 (S07),OECD average,2018,sci,P25,423.0,COMPUTED_MICRODATA,"OECD PUF via learningtower, gewichtetes Quantil (1 PV)",n = 37
M479 (S07),OECD average,2018,sci,P50,490.5,COMPUTED_MICRODATA,"OECD PUF via learningtower, gewichtetes Quantil (1 PV)",n = 37
M479 (S07),OECD average,2018,sci,P75,555.4,COMPUTED_MICRODATA,"OECD PUF via learningtower, gewichtetes Quantil (1 PV)",n = 37
M479 (S07),OECD average,2018,sci,P90,608.7,COMPUTED_MICRODATA,"OECD PUF via learningtower, gewichtetes Quantil (1 PV)",n = 37
M479 (S07),Albania,2022,math,P10,265.6,COMPUTED_MICRODATA,"OECD PUF via learningtower, gewichtetes Quantil (1 PV)",n = 6129
M479 (S07),Albania,2022,math,P25,308.2,COMPUTED_MICRODATA,"OECD PUF via learningtower, gewichtetes Quantil (1 PV)",n = 6129
M479 (S07),Albania,2022,math,P50,362.2,COMPUTED_MICRODATA,"OECD PUF via learningtower, gewichtetes Quantil (1 PV)",n = 6129
M479 (S07),Albania,2022,math,P75,423.8,COMPUTED_MICRODATA,"OECD PUF via learningtower, gewichtetes Quantil (1 PV)",n = 6129
M479 (S07),Albania,2022,math,P90,480.5,COMPUTED_MICRODATA,"OECD PUF via learningtower, gewichtetes Quantil (1 PV)",n = 6129
M479 (S07),Albania,2022,read,P10,259.8,COMPUTED_MICRODATA,"OECD PUF via learningtower, gewichtetes Quantil (1 PV)",n = 6129
M479 (S07),Albania,2022,read,P25,302.5,COMPUTED_MICRODATA,"OECD PUF via learningtower, gewichtetes Quantil (1 PV)",n = 6129
M479 (S07),Albania,2022,read,P50,353.0,COMPUTED_MICRODATA,"OECD PUF via learningtower, gewichtetes Quantil (1 PV)",n = 6129
M479 (S07),Albania,2022,read,P75,410.5,COMPUTED_MICRODATA,"OECD PUF via learningtower, gewichtetes Quantil (1 PV)",n = 6129
M479 (S07),Albania,2022,read,P90,464.6,COMPUTED_MICRODATA,"OECD PUF via learningtower, gewichtetes Quantil (1 PV)",n = 6129
M479 (S07),Albania,2022,sci,P10,276.4,COMPUTED_MICRODATA,"OECD PUF via learningtower, gewichtetes Quantil (1 PV)",n = 6129
M479 (S07),Albania,2022,sci,P25,317.4,COMPUTED_MICRODATA,"OECD PUF via learningtower, gewichtetes Quantil (1 PV)",n = 6129
M479 (S07),Albania,2022,sci,P50,369.7,COMPUTED_MICRODATA,"OECD PUF via learningtower, gewichtetes Quantil (1 PV)",n = 6129
M479 (S07),Albania,2022,sci,P75,426.6,COMPUTED_MICRODATA,"OECD PUF via learningtower, gewichtetes Quantil (1 PV)",n = 6129
M479 (S07),Albania,2022,sci,P90,482.7,COMPUTED_MICRODATA,"OECD PUF via learningtower, gewichtetes Quantil (1 PV)",n = 6129
M479 (S07),United Arab Emirates,2022,math,P10,306.3,COMPUTED_MICRODATA,"OECD PUF via learningtower, gewichtetes Quantil (1 PV)",n = 24600
M479 (S07),United Arab Emirates,2022,math,P25,355.0,COMPUTED_MICRODATA,"OECD PUF via learningtower, gewichtetes Quantil (1 PV)",n = 24600
M479 (S07),United Arab Emirates,2022,math,P50,423.4,COMPUTED_MICRODATA,"OECD PUF via learningtower, gewichtetes Quantil (1 PV)",n = 24600
M479 (S07),United Arab Emirates,2022,math,P75,500.4,COMPUTED_MICRODATA,"OECD PUF via learningtower, gewichtetes Quantil (1 PV)",n = 24600
M479 (S07),United Arab Emirates,2022,math,P90,570.5,COMPUTED_MICRODATA,"OECD PUF via learningtower, gewichtetes Quantil (1 PV)",n = 24600
M479 (S07),United Arab Emirates,2022,read,P10,256.9,COMPUTED_MICRODATA,"OECD PUF via learningtower, gewichtetes Quantil (1 PV)",n = 24600
M479 (S07),United Arab Emirates,2022,read,P25,323.5,COMPUTED_MICRODATA,"OECD PUF via learningtower, gewichtetes Quantil (1 PV)",n = 24600
M479 (S07),United Arab Emirates,2022,read,P50,414.7,COMPUTED_MICRODATA,"OECD PUF via learningtower, gewichtetes Quantil (1 PV)",n = 24600
M479 (S07),United Arab Emirates,2022,read,P75,509.7,COMPUTED_MICRODATA,"OECD PUF via learningtower, gewichtetes Quantil (1 PV)",n = 24600
M479 (S07),United Arab Emirates,2022,read,P90,584.6,COMPUTED_MICRODATA,"OECD PUF via learningtower, gewichtetes Quantil (1 PV)",n = 24600
M479 (S07),United Arab Emirates,2022,sci,P10,296.2,COMPUTED_MICRODATA,"OECD PUF via learningtower, gewichtetes Quantil (1 PV)",n = 24600
M479 (S07),United Arab Emirates,2022,sci,P25,351.5,COMPUTED_MICRODATA,"OECD PUF via learningtower, gewichtetes Quantil (1 PV)",n = 24600
M479 (S07),United Arab Emirates,2022,sci,P50,425.7,COMPUTED_MICRODATA,"OECD PUF via learningtower, gewichtetes Quantil (1 PV)",n = 24600
M479 (S07),United Arab Emirates,2022,sci,P75,510.4,COMPUTED_MICRODATA,"OECD PUF via learningtower, gewichtetes Quantil (1 PV)",n = 24600
M479 (S07),United Arab Emirates,2022,sci,P90,583.0,COMPUTED_MICRODATA,"OECD PUF via learningtower, gewichtetes Quantil (1 PV)",n = 24600
M479 (S07),Argentina,2022,math,P10,288.4,COMPUTED_MICRODATA,"OECD PUF via learningtower, gewichtetes Quantil (1 PV)",n = 12111
M479 (S07),Argentina,2022,math,P25,325.5,COMPUTED_MICRODATA,"OECD PUF via learningtower, gewichtetes Quantil (1 PV)",n = 12111
M479 (S07),Argentina,2022,math,P50,371.0,COMPUTED_MICRODATA,"OECD PUF via learningtower, gewichtetes Quantil (1 PV)",n = 12111
M479 (S07),Argentina,2022,math,P75,426.7,COMPUTED_MICRODATA,"OECD PUF via learningtower, gewichtetes Quantil (1 PV)",n = 12111
M479 (S07),Argentina,2022,math,P90,477.1,COMPUTED_MICRODATA,"OECD PUF via learningtower, gewichtetes Quantil (1 PV)",n = 12111
M479 (S07),Argentina,2022,read,P10,285.0,COMPUTED_MICRODATA,"OECD PUF via learningtower, gewichtetes Quantil (1 PV)",n = 12111
M479 (S07),Argentina,2022,read,P25,335.3,COMPUTED_MICRODATA,"OECD PUF via learningtower, gewichtetes Quantil (1 PV)",n = 12111
M479 (S07),Argentina,2022,read,P50,397.6,COMPUTED_MICRODATA,"OECD PUF via learningtower, gewichtetes Quantil (1 PV)",n = 12111
M479 (S07),Argentina,2022,read,P75,463.0,COMPUTED_MICRODATA,"OECD PUF via learningtower, gewichtetes Quantil (1 PV)",n = 12111
M479 (S07),Argentina,2022,read,P90,521.2,COMPUTED_MICRODATA,"OECD PUF via learningtower, gewichtetes Quantil (1 PV)",n = 12111
M479 (S07),Argentina,2022,sci,P10,299.2,COMPUTED_MICRODATA,"OECD PUF via learningtower, gewichtetes Quantil (1 PV)",n = 12111
M479 (S07),Argentina,2022,sci,P25,342.8,COMPUTED_MICRODATA,"OECD PUF via learningtower, gewichtetes Quantil (1 PV)",n = 12111
M479 (S07),Argentina,2022,sci,P50,398.0,COMPUTED_MICRODATA,"OECD PUF via learningtower, gewichtetes Quantil (1 PV)",n = 12111
M479 (S07),Argentina,2022,sci,P75,462.7,COMPUTED_MICRODATA,"OECD PUF via learningtower, gewichtetes Quantil (1 PV)",n = 12111
M479 (S07),Argentina,2022,sci,P90,520.7,COMPUTED_MICRODATA,"OECD PUF via learningtower, gewichtetes Quantil (1 PV)",n = 12111
M479 (S07),Australia,2022,math,P10,358.9,COMPUTED_MICRODATA,"OECD PUF via learningtower, gewichtetes Quantil (1 PV)",n = 13437
M479 (S07),Australia,2022,math,P25,415.2,COMPUTED_MICRODATA,"OECD PUF via learningtower, gewichtetes Quantil (1 PV)",n = 13437
M479 (S07),Australia,2022,math,P50,485.3,COMPUTED_MICRODATA,"OECD PUF via learningtower, gewichtetes Quantil (1 PV)",n = 13437
M479 (S07),Australia,2022,math,P75,555.1,COMPUTED_MICRODATA,"OECD PUF via learningtower, gewichtetes Quantil (1 PV)",n = 13437
M479 (S07),Australia,2022,math,P90,618.2,COMPUTED_MICRODATA,"OECD PUF via learningtower, gewichtetes Quantil (1 PV)",n = 13437
M479 (S07),Australia,2022,read,P10,351.7,COMPUTED_MICRODATA,"OECD PUF via learningtower, gewichtetes Quantil (1 PV)",n = 13437
M479 (S07),Australia,2022,read,P25,423.4,COMPUTED_MICRODATA,"OECD PUF via learningtower, gewichtetes Quantil (1 PV)",n = 13437
M479 (S07),Australia,2022,read,P50,501.7,COMPUTED_MICRODATA,"OECD PUF via learningtower, gewichtetes Quantil (1 PV)",n = 13437
M479 (S07),Australia,2022,read,P75,575.5,COMPUTED_MICRODATA,"OECD PUF via learningtower, gewichtetes Quantil (1 PV)",n = 13437
M479 (S07),Australia,2022,read,P90,637.2,COMPUTED_MICRODATA,"OECD PUF via learningtower, gewichtetes Quantil (1 PV)",n = 13437
M479 (S07),Australia,2022,sci,P10,365.2,COMPUTED_MICRODATA,"OECD PUF via learningtower, gewichtetes Quantil (1 PV)",n = 13437
M479 (S07),Australia,2022,sci,P25,431.2,COMPUTED_MICRODATA,"OECD PUF via learningtower, gewichtetes Quantil (1 PV)",n = 13437
M479 (S07),Australia,2022,sci,P50,508.8,COMPUTED_MICRODATA,"OECD PUF via learningtower, gewichtetes Quantil (1 PV)",n = 13437
M479 (S07),Australia,2022,sci,P75,581.6,COMPUTED_MICRODATA,"OECD PUF via learningtower, gewichtetes Quantil (1 PV)",n = 13437
M479 (S07),Australia,2022,sci,P90,645.2,COMPUTED_MICRODATA,"OECD PUF via learningtower, gewichtetes Quantil (1 PV)",n = 13437
M479 (S07),Austria,2022,math,P10,364.1,COMPUTED_MICRODATA,"OECD PUF via learningtower, gewichtetes Quantil (1 PV)",n = 6151
M479 (S07),Austria,2022,math,P25,421.4,COMPUTED_MICRODATA,"OECD PUF via learningtower, gewichtetes Quantil (1 PV)",n = 6151
M479 (S07),Austria,2022,math,P50,490.2,COMPUTED_MICRODATA,"OECD PUF via learningtower, gewichtetes Quantil (1 PV)",n = 6151
M479 (S07),Austria,2022,math,P75,554.5,COMPUTED_MICRODATA,"OECD PUF via learningtower, gewichtetes Quantil (1 PV)",n = 6151
M479 (S07),Austria,2022,math,P90,608.2,COMPUTED_MICRODATA,"OECD PUF via learningtower, gewichtetes Quantil (1 PV)",n = 6151
M479 (S07),Austria,2022,read,P10,340.5,COMPUTED_MICRODATA,"OECD PUF via learningtower, gewichtetes Quantil (1 PV)",n = 6151
M479 (S07),Austria,2022,read,P25,407.4,COMPUTED_MICRODATA,"OECD PUF via learningtower, gewichtetes Quantil (1 PV)",n = 6151
M479 (S07),Austria,2022,read,P50,484.7,COMPUTED_MICRODATA,"OECD PUF via learningtower, gewichtetes Quantil (1 PV)",n = 6151
M479 (S07),Austria,2022,read,P75,556.7,COMPUTED_MICRODATA,"OECD PUF via learningtower, gewichtetes Quantil (1 PV)",n = 6151
M479 (S07),Austria,2022,read,P90,613.8,COMPUTED_MICRODATA,"OECD PUF via learningtower, gewichtetes Quantil (1 PV)",n = 6151
M479 (S07),Austria,2022,sci,P10,353.2,COMPUTED_MICRODATA,"OECD PUF via learningtower, gewichtetes Quantil (1 PV)",n = 6151
M479 (S07),Austria,2022,sci,P25,416.5,COMPUTED_MICRODATA,"OECD PUF via learningtower, gewichtetes Quantil (1 PV)",n = 6151
M479 (S07),Austria,2022,sci,P50,493.4,COMPUTED_MICRODATA,"OECD PUF via learningtower, gewichtetes Quantil (1 PV)",n = 6151
M479 (S07),Austria,2022,sci,P75,564.9,COMPUTED_MICRODATA,"OECD PUF via learningtower, gewichtetes Quantil (1 PV)",n = 6151
M479 (S07),Austria,2022,sci,P90,622.3,COMPUTED_MICRODATA,"OECD PUF via learningtower, gewichtetes Quantil (1 PV)",n = 6151
M479 (S07),Belgium,2022,math,P10,358.5,COMPUTED_MICRODATA,"OECD PUF via learningtower, gewichtetes Quantil (1 PV)",n = 8286
M479 (S07),Belgium,2022,math,P25,419.5,COMPUTED_MICRODATA,"OECD PUF via learningtower, gewichtetes Quantil (1 PV)",n = 8286
M479 (S07),Belgium,2022,math,P50,493.7,COMPUTED_MICRODATA,"OECD PUF via learningtower, gewichtetes Quantil (1 PV)",n = 8286
M479 (S07),Belgium,2022,math,P75,559.7,COMPUTED_MICRODATA,"OECD PUF via learningtower, gewichtetes Quantil (1 PV)",n = 8286
M479 (S07),Belgium,2022,math,P90,612.9,COMPUTED_MICRODATA,"OECD PUF via learningtower, gewichtetes Quantil (1 PV)",n = 8286
M479 (S07),Belgium,2022,read,P10,335.9,COMPUTED_MICRODATA,"OECD PUF via learningtower, gewichtetes Quantil (1 PV)",n = 8286
M479 (S07),Belgium,2022,read,P25,406.6,COMPUTED_MICRODATA,"OECD PUF via learningtower, gewichtetes Quantil (1 PV)",n = 8286
M479 (S07),Belgium,2022,read,P50,482.0,COMPUTED_MICRODATA,"OECD PUF via learningtower, gewichtetes Quantil (1 PV)",n = 8286
M479 (S07),Belgium,2022,read,P75,555.5,COMPUTED_MICRODATA,"OECD PUF via learningtower, gewichtetes Quantil (1 PV)",n = 8286
M479 (S07),Belgium,2022,read,P90,612.8,COMPUTED_MICRODATA,"OECD PUF via learningtower, gewichtetes Quantil (1 PV)",n = 8286
M479 (S07),Belgium,2022,sci,P10,349.9,COMPUTED_MICRODATA,"OECD PUF via learningtower, gewichtetes Quantil (1 PV)",n = 8286
M479 (S07),Belgium,2022,sci,P25,419.3,COMPUTED_MICRODATA,"OECD PUF via learningtower, gewichtetes Quantil (1 PV)",n = 8286
M479 (S07),Belgium,2022,sci,P50,496.6,COMPUTED_MICRODATA,"OECD PUF via learningtower, gewichtetes Quantil (1 PV)",n = 8286
M479 (S07),Belgium,2022,sci,P75,564.6,COMPUTED_MICRODATA,"OECD PUF via learningtower, gewichtetes Quantil (1 PV)",n = 8286
M479 (S07),Belgium,2022,sci,P90,617.3,COMPUTED_MICRODATA,"OECD PUF via learningtower, gewichtetes Quantil (1 PV)",n = 8286
M479 (S07),Bulgaria,2022,math,P10,300.1,COMPUTED_MICRODATA,"OECD PUF via learningtower, gewichtetes Quantil (1 PV)",n = 6107
M479 (S07),Bulgaria,2022,math,P25,346.5,COMPUTED_MICRODATA,"OECD PUF via learningtower, gewichtetes Quantil (1 PV)",n = 6107
M479 (S07),Bulgaria,2022,math,P50,410.8,COMPUTED_MICRODATA,"OECD PUF via learningtower, gewichtetes Quantil (1 PV)",n = 6107
M479 (S07),Bulgaria,2022,math,P75,483.0,COMPUTED_MICRODATA,"OECD PUF via learningtower, gewichtetes Quantil (1 PV)",n = 6107
M479 (S07),Bulgaria,2022,math,P90,547.3,COMPUTED_MICRODATA,"OECD PUF via learningtower, gewichtetes Quantil (1 PV)",n = 6107
M479 (S07),Bulgaria,2022,read,P10,268.6,COMPUTED_MICRODATA,"OECD PUF via learningtower, gewichtetes Quantil (1 PV)",n = 6107
M479 (S07),Bulgaria,2022,read,P25,327.2,COMPUTED_MICRODATA,"OECD PUF via learningtower, gewichtetes Quantil (1 PV)",n = 6107
M479 (S07),Bulgaria,2022,read,P50,399.5,COMPUTED_MICRODATA,"OECD PUF via learningtower, gewichtetes Quantil (1 PV)",n = 6107
M479 (S07),Bulgaria,2022,read,P75,478.3,COMPUTED_MICRODATA,"OECD PUF via learningtower, gewichtetes Quantil (1 PV)",n = 6107
M479 (S07),Bulgaria,2022,read,P90,547.7,COMPUTED_MICRODATA,"OECD PUF via learningtower, gewichtetes Quantil (1 PV)",n = 6107
M479 (S07),Bulgaria,2022,sci,P10,300.8,COMPUTED_MICRODATA,"OECD PUF via learningtower, gewichtetes Quantil (1 PV)",n = 6107
M479 (S07),Bulgaria,2022,sci,P25,351.5,COMPUTED_MICRODATA,"OECD PUF via learningtower, gewichtetes Quantil (1 PV)",n = 6107
M479 (S07),Bulgaria,2022,sci,P50,415.0,COMPUTED_MICRODATA,"OECD PUF via learningtower, gewichtetes Quantil (1 PV)",n = 6107
M479 (S07),Bulgaria,2022,sci,P75,488.9,COMPUTED_MICRODATA,"OECD PUF via learningtower, gewichtetes Quantil (1 PV)",n = 6107
M479 (S07),Bulgaria,2022,sci,P90,549.9,COMPUTED_MICRODATA,"OECD PUF via learningtower, gewichtetes Quantil (1 PV)",n = 6107
M479 (S07),Brazil,2022,math,P10,287.3,COMPUTED_MICRODATA,"OECD PUF via learningtower, gewichtetes Quantil (1 PV)",n = 10798
M479 (S07),Brazil,2022,math,P25,324.5,COMPUTED_MICRODATA,"OECD PUF via learningtower, gewichtetes Quantil (1 PV)",n = 10798
M479 (S07),Brazil,2022,math,P50,369.6,COMPUTED_MICRODATA,"OECD PUF via learningtower, gewichtetes Quantil (1 PV)",n = 10798
M479 (S07),Brazil,2022,math,P75,424.4,COMPUTED_MICRODATA,"OECD PUF via learningtower, gewichtetes Quantil (1 PV)",n = 10798
M479 (S07),Brazil,2022,math,P90,481.2,COMPUTED_MICRODATA,"OECD PUF via learningtower, gewichtetes Quantil (1 PV)",n = 10798
M479 (S07),Brazil,2022,read,P10,285.6,COMPUTED_MICRODATA,"OECD PUF via learningtower, gewichtetes Quantil (1 PV)",n = 10798
M479 (S07),Brazil,2022,read,P25,340.1,COMPUTED_MICRODATA,"OECD PUF via learningtower, gewichtetes Quantil (1 PV)",n = 10798
M479 (S07),Brazil,2022,read,P50,407.7,COMPUTED_MICRODATA,"OECD PUF via learningtower, gewichtetes Quantil (1 PV)",n = 10798
M479 (S07),Brazil,2022,read,P75,479.0,COMPUTED_MICRODATA,"OECD PUF via learningtower, gewichtetes Quantil (1 PV)",n = 10798
M479 (S07),Brazil,2022,read,P90,542.8,COMPUTED_MICRODATA,"OECD PUF via learningtower, gewichtetes Quantil (1 PV)",n = 10798
M479 (S07),Brazil,2022,sci,P10,288.9,COMPUTED_MICRODATA,"OECD PUF via learningtower, gewichtetes Quantil (1 PV)",n = 10798
M479 (S07),Brazil,2022,sci,P25,337.7,COMPUTED_MICRODATA,"OECD PUF via learningtower, gewichtetes Quantil (1 PV)",n = 10798
M479 (S07),Brazil,2022,sci,P50,396.5,COMPUTED_MICRODATA,"OECD PUF via learningtower, gewichtetes Quantil (1 PV)",n = 10798
M479 (S07),Brazil,2022,sci,P75,463.9,COMPUTED_MICRODATA,"OECD PUF via learningtower, gewichtetes Quantil (1 PV)",n = 10798
M479 (S07),Brazil,2022,sci,P90,530.1,COMPUTED_MICRODATA,"OECD PUF via learningtower, gewichtetes Quantil (1 PV)",n = 10798
M479 (S07),Brunei Darussalam,2022,math,P10,337.0,COMPUTED_MICRODATA,"OECD PUF via learningtower, gewichtetes Quantil (1 PV)",n = 5576
M479 (S07),Brunei Darussalam,2022,math,P25,382.7,COMPUTED_MICRODATA,"OECD PUF via learningtower, gewichtetes Quantil (1 PV)",n = 5576
M479 (S07),Brunei Darussalam,2022,math,P50,435.9,COMPUTED_MICRODATA,"OECD PUF via learningtower, gewichtetes Quantil (1 PV)",n = 5576
M479 (S07),Brunei Darussalam,2022,math,P75,497.4,COMPUTED_MICRODATA,"OECD PUF via learningtower, gewichtetes Quantil (1 PV)",n = 5576
M479 (S07),Brunei Darussalam,2022,math,P90,557.3,COMPUTED_MICRODATA,"OECD PUF via learningtower, gewichtetes Quantil (1 PV)",n = 5576
M479 (S07),Brunei Darussalam,2022,read,P10,300.8,COMPUTED_MICRODATA,"OECD PUF via learningtower, gewichtetes Quantil (1 PV)",n = 5576
M479 (S07),Brunei Darussalam,2022,read,P25,358.3,COMPUTED_MICRODATA,"OECD PUF via learningtower, gewichtetes Quantil (1 PV)",n = 5576
M479 (S07),Brunei Darussalam,2022,read,P50,429.0,COMPUTED_MICRODATA,"OECD PUF via learningtower, gewichtetes Quantil (1 PV)",n = 5576
M479 (S07),Brunei Darussalam,2022,read,P75,498.6,COMPUTED_MICRODATA,"OECD PUF via learningtower, gewichtetes Quantil (1 PV)",n = 5576
M479 (S07),Brunei Darussalam,2022,read,P90,559.7,COMPUTED_MICRODATA,"OECD PUF via learningtower, gewichtetes Quantil (1 PV)",n = 5576
M479 (S07),Brunei Darussalam,2022,sci,P10,326.6,COMPUTED_MICRODATA,"OECD PUF via learningtower, gewichtetes Quantil (1 PV)",n = 5576
M479 (S07),Brunei Darussalam,2022,sci,P25,378.6,COMPUTED_MICRODATA,"OECD PUF via learningtower, gewichtetes Quantil (1 PV)",n = 5576
M479 (S07),Brunei Darussalam,2022,sci,P50,442.5,COMPUTED_MICRODATA,"OECD PUF via learningtower, gewichtetes Quantil (1 PV)",n = 5576
M479 (S07),Brunei Darussalam,2022,sci,P75,513.6,COMPUTED_MICRODATA,"OECD PUF via learningtower, gewichtetes Quantil (1 PV)",n = 5576
M479 (S07),Brunei Darussalam,2022,sci,P90,572.1,COMPUTED_MICRODATA,"OECD PUF via learningtower, gewichtetes Quantil (1 PV)",n = 5576
M479 (S07),Canada,2022,math,P10,374.3,COMPUTED_MICRODATA,"OECD PUF via learningtower, gewichtetes Quantil (1 PV)",n = 23073
M479 (S07),Canada,2022,math,P25,430.2,COMPUTED_MICRODATA,"OECD PUF via learningtower, gewichtetes Quantil (1 PV)",n = 23073
M479 (S07),Canada,2022,math,P50,496.7,COMPUTED_MICRODATA,"OECD PUF via learningtower, gewichtetes Quantil (1 PV)",n = 23073
M479 (S07),Canada,2022,math,P75,561.9,COMPUTED_MICRODATA,"OECD PUF via learningtower, gewichtetes Quantil (1 PV)",n = 23073
M479 (S07),Canada,2022,math,P90,619.8,COMPUTED_MICRODATA,"OECD PUF via learningtower, gewichtetes Quantil (1 PV)",n = 23073
M479 (S07),Canada,2022,read,P10,365.7,COMPUTED_MICRODATA,"OECD PUF via learningtower, gewichtetes Quantil (1 PV)",n = 23073
M479 (S07),Canada,2022,read,P25,433.1,COMPUTED_MICRODATA,"OECD PUF via learningtower, gewichtetes Quantil (1 PV)",n = 23073
M479 (S07),Canada,2022,read,P50,510.3,COMPUTED_MICRODATA,"OECD PUF via learningtower, gewichtetes Quantil (1 PV)",n = 23073
M479 (S07),Canada,2022,read,P75,582.3,COMPUTED_MICRODATA,"OECD PUF via learningtower, gewichtetes Quantil (1 PV)",n = 23073
M479 (S07),Canada,2022,read,P90,642.0,COMPUTED_MICRODATA,"OECD PUF via learningtower, gewichtetes Quantil (1 PV)",n = 23073
M479 (S07),Canada,2022,sci,P10,381.7,COMPUTED_MICRODATA,"OECD PUF via learningtower, gewichtetes Quantil (1 PV)",n = 23073
M479 (S07),Canada,2022,sci,P25,444.6,COMPUTED_MICRODATA,"OECD PUF via learningtower, gewichtetes Quantil (1 PV)",n = 23073
M479 (S07),Canada,2022,sci,P50,515.4,COMPUTED_MICRODATA,"OECD PUF via learningtower, gewichtetes Quantil (1 PV)",n = 23073
M479 (S07),Canada,2022,sci,P75,585.0,COMPUTED_MICRODATA,"OECD PUF via learningtower, gewichtetes Quantil (1 PV)",n = 23073
M479 (S07),Canada,2022,sci,P90,640.5,COMPUTED_MICRODATA,"OECD PUF via learningtower, gewichtetes Quantil (1 PV)",n = 23073
M479 (S07),Switzerland,2022,math,P10,379.4,COMPUTED_MICRODATA,"OECD PUF via learningtower, gewichtetes Quantil (1 PV)",n = 6829
M479 (S07),Switzerland,2022,math,P25,439.5,COMPUTED_MICRODATA,"OECD PUF via learningtower, gewichtetes Quantil (1 PV)",n = 6829
M479 (S07),Switzerland,2022,math,P50,508.8,COMPUTED_MICRODATA,"OECD PUF via learningtower, gewichtetes Quantil (1 PV)",n = 6829
M479 (S07),Switzerland,2022,math,P75,578.1,COMPUTED_MICRODATA,"OECD PUF via learningtower, gewichtetes Quantil (1 PV)",n = 6829
M479 (S07),Switzerland,2022,math,P90,630.5,COMPUTED_MICRODATA,"OECD PUF via learningtower, gewichtetes Quantil (1 PV)",n = 6829
M479 (S07),Switzerland,2022,read,P10,343.1,COMPUTED_MICRODATA,"OECD PUF via learningtower, gewichtetes Quantil (1 PV)",n = 6829
M479 (S07),Switzerland,2022,read,P25,408.1,COMPUTED_MICRODATA,"OECD PUF via learningtower, gewichtetes Quantil (1 PV)",n = 6829
M479 (S07),Switzerland,2022,read,P50,484.7,COMPUTED_MICRODATA,"OECD PUF via learningtower, gewichtetes Quantil (1 PV)",n = 6829
M479 (S07),Switzerland,2022,read,P75,558.3,COMPUTED_MICRODATA,"OECD PUF via learningtower, gewichtetes Quantil (1 PV)",n = 6829
M479 (S07),Switzerland,2022,read,P90,615.2,COMPUTED_MICRODATA,"OECD PUF via learningtower, gewichtetes Quantil (1 PV)",n = 6829
M479 (S07),Switzerland,2022,sci,P10,370.2,COMPUTED_MICRODATA,"OECD PUF via learningtower, gewichtetes Quantil (1 PV)",n = 6829
M479 (S07),Switzerland,2022,sci,P25,429.5,COMPUTED_MICRODATA,"OECD PUF via learningtower, gewichtetes Quantil (1 PV)",n = 6829
M479 (S07),Switzerland,2022,sci,P50,504.1,COMPUTED_MICRODATA,"OECD PUF via learningtower, gewichtetes Quantil (1 PV)",n = 6829
M479 (S07),Switzerland,2022,sci,P75,574.3,COMPUTED_MICRODATA,"OECD PUF via learningtower, gewichtetes Quantil (1 PV)",n = 6829
M479 (S07),Switzerland,2022,sci,P90,629.7,COMPUTED_MICRODATA,"OECD PUF via learningtower, gewichtetes Quantil (1 PV)",n = 6829
M479 (S07),Chile,2022,math,P10,317.3,COMPUTED_MICRODATA,"OECD PUF via learningtower, gewichtetes Quantil (1 PV)",n = 6488
M479 (S07),Chile,2022,math,P25,358.3,COMPUTED_MICRODATA,"OECD PUF via learningtower, gewichtetes Quantil (1 PV)",n = 6488
M479 (S07),Chile,2022,math,P50,409.1,COMPUTED_MICRODATA,"OECD PUF via learningtower, gewichtetes Quantil (1 PV)",n = 6488
M479 (S07),Chile,2022,math,P75,462.9,COMPUTED_MICRODATA,"OECD PUF via learningtower, gewichtetes Quantil (1 PV)",n = 6488
M479 (S07),Chile,2022,math,P90,513.4,COMPUTED_MICRODATA,"OECD PUF via learningtower, gewichtetes Quantil (1 PV)",n = 6488
M479 (S07),Chile,2022,read,P10,328.3,COMPUTED_MICRODATA,"OECD PUF via learningtower, gewichtetes Quantil (1 PV)",n = 6488
M479 (S07),Chile,2022,read,P25,383.9,COMPUTED_MICRODATA,"OECD PUF via learningtower, gewichtetes Quantil (1 PV)",n = 6488
M479 (S07),Chile,2022,read,P50,448.7,COMPUTED_MICRODATA,"OECD PUF via learningtower, gewichtetes Quantil (1 PV)",n = 6488
M479 (S07),Chile,2022,read,P75,515.1,COMPUTED_MICRODATA,"OECD PUF via learningtower, gewichtetes Quantil (1 PV)",n = 6488
M479 (S07),Chile,2022,read,P90,568.9,COMPUTED_MICRODATA,"OECD PUF via learningtower, gewichtetes Quantil (1 PV)",n = 6488
M479 (S07),Chile,2022,sci,P10,326.7,COMPUTED_MICRODATA,"OECD PUF via learningtower, gewichtetes Quantil (1 PV)",n = 6488
M479 (S07),Chile,2022,sci,P25,379.0,COMPUTED_MICRODATA,"OECD PUF via learningtower, gewichtetes Quantil (1 PV)",n = 6488
M479 (S07),Chile,2022,sci,P50,444.2,COMPUTED_MICRODATA,"OECD PUF via learningtower, gewichtetes Quantil (1 PV)",n = 6488
M479 (S07),Chile,2022,sci,P75,510.2,COMPUTED_MICRODATA,"OECD PUF via learningtower, gewichtetes Quantil (1 PV)",n = 6488
M479 (S07),Chile,2022,sci,P90,565.8,COMPUTED_MICRODATA,"OECD PUF via learningtower, gewichtetes Quantil (1 PV)",n = 6488
M479 (S07),Colombia,2022,math,P10,293.7,COMPUTED_MICRODATA,"OECD PUF via learningtower, gewichtetes Quantil (1 PV)",n = 7804
M479 (S07),Colombia,2022,math,P25,331.6,COMPUTED_MICRODATA,"OECD PUF via learningtower, gewichtetes Quantil (1 PV)",n = 7804
M479 (S07),Colombia,2022,math,P50,378.1,COMPUTED_MICRODATA,"OECD PUF via learningtower, gewichtetes Quantil (1 PV)",n = 7804
M479 (S07),Colombia,2022,math,P75,429.2,COMPUTED_MICRODATA,"OECD PUF via learningtower, gewichtetes Quantil (1 PV)",n = 7804
M479 (S07),Colombia,2022,math,P90,479.7,COMPUTED_MICRODATA,"OECD PUF via learningtower, gewichtetes Quantil (1 PV)",n = 7804
M479 (S07),Colombia,2022,read,P10,291.3,COMPUTED_MICRODATA,"OECD PUF via learningtower, gewichtetes Quantil (1 PV)",n = 7804
M479 (S07),Colombia,2022,read,P25,341.5,COMPUTED_MICRODATA,"OECD PUF via learningtower, gewichtetes Quantil (1 PV)",n = 7804
M479 (S07),Colombia,2022,read,P50,403.3,COMPUTED_MICRODATA,"OECD PUF via learningtower, gewichtetes Quantil (1 PV)",n = 7804
M479 (S07),Colombia,2022,read,P75,471.1,COMPUTED_MICRODATA,"OECD PUF via learningtower, gewichtetes Quantil (1 PV)",n = 7804
M479 (S07),Colombia,2022,read,P90,533.2,COMPUTED_MICRODATA,"OECD PUF via learningtower, gewichtetes Quantil (1 PV)",n = 7804
M479 (S07),Colombia,2022,sci,P10,303.0,COMPUTED_MICRODATA,"OECD PUF via learningtower, gewichtetes Quantil (1 PV)",n = 7804
M479 (S07),Colombia,2022,sci,P25,348.5,COMPUTED_MICRODATA,"OECD PUF via learningtower, gewichtetes Quantil (1 PV)",n = 7804
M479 (S07),Colombia,2022,sci,P50,407.7,COMPUTED_MICRODATA,"OECD PUF via learningtower, gewichtetes Quantil (1 PV)",n = 7804
M479 (S07),Colombia,2022,sci,P75,469.8,COMPUTED_MICRODATA,"OECD PUF via learningtower, gewichtetes Quantil (1 PV)",n = 7804
M479 (S07),Colombia,2022,sci,P90,528.8,COMPUTED_MICRODATA,"OECD PUF via learningtower, gewichtetes Quantil (1 PV)",n = 7804
M479 (S07),Costa Rica,2022,math,P10,301.1,COMPUTED_MICRODATA,"OECD PUF via learningtower, gewichtetes Quantil (1 PV)",n = 6113
M479 (S07),Costa Rica,2022,math,P25,338.7,COMPUTED_MICRODATA,"OECD PUF via learningtower, gewichtetes Quantil (1 PV)",n = 6113
M479 (S07),Costa Rica,2022,math,P50,381.7,COMPUTED_MICRODATA,"OECD PUF via learningtower, gewichtetes Quantil (1 PV)",n = 6113
M479 (S07),Costa Rica,2022,math,P75,425.8,COMPUTED_MICRODATA,"OECD PUF via learningtower, gewichtetes Quantil (1 PV)",n = 6113
M479 (S07),Costa Rica,2022,math,P90,469.9,COMPUTED_MICRODATA,"OECD PUF via learningtower, gewichtetes Quantil (1 PV)",n = 6113
M479 (S07),Costa Rica,2022,read,P10,307.0,COMPUTED_MICRODATA,"OECD PUF via learningtower, gewichtetes Quantil (1 PV)",n = 6113
M479 (S07),Costa Rica,2022,read,P25,355.3,COMPUTED_MICRODATA,"OECD PUF via learningtower, gewichtetes Quantil (1 PV)",n = 6113
M479 (S07),Costa Rica,2022,read,P50,413.0,COMPUTED_MICRODATA,"OECD PUF via learningtower, gewichtetes Quantil (1 PV)",n = 6113
M479 (S07),Costa Rica,2022,read,P75,473.9,COMPUTED_MICRODATA,"OECD PUF via learningtower, gewichtetes Quantil (1 PV)",n = 6113
M479 (S07),Costa Rica,2022,read,P90,527.5,COMPUTED_MICRODATA,"OECD PUF via learningtower, gewichtetes Quantil (1 PV)",n = 6113
M479 (S07),Costa Rica,2022,sci,P10,309.8,COMPUTED_MICRODATA,"OECD PUF via learningtower, gewichtetes Quantil (1 PV)",n = 6113
M479 (S07),Costa Rica,2022,sci,P25,356.3,COMPUTED_MICRODATA,"OECD PUF via learningtower, gewichtetes Quantil (1 PV)",n = 6113
M479 (S07),Costa Rica,2022,sci,P50,409.2,COMPUTED_MICRODATA,"OECD PUF via learningtower, gewichtetes Quantil (1 PV)",n = 6113
M479 (S07),Costa Rica,2022,sci,P75,464.3,COMPUTED_MICRODATA,"OECD PUF via learningtower, gewichtetes Quantil (1 PV)",n = 6113
M479 (S07),Costa Rica,2022,sci,P90,516.0,COMPUTED_MICRODATA,"OECD PUF via learningtower, gewichtetes Quantil (1 PV)",n = 6113
M479 (S07),Czechia,2022,math,P10,366.0,COMPUTED_MICRODATA,"OECD PUF via learningtower, gewichtetes Quantil (1 PV)",n = 8460
M479 (S07),Czechia,2022,math,P25,417.7,COMPUTED_MICRODATA,"OECD PUF via learningtower, gewichtetes Quantil (1 PV)",n = 8460
M479 (S07),Czechia,2022,math,P50,486.7,COMPUTED_MICRODATA,"OECD PUF via learningtower, gewichtetes Quantil (1 PV)",n = 8460
M479 (S07),Czechia,2022,math,P75,553.7,COMPUTED_MICRODATA,"OECD PUF via learningtower, gewichtetes Quantil (1 PV)",n = 8460
M479 (S07),Czechia,2022,math,P90,610.2,COMPUTED_MICRODATA,"OECD PUF via learningtower, gewichtetes Quantil (1 PV)",n = 8460
M479 (S07),Czechia,2022,read,P10,357.1,COMPUTED_MICRODATA,"OECD PUF via learningtower, gewichtetes Quantil (1 PV)",n = 8460
M479 (S07),Czechia,2022,read,P25,419.1,COMPUTED_MICRODATA,"OECD PUF via learningtower, gewichtetes Quantil (1 PV)",n = 8460
M479 (S07),Czechia,2022,read,P50,490.9,COMPUTED_MICRODATA,"OECD PUF via learningtower, gewichtetes Quantil (1 PV)",n = 8460
M479 (S07),Czechia,2022,read,P75,558.4,COMPUTED_MICRODATA,"OECD PUF via learningtower, gewichtetes Quantil (1 PV)",n = 8460
M479 (S07),Czechia,2022,read,P90,614.4,COMPUTED_MICRODATA,"OECD PUF via learningtower, gewichtetes Quantil (1 PV)",n = 8460
M479 (S07),Czechia,2022,sci,P10,367.9,COMPUTED_MICRODATA,"OECD PUF via learningtower, gewichtetes Quantil (1 PV)",n = 8460
M479 (S07),Czechia,2022,sci,P25,426.3,COMPUTED_MICRODATA,"OECD PUF via learningtower, gewichtetes Quantil (1 PV)",n = 8460
M479 (S07),Czechia,2022,sci,P50,497.0,COMPUTED_MICRODATA,"OECD PUF via learningtower, gewichtetes Quantil (1 PV)",n = 8460
M479 (S07),Czechia,2022,sci,P75,570.7,COMPUTED_MICRODATA,"OECD PUF via learningtower, gewichtetes Quantil (1 PV)",n = 8460
M479 (S07),Czechia,2022,sci,P90,629.0,COMPUTED_MICRODATA,"OECD PUF via learningtower, gewichtetes Quantil (1 PV)",n = 8460
M479 (S07),Germany,2022,math,P10,351.7,COMPUTED_MICRODATA,"OECD PUF via learningtower, gewichtetes Quantil (1 PV)",n = 6116
M479 (S07),Germany,2022,math,P25,406.0,COMPUTED_MICRODATA,"OECD PUF via learningtower, gewichtetes Quantil (1 PV)",n = 6116
M479 (S07),Germany,2022,math,P50,474.4,COMPUTED_MICRODATA,"OECD PUF via learningtower, gewichtetes Quantil (1 PV)",n = 6116
M479 (S07),Germany,2022,math,P75,540.7,COMPUTED_MICRODATA,"OECD PUF via learningtower, gewichtetes Quantil (1 PV)",n = 6116
M479 (S07),Germany,2022,math,P90,600.2,COMPUTED_MICRODATA,"OECD PUF via learningtower, gewichtetes Quantil (1 PV)",n = 6116
M479 (S07),Germany,2022,read,P10,338.5,COMPUTED_MICRODATA,"OECD PUF via learningtower, gewichtetes Quantil (1 PV)",n = 6116
M479 (S07),Germany,2022,read,P25,403.8,COMPUTED_MICRODATA,"OECD PUF via learningtower, gewichtetes Quantil (1 PV)",n = 6116
M479 (S07),Germany,2022,read,P50,480.5,COMPUTED_MICRODATA,"OECD PUF via learningtower, gewichtetes Quantil (1 PV)",n = 6116
M479 (S07),Germany,2022,read,P75,556.2,COMPUTED_MICRODATA,"OECD PUF via learningtower, gewichtetes Quantil (1 PV)",n = 6116
M479 (S07),Germany,2022,read,P90,615.7,COMPUTED_MICRODATA,"OECD PUF via learningtower, gewichtetes Quantil (1 PV)",n = 6116
M479 (S07),Germany,2022,sci,P10,351.7,COMPUTED_MICRODATA,"OECD PUF via learningtower, gewichtetes Quantil (1 PV)",n = 6116
M479 (S07),Germany,2022,sci,P25,417.4,COMPUTED_MICRODATA,"OECD PUF via learningtower, gewichtetes Quantil (1 PV)",n = 6116
M479 (S07),Germany,2022,sci,P50,492.6,COMPUTED_MICRODATA,"OECD PUF via learningtower, gewichtetes Quantil (1 PV)",n = 6116
M479 (S07),Germany,2022,sci,P75,566.9,COMPUTED_MICRODATA,"OECD PUF via learningtower, gewichtetes Quantil (1 PV)",n = 6116
M479 (S07),Germany,2022,sci,P90,631.2,COMPUTED_MICRODATA,"OECD PUF via learningtower, gewichtetes Quantil (1 PV)",n = 6116
M479 (S07),Denmark,2022,math,P10,382.8,COMPUTED_MICRODATA,"OECD PUF via learningtower, gewichtetes Quantil (1 PV)",n = 6200
M479 (S07),Denmark,2022,math,P25,432.4,COMPUTED_MICRODATA,"OECD PUF via learningtower, gewichtetes Quantil (1 PV)",n = 6200
M479 (S07),Denmark,2022,math,P50,487.2,COMPUTED_MICRODATA,"OECD PUF via learningtower, gewichtetes Quantil (1 PV)",n = 6200
M479 (S07),Denmark,2022,math,P75,543.9,COMPUTED_MICRODATA,"OECD PUF via learningtower, gewichtetes Quantil (1 PV)",n = 6200
M479 (S07),Denmark,2022,math,P90,596.0,COMPUTED_MICRODATA,"OECD PUF via learningtower, gewichtetes Quantil (1 PV)",n = 6200
M479 (S07),Denmark,2022,read,P10,365.5,COMPUTED_MICRODATA,"OECD PUF via learningtower, gewichtetes Quantil (1 PV)",n = 6200
M479 (S07),Denmark,2022,read,P25,428.7,COMPUTED_MICRODATA,"OECD PUF via learningtower, gewichtetes Quantil (1 PV)",n = 6200
M479 (S07),Denmark,2022,read,P50,491.1,COMPUTED_MICRODATA,"OECD PUF via learningtower, gewichtetes Quantil (1 PV)",n = 6200
M479 (S07),Denmark,2022,read,P75,554.7,COMPUTED_MICRODATA,"OECD PUF via learningtower, gewichtetes Quantil (1 PV)",n = 6200
M479 (S07),Denmark,2022,read,P90,606.8,COMPUTED_MICRODATA,"OECD PUF via learningtower, gewichtetes Quantil (1 PV)",n = 6200
M479 (S07),Denmark,2022,sci,P10,369.4,COMPUTED_MICRODATA,"OECD PUF via learningtower, gewichtetes Quantil (1 PV)",n = 6200
M479 (S07),Denmark,2022,sci,P25,426.5,COMPUTED_MICRODATA,"OECD PUF via learningtower, gewichtetes Quantil (1 PV)",n = 6200
M479 (S07),Denmark,2022,sci,P50,493.5,COMPUTED_MICRODATA,"OECD PUF via learningtower, gewichtetes Quantil (1 PV)",n = 6200
M479 (S07),Denmark,2022,sci,P75,558.5,COMPUTED_MICRODATA,"OECD PUF via learningtower, gewichtetes Quantil (1 PV)",n = 6200
M479 (S07),Denmark,2022,sci,P90,616.4,COMPUTED_MICRODATA,"OECD PUF via learningtower, gewichtetes Quantil (1 PV)",n = 6200
M479 (S07),Dominican Republic,2022,math,P10,274.8,COMPUTED_MICRODATA,"OECD PUF via learningtower, gewichtetes Quantil (1 PV)",n = 6868
M479 (S07),Dominican Republic,2022,math,P25,303.3,COMPUTED_MICRODATA,"OECD PUF via learningtower, gewichtetes Quantil (1 PV)",n = 6868
M479 (S07),Dominican Republic,2022,math,P50,335.8,COMPUTED_MICRODATA,"OECD PUF via learningtower, gewichtetes Quantil (1 PV)",n = 6868
M479 (S07),Dominican Republic,2022,math,P75,371.8,COMPUTED_MICRODATA,"OECD PUF via learningtower, gewichtetes Quantil (1 PV)",n = 6868
M479 (S07),Dominican Republic,2022,math,P90,409.0,COMPUTED_MICRODATA,"OECD PUF via learningtower, gewichtetes Quantil (1 PV)",n = 6868
M479 (S07),Dominican Republic,2022,read,P10,250.0,COMPUTED_MICRODATA,"OECD PUF via learningtower, gewichtetes Quantil (1 PV)",n = 6868
M479 (S07),Dominican Republic,2022,read,P25,291.3,COMPUTED_MICRODATA,"OECD PUF via learningtower, gewichtetes Quantil (1 PV)",n = 6868
M479 (S07),Dominican Republic,2022,read,P50,346.6,COMPUTED_MICRODATA,"OECD PUF via learningtower, gewichtetes Quantil (1 PV)",n = 6868
M479 (S07),Dominican Republic,2022,read,P75,406.5,COMPUTED_MICRODATA,"OECD PUF via learningtower, gewichtetes Quantil (1 PV)",n = 6868
M479 (S07),Dominican Republic,2022,read,P90,464.5,COMPUTED_MICRODATA,"OECD PUF via learningtower, gewichtetes Quantil (1 PV)",n = 6868
M479 (S07),Dominican Republic,2022,sci,P10,275.7,COMPUTED_MICRODATA,"OECD PUF via learningtower, gewichtetes Quantil (1 PV)",n = 6868
M479 (S07),Dominican Republic,2022,sci,P25,310.9,COMPUTED_MICRODATA,"OECD PUF via learningtower, gewichtetes Quantil (1 PV)",n = 6868
M479 (S07),Dominican Republic,2022,sci,P50,355.6,COMPUTED_MICRODATA,"OECD PUF via learningtower, gewichtetes Quantil (1 PV)",n = 6868
M479 (S07),Dominican Republic,2022,sci,P75,406.8,COMPUTED_MICRODATA,"OECD PUF via learningtower, gewichtetes Quantil (1 PV)",n = 6868
M479 (S07),Dominican Republic,2022,sci,P90,452.4,COMPUTED_MICRODATA,"OECD PUF via learningtower, gewichtetes Quantil (1 PV)",n = 6868
M479 (S07),Spain,2022,math,P10,358.2,COMPUTED_MICRODATA,"OECD PUF via learningtower, gewichtetes Quantil (1 PV)",n = 30800
M479 (S07),Spain,2022,math,P25,413.9,COMPUTED_MICRODATA,"OECD PUF via learningtower, gewichtetes Quantil (1 PV)",n = 30800
M479 (S07),Spain,2022,math,P50,473.1,COMPUTED_MICRODATA,"OECD PUF via learningtower, gewichtetes Quantil (1 PV)",n = 30800
M479 (S07),Spain,2022,math,P75,533.6,COMPUTED_MICRODATA,"OECD PUF via learningtower, gewichtetes Quantil (1 PV)",n = 30800
M479 (S07),Spain,2022,math,P90,585.1,COMPUTED_MICRODATA,"OECD PUF via learningtower, gewichtetes Quantil (1 PV)",n = 30800
M479 (S07),Spain,2022,read,P10,344.8,COMPUTED_MICRODATA,"OECD PUF via learningtower, gewichtetes Quantil (1 PV)",n = 30800
M479 (S07),Spain,2022,read,P25,407.2,COMPUTED_MICRODATA,"OECD PUF via learningtower, gewichtetes Quantil (1 PV)",n = 30800
M479 (S07),Spain,2022,read,P50,476.9,COMPUTED_MICRODATA,"OECD PUF via learningtower, gewichtetes Quantil (1 PV)",n = 30800
M479 (S07),Spain,2022,read,P75,542.8,COMPUTED_MICRODATA,"OECD PUF via learningtower, gewichtetes Quantil (1 PV)",n = 30800
M479 (S07),Spain,2022,read,P90,599.1,COMPUTED_MICRODATA,"OECD PUF via learningtower, gewichtetes Quantil (1 PV)",n = 30800
M479 (S07),Spain,2022,sci,P10,364.2,COMPUTED_MICRODATA,"OECD PUF via learningtower, gewichtetes Quantil (1 PV)",n = 30800
M479 (S07),Spain,2022,sci,P25,422.5,COMPUTED_MICRODATA,"OECD PUF via learningtower, gewichtetes Quantil (1 PV)",n = 30800
M479 (S07),Spain,2022,sci,P50,486.6,COMPUTED_MICRODATA,"OECD PUF via learningtower, gewichtetes Quantil (1 PV)",n = 30800
M479 (S07),Spain,2022,sci,P75,549.6,COMPUTED_MICRODATA,"OECD PUF via learningtower, gewichtetes Quantil (1 PV)",n = 30800
M479 (S07),Spain,2022,sci,P90,602.7,COMPUTED_MICRODATA,"OECD PUF via learningtower, gewichtetes Quantil (1 PV)",n = 30800
M479 (S07),Estonia,2022,math,P10,402.2,COMPUTED_MICRODATA,"OECD PUF via learningtower, gewichtetes Quantil (1 PV)",n = 6392
M479 (S07),Estonia,2022,math,P25,449.0,COMPUTED_MICRODATA,"OECD PUF via learningtower, gewichtetes Quantil (1 PV)",n = 6392
M479 (S07),Estonia,2022,math,P50,509.6,COMPUTED_MICRODATA,"OECD PUF via learningtower, gewichtetes Quantil (1 PV)",n = 6392
M479 (S07),Estonia,2022,math,P75,569.1,COMPUTED_MICRODATA,"OECD PUF via learningtower, gewichtetes Quantil (1 PV)",n = 6392
M479 (S07),Estonia,2022,math,P90,620.1,COMPUTED_MICRODATA,"OECD PUF via learningtower, gewichtetes Quantil (1 PV)",n = 6392
M479 (S07),Estonia,2022,read,P10,391.1,COMPUTED_MICRODATA,"OECD PUF via learningtower, gewichtetes Quantil (1 PV)",n = 6392
M479 (S07),Estonia,2022,read,P25,451.1,COMPUTED_MICRODATA,"OECD PUF via learningtower, gewichtetes Quantil (1 PV)",n = 6392
M479 (S07),Estonia,2022,read,P50,513.0,COMPUTED_MICRODATA,"OECD PUF via learningtower, gewichtetes Quantil (1 PV)",n = 6392
M479 (S07),Estonia,2022,read,P75,576.4,COMPUTED_MICRODATA,"OECD PUF via learningtower, gewichtetes Quantil (1 PV)",n = 6392
M479 (S07),Estonia,2022,read,P90,628.7,COMPUTED_MICRODATA,"OECD PUF via learningtower, gewichtetes Quantil (1 PV)",n = 6392
M479 (S07),Estonia,2022,sci,P10,408.4,COMPUTED_MICRODATA,"OECD PUF via learningtower, gewichtetes Quantil (1 PV)",n = 6392
M479 (S07),Estonia,2022,sci,P25,463.7,COMPUTED_MICRODATA,"OECD PUF via learningtower, gewichtetes Quantil (1 PV)",n = 6392
M479 (S07),Estonia,2022,sci,P50,525.3,COMPUTED_MICRODATA,"OECD PUF via learningtower, gewichtetes Quantil (1 PV)",n = 6392
M479 (S07),Estonia,2022,sci,P75,586.8,COMPUTED_MICRODATA,"OECD PUF via learningtower, gewichtetes Quantil (1 PV)",n = 6392
M479 (S07),Estonia,2022,sci,P90,639.4,COMPUTED_MICRODATA,"OECD PUF via learningtower, gewichtetes Quantil (1 PV)",n = 6392
M479 (S07),Finland,2022,math,P10,365.6,COMPUTED_MICRODATA,"OECD PUF via learningtower, gewichtetes Quantil (1 PV)",n = 10239
M479 (S07),Finland,2022,math,P25,420.8,COMPUTED_MICRODATA,"OECD PUF via learningtower, gewichtetes Quantil (1 PV)",n = 10239
M479 (S07),Finland,2022,math,P50,486.5,COMPUTED_MICRODATA,"OECD PUF via learningtower, gewichtetes Quantil (1 PV)",n = 10239
M479 (S07),Finland,2022,math,P75,547.5,COMPUTED_MICRODATA,"OECD PUF via learningtower, gewichtetes Quantil (1 PV)",n = 10239
M479 (S07),Finland,2022,math,P90,599.3,COMPUTED_MICRODATA,"OECD PUF via learningtower, gewichtetes Quantil (1 PV)",n = 10239
M479 (S07),Finland,2022,read,P10,351.1,COMPUTED_MICRODATA,"OECD PUF via learningtower, gewichtetes Quantil (1 PV)",n = 10239
M479 (S07),Finland,2022,read,P25,421.6,COMPUTED_MICRODATA,"OECD PUF via learningtower, gewichtetes Quantil (1 PV)",n = 10239
M479 (S07),Finland,2022,read,P50,499.0,COMPUTED_MICRODATA,"OECD PUF via learningtower, gewichtetes Quantil (1 PV)",n = 10239
M479 (S07),Finland,2022,read,P75,565.1,COMPUTED_MICRODATA,"OECD PUF via learningtower, gewichtetes Quantil (1 PV)",n = 10239
M479 (S07),Finland,2022,read,P90,621.0,COMPUTED_MICRODATA,"OECD PUF via learningtower, gewichtetes Quantil (1 PV)",n = 10239
M479 (S07),Finland,2022,sci,P10,370.4,COMPUTED_MICRODATA,"OECD PUF via learningtower, gewichtetes Quantil (1 PV)",n = 10239
M479 (S07),Finland,2022,sci,P25,436.9,COMPUTED_MICRODATA,"OECD PUF via learningtower, gewichtetes Quantil (1 PV)",n = 10239
M479 (S07),Finland,2022,sci,P50,513.6,COMPUTED_MICRODATA,"OECD PUF via learningtower, gewichtetes Quantil (1 PV)",n = 10239
M479 (S07),Finland,2022,sci,P75,586.9,COMPUTED_MICRODATA,"OECD PUF via learningtower, gewichtetes Quantil (1 PV)",n = 10239
M479 (S07),Finland,2022,sci,P90,647.3,COMPUTED_MICRODATA,"OECD PUF via learningtower, gewichtetes Quantil (1 PV)",n = 10239
M479 (S07),France,2022,math,P10,355.0,COMPUTED_MICRODATA,"OECD PUF via learningtower, gewichtetes Quantil (1 PV)",n = 6770
M479 (S07),France,2022,math,P25,408.3,COMPUTED_MICRODATA,"OECD PUF via learningtower, gewichtetes Quantil (1 PV)",n = 6770
M479 (S07),France,2022,math,P50,474.7,COMPUTED_MICRODATA,"OECD PUF via learningtower, gewichtetes Quantil (1 PV)",n = 6770
M479 (S07),France,2022,math,P75,538.6,COMPUTED_MICRODATA,"OECD PUF via learningtower, gewichtetes Quantil (1 PV)",n = 6770
M479 (S07),France,2022,math,P90,592.3,COMPUTED_MICRODATA,"OECD PUF via learningtower, gewichtetes Quantil (1 PV)",n = 6770
M479 (S07),France,2022,read,P10,333.0,COMPUTED_MICRODATA,"OECD PUF via learningtower, gewichtetes Quantil (1 PV)",n = 6770
M479 (S07),France,2022,read,P25,399.6,COMPUTED_MICRODATA,"OECD PUF via learningtower, gewichtetes Quantil (1 PV)",n = 6770
M479 (S07),France,2022,read,P50,480.0,COMPUTED_MICRODATA,"OECD PUF via learningtower, gewichtetes Quantil (1 PV)",n = 6770
M479 (S07),France,2022,read,P75,549.7,COMPUTED_MICRODATA,"OECD PUF via learningtower, gewichtetes Quantil (1 PV)",n = 6770
M479 (S07),France,2022,read,P90,608.4,COMPUTED_MICRODATA,"OECD PUF via learningtower, gewichtetes Quantil (1 PV)",n = 6770
M479 (S07),France,2022,sci,P10,350.3,COMPUTED_MICRODATA,"OECD PUF via learningtower, gewichtetes Quantil (1 PV)",n = 6770
M479 (S07),France,2022,sci,P25,412.9,COMPUTED_MICRODATA,"OECD PUF via learningtower, gewichtetes Quantil (1 PV)",n = 6770
M479 (S07),France,2022,sci,P50,489.0,COMPUTED_MICRODATA,"OECD PUF via learningtower, gewichtetes Quantil (1 PV)",n = 6770
M479 (S07),France,2022,sci,P75,560.3,COMPUTED_MICRODATA,"OECD PUF via learningtower, gewichtetes Quantil (1 PV)",n = 6770
M479 (S07),France,2022,sci,P90,620.2,COMPUTED_MICRODATA,"OECD PUF via learningtower, gewichtetes Quantil (1 PV)",n = 6770
M479 (S07),United Kingdom,2022,math,P10,362.6,COMPUTED_MICRODATA,"OECD PUF via learningtower, gewichtetes Quantil (1 PV)",n = 12972
M479 (S07),United Kingdom,2022,math,P25,423.6,COMPUTED_MICRODATA,"OECD PUF via learningtower, gewichtetes Quantil (1 PV)",n = 12972
M479 (S07),United Kingdom,2022,math,P50,489.5,COMPUTED_MICRODATA,"OECD PUF via learningtower, gewichtetes Quantil (1 PV)",n = 12972
M479 (S07),United Kingdom,2022,math,P75,554.5,COMPUTED_MICRODATA,"OECD PUF via learningtower, gewichtetes Quantil (1 PV)",n = 12972
M479 (S07),United Kingdom,2022,math,P90,615.0,COMPUTED_MICRODATA,"OECD PUF via learningtower, gewichtetes Quantil (1 PV)",n = 12972
M479 (S07),United Kingdom,2022,read,P10,356.7,COMPUTED_MICRODATA,"OECD PUF via learningtower, gewichtetes Quantil (1 PV)",n = 12972
M479 (S07),United Kingdom,2022,read,P25,423.9,COMPUTED_MICRODATA,"OECD PUF via learningtower, gewichtetes Quantil (1 PV)",n = 12972
M479 (S07),United Kingdom,2022,read,P50,496.0,COMPUTED_MICRODATA,"OECD PUF via learningtower, gewichtetes Quantil (1 PV)",n = 12972
M479 (S07),United Kingdom,2022,read,P75,567.5,COMPUTED_MICRODATA,"OECD PUF via learningtower, gewichtetes Quantil (1 PV)",n = 12972
M479 (S07),United Kingdom,2022,read,P90,627.0,COMPUTED_MICRODATA,"OECD PUF via learningtower, gewichtetes Quantil (1 PV)",n = 12972
M479 (S07),United Kingdom,2022,sci,P10,363.4,COMPUTED_MICRODATA,"OECD PUF via learningtower, gewichtetes Quantil (1 PV)",n = 12972
M479 (S07),United Kingdom,2022,sci,P25,426.4,COMPUTED_MICRODATA,"OECD PUF via learningtower, gewichtetes Quantil (1 PV)",n = 12972
M479 (S07),United Kingdom,2022,sci,P50,500.4,COMPUTED_MICRODATA,"OECD PUF via learningtower, gewichtetes Quantil (1 PV)",n = 12972
M479 (S07),United Kingdom,2022,sci,P75,571.6,COMPUTED_MICRODATA,"OECD PUF via learningtower, gewichtetes Quantil (1 PV)",n = 12972
M479 (S07),United Kingdom,2022,sci,P90,631.8,COMPUTED_MICRODATA,"OECD PUF via learningtower, gewichtetes Quantil (1 PV)",n = 12972
M479 (S07),Georgia,2022,math,P10,288.5,COMPUTED_MICRODATA,"OECD PUF via learningtower, gewichtetes Quantil (1 PV)",n = 6583
M479 (S07),Georgia,2022,math,P25,330.1,COMPUTED_MICRODATA,"OECD PUF via learningtower, gewichtetes Quantil (1 PV)",n = 6583
M479 (S07),Georgia,2022,math,P50,383.8,COMPUTED_MICRODATA,"OECD PUF via learningtower, gewichtetes Quantil (1 PV)",n = 6583
M479 (S07),Georgia,2022,math,P75,442.9,COMPUTED_MICRODATA,"OECD PUF via learningtower, gewichtetes Quantil (1 PV)",n = 6583
M479 (S07),Georgia,2022,math,P90,502.4,COMPUTED_MICRODATA,"OECD PUF via learningtower, gewichtetes Quantil (1 PV)",n = 6583
M479 (S07),Georgia,2022,read,P10,268.2,COMPUTED_MICRODATA,"OECD PUF via learningtower, gewichtetes Quantil (1 PV)",n = 6583
M479 (S07),Georgia,2022,read,P25,313.2,COMPUTED_MICRODATA,"OECD PUF via learningtower, gewichtetes Quantil (1 PV)",n = 6583
M479 (S07),Georgia,2022,read,P50,369.5,COMPUTED_MICRODATA,"OECD PUF via learningtower, gewichtetes Quantil (1 PV)",n = 6583
M479 (S07),Georgia,2022,read,P75,426.7,COMPUTED_MICRODATA,"OECD PUF via learningtower, gewichtetes Quantil (1 PV)",n = 6583
M479 (S07),Georgia,2022,read,P90,484.1,COMPUTED_MICRODATA,"OECD PUF via learningtower, gewichtetes Quantil (1 PV)",n = 6583
M479 (S07),Georgia,2022,sci,P10,285.2,COMPUTED_MICRODATA,"OECD PUF via learningtower, gewichtetes Quantil (1 PV)",n = 6583
M479 (S07),Georgia,2022,sci,P25,329.3,COMPUTED_MICRODATA,"OECD PUF via learningtower, gewichtetes Quantil (1 PV)",n = 6583
M479 (S07),Georgia,2022,sci,P50,379.7,COMPUTED_MICRODATA,"OECD PUF via learningtower, gewichtetes Quantil (1 PV)",n = 6583
M479 (S07),Georgia,2022,sci,P75,435.7,COMPUTED_MICRODATA,"OECD PUF via learningtower, gewichtetes Quantil (1 PV)",n = 6583
M479 (S07),Georgia,2022,sci,P90,493.8,COMPUTED_MICRODATA,"OECD PUF via learningtower, gewichtetes Quantil (1 PV)",n = 6583
M479 (S07),Greece,2022,math,P10,327.1,COMPUTED_MICRODATA,"OECD PUF via learningtower, gewichtetes Quantil (1 PV)",n = 6403
M479 (S07),Greece,2022,math,P25,371.7,COMPUTED_MICRODATA,"OECD PUF via learningtower, gewichtetes Quantil (1 PV)",n = 6403
M479 (S07),Greece,2022,math,P50,425.7,COMPUTED_MICRODATA,"OECD PUF via learningtower, gewichtetes Quantil (1 PV)",n = 6403
M479 (S07),Greece,2022,math,P75,487.7,COMPUTED_MICRODATA,"OECD PUF via learningtower, gewichtetes Quantil (1 PV)",n = 6403
M479 (S07),Greece,2022,math,P90,543.3,COMPUTED_MICRODATA,"OECD PUF via learningtower, gewichtetes Quantil (1 PV)",n = 6403
M479 (S07),Greece,2022,read,P10,315.0,COMPUTED_MICRODATA,"OECD PUF via learningtower, gewichtetes Quantil (1 PV)",n = 6403
M479 (S07),Greece,2022,read,P25,370.6,COMPUTED_MICRODATA,"OECD PUF via learningtower, gewichtetes Quantil (1 PV)",n = 6403
M479 (S07),Greece,2022,read,P50,436.8,COMPUTED_MICRODATA,"OECD PUF via learningtower, gewichtetes Quantil (1 PV)",n = 6403
M479 (S07),Greece,2022,read,P75,503.5,COMPUTED_MICRODATA,"OECD PUF via learningtower, gewichtetes Quantil (1 PV)",n = 6403
M479 (S07),Greece,2022,read,P90,560.7,COMPUTED_MICRODATA,"OECD PUF via learningtower, gewichtetes Quantil (1 PV)",n = 6403
M479 (S07),Greece,2022,sci,P10,326.4,COMPUTED_MICRODATA,"OECD PUF via learningtower, gewichtetes Quantil (1 PV)",n = 6403
M479 (S07),Greece,2022,sci,P25,375.3,COMPUTED_MICRODATA,"OECD PUF via learningtower, gewichtetes Quantil (1 PV)",n = 6403
M479 (S07),Greece,2022,sci,P50,441.9,COMPUTED_MICRODATA,"OECD PUF via learningtower, gewichtetes Quantil (1 PV)",n = 6403
M479 (S07),Greece,2022,sci,P75,504.9,COMPUTED_MICRODATA,"OECD PUF via learningtower, gewichtetes Quantil (1 PV)",n = 6403
M479 (S07),Greece,2022,sci,P90,559.3,COMPUTED_MICRODATA,"OECD PUF via learningtower, gewichtetes Quantil (1 PV)",n = 6403
M479 (S07),Guatemala,2022,math,P10,256.7,COMPUTED_MICRODATA,"OECD PUF via learningtower, gewichtetes Quantil (1 PV)",n = 5190
M479 (S07),Guatemala,2022,math,P25,299.0,COMPUTED_MICRODATA,"OECD PUF via learningtower, gewichtetes Quantil (1 PV)",n = 5190
M479 (S07),Guatemala,2022,math,P50,343.7,COMPUTED_MICRODATA,"OECD PUF via learningtower, gewichtetes Quantil (1 PV)",n = 5190
M479 (S07),Guatemala,2022,math,P75,388.4,COMPUTED_MICRODATA,"OECD PUF via learningtower, gewichtetes Quantil (1 PV)",n = 5190
M479 (S07),Guatemala,2022,math,P90,429.2,COMPUTED_MICRODATA,"OECD PUF via learningtower, gewichtetes Quantil (1 PV)",n = 5190
M479 (S07),Guatemala,2022,read,P10,282.7,COMPUTED_MICRODATA,"OECD PUF via learningtower, gewichtetes Quantil (1 PV)",n = 5190
M479 (S07),Guatemala,2022,read,P25,323.9,COMPUTED_MICRODATA,"OECD PUF via learningtower, gewichtetes Quantil (1 PV)",n = 5190
M479 (S07),Guatemala,2022,read,P50,373.9,COMPUTED_MICRODATA,"OECD PUF via learningtower, gewichtetes Quantil (1 PV)",n = 5190
M479 (S07),Guatemala,2022,read,P75,423.6,COMPUTED_MICRODATA,"OECD PUF via learningtower, gewichtetes Quantil (1 PV)",n = 5190
M479 (S07),Guatemala,2022,read,P90,470.3,COMPUTED_MICRODATA,"OECD PUF via learningtower, gewichtetes Quantil (1 PV)",n = 5190
M479 (S07),Guatemala,2022,sci,P10,295.3,COMPUTED_MICRODATA,"OECD PUF via learningtower, gewichtetes Quantil (1 PV)",n = 5190
M479 (S07),Guatemala,2022,sci,P25,328.0,COMPUTED_MICRODATA,"OECD PUF via learningtower, gewichtetes Quantil (1 PV)",n = 5190
M479 (S07),Guatemala,2022,sci,P50,368.6,COMPUTED_MICRODATA,"OECD PUF via learningtower, gewichtetes Quantil (1 PV)",n = 5190
M479 (S07),Guatemala,2022,sci,P75,414.1,COMPUTED_MICRODATA,"OECD PUF via learningtower, gewichtetes Quantil (1 PV)",n = 5190
M479 (S07),Guatemala,2022,sci,P90,456.9,COMPUTED_MICRODATA,"OECD PUF via learningtower, gewichtetes Quantil (1 PV)",n = 5190
M479 (S07),Hong Kong (China),2022,math,P10,399.1,COMPUTED_MICRODATA,"OECD PUF via learningtower, gewichtetes Quantil (1 PV)",n = 5907
M479 (S07),Hong Kong (China),2022,math,P25,468.5,COMPUTED_MICRODATA,"OECD PUF via learningtower, gewichtetes Quantil (1 PV)",n = 5907
M479 (S07),Hong Kong (China),2022,math,P50,546.2,COMPUTED_MICRODATA,"OECD PUF via learningtower, gewichtetes Quantil (1 PV)",n = 5907
M479 (S07),Hong Kong (China),2022,math,P75,612.4,COMPUTED_MICRODATA,"OECD PUF via learningtower, gewichtetes Quantil (1 PV)",n = 5907
M479 (S07),Hong Kong (China),2022,math,P90,670.8,COMPUTED_MICRODATA,"OECD PUF via learningtower, gewichtetes Quantil (1 PV)",n = 5907
M479 (S07),Hong Kong (China),2022,read,P10,366.1,COMPUTED_MICRODATA,"OECD PUF via learningtower, gewichtetes Quantil (1 PV)",n = 5907
M479 (S07),Hong Kong (China),2022,read,P25,434.9,COMPUTED_MICRODATA,"OECD PUF via learningtower, gewichtetes Quantil (1 PV)",n = 5907
M479 (S07),Hong Kong (China),2022,read,P50,506.9,COMPUTED_MICRODATA,"OECD PUF via learningtower, gewichtetes Quantil (1 PV)",n = 5907
M479 (S07),Hong Kong (China),2022,read,P75,568.0,COMPUTED_MICRODATA,"OECD PUF via learningtower, gewichtetes Quantil (1 PV)",n = 5907
M479 (S07),Hong Kong (China),2022,read,P90,621.7,COMPUTED_MICRODATA,"OECD PUF via learningtower, gewichtetes Quantil (1 PV)",n = 5907
M479 (S07),Hong Kong (China),2022,sci,P10,397.2,COMPUTED_MICRODATA,"OECD PUF via learningtower, gewichtetes Quantil (1 PV)",n = 5907
M479 (S07),Hong Kong (China),2022,sci,P25,458.0,COMPUTED_MICRODATA,"OECD PUF via learningtower, gewichtetes Quantil (1 PV)",n = 5907
M479 (S07),Hong Kong (China),2022,sci,P50,527.4,COMPUTED_MICRODATA,"OECD PUF via learningtower, gewichtetes Quantil (1 PV)",n = 5907
M479 (S07),Hong Kong (China),2022,sci,P75,585.0,COMPUTED_MICRODATA,"OECD PUF via learningtower, gewichtetes Quantil (1 PV)",n = 5907
M479 (S07),Hong Kong (China),2022,sci,P90,635.2,COMPUTED_MICRODATA,"OECD PUF via learningtower, gewichtetes Quantil (1 PV)",n = 5907
M479 (S07),Croatia,2022,math,P10,350.7,COMPUTED_MICRODATA,"OECD PUF via learningtower, gewichtetes Quantil (1 PV)",n = 6135
M479 (S07),Croatia,2022,math,P25,400.0,COMPUTED_MICRODATA,"OECD PUF via learningtower, gewichtetes Quantil (1 PV)",n = 6135
M479 (S07),Croatia,2022,math,P50,458.7,COMPUTED_MICRODATA,"OECD PUF via learningtower, gewichtetes Quantil (1 PV)",n = 6135
M479 (S07),Croatia,2022,math,P75,524.6,COMPUTED_MICRODATA,"OECD PUF via learningtower, gewichtetes Quantil (1 PV)",n = 6135
M479 (S07),Croatia,2022,math,P90,582.0,COMPUTED_MICRODATA,"OECD PUF via learningtower, gewichtetes Quantil (1 PV)",n = 6135
M479 (S07),Croatia,2022,read,P10,358.9,COMPUTED_MICRODATA,"OECD PUF via learningtower, gewichtetes Quantil (1 PV)",n = 6135
M479 (S07),Croatia,2022,read,P25,415.0,COMPUTED_MICRODATA,"OECD PUF via learningtower, gewichtetes Quantil (1 PV)",n = 6135
M479 (S07),Croatia,2022,read,P50,476.1,COMPUTED_MICRODATA,"OECD PUF via learningtower, gewichtetes Quantil (1 PV)",n = 6135
M479 (S07),Croatia,2022,read,P75,537.0,COMPUTED_MICRODATA,"OECD PUF via learningtower, gewichtetes Quantil (1 PV)",n = 6135
M479 (S07),Croatia,2022,read,P90,587.6,COMPUTED_MICRODATA,"OECD PUF via learningtower, gewichtetes Quantil (1 PV)",n = 6135
M479 (S07),Croatia,2022,sci,P10,364.0,COMPUTED_MICRODATA,"OECD PUF via learningtower, gewichtetes Quantil (1 PV)",n = 6135
M479 (S07),Croatia,2022,sci,P25,418.2,COMPUTED_MICRODATA,"OECD PUF via learningtower, gewichtetes Quantil (1 PV)",n = 6135
M479 (S07),Croatia,2022,sci,P50,482.1,COMPUTED_MICRODATA,"OECD PUF via learningtower, gewichtetes Quantil (1 PV)",n = 6135
M479 (S07),Croatia,2022,sci,P75,547.3,COMPUTED_MICRODATA,"OECD PUF via learningtower, gewichtetes Quantil (1 PV)",n = 6135
M479 (S07),Croatia,2022,sci,P90,603.5,COMPUTED_MICRODATA,"OECD PUF via learningtower, gewichtetes Quantil (1 PV)",n = 6135
M479 (S07),Hungary,2022,math,P10,348.0,COMPUTED_MICRODATA,"OECD PUF via learningtower, gewichtetes Quantil (1 PV)",n = 6198
M479 (S07),Hungary,2022,math,P25,407.9,COMPUTED_MICRODATA,"OECD PUF via learningtower, gewichtetes Quantil (1 PV)",n = 6198
M479 (S07),Hungary,2022,math,P50,476.2,COMPUTED_MICRODATA,"OECD PUF via learningtower, gewichtetes Quantil (1 PV)",n = 6198
M479 (S07),Hungary,2022,math,P75,538.4,COMPUTED_MICRODATA,"OECD PUF via learningtower, gewichtetes Quantil (1 PV)",n = 6198
M479 (S07),Hungary,2022,math,P90,595.5,COMPUTED_MICRODATA,"OECD PUF via learningtower, gewichtetes Quantil (1 PV)",n = 6198
M479 (S07),Hungary,2022,read,P10,333.5,COMPUTED_MICRODATA,"OECD PUF via learningtower, gewichtetes Quantil (1 PV)",n = 6198
M479 (S07),Hungary,2022,read,P25,404.3,COMPUTED_MICRODATA,"OECD PUF via learningtower, gewichtetes Quantil (1 PV)",n = 6198
M479 (S07),Hungary,2022,read,P50,477.9,COMPUTED_MICRODATA,"OECD PUF via learningtower, gewichtetes Quantil (1 PV)",n = 6198
M479 (S07),Hungary,2022,read,P75,546.6,COMPUTED_MICRODATA,"OECD PUF via learningtower, gewichtetes Quantil (1 PV)",n = 6198
M479 (S07),Hungary,2022,read,P90,599.8,COMPUTED_MICRODATA,"OECD PUF via learningtower, gewichtetes Quantil (1 PV)",n = 6198
M479 (S07),Hungary,2022,sci,P10,355.6,COMPUTED_MICRODATA,"OECD PUF via learningtower, gewichtetes Quantil (1 PV)",n = 6198
M479 (S07),Hungary,2022,sci,P25,416.2,COMPUTED_MICRODATA,"OECD PUF via learningtower, gewichtetes Quantil (1 PV)",n = 6198
M479 (S07),Hungary,2022,sci,P50,487.3,COMPUTED_MICRODATA,"OECD PUF via learningtower, gewichtetes Quantil (1 PV)",n = 6198
M479 (S07),Hungary,2022,sci,P75,554.0,COMPUTED_MICRODATA,"OECD PUF via learningtower, gewichtetes Quantil (1 PV)",n = 6198
M479 (S07),Hungary,2022,sci,P90,611.3,COMPUTED_MICRODATA,"OECD PUF via learningtower, gewichtetes Quantil (1 PV)",n = 6198
M479 (S07),Indonesia,2022,math,P10,291.2,COMPUTED_MICRODATA,"OECD PUF via learningtower, gewichtetes Quantil (1 PV)",n = 13439
M479 (S07),Indonesia,2022,math,P25,323.6,COMPUTED_MICRODATA,"OECD PUF via learningtower, gewichtetes Quantil (1 PV)",n = 13439
M479 (S07),Indonesia,2022,math,P50,360.7,COMPUTED_MICRODATA,"OECD PUF via learningtower, gewichtetes Quantil (1 PV)",n = 13439
M479 (S07),Indonesia,2022,math,P75,404.4,COMPUTED_MICRODATA,"OECD PUF via learningtower, gewichtetes Quantil (1 PV)",n = 13439
M479 (S07),Indonesia,2022,math,P90,447.6,COMPUTED_MICRODATA,"OECD PUF via learningtower, gewichtetes Quantil (1 PV)",n = 13439
M479 (S07),Indonesia,2022,read,P10,263.9,COMPUTED_MICRODATA,"OECD PUF via learningtower, gewichtetes Quantil (1 PV)",n = 13439
M479 (S07),Indonesia,2022,read,P25,306.0,COMPUTED_MICRODATA,"OECD PUF via learningtower, gewichtetes Quantil (1 PV)",n = 13439
M479 (S07),Indonesia,2022,read,P50,355.6,COMPUTED_MICRODATA,"OECD PUF via learningtower, gewichtetes Quantil (1 PV)",n = 13439
M479 (S07),Indonesia,2022,read,P75,408.4,COMPUTED_MICRODATA,"OECD PUF via learningtower, gewichtetes Quantil (1 PV)",n = 13439
M479 (S07),Indonesia,2022,read,P90,459.1,COMPUTED_MICRODATA,"OECD PUF via learningtower, gewichtetes Quantil (1 PV)",n = 13439
M479 (S07),Indonesia,2022,sci,P10,296.2,COMPUTED_MICRODATA,"OECD PUF via learningtower, gewichtetes Quantil (1 PV)",n = 13439
M479 (S07),Indonesia,2022,sci,P25,336.2,COMPUTED_MICRODATA,"OECD PUF via learningtower, gewichtetes Quantil (1 PV)",n = 13439
M479 (S07),Indonesia,2022,sci,P50,380.2,COMPUTED_MICRODATA,"OECD PUF via learningtower, gewichtetes Quantil (1 PV)",n = 13439
M479 (S07),Indonesia,2022,sci,P75,426.9,COMPUTED_MICRODATA,"OECD PUF via learningtower, gewichtetes Quantil (1 PV)",n = 13439
M479 (S07),Indonesia,2022,sci,P90,471.5,COMPUTED_MICRODATA,"OECD PUF via learningtower, gewichtetes Quantil (1 PV)",n = 13439
M479 (S07),Ireland,2022,math,P10,387.1,COMPUTED_MICRODATA,"OECD PUF via learningtower, gewichtetes Quantil (1 PV)",n = 5569
M479 (S07),Ireland,2022,math,P25,438.5,COMPUTED_MICRODATA,"OECD PUF via learningtower, gewichtetes Quantil (1 PV)",n = 5569
M479 (S07),Ireland,2022,math,P50,494.4,COMPUTED_MICRODATA,"OECD PUF via learningtower, gewichtetes Quantil (1 PV)",n = 5569
M479 (S07),Ireland,2022,math,P75,546.1,COMPUTED_MICRODATA,"OECD PUF via learningtower, gewichtetes Quantil (1 PV)",n = 5569
M479 (S07),Ireland,2022,math,P90,592.6,COMPUTED_MICRODATA,"OECD PUF via learningtower, gewichtetes Quantil (1 PV)",n = 5569
M479 (S07),Ireland,2022,read,P10,401.3,COMPUTED_MICRODATA,"OECD PUF via learningtower, gewichtetes Quantil (1 PV)",n = 5569
M479 (S07),Ireland,2022,read,P25,459.0,COMPUTED_MICRODATA,"OECD PUF via learningtower, gewichtetes Quantil (1 PV)",n = 5569
M479 (S07),Ireland,2022,read,P50,522.8,COMPUTED_MICRODATA,"OECD PUF via learningtower, gewichtetes Quantil (1 PV)",n = 5569
M479 (S07),Ireland,2022,read,P75,579.1,COMPUTED_MICRODATA,"OECD PUF via learningtower, gewichtetes Quantil (1 PV)",n = 5569
M479 (S07),Ireland,2022,read,P90,626.1,COMPUTED_MICRODATA,"OECD PUF via learningtower, gewichtetes Quantil (1 PV)",n = 5569
M479 (S07),Ireland,2022,sci,P10,381.0,COMPUTED_MICRODATA,"OECD PUF via learningtower, gewichtetes Quantil (1 PV)",n = 5569
M479 (S07),Ireland,2022,sci,P25,440.9,COMPUTED_MICRODATA,"OECD PUF via learningtower, gewichtetes Quantil (1 PV)",n = 5569
M479 (S07),Ireland,2022,sci,P50,505.7,COMPUTED_MICRODATA,"OECD PUF via learningtower, gewichtetes Quantil (1 PV)",n = 5569
M479 (S07),Ireland,2022,sci,P75,569.9,COMPUTED_MICRODATA,"OECD PUF via learningtower, gewichtetes Quantil (1 PV)",n = 5569
M479 (S07),Ireland,2022,sci,P90,622.7,COMPUTED_MICRODATA,"OECD PUF via learningtower, gewichtetes Quantil (1 PV)",n = 5569
M479 (S07),Iceland,2022,math,P10,341.3,COMPUTED_MICRODATA,"OECD PUF via learningtower, gewichtetes Quantil (1 PV)",n = 3360
M479 (S07),Iceland,2022,math,P25,394.7,COMPUTED_MICRODATA,"OECD PUF via learningtower, gewichtetes Quantil (1 PV)",n = 3360
M479 (S07),Iceland,2022,math,P50,456.7,COMPUTED_MICRODATA,"OECD PUF via learningtower, gewichtetes Quantil (1 PV)",n = 3360
M479 (S07),Iceland,2022,math,P75,518.6,COMPUTED_MICRODATA,"OECD PUF via learningtower, gewichtetes Quantil (1 PV)",n = 3360
M479 (S07),Iceland,2022,math,P90,573.0,COMPUTED_MICRODATA,"OECD PUF via learningtower, gewichtetes Quantil (1 PV)",n = 3360
M479 (S07),Iceland,2022,read,P10,296.3,COMPUTED_MICRODATA,"OECD PUF via learningtower, gewichtetes Quantil (1 PV)",n = 3360
M479 (S07),Iceland,2022,read,P25,359.7,COMPUTED_MICRODATA,"OECD PUF via learningtower, gewichtetes Quantil (1 PV)",n = 3360
M479 (S07),Iceland,2022,read,P50,435.0,COMPUTED_MICRODATA,"OECD PUF via learningtower, gewichtetes Quantil (1 PV)",n = 3360
M479 (S07),Iceland,2022,read,P75,508.7,COMPUTED_MICRODATA,"OECD PUF via learningtower, gewichtetes Quantil (1 PV)",n = 3360
M479 (S07),Iceland,2022,read,P90,571.1,COMPUTED_MICRODATA,"OECD PUF via learningtower, gewichtetes Quantil (1 PV)",n = 3360
M479 (S07),Iceland,2022,sci,P10,326.3,COMPUTED_MICRODATA,"OECD PUF via learningtower, gewichtetes Quantil (1 PV)",n = 3360
M479 (S07),Iceland,2022,sci,P25,379.5,COMPUTED_MICRODATA,"OECD PUF via learningtower, gewichtetes Quantil (1 PV)",n = 3360
M479 (S07),Iceland,2022,sci,P50,445.1,COMPUTED_MICRODATA,"OECD PUF via learningtower, gewichtetes Quantil (1 PV)",n = 3360
M479 (S07),Iceland,2022,sci,P75,514.1,COMPUTED_MICRODATA,"OECD PUF via learningtower, gewichtetes Quantil (1 PV)",n = 3360
M479 (S07),Iceland,2022,sci,P90,572.0,COMPUTED_MICRODATA,"OECD PUF via learningtower, gewichtetes Quantil (1 PV)",n = 3360
M479 (S07),Israel,2022,math,P10,318.3,COMPUTED_MICRODATA,"OECD PUF via learningtower, gewichtetes Quantil (1 PV)",n = 6251
M479 (S07),Israel,2022,math,P25,380.8,COMPUTED_MICRODATA,"OECD PUF via learningtower, gewichtetes Quantil (1 PV)",n = 6251
M479 (S07),Israel,2022,math,P50,459.1,COMPUTED_MICRODATA,"OECD PUF via learningtower, gewichtetes Quantil (1 PV)",n = 6251
M479 (S07),Israel,2022,math,P75,533.8,COMPUTED_MICRODATA,"OECD PUF via learningtower, gewichtetes Quantil (1 PV)",n = 6251
M479 (S07),Israel,2022,math,P90,595.1,COMPUTED_MICRODATA,"OECD PUF via learningtower, gewichtetes Quantil (1 PV)",n = 6251
M479 (S07),Israel,2022,read,P10,306.1,COMPUTED_MICRODATA,"OECD PUF via learningtower, gewichtetes Quantil (1 PV)",n = 6251
M479 (S07),Israel,2022,read,P25,387.6,COMPUTED_MICRODATA,"OECD PUF via learningtower, gewichtetes Quantil (1 PV)",n = 6251
M479 (S07),Israel,2022,read,P50,479.5,COMPUTED_MICRODATA,"OECD PUF via learningtower, gewichtetes Quantil (1 PV)",n = 6251
M479 (S07),Israel,2022,read,P75,563.8,COMPUTED_MICRODATA,"OECD PUF via learningtower, gewichtetes Quantil (1 PV)",n = 6251
M479 (S07),Israel,2022,read,P90,627.0,COMPUTED_MICRODATA,"OECD PUF via learningtower, gewichtetes Quantil (1 PV)",n = 6251
M479 (S07),Israel,2022,sci,P10,318.4,COMPUTED_MICRODATA,"OECD PUF via learningtower, gewichtetes Quantil (1 PV)",n = 6251
M479 (S07),Israel,2022,sci,P25,385.4,COMPUTED_MICRODATA,"OECD PUF via learningtower, gewichtetes Quantil (1 PV)",n = 6251
M479 (S07),Israel,2022,sci,P50,467.5,COMPUTED_MICRODATA,"OECD PUF via learningtower, gewichtetes Quantil (1 PV)",n = 6251
M479 (S07),Israel,2022,sci,P75,544.1,COMPUTED_MICRODATA,"OECD PUF via learningtower, gewichtetes Quantil (1 PV)",n = 6251
M479 (S07),Israel,2022,sci,P90,605.5,COMPUTED_MICRODATA,"OECD PUF via learningtower, gewichtetes Quantil (1 PV)",n = 6251
M479 (S07),Italy,2022,math,P10,358.0,COMPUTED_MICRODATA,"OECD PUF via learningtower, gewichtetes Quantil (1 PV)",n = 10552
M479 (S07),Italy,2022,math,P25,406.8,COMPUTED_MICRODATA,"OECD PUF via learningtower, gewichtetes Quantil (1 PV)",n = 10552
M479 (S07),Italy,2022,math,P50,471.0,COMPUTED_MICRODATA,"OECD PUF via learningtower, gewichtetes Quantil (1 PV)",n = 10552
M479 (S07),Italy,2022,math,P75,534.7,COMPUTED_MICRODATA,"OECD PUF via learningtower, gewichtetes Quantil (1 PV)",n = 10552
M479 (S07),Italy,2022,math,P90,589.9,COMPUTED_MICRODATA,"OECD PUF via learningtower, gewichtetes Quantil (1 PV)",n = 10552
M479 (S07),Italy,2022,read,P10,356.4,COMPUTED_MICRODATA,"OECD PUF via learningtower, gewichtetes Quantil (1 PV)",n = 10552
M479 (S07),Italy,2022,read,P25,419.3,COMPUTED_MICRODATA,"OECD PUF via learningtower, gewichtetes Quantil (1 PV)",n = 10552
M479 (S07),Italy,2022,read,P50,487.0,COMPUTED_MICRODATA,"OECD PUF via learningtower, gewichtetes Quantil (1 PV)",n = 10552
M479 (S07),Italy,2022,read,P75,548.6,COMPUTED_MICRODATA,"OECD PUF via learningtower, gewichtetes Quantil (1 PV)",n = 10552
M479 (S07),Italy,2022,read,P90,599.2,COMPUTED_MICRODATA,"OECD PUF via learningtower, gewichtetes Quantil (1 PV)",n = 10552
M479 (S07),Italy,2022,sci,P10,358.6,COMPUTED_MICRODATA,"OECD PUF via learningtower, gewichtetes Quantil (1 PV)",n = 10552
M479 (S07),Italy,2022,sci,P25,412.9,COMPUTED_MICRODATA,"OECD PUF via learningtower, gewichtetes Quantil (1 PV)",n = 10552
M479 (S07),Italy,2022,sci,P50,482.5,COMPUTED_MICRODATA,"OECD PUF via learningtower, gewichtetes Quantil (1 PV)",n = 10552
M479 (S07),Italy,2022,sci,P75,544.4,COMPUTED_MICRODATA,"OECD PUF via learningtower, gewichtetes Quantil (1 PV)",n = 10552
M479 (S07),Italy,2022,sci,P90,600.7,COMPUTED_MICRODATA,"OECD PUF via learningtower, gewichtetes Quantil (1 PV)",n = 10552
M479 (S07),Jordan,2022,math,P10,282.6,COMPUTED_MICRODATA,"OECD PUF via learningtower, gewichtetes Quantil (1 PV)",n = 7799
M479 (S07),Jordan,2022,math,P25,315.6,COMPUTED_MICRODATA,"OECD PUF via learningtower, gewichtetes Quantil (1 PV)",n = 7799
M479 (S07),Jordan,2022,math,P50,357.1,COMPUTED_MICRODATA,"OECD PUF via learningtower, gewichtetes Quantil (1 PV)",n = 7799
M479 (S07),Jordan,2022,math,P75,400.9,COMPUTED_MICRODATA,"OECD PUF via learningtower, gewichtetes Quantil (1 PV)",n = 7799
M479 (S07),Jordan,2022,math,P90,442.1,COMPUTED_MICRODATA,"OECD PUF via learningtower, gewichtetes Quantil (1 PV)",n = 7799
M479 (S07),Jordan,2022,read,P10,242.8,COMPUTED_MICRODATA,"OECD PUF via learningtower, gewichtetes Quantil (1 PV)",n = 7799
M479 (S07),Jordan,2022,read,P25,288.0,COMPUTED_MICRODATA,"OECD PUF via learningtower, gewichtetes Quantil (1 PV)",n = 7799
M479 (S07),Jordan,2022,read,P50,338.8,COMPUTED_MICRODATA,"OECD PUF via learningtower, gewichtetes Quantil (1 PV)",n = 7799
M479 (S07),Jordan,2022,read,P75,396.0,COMPUTED_MICRODATA,"OECD PUF via learningtower, gewichtetes Quantil (1 PV)",n = 7799
M479 (S07),Jordan,2022,read,P90,447.1,COMPUTED_MICRODATA,"OECD PUF via learningtower, gewichtetes Quantil (1 PV)",n = 7799
M479 (S07),Jordan,2022,sci,P10,282.6,COMPUTED_MICRODATA,"OECD PUF via learningtower, gewichtetes Quantil (1 PV)",n = 7799
M479 (S07),Jordan,2022,sci,P25,322.3,COMPUTED_MICRODATA,"OECD PUF via learningtower, gewichtetes Quantil (1 PV)",n = 7799
M479 (S07),Jordan,2022,sci,P50,371.7,COMPUTED_MICRODATA,"OECD PUF via learningtower, gewichtetes Quantil (1 PV)",n = 7799
M479 (S07),Jordan,2022,sci,P75,424.0,COMPUTED_MICRODATA,"OECD PUF via learningtower, gewichtetes Quantil (1 PV)",n = 7799
M479 (S07),Jordan,2022,sci,P90,474.3,COMPUTED_MICRODATA,"OECD PUF via learningtower, gewichtetes Quantil (1 PV)",n = 7799
M479 (S07),Japan,2022,math,P10,408.6,COMPUTED_MICRODATA,"OECD PUF via learningtower, gewichtetes Quantil (1 PV)",n = 5760
M479 (S07),Japan,2022,math,P25,474.2,COMPUTED_MICRODATA,"OECD PUF via learningtower, gewichtetes Quantil (1 PV)",n = 5760
M479 (S07),Japan,2022,math,P50,541.1,COMPUTED_MICRODATA,"OECD PUF via learningtower, gewichtetes Quantil (1 PV)",n = 5760
M479 (S07),Japan,2022,math,P75,601.2,COMPUTED_MICRODATA,"OECD PUF via learningtower, gewichtetes Quantil (1 PV)",n = 5760
M479 (S07),Japan,2022,math,P90,653.6,COMPUTED_MICRODATA,"OECD PUF via learningtower, gewichtetes Quantil (1 PV)",n = 5760
M479 (S07),Japan,2022,read,P10,388.5,COMPUTED_MICRODATA,"OECD PUF via learningtower, gewichtetes Quantil (1 PV)",n = 5760
M479 (S07),Japan,2022,read,P25,451.0,COMPUTED_MICRODATA,"OECD PUF via learningtower, gewichtetes Quantil (1 PV)",n = 5760
M479 (S07),Japan,2022,read,P50,519.8,COMPUTED_MICRODATA,"OECD PUF via learningtower, gewichtetes Quantil (1 PV)",n = 5760
M479 (S07),Japan,2022,read,P75,585.1,COMPUTED_MICRODATA,"OECD PUF via learningtower, gewichtetes Quantil (1 PV)",n = 5760
M479 (S07),Japan,2022,read,P90,637.0,COMPUTED_MICRODATA,"OECD PUF via learningtower, gewichtetes Quantil (1 PV)",n = 5760
M479 (S07),Japan,2022,sci,P10,421.7,COMPUTED_MICRODATA,"OECD PUF via learningtower, gewichtetes Quantil (1 PV)",n = 5760
M479 (S07),Japan,2022,sci,P25,484.4,COMPUTED_MICRODATA,"OECD PUF via learningtower, gewichtetes Quantil (1 PV)",n = 5760
M479 (S07),Japan,2022,sci,P50,550.6,COMPUTED_MICRODATA,"OECD PUF via learningtower, gewichtetes Quantil (1 PV)",n = 5760
M479 (S07),Japan,2022,sci,P75,613.0,COMPUTED_MICRODATA,"OECD PUF via learningtower, gewichtetes Quantil (1 PV)",n = 5760
M479 (S07),Japan,2022,sci,P90,661.5,COMPUTED_MICRODATA,"OECD PUF via learningtower, gewichtetes Quantil (1 PV)",n = 5760
M479 (S07),Kazakhstan,2022,math,P10,329.3,COMPUTED_MICRODATA,"OECD PUF via learningtower, gewichtetes Quantil (1 PV)",n = 19769
M479 (S07),Kazakhstan,2022,math,P25,370.7,COMPUTED_MICRODATA,"OECD PUF via learningtower, gewichtetes Quantil (1 PV)",n = 19769
M479 (S07),Kazakhstan,2022,math,P50,420.5,COMPUTED_MICRODATA,"OECD PUF via learningtower, gewichtetes Quantil (1 PV)",n = 19769
M479 (S07),Kazakhstan,2022,math,P75,476.5,COMPUTED_MICRODATA,"OECD PUF via learningtower, gewichtetes Quantil (1 PV)",n = 19769
M479 (S07),Kazakhstan,2022,math,P90,528.6,COMPUTED_MICRODATA,"OECD PUF via learningtower, gewichtetes Quantil (1 PV)",n = 19769
M479 (S07),Kazakhstan,2022,read,P10,289.5,COMPUTED_MICRODATA,"OECD PUF via learningtower, gewichtetes Quantil (1 PV)",n = 19769
M479 (S07),Kazakhstan,2022,read,P25,330.1,COMPUTED_MICRODATA,"OECD PUF via learningtower, gewichtetes Quantil (1 PV)",n = 19769
M479 (S07),Kazakhstan,2022,read,P50,379.9,COMPUTED_MICRODATA,"OECD PUF via learningtower, gewichtetes Quantil (1 PV)",n = 19769
M479 (S07),Kazakhstan,2022,read,P75,434.4,COMPUTED_MICRODATA,"OECD PUF via learningtower, gewichtetes Quantil (1 PV)",n = 19769
M479 (S07),Kazakhstan,2022,read,P90,494.7,COMPUTED_MICRODATA,"OECD PUF via learningtower, gewichtetes Quantil (1 PV)",n = 19769
M479 (S07),Kazakhstan,2022,sci,P10,330.2,COMPUTED_MICRODATA,"OECD PUF via learningtower, gewichtetes Quantil (1 PV)",n = 19769
M479 (S07),Kazakhstan,2022,sci,P25,371.6,COMPUTED_MICRODATA,"OECD PUF via learningtower, gewichtetes Quantil (1 PV)",n = 19769
M479 (S07),Kazakhstan,2022,sci,P50,418.2,COMPUTED_MICRODATA,"OECD PUF via learningtower, gewichtetes Quantil (1 PV)",n = 19769
M479 (S07),Kazakhstan,2022,sci,P75,470.9,COMPUTED_MICRODATA,"OECD PUF via learningtower, gewichtetes Quantil (1 PV)",n = 19769
M479 (S07),Kazakhstan,2022,sci,P90,524.3,COMPUTED_MICRODATA,"OECD PUF via learningtower, gewichtetes Quantil (1 PV)",n = 19769
M479 (S07),Cambodia,2022,math,P10,243.3,COMPUTED_MICRODATA,"OECD PUF via learningtower, gewichtetes Quantil (1 PV)",n = 5279
M479 (S07),Cambodia,2022,math,P25,285.6,COMPUTED_MICRODATA,"OECD PUF via learningtower, gewichtetes Quantil (1 PV)",n = 5279
M479 (S07),Cambodia,2022,math,P50,335.6,COMPUTED_MICRODATA,"OECD PUF via learningtower, gewichtetes Quantil (1 PV)",n = 5279
M479 (S07),Cambodia,2022,math,P75,382.8,COMPUTED_MICRODATA,"OECD PUF via learningtower, gewichtetes Quantil (1 PV)",n = 5279
M479 (S07),Cambodia,2022,math,P90,428.9,COMPUTED_MICRODATA,"OECD PUF via learningtower, gewichtetes Quantil (1 PV)",n = 5279
M479 (S07),Cambodia,2022,read,P10,255.1,COMPUTED_MICRODATA,"OECD PUF via learningtower, gewichtetes Quantil (1 PV)",n = 5279
M479 (S07),Cambodia,2022,read,P25,291.7,COMPUTED_MICRODATA,"OECD PUF via learningtower, gewichtetes Quantil (1 PV)",n = 5279
M479 (S07),Cambodia,2022,read,P50,330.7,COMPUTED_MICRODATA,"OECD PUF via learningtower, gewichtetes Quantil (1 PV)",n = 5279
M479 (S07),Cambodia,2022,read,P75,366.8,COMPUTED_MICRODATA,"OECD PUF via learningtower, gewichtetes Quantil (1 PV)",n = 5279
M479 (S07),Cambodia,2022,read,P90,401.1,COMPUTED_MICRODATA,"OECD PUF via learningtower, gewichtetes Quantil (1 PV)",n = 5279
M479 (S07),Cambodia,2022,sci,P10,281.5,COMPUTED_MICRODATA,"OECD PUF via learningtower, gewichtetes Quantil (1 PV)",n = 5279
M479 (S07),Cambodia,2022,sci,P25,313.3,COMPUTED_MICRODATA,"OECD PUF via learningtower, gewichtetes Quantil (1 PV)",n = 5279
M479 (S07),Cambodia,2022,sci,P50,346.5,COMPUTED_MICRODATA,"OECD PUF via learningtower, gewichtetes Quantil (1 PV)",n = 5279
M479 (S07),Cambodia,2022,sci,P75,380.2,COMPUTED_MICRODATA,"OECD PUF via learningtower, gewichtetes Quantil (1 PV)",n = 5279
M479 (S07),Cambodia,2022,sci,P90,410.0,COMPUTED_MICRODATA,"OECD PUF via learningtower, gewichtetes Quantil (1 PV)",n = 5279
M479 (S07),Korea,2022,math,P10,388.4,COMPUTED_MICRODATA,"OECD PUF via learningtower, gewichtetes Quantil (1 PV)",n = 6454
M479 (S07),Korea,2022,math,P25,459.3,COMPUTED_MICRODATA,"OECD PUF via learningtower, gewichtetes Quantil (1 PV)",n = 6454
M479 (S07),Korea,2022,math,P50,532.2,COMPUTED_MICRODATA,"OECD PUF via learningtower, gewichtetes Quantil (1 PV)",n = 6454
M479 (S07),Korea,2022,math,P75,600.6,COMPUTED_MICRODATA,"OECD PUF via learningtower, gewichtetes Quantil (1 PV)",n = 6454
M479 (S07),Korea,2022,math,P90,660.7,COMPUTED_MICRODATA,"OECD PUF via learningtower, gewichtetes Quantil (1 PV)",n = 6454
M479 (S07),Korea,2022,read,P10,376.3,COMPUTED_MICRODATA,"OECD PUF via learningtower, gewichtetes Quantil (1 PV)",n = 6454
M479 (S07),Korea,2022,read,P25,451.4,COMPUTED_MICRODATA,"OECD PUF via learningtower, gewichtetes Quantil (1 PV)",n = 6454
M479 (S07),Korea,2022,read,P50,524.7,COMPUTED_MICRODATA,"OECD PUF via learningtower, gewichtetes Quantil (1 PV)",n = 6454
M479 (S07),Korea,2022,read,P75,589.1,COMPUTED_MICRODATA,"OECD PUF via learningtower, gewichtetes Quantil (1 PV)",n = 6454
M479 (S07),Korea,2022,read,P90,639.4,COMPUTED_MICRODATA,"OECD PUF via learningtower, gewichtetes Quantil (1 PV)",n = 6454
M479 (S07),Korea,2022,sci,P10,382.1,COMPUTED_MICRODATA,"OECD PUF via learningtower, gewichtetes Quantil (1 PV)",n = 6454
M479 (S07),Korea,2022,sci,P25,457.3,COMPUTED_MICRODATA,"OECD PUF via learningtower, gewichtetes Quantil (1 PV)",n = 6454
M479 (S07),Korea,2022,sci,P50,535.9,COMPUTED_MICRODATA,"OECD PUF via learningtower, gewichtetes Quantil (1 PV)",n = 6454
M479 (S07),Korea,2022,sci,P75,600.6,COMPUTED_MICRODATA,"OECD PUF via learningtower, gewichtetes Quantil (1 PV)",n = 6454
M479 (S07),Korea,2022,sci,P90,657.2,COMPUTED_MICRODATA,"OECD PUF via learningtower, gewichtetes Quantil (1 PV)",n = 6454
M479 (S07),Kosovo,2022,math,P10,279.4,COMPUTED_MICRODATA,"OECD PUF via learningtower, gewichtetes Quantil (1 PV)",n = 6027
M479 (S07),Kosovo,2022,math,P25,312.8,COMPUTED_MICRODATA,"OECD PUF via learningtower, gewichtetes Quantil (1 PV)",n = 6027
M479 (S07),Kosovo,2022,math,P50,349.9,COMPUTED_MICRODATA,"OECD PUF via learningtower, gewichtetes Quantil (1 PV)",n = 6027
M479 (S07),Kosovo,2022,math,P75,392.5,COMPUTED_MICRODATA,"OECD PUF via learningtower, gewichtetes Quantil (1 PV)",n = 6027
M479 (S07),Kosovo,2022,math,P90,437.2,COMPUTED_MICRODATA,"OECD PUF via learningtower, gewichtetes Quantil (1 PV)",n = 6027
M479 (S07),Kosovo,2022,read,P10,258.5,COMPUTED_MICRODATA,"OECD PUF via learningtower, gewichtetes Quantil (1 PV)",n = 6027
M479 (S07),Kosovo,2022,read,P25,294.8,COMPUTED_MICRODATA,"OECD PUF via learningtower, gewichtetes Quantil (1 PV)",n = 6027
M479 (S07),Kosovo,2022,read,P50,337.8,COMPUTED_MICRODATA,"OECD PUF via learningtower, gewichtetes Quantil (1 PV)",n = 6027
M479 (S07),Kosovo,2022,read,P75,385.1,COMPUTED_MICRODATA,"OECD PUF via learningtower, gewichtetes Quantil (1 PV)",n = 6027
M479 (S07),Kosovo,2022,read,P90,434.8,COMPUTED_MICRODATA,"OECD PUF via learningtower, gewichtetes Quantil (1 PV)",n = 6027
M479 (S07),Kosovo,2022,sci,P10,278.4,COMPUTED_MICRODATA,"OECD PUF via learningtower, gewichtetes Quantil (1 PV)",n = 6027
M479 (S07),Kosovo,2022,sci,P25,311.2,COMPUTED_MICRODATA,"OECD PUF via learningtower, gewichtetes Quantil (1 PV)",n = 6027
M479 (S07),Kosovo,2022,sci,P50,350.7,COMPUTED_MICRODATA,"OECD PUF via learningtower, gewichtetes Quantil (1 PV)",n = 6027
M479 (S07),Kosovo,2022,sci,P75,398.6,COMPUTED_MICRODATA,"OECD PUF via learningtower, gewichtetes Quantil (1 PV)",n = 6027
M479 (S07),Kosovo,2022,sci,P90,443.6,COMPUTED_MICRODATA,"OECD PUF via learningtower, gewichtetes Quantil (1 PV)",n = 6027
M479 (S07),Lithuania,2022,math,P10,366.8,COMPUTED_MICRODATA,"OECD PUF via learningtower, gewichtetes Quantil (1 PV)",n = 7257
M479 (S07),Lithuania,2022,math,P25,414.6,COMPUTED_MICRODATA,"OECD PUF via learningtower, gewichtetes Quantil (1 PV)",n = 7257
M479 (S07),Lithuania,2022,math,P50,473.7,COMPUTED_MICRODATA,"OECD PUF via learningtower, gewichtetes Quantil (1 PV)",n = 7257
M479 (S07),Lithuania,2022,math,P75,532.9,COMPUTED_MICRODATA,"OECD PUF via learningtower, gewichtetes Quantil (1 PV)",n = 7257
M479 (S07),Lithuania,2022,math,P90,592.0,COMPUTED_MICRODATA,"OECD PUF via learningtower, gewichtetes Quantil (1 PV)",n = 7257
M479 (S07),Lithuania,2022,read,P10,347.5,COMPUTED_MICRODATA,"OECD PUF via learningtower, gewichtetes Quantil (1 PV)",n = 7257
M479 (S07),Lithuania,2022,read,P25,406.5,COMPUTED_MICRODATA,"OECD PUF via learningtower, gewichtetes Quantil (1 PV)",n = 7257
M479 (S07),Lithuania,2022,read,P50,474.3,COMPUTED_MICRODATA,"OECD PUF via learningtower, gewichtetes Quantil (1 PV)",n = 7257
M479 (S07),Lithuania,2022,read,P75,539.4,COMPUTED_MICRODATA,"OECD PUF via learningtower, gewichtetes Quantil (1 PV)",n = 7257
M479 (S07),Lithuania,2022,read,P90,590.4,COMPUTED_MICRODATA,"OECD PUF via learningtower, gewichtetes Quantil (1 PV)",n = 7257
M479 (S07),Lithuania,2022,sci,P10,364.0,COMPUTED_MICRODATA,"OECD PUF via learningtower, gewichtetes Quantil (1 PV)",n = 7257
M479 (S07),Lithuania,2022,sci,P25,421.8,COMPUTED_MICRODATA,"OECD PUF via learningtower, gewichtetes Quantil (1 PV)",n = 7257
M479 (S07),Lithuania,2022,sci,P50,483.4,COMPUTED_MICRODATA,"OECD PUF via learningtower, gewichtetes Quantil (1 PV)",n = 7257
M479 (S07),Lithuania,2022,sci,P75,548.5,COMPUTED_MICRODATA,"OECD PUF via learningtower, gewichtetes Quantil (1 PV)",n = 7257
M479 (S07),Lithuania,2022,sci,P90,605.2,COMPUTED_MICRODATA,"OECD PUF via learningtower, gewichtetes Quantil (1 PV)",n = 7257
M479 (S07),Latvia,2022,math,P10,379.0,COMPUTED_MICRODATA,"OECD PUF via learningtower, gewichtetes Quantil (1 PV)",n = 5373
M479 (S07),Latvia,2022,math,P25,428.1,COMPUTED_MICRODATA,"OECD PUF via learningtower, gewichtetes Quantil (1 PV)",n = 5373
M479 (S07),Latvia,2022,math,P50,480.8,COMPUTED_MICRODATA,"OECD PUF via learningtower, gewichtetes Quantil (1 PV)",n = 5373
M479 (S07),Latvia,2022,math,P75,538.1,COMPUTED_MICRODATA,"OECD PUF via learningtower, gewichtetes Quantil (1 PV)",n = 5373
M479 (S07),Latvia,2022,math,P90,586.2,COMPUTED_MICRODATA,"OECD PUF via learningtower, gewichtetes Quantil (1 PV)",n = 5373
M479 (S07),Latvia,2022,read,P10,357.6,COMPUTED_MICRODATA,"OECD PUF via learningtower, gewichtetes Quantil (1 PV)",n = 5373
M479 (S07),Latvia,2022,read,P25,413.8,COMPUTED_MICRODATA,"OECD PUF via learningtower, gewichtetes Quantil (1 PV)",n = 5373
M479 (S07),Latvia,2022,read,P50,474.9,COMPUTED_MICRODATA,"OECD PUF via learningtower, gewichtetes Quantil (1 PV)",n = 5373
M479 (S07),Latvia,2022,read,P75,537.7,COMPUTED_MICRODATA,"OECD PUF via learningtower, gewichtetes Quantil (1 PV)",n = 5373
M479 (S07),Latvia,2022,read,P90,589.6,COMPUTED_MICRODATA,"OECD PUF via learningtower, gewichtetes Quantil (1 PV)",n = 5373
M479 (S07),Latvia,2022,sci,P10,383.7,COMPUTED_MICRODATA,"OECD PUF via learningtower, gewichtetes Quantil (1 PV)",n = 5373
M479 (S07),Latvia,2022,sci,P25,432.8,COMPUTED_MICRODATA,"OECD PUF via learningtower, gewichtetes Quantil (1 PV)",n = 5373
M479 (S07),Latvia,2022,sci,P50,491.3,COMPUTED_MICRODATA,"OECD PUF via learningtower, gewichtetes Quantil (1 PV)",n = 5373
M479 (S07),Latvia,2022,sci,P75,551.9,COMPUTED_MICRODATA,"OECD PUF via learningtower, gewichtetes Quantil (1 PV)",n = 5373
M479 (S07),Latvia,2022,sci,P90,605.2,COMPUTED_MICRODATA,"OECD PUF via learningtower, gewichtetes Quantil (1 PV)",n = 5373
M479 (S07),Macao (China),2022,math,P10,428.1,COMPUTED_MICRODATA,"OECD PUF via learningtower, gewichtetes Quantil (1 PV)",n = 4384
M479 (S07),Macao (China),2022,math,P25,489.9,COMPUTED_MICRODATA,"OECD PUF via learningtower, gewichtetes Quantil (1 PV)",n = 4384
M479 (S07),Macao (China),2022,math,P50,553.3,COMPUTED_MICRODATA,"OECD PUF via learningtower, gewichtetes Quantil (1 PV)",n = 4384
M479 (S07),Macao (China),2022,math,P75,615.8,COMPUTED_MICRODATA,"OECD PUF via learningtower, gewichtetes Quantil (1 PV)",n = 4384
M479 (S07),Macao (China),2022,math,P90,668.7,COMPUTED_MICRODATA,"OECD PUF via learningtower, gewichtetes Quantil (1 PV)",n = 4384
M479 (S07),Macao (China),2022,read,P10,391.8,COMPUTED_MICRODATA,"OECD PUF via learningtower, gewichtetes Quantil (1 PV)",n = 4384
M479 (S07),Macao (China),2022,read,P25,451.5,COMPUTED_MICRODATA,"OECD PUF via learningtower, gewichtetes Quantil (1 PV)",n = 4384
M479 (S07),Macao (China),2022,read,P50,514.7,COMPUTED_MICRODATA,"OECD PUF via learningtower, gewichtetes Quantil (1 PV)",n = 4384
M479 (S07),Macao (China),2022,read,P75,571.3,COMPUTED_MICRODATA,"OECD PUF via learningtower, gewichtetes Quantil (1 PV)",n = 4384
M479 (S07),Macao (China),2022,read,P90,619.2,COMPUTED_MICRODATA,"OECD PUF via learningtower, gewichtetes Quantil (1 PV)",n = 4384
M479 (S07),Macao (China),2022,sci,P10,427.8,COMPUTED_MICRODATA,"OECD PUF via learningtower, gewichtetes Quantil (1 PV)",n = 4384
M479 (S07),Macao (China),2022,sci,P25,487.1,COMPUTED_MICRODATA,"OECD PUF via learningtower, gewichtetes Quantil (1 PV)",n = 4384
M479 (S07),Macao (China),2022,sci,P50,549.1,COMPUTED_MICRODATA,"OECD PUF via learningtower, gewichtetes Quantil (1 PV)",n = 4384
M479 (S07),Macao (China),2022,sci,P75,604.6,COMPUTED_MICRODATA,"OECD PUF via learningtower, gewichtetes Quantil (1 PV)",n = 4384
M479 (S07),Macao (China),2022,sci,P90,649.6,COMPUTED_MICRODATA,"OECD PUF via learningtower, gewichtetes Quantil (1 PV)",n = 4384
M479 (S07),Morocco,2022,math,P10,288.3,COMPUTED_MICRODATA,"OECD PUF via learningtower, gewichtetes Quantil (1 PV)",n = 6867
M479 (S07),Morocco,2022,math,P25,321.8,COMPUTED_MICRODATA,"OECD PUF via learningtower, gewichtetes Quantil (1 PV)",n = 6867
M479 (S07),Morocco,2022,math,P50,360.2,COMPUTED_MICRODATA,"OECD PUF via learningtower, gewichtetes Quantil (1 PV)",n = 6867
M479 (S07),Morocco,2022,math,P75,404.4,COMPUTED_MICRODATA,"OECD PUF via learningtower, gewichtetes Quantil (1 PV)",n = 6867
M479 (S07),Morocco,2022,math,P90,451.2,COMPUTED_MICRODATA,"OECD PUF via learningtower, gewichtetes Quantil (1 PV)",n = 6867
M479 (S07),Morocco,2022,read,P10,244.4,COMPUTED_MICRODATA,"OECD PUF via learningtower, gewichtetes Quantil (1 PV)",n = 6867
M479 (S07),Morocco,2022,read,P25,285.4,COMPUTED_MICRODATA,"OECD PUF via learningtower, gewichtetes Quantil (1 PV)",n = 6867
M479 (S07),Morocco,2022,read,P50,335.0,COMPUTED_MICRODATA,"OECD PUF via learningtower, gewichtetes Quantil (1 PV)",n = 6867
M479 (S07),Morocco,2022,read,P75,389.7,COMPUTED_MICRODATA,"OECD PUF via learningtower, gewichtetes Quantil (1 PV)",n = 6867
M479 (S07),Morocco,2022,read,P90,437.6,COMPUTED_MICRODATA,"OECD PUF via learningtower, gewichtetes Quantil (1 PV)",n = 6867
M479 (S07),Morocco,2022,sci,P10,283.7,COMPUTED_MICRODATA,"OECD PUF via learningtower, gewichtetes Quantil (1 PV)",n = 6867
M479 (S07),Morocco,2022,sci,P25,317.5,COMPUTED_MICRODATA,"OECD PUF via learningtower, gewichtetes Quantil (1 PV)",n = 6867
M479 (S07),Morocco,2022,sci,P50,359.7,COMPUTED_MICRODATA,"OECD PUF via learningtower, gewichtetes Quantil (1 PV)",n = 6867
M479 (S07),Morocco,2022,sci,P75,406.2,COMPUTED_MICRODATA,"OECD PUF via learningtower, gewichtetes Quantil (1 PV)",n = 6867
M479 (S07),Morocco,2022,sci,P90,455.8,COMPUTED_MICRODATA,"OECD PUF via learningtower, gewichtetes Quantil (1 PV)",n = 6867
M479 (S07),Moldova,2022,math,P10,318.1,COMPUTED_MICRODATA,"OECD PUF via learningtower, gewichtetes Quantil (1 PV)",n = 6235
M479 (S07),Moldova,2022,math,P25,359.0,COMPUTED_MICRODATA,"OECD PUF via learningtower, gewichtetes Quantil (1 PV)",n = 6235
M479 (S07),Moldova,2022,math,P50,408.1,COMPUTED_MICRODATA,"OECD PUF via learningtower, gewichtetes Quantil (1 PV)",n = 6235
M479 (S07),Moldova,2022,math,P75,465.9,COMPUTED_MICRODATA,"OECD PUF via learningtower, gewichtetes Quantil (1 PV)",n = 6235
M479 (S07),Moldova,2022,math,P90,523.5,COMPUTED_MICRODATA,"OECD PUF via learningtower, gewichtetes Quantil (1 PV)",n = 6235
M479 (S07),Moldova,2022,read,P10,297.3,COMPUTED_MICRODATA,"OECD PUF via learningtower, gewichtetes Quantil (1 PV)",n = 6235
M479 (S07),Moldova,2022,read,P25,348.1,COMPUTED_MICRODATA,"OECD PUF via learningtower, gewichtetes Quantil (1 PV)",n = 6235
M479 (S07),Moldova,2022,read,P50,409.2,COMPUTED_MICRODATA,"OECD PUF via learningtower, gewichtetes Quantil (1 PV)",n = 6235
M479 (S07),Moldova,2022,read,P75,473.7,COMPUTED_MICRODATA,"OECD PUF via learningtower, gewichtetes Quantil (1 PV)",n = 6235
M479 (S07),Moldova,2022,read,P90,525.8,COMPUTED_MICRODATA,"OECD PUF via learningtower, gewichtetes Quantil (1 PV)",n = 6235
M479 (S07),Moldova,2022,sci,P10,311.5,COMPUTED_MICRODATA,"OECD PUF via learningtower, gewichtetes Quantil (1 PV)",n = 6235
M479 (S07),Moldova,2022,sci,P25,356.8,COMPUTED_MICRODATA,"OECD PUF via learningtower, gewichtetes Quantil (1 PV)",n = 6235
M479 (S07),Moldova,2022,sci,P50,411.8,COMPUTED_MICRODATA,"OECD PUF via learningtower, gewichtetes Quantil (1 PV)",n = 6235
M479 (S07),Moldova,2022,sci,P75,471.3,COMPUTED_MICRODATA,"OECD PUF via learningtower, gewichtetes Quantil (1 PV)",n = 6235
M479 (S07),Moldova,2022,sci,P90,527.3,COMPUTED_MICRODATA,"OECD PUF via learningtower, gewichtetes Quantil (1 PV)",n = 6235
M479 (S07),Mexico,2022,math,P10,310.3,COMPUTED_MICRODATA,"OECD PUF via learningtower, gewichtetes Quantil (1 PV)",n = 6288
M479 (S07),Mexico,2022,math,P25,346.5,COMPUTED_MICRODATA,"OECD PUF via learningtower, gewichtetes Quantil (1 PV)",n = 6288
M479 (S07),Mexico,2022,math,P50,389.6,COMPUTED_MICRODATA,"OECD PUF via learningtower, gewichtetes Quantil (1 PV)",n = 6288
M479 (S07),Mexico,2022,math,P75,439.8,COMPUTED_MICRODATA,"OECD PUF via learningtower, gewichtetes Quantil (1 PV)",n = 6288
M479 (S07),Mexico,2022,math,P90,487.6,COMPUTED_MICRODATA,"OECD PUF via learningtower, gewichtetes Quantil (1 PV)",n = 6288
M479 (S07),Mexico,2022,read,P10,309.6,COMPUTED_MICRODATA,"OECD PUF via learningtower, gewichtetes Quantil (1 PV)",n = 6288
M479 (S07),Mexico,2022,read,P25,358.4,COMPUTED_MICRODATA,"OECD PUF via learningtower, gewichtetes Quantil (1 PV)",n = 6288
M479 (S07),Mexico,2022,read,P50,416.0,COMPUTED_MICRODATA,"OECD PUF via learningtower, gewichtetes Quantil (1 PV)",n = 6288
M479 (S07),Mexico,2022,read,P75,472.2,COMPUTED_MICRODATA,"OECD PUF via learningtower, gewichtetes Quantil (1 PV)",n = 6288
M479 (S07),Mexico,2022,read,P90,525.5,COMPUTED_MICRODATA,"OECD PUF via learningtower, gewichtetes Quantil (1 PV)",n = 6288
M479 (S07),Mexico,2022,sci,P10,315.5,COMPUTED_MICRODATA,"OECD PUF via learningtower, gewichtetes Quantil (1 PV)",n = 6288
M479 (S07),Mexico,2022,sci,P25,357.1,COMPUTED_MICRODATA,"OECD PUF via learningtower, gewichtetes Quantil (1 PV)",n = 6288
M479 (S07),Mexico,2022,sci,P50,407.1,COMPUTED_MICRODATA,"OECD PUF via learningtower, gewichtetes Quantil (1 PV)",n = 6288
M479 (S07),Mexico,2022,sci,P75,462.6,COMPUTED_MICRODATA,"OECD PUF via learningtower, gewichtetes Quantil (1 PV)",n = 6288
M479 (S07),Mexico,2022,sci,P90,509.1,COMPUTED_MICRODATA,"OECD PUF via learningtower, gewichtetes Quantil (1 PV)",n = 6288
M479 (S07),North Macedonia,2022,math,P10,287.2,COMPUTED_MICRODATA,"OECD PUF via learningtower, gewichtetes Quantil (1 PV)",n = 6610
M479 (S07),North Macedonia,2022,math,P25,329.1,COMPUTED_MICRODATA,"OECD PUF via learningtower, gewichtetes Quantil (1 PV)",n = 6610
M479 (S07),North Macedonia,2022,math,P50,381.0,COMPUTED_MICRODATA,"OECD PUF via learningtower, gewichtetes Quantil (1 PV)",n = 6610
M479 (S07),North Macedonia,2022,math,P75,443.8,COMPUTED_MICRODATA,"OECD PUF via learningtower, gewichtetes Quantil (1 PV)",n = 6610
M479 (S07),North Macedonia,2022,math,P90,499.7,COMPUTED_MICRODATA,"OECD PUF via learningtower, gewichtetes Quantil (1 PV)",n = 6610
M479 (S07),North Macedonia,2022,read,P10,264.8,COMPUTED_MICRODATA,"OECD PUF via learningtower, gewichtetes Quantil (1 PV)",n = 6610
M479 (S07),North Macedonia,2022,read,P25,305.4,COMPUTED_MICRODATA,"OECD PUF via learningtower, gewichtetes Quantil (1 PV)",n = 6610
M479 (S07),North Macedonia,2022,read,P50,354.5,COMPUTED_MICRODATA,"OECD PUF via learningtower, gewichtetes Quantil (1 PV)",n = 6610
M479 (S07),North Macedonia,2022,read,P75,411.5,COMPUTED_MICRODATA,"OECD PUF via learningtower, gewichtetes Quantil (1 PV)",n = 6610
M479 (S07),North Macedonia,2022,read,P90,459.9,COMPUTED_MICRODATA,"OECD PUF via learningtower, gewichtetes Quantil (1 PV)",n = 6610
M479 (S07),North Macedonia,2022,sci,P10,279.2,COMPUTED_MICRODATA,"OECD PUF via learningtower, gewichtetes Quantil (1 PV)",n = 6610
M479 (S07),North Macedonia,2022,sci,P25,321.1,COMPUTED_MICRODATA,"OECD PUF via learningtower, gewichtetes Quantil (1 PV)",n = 6610
M479 (S07),North Macedonia,2022,sci,P50,374.6,COMPUTED_MICRODATA,"OECD PUF via learningtower, gewichtetes Quantil (1 PV)",n = 6610
M479 (S07),North Macedonia,2022,sci,P75,436.0,COMPUTED_MICRODATA,"OECD PUF via learningtower, gewichtetes Quantil (1 PV)",n = 6610
M479 (S07),North Macedonia,2022,sci,P90,491.2,COMPUTED_MICRODATA,"OECD PUF via learningtower, gewichtetes Quantil (1 PV)",n = 6610
M479 (S07),Malta,2022,math,P10,336.7,COMPUTED_MICRODATA,"OECD PUF via learningtower, gewichtetes Quantil (1 PV)",n = 3127
M479 (S07),Malta,2022,math,P25,396.0,COMPUTED_MICRODATA,"OECD PUF via learningtower, gewichtetes Quantil (1 PV)",n = 3127
M479 (S07),Malta,2022,math,P50,470.8,COMPUTED_MICRODATA,"OECD PUF via learningtower, gewichtetes Quantil (1 PV)",n = 3127
M479 (S07),Malta,2022,math,P75,537.9,COMPUTED_MICRODATA,"OECD PUF via learningtower, gewichtetes Quantil (1 PV)",n = 3127
M479 (S07),Malta,2022,math,P90,590.7,COMPUTED_MICRODATA,"OECD PUF via learningtower, gewichtetes Quantil (1 PV)",n = 3127
M479 (S07),Malta,2022,read,P10,296.4,COMPUTED_MICRODATA,"OECD PUF via learningtower, gewichtetes Quantil (1 PV)",n = 3127
M479 (S07),Malta,2022,read,P25,365.2,COMPUTED_MICRODATA,"OECD PUF via learningtower, gewichtetes Quantil (1 PV)",n = 3127
M479 (S07),Malta,2022,read,P50,451.1,COMPUTED_MICRODATA,"OECD PUF via learningtower, gewichtetes Quantil (1 PV)",n = 3127
M479 (S07),Malta,2022,read,P75,525.3,COMPUTED_MICRODATA,"OECD PUF via learningtower, gewichtetes Quantil (1 PV)",n = 3127
M479 (S07),Malta,2022,read,P90,586.1,COMPUTED_MICRODATA,"OECD PUF via learningtower, gewichtetes Quantil (1 PV)",n = 3127
M479 (S07),Malta,2022,sci,P10,325.5,COMPUTED_MICRODATA,"OECD PUF via learningtower, gewichtetes Quantil (1 PV)",n = 3127
M479 (S07),Malta,2022,sci,P25,393.4,COMPUTED_MICRODATA,"OECD PUF via learningtower, gewichtetes Quantil (1 PV)",n = 3127
M479 (S07),Malta,2022,sci,P50,471.5,COMPUTED_MICRODATA,"OECD PUF via learningtower, gewichtetes Quantil (1 PV)",n = 3127
M479 (S07),Malta,2022,sci,P75,541.2,COMPUTED_MICRODATA,"OECD PUF via learningtower, gewichtetes Quantil (1 PV)",n = 3127
M479 (S07),Malta,2022,sci,P90,596.0,COMPUTED_MICRODATA,"OECD PUF via learningtower, gewichtetes Quantil (1 PV)",n = 3127
M479 (S07),Montenegro,2022,math,P10,305.5,COMPUTED_MICRODATA,"OECD PUF via learningtower, gewichtetes Quantil (1 PV)",n = 5793
M479 (S07),Montenegro,2022,math,P25,346.9,COMPUTED_MICRODATA,"OECD PUF via learningtower, gewichtetes Quantil (1 PV)",n = 5793
M479 (S07),Montenegro,2022,math,P50,399.6,COMPUTED_MICRODATA,"OECD PUF via learningtower, gewichtetes Quantil (1 PV)",n = 5793
M479 (S07),Montenegro,2022,math,P75,461.3,COMPUTED_MICRODATA,"OECD PUF via learningtower, gewichtetes Quantil (1 PV)",n = 5793
M479 (S07),Montenegro,2022,math,P90,515.4,COMPUTED_MICRODATA,"OECD PUF via learningtower, gewichtetes Quantil (1 PV)",n = 5793
M479 (S07),Montenegro,2022,read,P10,293.8,COMPUTED_MICRODATA,"OECD PUF via learningtower, gewichtetes Quantil (1 PV)",n = 5793
M479 (S07),Montenegro,2022,read,P25,341.1,COMPUTED_MICRODATA,"OECD PUF via learningtower, gewichtetes Quantil (1 PV)",n = 5793
M479 (S07),Montenegro,2022,read,P50,401.2,COMPUTED_MICRODATA,"OECD PUF via learningtower, gewichtetes Quantil (1 PV)",n = 5793
M479 (S07),Montenegro,2022,read,P75,467.7,COMPUTED_MICRODATA,"OECD PUF via learningtower, gewichtetes Quantil (1 PV)",n = 5793
M479 (S07),Montenegro,2022,read,P90,522.5,COMPUTED_MICRODATA,"OECD PUF via learningtower, gewichtetes Quantil (1 PV)",n = 5793
M479 (S07),Montenegro,2022,sci,P10,297.5,COMPUTED_MICRODATA,"OECD PUF via learningtower, gewichtetes Quantil (1 PV)",n = 5793
M479 (S07),Montenegro,2022,sci,P25,343.8,COMPUTED_MICRODATA,"OECD PUF via learningtower, gewichtetes Quantil (1 PV)",n = 5793
M479 (S07),Montenegro,2022,sci,P50,399.8,COMPUTED_MICRODATA,"OECD PUF via learningtower, gewichtetes Quantil (1 PV)",n = 5793
M479 (S07),Montenegro,2022,sci,P75,464.3,COMPUTED_MICRODATA,"OECD PUF via learningtower, gewichtetes Quantil (1 PV)",n = 5793
M479 (S07),Montenegro,2022,sci,P90,515.3,COMPUTED_MICRODATA,"OECD PUF via learningtower, gewichtetes Quantil (1 PV)",n = 5793
M479 (S07),Mongolia,2022,math,P10,325.6,COMPUTED_MICRODATA,"OECD PUF via learningtower, gewichtetes Quantil (1 PV)",n = 6999
M479 (S07),Mongolia,2022,math,P25,366.6,COMPUTED_MICRODATA,"OECD PUF via learningtower, gewichtetes Quantil (1 PV)",n = 6999
M479 (S07),Mongolia,2022,math,P50,417.9,COMPUTED_MICRODATA,"OECD PUF via learningtower, gewichtetes Quantil (1 PV)",n = 6999
M479 (S07),Mongolia,2022,math,P75,479.8,COMPUTED_MICRODATA,"OECD PUF via learningtower, gewichtetes Quantil (1 PV)",n = 6999
M479 (S07),Mongolia,2022,math,P90,536.9,COMPUTED_MICRODATA,"OECD PUF via learningtower, gewichtetes Quantil (1 PV)",n = 6999
M479 (S07),Mongolia,2022,read,P10,277.3,COMPUTED_MICRODATA,"OECD PUF via learningtower, gewichtetes Quantil (1 PV)",n = 6999
M479 (S07),Mongolia,2022,read,P25,327.0,COMPUTED_MICRODATA,"OECD PUF via learningtower, gewichtetes Quantil (1 PV)",n = 6999
M479 (S07),Mongolia,2022,read,P50,378.4,COMPUTED_MICRODATA,"OECD PUF via learningtower, gewichtetes Quantil (1 PV)",n = 6999
M479 (S07),Mongolia,2022,read,P75,429.7,COMPUTED_MICRODATA,"OECD PUF via learningtower, gewichtetes Quantil (1 PV)",n = 6999
M479 (S07),Mongolia,2022,read,P90,474.9,COMPUTED_MICRODATA,"OECD PUF via learningtower, gewichtetes Quantil (1 PV)",n = 6999
M479 (S07),Mongolia,2022,sci,P10,314.4,COMPUTED_MICRODATA,"OECD PUF via learningtower, gewichtetes Quantil (1 PV)",n = 6999
M479 (S07),Mongolia,2022,sci,P25,357.3,COMPUTED_MICRODATA,"OECD PUF via learningtower, gewichtetes Quantil (1 PV)",n = 6999
M479 (S07),Mongolia,2022,sci,P50,410.0,COMPUTED_MICRODATA,"OECD PUF via learningtower, gewichtetes Quantil (1 PV)",n = 6999
M479 (S07),Mongolia,2022,sci,P75,464.0,COMPUTED_MICRODATA,"OECD PUF via learningtower, gewichtetes Quantil (1 PV)",n = 6999
M479 (S07),Mongolia,2022,sci,P90,515.2,COMPUTED_MICRODATA,"OECD PUF via learningtower, gewichtetes Quantil (1 PV)",n = 6999
M479 (S07),Malaysia,2022,math,P10,315.7,COMPUTED_MICRODATA,"OECD PUF via learningtower, gewichtetes Quantil (1 PV)",n = 7069
M479 (S07),Malaysia,2022,math,P25,354.8,COMPUTED_MICRODATA,"OECD PUF via learningtower, gewichtetes Quantil (1 PV)",n = 7069
M479 (S07),Malaysia,2022,math,P50,403.0,COMPUTED_MICRODATA,"OECD PUF via learningtower, gewichtetes Quantil (1 PV)",n = 7069
M479 (S07),Malaysia,2022,math,P75,455.3,COMPUTED_MICRODATA,"OECD PUF via learningtower, gewichtetes Quantil (1 PV)",n = 7069
M479 (S07),Malaysia,2022,math,P90,509.1,COMPUTED_MICRODATA,"OECD PUF via learningtower, gewichtetes Quantil (1 PV)",n = 7069
M479 (S07),Malaysia,2022,read,P10,274.4,COMPUTED_MICRODATA,"OECD PUF via learningtower, gewichtetes Quantil (1 PV)",n = 7069
M479 (S07),Malaysia,2022,read,P25,326.4,COMPUTED_MICRODATA,"OECD PUF via learningtower, gewichtetes Quantil (1 PV)",n = 7069
M479 (S07),Malaysia,2022,read,P50,389.9,COMPUTED_MICRODATA,"OECD PUF via learningtower, gewichtetes Quantil (1 PV)",n = 7069
M479 (S07),Malaysia,2022,read,P75,449.2,COMPUTED_MICRODATA,"OECD PUF via learningtower, gewichtetes Quantil (1 PV)",n = 7069
M479 (S07),Malaysia,2022,read,P90,498.2,COMPUTED_MICRODATA,"OECD PUF via learningtower, gewichtetes Quantil (1 PV)",n = 7069
M479 (S07),Malaysia,2022,sci,P10,315.0,COMPUTED_MICRODATA,"OECD PUF via learningtower, gewichtetes Quantil (1 PV)",n = 7069
M479 (S07),Malaysia,2022,sci,P25,359.4,COMPUTED_MICRODATA,"OECD PUF via learningtower, gewichtetes Quantil (1 PV)",n = 7069
M479 (S07),Malaysia,2022,sci,P50,414.4,COMPUTED_MICRODATA,"OECD PUF via learningtower, gewichtetes Quantil (1 PV)",n = 7069
M479 (S07),Malaysia,2022,sci,P75,468.3,COMPUTED_MICRODATA,"OECD PUF via learningtower, gewichtetes Quantil (1 PV)",n = 7069
M479 (S07),Malaysia,2022,sci,P90,519.1,COMPUTED_MICRODATA,"OECD PUF via learningtower, gewichtetes Quantil (1 PV)",n = 7069
M479 (S07),Netherlands,2022,math,P10,348.0,COMPUTED_MICRODATA,"OECD PUF via learningtower, gewichtetes Quantil (1 PV)",n = 5046
M479 (S07),Netherlands,2022,math,P25,408.9,COMPUTED_MICRODATA,"OECD PUF via learningtower, gewichtetes Quantil (1 PV)",n = 5046
M479 (S07),Netherlands,2022,math,P50,496.4,COMPUTED_MICRODATA,"OECD PUF via learningtower, gewichtetes Quantil (1 PV)",n = 5046
M479 (S07),Netherlands,2022,math,P75,575.7,COMPUTED_MICRODATA,"OECD PUF via learningtower, gewichtetes Quantil (1 PV)",n = 5046
M479 (S07),Netherlands,2022,math,P90,629.1,COMPUTED_MICRODATA,"OECD PUF via learningtower, gewichtetes Quantil (1 PV)",n = 5046
M479 (S07),Netherlands,2022,read,P10,304.8,COMPUTED_MICRODATA,"OECD PUF via learningtower, gewichtetes Quantil (1 PV)",n = 5046
M479 (S07),Netherlands,2022,read,P25,370.9,COMPUTED_MICRODATA,"OECD PUF via learningtower, gewichtetes Quantil (1 PV)",n = 5046
M479 (S07),Netherlands,2022,read,P50,464.5,COMPUTED_MICRODATA,"OECD PUF via learningtower, gewichtetes Quantil (1 PV)",n = 5046
M479 (S07),Netherlands,2022,read,P75,552.5,COMPUTED_MICRODATA,"OECD PUF via learningtower, gewichtetes Quantil (1 PV)",n = 5046
M479 (S07),Netherlands,2022,read,P90,608.8,COMPUTED_MICRODATA,"OECD PUF via learningtower, gewichtetes Quantil (1 PV)",n = 5046
M479 (S07),Netherlands,2022,sci,P10,339.0,COMPUTED_MICRODATA,"OECD PUF via learningtower, gewichtetes Quantil (1 PV)",n = 5046
M479 (S07),Netherlands,2022,sci,P25,401.4,COMPUTED_MICRODATA,"OECD PUF via learningtower, gewichtetes Quantil (1 PV)",n = 5046
M479 (S07),Netherlands,2022,sci,P50,490.0,COMPUTED_MICRODATA,"OECD PUF via learningtower, gewichtetes Quantil (1 PV)",n = 5046
M479 (S07),Netherlands,2022,sci,P75,573.8,COMPUTED_MICRODATA,"OECD PUF via learningtower, gewichtetes Quantil (1 PV)",n = 5046
M479 (S07),Netherlands,2022,sci,P90,634.6,COMPUTED_MICRODATA,"OECD PUF via learningtower, gewichtetes Quantil (1 PV)",n = 5046
M479 (S07),Norway,2022,math,P10,344.1,COMPUTED_MICRODATA,"OECD PUF via learningtower, gewichtetes Quantil (1 PV)",n = 6611
M479 (S07),Norway,2022,math,P25,400.9,COMPUTED_MICRODATA,"OECD PUF via learningtower, gewichtetes Quantil (1 PV)",n = 6611
M479 (S07),Norway,2022,math,P50,468.9,COMPUTED_MICRODATA,"OECD PUF via learningtower, gewichtetes Quantil (1 PV)",n = 6611
M479 (S07),Norway,2022,math,P75,535.0,COMPUTED_MICRODATA,"OECD PUF via learningtower, gewichtetes Quantil (1 PV)",n = 6611
M479 (S07),Norway,2022,math,P90,588.4,COMPUTED_MICRODATA,"OECD PUF via learningtower, gewichtetes Quantil (1 PV)",n = 6611
M479 (S07),Norway,2022,read,P10,324.7,COMPUTED_MICRODATA,"OECD PUF via learningtower, gewichtetes Quantil (1 PV)",n = 6611
M479 (S07),Norway,2022,read,P25,400.2,COMPUTED_MICRODATA,"OECD PUF via learningtower, gewichtetes Quantil (1 PV)",n = 6611
M479 (S07),Norway,2022,read,P50,481.6,COMPUTED_MICRODATA,"OECD PUF via learningtower, gewichtetes Quantil (1 PV)",n = 6611
M479 (S07),Norway,2022,read,P75,557.3,COMPUTED_MICRODATA,"OECD PUF via learningtower, gewichtetes Quantil (1 PV)",n = 6611
M479 (S07),Norway,2022,read,P90,619.7,COMPUTED_MICRODATA,"OECD PUF via learningtower, gewichtetes Quantil (1 PV)",n = 6611
M479 (S07),Norway,2022,sci,P10,337.9,COMPUTED_MICRODATA,"OECD PUF via learningtower, gewichtetes Quantil (1 PV)",n = 6611
M479 (S07),Norway,2022,sci,P25,400.8,COMPUTED_MICRODATA,"OECD PUF via learningtower, gewichtetes Quantil (1 PV)",n = 6611
M479 (S07),Norway,2022,sci,P50,480.2,COMPUTED_MICRODATA,"OECD PUF via learningtower, gewichtetes Quantil (1 PV)",n = 6611
M479 (S07),Norway,2022,sci,P75,557.8,COMPUTED_MICRODATA,"OECD PUF via learningtower, gewichtetes Quantil (1 PV)",n = 6611
M479 (S07),Norway,2022,sci,P90,615.8,COMPUTED_MICRODATA,"OECD PUF via learningtower, gewichtetes Quantil (1 PV)",n = 6611
M479 (S07),New Zealand,2022,math,P10,346.9,COMPUTED_MICRODATA,"OECD PUF via learningtower, gewichtetes Quantil (1 PV)",n = 4682
M479 (S07),New Zealand,2022,math,P25,405.9,COMPUTED_MICRODATA,"OECD PUF via learningtower, gewichtetes Quantil (1 PV)",n = 4682
M479 (S07),New Zealand,2022,math,P50,476.8,COMPUTED_MICRODATA,"OECD PUF via learningtower, gewichtetes Quantil (1 PV)",n = 4682
M479 (S07),New Zealand,2022,math,P75,545.3,COMPUTED_MICRODATA,"OECD PUF via learningtower, gewichtetes Quantil (1 PV)",n = 4682
M479 (S07),New Zealand,2022,math,P90,608.5,COMPUTED_MICRODATA,"OECD PUF via learningtower, gewichtetes Quantil (1 PV)",n = 4682
M479 (S07),New Zealand,2022,read,P10,355.5,COMPUTED_MICRODATA,"OECD PUF via learningtower, gewichtetes Quantil (1 PV)",n = 4682
M479 (S07),New Zealand,2022,read,P25,423.6,COMPUTED_MICRODATA,"OECD PUF via learningtower, gewichtetes Quantil (1 PV)",n = 4682
M479 (S07),New Zealand,2022,read,P50,505.3,COMPUTED_MICRODATA,"OECD PUF via learningtower, gewichtetes Quantil (1 PV)",n = 4682
M479 (S07),New Zealand,2022,read,P75,580.1,COMPUTED_MICRODATA,"OECD PUF via learningtower, gewichtetes Quantil (1 PV)",n = 4682
M479 (S07),New Zealand,2022,read,P90,639.3,COMPUTED_MICRODATA,"OECD PUF via learningtower, gewichtetes Quantil (1 PV)",n = 4682
M479 (S07),New Zealand,2022,sci,P10,358.3,COMPUTED_MICRODATA,"OECD PUF via learningtower, gewichtetes Quantil (1 PV)",n = 4682
M479 (S07),New Zealand,2022,sci,P25,428.4,COMPUTED_MICRODATA,"OECD PUF via learningtower, gewichtetes Quantil (1 PV)",n = 4682
M479 (S07),New Zealand,2022,sci,P50,506.9,COMPUTED_MICRODATA,"OECD PUF via learningtower, gewichtetes Quantil (1 PV)",n = 4682
M479 (S07),New Zealand,2022,sci,P75,581.9,COMPUTED_MICRODATA,"OECD PUF via learningtower, gewichtetes Quantil (1 PV)",n = 4682
M479 (S07),New Zealand,2022,sci,P90,644.5,COMPUTED_MICRODATA,"OECD PUF via learningtower, gewichtetes Quantil (1 PV)",n = 4682
M479 (S07),Peru,2022,math,P10,294.2,COMPUTED_MICRODATA,"OECD PUF via learningtower, gewichtetes Quantil (1 PV)",n = 6968
M479 (S07),Peru,2022,math,P25,335.0,COMPUTED_MICRODATA,"OECD PUF via learningtower, gewichtetes Quantil (1 PV)",n = 6968
M479 (S07),Peru,2022,math,P50,385.8,COMPUTED_MICRODATA,"OECD PUF via learningtower, gewichtetes Quantil (1 PV)",n = 6968
M479 (S07),Peru,2022,math,P75,442.1,COMPUTED_MICRODATA,"OECD PUF via learningtower, gewichtetes Quantil (1 PV)",n = 6968
M479 (S07),Peru,2022,math,P90,495.9,COMPUTED_MICRODATA,"OECD PUF via learningtower, gewichtetes Quantil (1 PV)",n = 6968
M479 (S07),Peru,2022,read,P10,288.9,COMPUTED_MICRODATA,"OECD PUF via learningtower, gewichtetes Quantil (1 PV)",n = 6968
M479 (S07),Peru,2022,read,P25,342.0,COMPUTED_MICRODATA,"OECD PUF via learningtower, gewichtetes Quantil (1 PV)",n = 6968
M479 (S07),Peru,2022,read,P50,406.1,COMPUTED_MICRODATA,"OECD PUF via learningtower, gewichtetes Quantil (1 PV)",n = 6968
M479 (S07),Peru,2022,read,P75,473.8,COMPUTED_MICRODATA,"OECD PUF via learningtower, gewichtetes Quantil (1 PV)",n = 6968
M479 (S07),Peru,2022,read,P90,531.5,COMPUTED_MICRODATA,"OECD PUF via learningtower, gewichtetes Quantil (1 PV)",n = 6968
M479 (S07),Peru,2022,sci,P10,301.1,COMPUTED_MICRODATA,"OECD PUF via learningtower, gewichtetes Quantil (1 PV)",n = 6968
M479 (S07),Peru,2022,sci,P25,349.4,COMPUTED_MICRODATA,"OECD PUF via learningtower, gewichtetes Quantil (1 PV)",n = 6968
M479 (S07),Peru,2022,sci,P50,403.9,COMPUTED_MICRODATA,"OECD PUF via learningtower, gewichtetes Quantil (1 PV)",n = 6968
M479 (S07),Peru,2022,sci,P75,465.4,COMPUTED_MICRODATA,"OECD PUF via learningtower, gewichtetes Quantil (1 PV)",n = 6968
M479 (S07),Peru,2022,sci,P90,520.7,COMPUTED_MICRODATA,"OECD PUF via learningtower, gewichtetes Quantil (1 PV)",n = 6968
M479 (S07),Philippines,2022,math,P10,277.1,COMPUTED_MICRODATA,"OECD PUF via learningtower, gewichtetes Quantil (1 PV)",n = 7193
M479 (S07),Philippines,2022,math,P25,307.6,COMPUTED_MICRODATA,"OECD PUF via learningtower, gewichtetes Quantil (1 PV)",n = 7193
M479 (S07),Philippines,2022,math,P50,347.3,COMPUTED_MICRODATA,"OECD PUF via learningtower, gewichtetes Quantil (1 PV)",n = 7193
M479 (S07),Philippines,2022,math,P75,394.3,COMPUTED_MICRODATA,"OECD PUF via learningtower, gewichtetes Quantil (1 PV)",n = 7193
M479 (S07),Philippines,2022,math,P90,441.1,COMPUTED_MICRODATA,"OECD PUF via learningtower, gewichtetes Quantil (1 PV)",n = 7193
M479 (S07),Philippines,2022,read,P10,245.0,COMPUTED_MICRODATA,"OECD PUF via learningtower, gewichtetes Quantil (1 PV)",n = 7193
M479 (S07),Philippines,2022,read,P25,282.2,COMPUTED_MICRODATA,"OECD PUF via learningtower, gewichtetes Quantil (1 PV)",n = 7193
M479 (S07),Philippines,2022,read,P50,337.1,COMPUTED_MICRODATA,"OECD PUF via learningtower, gewichtetes Quantil (1 PV)",n = 7193
M479 (S07),Philippines,2022,read,P75,403.3,COMPUTED_MICRODATA,"OECD PUF via learningtower, gewichtetes Quantil (1 PV)",n = 7193
M479 (S07),Philippines,2022,read,P90,466.4,COMPUTED_MICRODATA,"OECD PUF via learningtower, gewichtetes Quantil (1 PV)",n = 7193
M479 (S07),Philippines,2022,sci,P10,263.4,COMPUTED_MICRODATA,"OECD PUF via learningtower, gewichtetes Quantil (1 PV)",n = 7193
M479 (S07),Philippines,2022,sci,P25,299.2,COMPUTED_MICRODATA,"OECD PUF via learningtower, gewichtetes Quantil (1 PV)",n = 7193
M479 (S07),Philippines,2022,sci,P50,344.2,COMPUTED_MICRODATA,"OECD PUF via learningtower, gewichtetes Quantil (1 PV)",n = 7193
M479 (S07),Philippines,2022,sci,P75,401.6,COMPUTED_MICRODATA,"OECD PUF via learningtower, gewichtetes Quantil (1 PV)",n = 7193
M479 (S07),Philippines,2022,sci,P90,463.6,COMPUTED_MICRODATA,"OECD PUF via learningtower, gewichtetes Quantil (1 PV)",n = 7193
M479 (S07),Poland,2022,math,P10,370.0,COMPUTED_MICRODATA,"OECD PUF via learningtower, gewichtetes Quantil (1 PV)",n = 6011
M479 (S07),Poland,2022,math,P25,426.4,COMPUTED_MICRODATA,"OECD PUF via learningtower, gewichtetes Quantil (1 PV)",n = 6011
M479 (S07),Poland,2022,math,P50,491.3,COMPUTED_MICRODATA,"OECD PUF via learningtower, gewichtetes Quantil (1 PV)",n = 6011
M479 (S07),Poland,2022,math,P75,552.7,COMPUTED_MICRODATA,"OECD PUF via learningtower, gewichtetes Quantil (1 PV)",n = 6011
M479 (S07),Poland,2022,math,P90,606.0,COMPUTED_MICRODATA,"OECD PUF via learningtower, gewichtetes Quantil (1 PV)",n = 6011
M479 (S07),Poland,2022,read,P10,347.2,COMPUTED_MICRODATA,"OECD PUF via learningtower, gewichtetes Quantil (1 PV)",n = 6011
M479 (S07),Poland,2022,read,P25,418.3,COMPUTED_MICRODATA,"OECD PUF via learningtower, gewichtetes Quantil (1 PV)",n = 6011
M479 (S07),Poland,2022,read,P50,496.2,COMPUTED_MICRODATA,"OECD PUF via learningtower, gewichtetes Quantil (1 PV)",n = 6011
M479 (S07),Poland,2022,read,P75,560.9,COMPUTED_MICRODATA,"OECD PUF via learningtower, gewichtetes Quantil (1 PV)",n = 6011
M479 (S07),Poland,2022,read,P90,618.2,COMPUTED_MICRODATA,"OECD PUF via learningtower, gewichtetes Quantil (1 PV)",n = 6011
M479 (S07),Poland,2022,sci,P10,369.9,COMPUTED_MICRODATA,"OECD PUF via learningtower, gewichtetes Quantil (1 PV)",n = 6011
M479 (S07),Poland,2022,sci,P25,432.8,COMPUTED_MICRODATA,"OECD PUF via learningtower, gewichtetes Quantil (1 PV)",n = 6011
M479 (S07),Poland,2022,sci,P50,504.2,COMPUTED_MICRODATA,"OECD PUF via learningtower, gewichtetes Quantil (1 PV)",n = 6011
M479 (S07),Poland,2022,sci,P75,566.7,COMPUTED_MICRODATA,"OECD PUF via learningtower, gewichtetes Quantil (1 PV)",n = 6011
M479 (S07),Poland,2022,sci,P90,623.1,COMPUTED_MICRODATA,"OECD PUF via learningtower, gewichtetes Quantil (1 PV)",n = 6011
M479 (S07),Portugal,2022,math,P10,355.4,COMPUTED_MICRODATA,"OECD PUF via learningtower, gewichtetes Quantil (1 PV)",n = 6793
M479 (S07),Portugal,2022,math,P25,407.6,COMPUTED_MICRODATA,"OECD PUF via learningtower, gewichtetes Quantil (1 PV)",n = 6793
M479 (S07),Portugal,2022,math,P50,470.3,COMPUTED_MICRODATA,"OECD PUF via learningtower, gewichtetes Quantil (1 PV)",n = 6793
M479 (S07),Portugal,2022,math,P75,536.3,COMPUTED_MICRODATA,"OECD PUF via learningtower, gewichtetes Quantil (1 PV)",n = 6793
M479 (S07),Portugal,2022,math,P90,589.5,COMPUTED_MICRODATA,"OECD PUF via learningtower, gewichtetes Quantil (1 PV)",n = 6793
M479 (S07),Portugal,2022,read,P10,352.0,COMPUTED_MICRODATA,"OECD PUF via learningtower, gewichtetes Quantil (1 PV)",n = 6793
M479 (S07),Portugal,2022,read,P25,414.9,COMPUTED_MICRODATA,"OECD PUF via learningtower, gewichtetes Quantil (1 PV)",n = 6793
M479 (S07),Portugal,2022,read,P50,483.0,COMPUTED_MICRODATA,"OECD PUF via learningtower, gewichtetes Quantil (1 PV)",n = 6793
M479 (S07),Portugal,2022,read,P75,545.4,COMPUTED_MICRODATA,"OECD PUF via learningtower, gewichtetes Quantil (1 PV)",n = 6793
M479 (S07),Portugal,2022,read,P90,597.9,COMPUTED_MICRODATA,"OECD PUF via learningtower, gewichtetes Quantil (1 PV)",n = 6793
M479 (S07),Portugal,2022,sci,P10,365.8,COMPUTED_MICRODATA,"OECD PUF via learningtower, gewichtetes Quantil (1 PV)",n = 6793
M479 (S07),Portugal,2022,sci,P25,420.1,COMPUTED_MICRODATA,"OECD PUF via learningtower, gewichtetes Quantil (1 PV)",n = 6793
M479 (S07),Portugal,2022,sci,P50,485.2,COMPUTED_MICRODATA,"OECD PUF via learningtower, gewichtetes Quantil (1 PV)",n = 6793
M479 (S07),Portugal,2022,sci,P75,550.4,COMPUTED_MICRODATA,"OECD PUF via learningtower, gewichtetes Quantil (1 PV)",n = 6793
M479 (S07),Portugal,2022,sci,P90,602.4,COMPUTED_MICRODATA,"OECD PUF via learningtower, gewichtetes Quantil (1 PV)",n = 6793
M479 (S07),Paraguay,2022,math,P10,239.5,COMPUTED_MICRODATA,"OECD PUF via learningtower, gewichtetes Quantil (1 PV)",n = 5084
M479 (S07),Paraguay,2022,math,P25,283.6,COMPUTED_MICRODATA,"OECD PUF via learningtower, gewichtetes Quantil (1 PV)",n = 5084
M479 (S07),Paraguay,2022,math,P50,334.7,COMPUTED_MICRODATA,"OECD PUF via learningtower, gewichtetes Quantil (1 PV)",n = 5084
M479 (S07),Paraguay,2022,math,P75,388.7,COMPUTED_MICRODATA,"OECD PUF via learningtower, gewichtetes Quantil (1 PV)",n = 5084
M479 (S07),Paraguay,2022,math,P90,438.7,COMPUTED_MICRODATA,"OECD PUF via learningtower, gewichtetes Quantil (1 PV)",n = 5084
M479 (S07),Paraguay,2022,read,P10,268.2,COMPUTED_MICRODATA,"OECD PUF via learningtower, gewichtetes Quantil (1 PV)",n = 5084
M479 (S07),Paraguay,2022,read,P25,315.9,COMPUTED_MICRODATA,"OECD PUF via learningtower, gewichtetes Quantil (1 PV)",n = 5084
M479 (S07),Paraguay,2022,read,P50,368.8,COMPUTED_MICRODATA,"OECD PUF via learningtower, gewichtetes Quantil (1 PV)",n = 5084
M479 (S07),Paraguay,2022,read,P75,429.4,COMPUTED_MICRODATA,"OECD PUF via learningtower, gewichtetes Quantil (1 PV)",n = 5084
M479 (S07),Paraguay,2022,read,P90,482.8,COMPUTED_MICRODATA,"OECD PUF via learningtower, gewichtetes Quantil (1 PV)",n = 5084
M479 (S07),Paraguay,2022,sci,P10,272.0,COMPUTED_MICRODATA,"OECD PUF via learningtower, gewichtetes Quantil (1 PV)",n = 5084
M479 (S07),Paraguay,2022,sci,P25,316.9,COMPUTED_MICRODATA,"OECD PUF via learningtower, gewichtetes Quantil (1 PV)",n = 5084
M479 (S07),Paraguay,2022,sci,P50,364.7,COMPUTED_MICRODATA,"OECD PUF via learningtower, gewichtetes Quantil (1 PV)",n = 5084
M479 (S07),Paraguay,2022,sci,P75,419.0,COMPUTED_MICRODATA,"OECD PUF via learningtower, gewichtetes Quantil (1 PV)",n = 5084
M479 (S07),Paraguay,2022,sci,P90,468.8,COMPUTED_MICRODATA,"OECD PUF via learningtower, gewichtetes Quantil (1 PV)",n = 5084
M479 (S07),Palestinian Authority,2022,math,P10,283.0,COMPUTED_MICRODATA,"OECD PUF via learningtower, gewichtetes Quantil (1 PV)",n = 7905
M479 (S07),Palestinian Authority,2022,math,P25,318.1,COMPUTED_MICRODATA,"OECD PUF via learningtower, gewichtetes Quantil (1 PV)",n = 7905
M479 (S07),Palestinian Authority,2022,math,P50,360.6,COMPUTED_MICRODATA,"OECD PUF via learningtower, gewichtetes Quantil (1 PV)",n = 7905
M479 (S07),Palestinian Authority,2022,math,P75,406.4,COMPUTED_MICRODATA,"OECD PUF via learningtower, gewichtetes Quantil (1 PV)",n = 7905
M479 (S07),Palestinian Authority,2022,math,P90,451.3,COMPUTED_MICRODATA,"OECD PUF via learningtower, gewichtetes Quantil (1 PV)",n = 7905
M479 (S07),Palestinian Authority,2022,read,P10,250.9,COMPUTED_MICRODATA,"OECD PUF via learningtower, gewichtetes Quantil (1 PV)",n = 7905
M479 (S07),Palestinian Authority,2022,read,P25,295.0,COMPUTED_MICRODATA,"OECD PUF via learningtower, gewichtetes Quantil (1 PV)",n = 7905
M479 (S07),Palestinian Authority,2022,read,P50,347.9,COMPUTED_MICRODATA,"OECD PUF via learningtower, gewichtetes Quantil (1 PV)",n = 7905
M479 (S07),Palestinian Authority,2022,read,P75,401.1,COMPUTED_MICRODATA,"OECD PUF via learningtower, gewichtetes Quantil (1 PV)",n = 7905
M479 (S07),Palestinian Authority,2022,read,P90,447.8,COMPUTED_MICRODATA,"OECD PUF via learningtower, gewichtetes Quantil (1 PV)",n = 7905
M479 (S07),Palestinian Authority,2022,sci,P10,278.8,COMPUTED_MICRODATA,"OECD PUF via learningtower, gewichtetes Quantil (1 PV)",n = 7905
M479 (S07),Palestinian Authority,2022,sci,P25,318.9,COMPUTED_MICRODATA,"OECD PUF via learningtower, gewichtetes Quantil (1 PV)",n = 7905
M479 (S07),Palestinian Authority,2022,sci,P50,364.1,COMPUTED_MICRODATA,"OECD PUF via learningtower, gewichtetes Quantil (1 PV)",n = 7905
M479 (S07),Palestinian Authority,2022,sci,P75,414.9,COMPUTED_MICRODATA,"OECD PUF via learningtower, gewichtetes Quantil (1 PV)",n = 7905
M479 (S07),Palestinian Authority,2022,sci,P90,462.9,COMPUTED_MICRODATA,"OECD PUF via learningtower, gewichtetes Quantil (1 PV)",n = 7905
M479 (S07),Qatar,2022,math,P10,308.3,COMPUTED_MICRODATA,"OECD PUF via learningtower, gewichtetes Quantil (1 PV)",n = 7676
M479 (S07),Qatar,2022,math,P25,350.0,COMPUTED_MICRODATA,"OECD PUF via learningtower, gewichtetes Quantil (1 PV)",n = 7676
M479 (S07),Qatar,2022,math,P50,405.8,COMPUTED_MICRODATA,"OECD PUF via learningtower, gewichtetes Quantil (1 PV)",n = 7676
M479 (S07),Qatar,2022,math,P75,467.7,COMPUTED_MICRODATA,"OECD PUF via learningtower, gewichtetes Quantil (1 PV)",n = 7676
M479 (S07),Qatar,2022,math,P90,534.0,COMPUTED_MICRODATA,"OECD PUF via learningtower, gewichtetes Quantil (1 PV)",n = 7676
M479 (S07),Qatar,2022,read,P10,282.9,COMPUTED_MICRODATA,"OECD PUF via learningtower, gewichtetes Quantil (1 PV)",n = 7676
M479 (S07),Qatar,2022,read,P25,341.7,COMPUTED_MICRODATA,"OECD PUF via learningtower, gewichtetes Quantil (1 PV)",n = 7676
M479 (S07),Qatar,2022,read,P50,414.2,COMPUTED_MICRODATA,"OECD PUF via learningtower, gewichtetes Quantil (1 PV)",n = 7676
M479 (S07),Qatar,2022,read,P75,491.3,COMPUTED_MICRODATA,"OECD PUF via learningtower, gewichtetes Quantil (1 PV)",n = 7676
M479 (S07),Qatar,2022,read,P90,561.6,COMPUTED_MICRODATA,"OECD PUF via learningtower, gewichtetes Quantil (1 PV)",n = 7676
M479 (S07),Qatar,2022,sci,P10,315.0,COMPUTED_MICRODATA,"OECD PUF via learningtower, gewichtetes Quantil (1 PV)",n = 7676
M479 (S07),Qatar,2022,sci,P25,362.0,COMPUTED_MICRODATA,"OECD PUF via learningtower, gewichtetes Quantil (1 PV)",n = 7676
M479 (S07),Qatar,2022,sci,P50,427.1,COMPUTED_MICRODATA,"OECD PUF via learningtower, gewichtetes Quantil (1 PV)",n = 7676
M479 (S07),Qatar,2022,sci,P75,496.3,COMPUTED_MICRODATA,"OECD PUF via learningtower, gewichtetes Quantil (1 PV)",n = 7676
M479 (S07),Qatar,2022,sci,P90,563.7,COMPUTED_MICRODATA,"OECD PUF via learningtower, gewichtetes Quantil (1 PV)",n = 7676
M479 (S07),Baku (Azerbaijan),2022,math,P10,291.2,COMPUTED_MICRODATA,"OECD PUF via learningtower, gewichtetes Quantil (1 PV)",n = 7720
M479 (S07),Baku (Azerbaijan),2022,math,P25,336.6,COMPUTED_MICRODATA,"OECD PUF via learningtower, gewichtetes Quantil (1 PV)",n = 7720
M479 (S07),Baku (Azerbaijan),2022,math,P50,394.6,COMPUTED_MICRODATA,"OECD PUF via learningtower, gewichtetes Quantil (1 PV)",n = 7720
M479 (S07),Baku (Azerbaijan),2022,math,P75,455.4,COMPUTED_MICRODATA,"OECD PUF via learningtower, gewichtetes Quantil (1 PV)",n = 7720
M479 (S07),Baku (Azerbaijan),2022,math,P90,512.2,COMPUTED_MICRODATA,"OECD PUF via learningtower, gewichtetes Quantil (1 PV)",n = 7720
M479 (S07),Baku (Azerbaijan),2022,read,P10,256.8,COMPUTED_MICRODATA,"OECD PUF via learningtower, gewichtetes Quantil (1 PV)",n = 7720
M479 (S07),Baku (Azerbaijan),2022,read,P25,304.4,COMPUTED_MICRODATA,"OECD PUF via learningtower, gewichtetes Quantil (1 PV)",n = 7720
M479 (S07),Baku (Azerbaijan),2022,read,P50,361.0,COMPUTED_MICRODATA,"OECD PUF via learningtower, gewichtetes Quantil (1 PV)",n = 7720
M479 (S07),Baku (Azerbaijan),2022,read,P75,422.3,COMPUTED_MICRODATA,"OECD PUF via learningtower, gewichtetes Quantil (1 PV)",n = 7720
M479 (S07),Baku (Azerbaijan),2022,read,P90,477.9,COMPUTED_MICRODATA,"OECD PUF via learningtower, gewichtetes Quantil (1 PV)",n = 7720
M479 (S07),Baku (Azerbaijan),2022,sci,P10,281.1,COMPUTED_MICRODATA,"OECD PUF via learningtower, gewichtetes Quantil (1 PV)",n = 7720
M479 (S07),Baku (Azerbaijan),2022,sci,P25,323.5,COMPUTED_MICRODATA,"OECD PUF via learningtower, gewichtetes Quantil (1 PV)",n = 7720
M479 (S07),Baku (Azerbaijan),2022,sci,P50,377.0,COMPUTED_MICRODATA,"OECD PUF via learningtower, gewichtetes Quantil (1 PV)",n = 7720
M479 (S07),Baku (Azerbaijan),2022,sci,P75,433.3,COMPUTED_MICRODATA,"OECD PUF via learningtower, gewichtetes Quantil (1 PV)",n = 7720
M479 (S07),Baku (Azerbaijan),2022,sci,P90,482.8,COMPUTED_MICRODATA,"OECD PUF via learningtower, gewichtetes Quantil (1 PV)",n = 7720
M479 (S07),Romania,2022,math,P10,302.2,COMPUTED_MICRODATA,"OECD PUF via learningtower, gewichtetes Quantil (1 PV)",n = 7364
M479 (S07),Romania,2022,math,P25,356.1,COMPUTED_MICRODATA,"OECD PUF via learningtower, gewichtetes Quantil (1 PV)",n = 7364
M479 (S07),Romania,2022,math,P50,424.8,COMPUTED_MICRODATA,"OECD PUF via learningtower, gewichtetes Quantil (1 PV)",n = 7364
M479 (S07),Romania,2022,math,P75,493.7,COMPUTED_MICRODATA,"OECD PUF via learningtower, gewichtetes Quantil (1 PV)",n = 7364
M479 (S07),Romania,2022,math,P90,557.4,COMPUTED_MICRODATA,"OECD PUF via learningtower, gewichtetes Quantil (1 PV)",n = 7364
M479 (S07),Romania,2022,read,P10,293.4,COMPUTED_MICRODATA,"OECD PUF via learningtower, gewichtetes Quantil (1 PV)",n = 7364
M479 (S07),Romania,2022,read,P25,356.4,COMPUTED_MICRODATA,"OECD PUF via learningtower, gewichtetes Quantil (1 PV)",n = 7364
M479 (S07),Romania,2022,read,P50,427.5,COMPUTED_MICRODATA,"OECD PUF via learningtower, gewichtetes Quantil (1 PV)",n = 7364
M479 (S07),Romania,2022,read,P75,500.7,COMPUTED_MICRODATA,"OECD PUF via learningtower, gewichtetes Quantil (1 PV)",n = 7364
M479 (S07),Romania,2022,read,P90,560.0,COMPUTED_MICRODATA,"OECD PUF via learningtower, gewichtetes Quantil (1 PV)",n = 7364
M479 (S07),Romania,2022,sci,P10,302.6,COMPUTED_MICRODATA,"OECD PUF via learningtower, gewichtetes Quantil (1 PV)",n = 7364
M479 (S07),Romania,2022,sci,P25,353.8,COMPUTED_MICRODATA,"OECD PUF via learningtower, gewichtetes Quantil (1 PV)",n = 7364
M479 (S07),Romania,2022,sci,P50,425.5,COMPUTED_MICRODATA,"OECD PUF via learningtower, gewichtetes Quantil (1 PV)",n = 7364
M479 (S07),Romania,2022,sci,P75,495.3,COMPUTED_MICRODATA,"OECD PUF via learningtower, gewichtetes Quantil (1 PV)",n = 7364
M479 (S07),Romania,2022,sci,P90,556.1,COMPUTED_MICRODATA,"OECD PUF via learningtower, gewichtetes Quantil (1 PV)",n = 7364
M479 (S07),Saudi Arabia,2022,math,P10,309.5,COMPUTED_MICRODATA,"OECD PUF via learningtower, gewichtetes Quantil (1 PV)",n = 6928
M479 (S07),Saudi Arabia,2022,math,P25,344.7,COMPUTED_MICRODATA,"OECD PUF via learningtower, gewichtetes Quantil (1 PV)",n = 6928
M479 (S07),Saudi Arabia,2022,math,P50,386.0,COMPUTED_MICRODATA,"OECD PUF via learningtower, gewichtetes Quantil (1 PV)",n = 6928
M479 (S07),Saudi Arabia,2022,math,P75,431.4,COMPUTED_MICRODATA,"OECD PUF via learningtower, gewichtetes Quantil (1 PV)",n = 6928
M479 (S07),Saudi Arabia,2022,math,P90,474.8,COMPUTED_MICRODATA,"OECD PUF via learningtower, gewichtetes Quantil (1 PV)",n = 6928
M479 (S07),Saudi Arabia,2022,read,P10,282.2,COMPUTED_MICRODATA,"OECD PUF via learningtower, gewichtetes Quantil (1 PV)",n = 6928
M479 (S07),Saudi Arabia,2022,read,P25,328.3,COMPUTED_MICRODATA,"OECD PUF via learningtower, gewichtetes Quantil (1 PV)",n = 6928
M479 (S07),Saudi Arabia,2022,read,P50,381.2,COMPUTED_MICRODATA,"OECD PUF via learningtower, gewichtetes Quantil (1 PV)",n = 6928
M479 (S07),Saudi Arabia,2022,read,P75,436.5,COMPUTED_MICRODATA,"OECD PUF via learningtower, gewichtetes Quantil (1 PV)",n = 6928
M479 (S07),Saudi Arabia,2022,read,P90,485.2,COMPUTED_MICRODATA,"OECD PUF via learningtower, gewichtetes Quantil (1 PV)",n = 6928
M479 (S07),Saudi Arabia,2022,sci,P10,299.3,COMPUTED_MICRODATA,"OECD PUF via learningtower, gewichtetes Quantil (1 PV)",n = 6928
M479 (S07),Saudi Arabia,2022,sci,P25,339.2,COMPUTED_MICRODATA,"OECD PUF via learningtower, gewichtetes Quantil (1 PV)",n = 6928
M479 (S07),Saudi Arabia,2022,sci,P50,385.6,COMPUTED_MICRODATA,"OECD PUF via learningtower, gewichtetes Quantil (1 PV)",n = 6928
M479 (S07),Saudi Arabia,2022,sci,P75,436.7,COMPUTED_MICRODATA,"OECD PUF via learningtower, gewichtetes Quantil (1 PV)",n = 6928
M479 (S07),Saudi Arabia,2022,sci,P90,484.4,COMPUTED_MICRODATA,"OECD PUF via learningtower, gewichtetes Quantil (1 PV)",n = 6928
M479 (S07),Singapore,2022,math,P10,436.5,COMPUTED_MICRODATA,"OECD PUF via learningtower, gewichtetes Quantil (1 PV)",n = 6606
M479 (S07),Singapore,2022,math,P25,504.3,COMPUTED_MICRODATA,"OECD PUF via learningtower, gewichtetes Quantil (1 PV)",n = 6606
M479 (S07),Singapore,2022,math,P50,583.0,COMPUTED_MICRODATA,"OECD PUF via learningtower, gewichtetes Quantil (1 PV)",n = 6606
M479 (S07),Singapore,2022,math,P75,648.7,COMPUTED_MICRODATA,"OECD PUF via learningtower, gewichtetes Quantil (1 PV)",n = 6606
M479 (S07),Singapore,2022,math,P90,702.3,COMPUTED_MICRODATA,"OECD PUF via learningtower, gewichtetes Quantil (1 PV)",n = 6606
M479 (S07),Singapore,2022,read,P10,403.0,COMPUTED_MICRODATA,"OECD PUF via learningtower, gewichtetes Quantil (1 PV)",n = 6606
M479 (S07),Singapore,2022,read,P25,477.8,COMPUTED_MICRODATA,"OECD PUF via learningtower, gewichtetes Quantil (1 PV)",n = 6606
M479 (S07),Singapore,2022,read,P50,552.8,COMPUTED_MICRODATA,"OECD PUF via learningtower, gewichtetes Quantil (1 PV)",n = 6606
M479 (S07),Singapore,2022,read,P75,619.6,COMPUTED_MICRODATA,"OECD PUF via learningtower, gewichtetes Quantil (1 PV)",n = 6606
M479 (S07),Singapore,2022,read,P90,672.6,COMPUTED_MICRODATA,"OECD PUF via learningtower, gewichtetes Quantil (1 PV)",n = 6606
M479 (S07),Singapore,2022,sci,P10,425.7,COMPUTED_MICRODATA,"OECD PUF via learningtower, gewichtetes Quantil (1 PV)",n = 6606
M479 (S07),Singapore,2022,sci,P25,496.5,COMPUTED_MICRODATA,"OECD PUF via learningtower, gewichtetes Quantil (1 PV)",n = 6606
M479 (S07),Singapore,2022,sci,P50,569.5,COMPUTED_MICRODATA,"OECD PUF via learningtower, gewichtetes Quantil (1 PV)",n = 6606
M479 (S07),Singapore,2022,sci,P75,631.2,COMPUTED_MICRODATA,"OECD PUF via learningtower, gewichtetes Quantil (1 PV)",n = 6606
M479 (S07),Singapore,2022,sci,P90,683.6,COMPUTED_MICRODATA,"OECD PUF via learningtower, gewichtetes Quantil (1 PV)",n = 6606
M479 (S07),El Salvador,2022,math,P10,273.6,COMPUTED_MICRODATA,"OECD PUF via learningtower, gewichtetes Quantil (1 PV)",n = 6705
M479 (S07),El Salvador,2022,math,P25,303.1,COMPUTED_MICRODATA,"OECD PUF via learningtower, gewichtetes Quantil (1 PV)",n = 6705
M479 (S07),El Salvador,2022,math,P50,339.7,COMPUTED_MICRODATA,"OECD PUF via learningtower, gewichtetes Quantil (1 PV)",n = 6705
M479 (S07),El Salvador,2022,math,P75,379.8,COMPUTED_MICRODATA,"OECD PUF via learningtower, gewichtetes Quantil (1 PV)",n = 6705
M479 (S07),El Salvador,2022,math,P90,423.4,COMPUTED_MICRODATA,"OECD PUF via learningtower, gewichtetes Quantil (1 PV)",n = 6705
M479 (S07),El Salvador,2022,read,P10,270.5,COMPUTED_MICRODATA,"OECD PUF via learningtower, gewichtetes Quantil (1 PV)",n = 6705
M479 (S07),El Salvador,2022,read,P25,310.1,COMPUTED_MICRODATA,"OECD PUF via learningtower, gewichtetes Quantil (1 PV)",n = 6705
M479 (S07),El Salvador,2022,read,P50,360.3,COMPUTED_MICRODATA,"OECD PUF via learningtower, gewichtetes Quantil (1 PV)",n = 6705
M479 (S07),El Salvador,2022,read,P75,417.8,COMPUTED_MICRODATA,"OECD PUF via learningtower, gewichtetes Quantil (1 PV)",n = 6705
M479 (S07),El Salvador,2022,read,P90,473.4,COMPUTED_MICRODATA,"OECD PUF via learningtower, gewichtetes Quantil (1 PV)",n = 6705
M479 (S07),El Salvador,2022,sci,P10,283.4,COMPUTED_MICRODATA,"OECD PUF via learningtower, gewichtetes Quantil (1 PV)",n = 6705
M479 (S07),El Salvador,2022,sci,P25,322.5,COMPUTED_MICRODATA,"OECD PUF via learningtower, gewichtetes Quantil (1 PV)",n = 6705
M479 (S07),El Salvador,2022,sci,P50,367.8,COMPUTED_MICRODATA,"OECD PUF via learningtower, gewichtetes Quantil (1 PV)",n = 6705
M479 (S07),El Salvador,2022,sci,P75,420.2,COMPUTED_MICRODATA,"OECD PUF via learningtower, gewichtetes Quantil (1 PV)",n = 6705
M479 (S07),El Salvador,2022,sci,P90,474.1,COMPUTED_MICRODATA,"OECD PUF via learningtower, gewichtetes Quantil (1 PV)",n = 6705
M479 (S07),Serbia,2022,math,P10,328.6,COMPUTED_MICRODATA,"OECD PUF via learningtower, gewichtetes Quantil (1 PV)",n = 6413
M479 (S07),Serbia,2022,math,P25,376.2,COMPUTED_MICRODATA,"OECD PUF via learningtower, gewichtetes Quantil (1 PV)",n = 6413
M479 (S07),Serbia,2022,math,P50,435.2,COMPUTED_MICRODATA,"OECD PUF via learningtower, gewichtetes Quantil (1 PV)",n = 6413
M479 (S07),Serbia,2022,math,P75,497.7,COMPUTED_MICRODATA,"OECD PUF via learningtower, gewichtetes Quantil (1 PV)",n = 6413
M479 (S07),Serbia,2022,math,P90,560.5,COMPUTED_MICRODATA,"OECD PUF via learningtower, gewichtetes Quantil (1 PV)",n = 6413
M479 (S07),Serbia,2022,read,P10,322.7,COMPUTED_MICRODATA,"OECD PUF via learningtower, gewichtetes Quantil (1 PV)",n = 6413
M479 (S07),Serbia,2022,read,P25,379.1,COMPUTED_MICRODATA,"OECD PUF via learningtower, gewichtetes Quantil (1 PV)",n = 6413
M479 (S07),Serbia,2022,read,P50,443.2,COMPUTED_MICRODATA,"OECD PUF via learningtower, gewichtetes Quantil (1 PV)",n = 6413
M479 (S07),Serbia,2022,read,P75,504.0,COMPUTED_MICRODATA,"OECD PUF via learningtower, gewichtetes Quantil (1 PV)",n = 6413
M479 (S07),Serbia,2022,read,P90,560.2,COMPUTED_MICRODATA,"OECD PUF via learningtower, gewichtetes Quantil (1 PV)",n = 6413
M479 (S07),Serbia,2022,sci,P10,333.0,COMPUTED_MICRODATA,"OECD PUF via learningtower, gewichtetes Quantil (1 PV)",n = 6413
M479 (S07),Serbia,2022,sci,P25,383.4,COMPUTED_MICRODATA,"OECD PUF via learningtower, gewichtetes Quantil (1 PV)",n = 6413
M479 (S07),Serbia,2022,sci,P50,444.3,COMPUTED_MICRODATA,"OECD PUF via learningtower, gewichtetes Quantil (1 PV)",n = 6413
M479 (S07),Serbia,2022,sci,P75,507.9,COMPUTED_MICRODATA,"OECD PUF via learningtower, gewichtetes Quantil (1 PV)",n = 6413
M479 (S07),Serbia,2022,sci,P90,566.3,COMPUTED_MICRODATA,"OECD PUF via learningtower, gewichtetes Quantil (1 PV)",n = 6413
M479 (S07),Slovak Republic,2022,math,P10,327.6,COMPUTED_MICRODATA,"OECD PUF via learningtower, gewichtetes Quantil (1 PV)",n = 5824
M479 (S07),Slovak Republic,2022,math,P25,392.5,COMPUTED_MICRODATA,"OECD PUF via learningtower, gewichtetes Quantil (1 PV)",n = 5824
M479 (S07),Slovak Republic,2022,math,P50,468.8,COMPUTED_MICRODATA,"OECD PUF via learningtower, gewichtetes Quantil (1 PV)",n = 5824
M479 (S07),Slovak Republic,2022,math,P75,536.1,COMPUTED_MICRODATA,"OECD PUF via learningtower, gewichtetes Quantil (1 PV)",n = 5824
M479 (S07),Slovak Republic,2022,math,P90,589.9,COMPUTED_MICRODATA,"OECD PUF via learningtower, gewichtetes Quantil (1 PV)",n = 5824
M479 (S07),Slovak Republic,2022,read,P10,306.7,COMPUTED_MICRODATA,"OECD PUF via learningtower, gewichtetes Quantil (1 PV)",n = 5824
M479 (S07),Slovak Republic,2022,read,P25,371.3,COMPUTED_MICRODATA,"OECD PUF via learningtower, gewichtetes Quantil (1 PV)",n = 5824
M479 (S07),Slovak Republic,2022,read,P50,450.3,COMPUTED_MICRODATA,"OECD PUF via learningtower, gewichtetes Quantil (1 PV)",n = 5824
M479 (S07),Slovak Republic,2022,read,P75,524.5,COMPUTED_MICRODATA,"OECD PUF via learningtower, gewichtetes Quantil (1 PV)",n = 5824
M479 (S07),Slovak Republic,2022,read,P90,582.1,COMPUTED_MICRODATA,"OECD PUF via learningtower, gewichtetes Quantil (1 PV)",n = 5824
M479 (S07),Slovak Republic,2022,sci,P10,322.4,COMPUTED_MICRODATA,"OECD PUF via learningtower, gewichtetes Quantil (1 PV)",n = 5824
M479 (S07),Slovak Republic,2022,sci,P25,389.9,COMPUTED_MICRODATA,"OECD PUF via learningtower, gewichtetes Quantil (1 PV)",n = 5824
M479 (S07),Slovak Republic,2022,sci,P50,464.7,COMPUTED_MICRODATA,"OECD PUF via learningtower, gewichtetes Quantil (1 PV)",n = 5824
M479 (S07),Slovak Republic,2022,sci,P75,537.7,COMPUTED_MICRODATA,"OECD PUF via learningtower, gewichtetes Quantil (1 PV)",n = 5824
M479 (S07),Slovak Republic,2022,sci,P90,594.0,COMPUTED_MICRODATA,"OECD PUF via learningtower, gewichtetes Quantil (1 PV)",n = 5824
M479 (S07),Slovenia,2022,math,P10,369.3,COMPUTED_MICRODATA,"OECD PUF via learningtower, gewichtetes Quantil (1 PV)",n = 6721
M479 (S07),Slovenia,2022,math,P25,420.9,COMPUTED_MICRODATA,"OECD PUF via learningtower, gewichtetes Quantil (1 PV)",n = 6721
M479 (S07),Slovenia,2022,math,P50,483.4,COMPUTED_MICRODATA,"OECD PUF via learningtower, gewichtetes Quantil (1 PV)",n = 6721
M479 (S07),Slovenia,2022,math,P75,546.7,COMPUTED_MICRODATA,"OECD PUF via learningtower, gewichtetes Quantil (1 PV)",n = 6721
M479 (S07),Slovenia,2022,math,P90,603.9,COMPUTED_MICRODATA,"OECD PUF via learningtower, gewichtetes Quantil (1 PV)",n = 6721
M479 (S07),Slovenia,2022,read,P10,340.0,COMPUTED_MICRODATA,"OECD PUF via learningtower, gewichtetes Quantil (1 PV)",n = 6721
M479 (S07),Slovenia,2022,read,P25,403.3,COMPUTED_MICRODATA,"OECD PUF via learningtower, gewichtetes Quantil (1 PV)",n = 6721
M479 (S07),Slovenia,2022,read,P50,473.9,COMPUTED_MICRODATA,"OECD PUF via learningtower, gewichtetes Quantil (1 PV)",n = 6721
M479 (S07),Slovenia,2022,read,P75,535.5,COMPUTED_MICRODATA,"OECD PUF via learningtower, gewichtetes Quantil (1 PV)",n = 6721
M479 (S07),Slovenia,2022,read,P90,590.3,COMPUTED_MICRODATA,"OECD PUF via learningtower, gewichtetes Quantil (1 PV)",n = 6721
M479 (S07),Slovenia,2022,sci,P10,375.8,COMPUTED_MICRODATA,"OECD PUF via learningtower, gewichtetes Quantil (1 PV)",n = 6721
M479 (S07),Slovenia,2022,sci,P25,434.5,COMPUTED_MICRODATA,"OECD PUF via learningtower, gewichtetes Quantil (1 PV)",n = 6721
M479 (S07),Slovenia,2022,sci,P50,498.1,COMPUTED_MICRODATA,"OECD PUF via learningtower, gewichtetes Quantil (1 PV)",n = 6721
M479 (S07),Slovenia,2022,sci,P75,566.5,COMPUTED_MICRODATA,"OECD PUF via learningtower, gewichtetes Quantil (1 PV)",n = 6721
M479 (S07),Slovenia,2022,sci,P90,623.8,COMPUTED_MICRODATA,"OECD PUF via learningtower, gewichtetes Quantil (1 PV)",n = 6721
M479 (S07),Sweden,2022,math,P10,355.4,COMPUTED_MICRODATA,"OECD PUF via learningtower, gewichtetes Quantil (1 PV)",n = 6072
M479 (S07),Sweden,2022,math,P25,411.4,COMPUTED_MICRODATA,"OECD PUF via learningtower, gewichtetes Quantil (1 PV)",n = 6072
M479 (S07),Sweden,2022,math,P50,483.9,COMPUTED_MICRODATA,"OECD PUF via learningtower, gewichtetes Quantil (1 PV)",n = 6072
M479 (S07),Sweden,2022,math,P75,547.7,COMPUTED_MICRODATA,"OECD PUF via learningtower, gewichtetes Quantil (1 PV)",n = 6072
M479 (S07),Sweden,2022,math,P90,605.1,COMPUTED_MICRODATA,"OECD PUF via learningtower, gewichtetes Quantil (1 PV)",n = 6072
M479 (S07),Sweden,2022,read,P10,336.6,COMPUTED_MICRODATA,"OECD PUF via learningtower, gewichtetes Quantil (1 PV)",n = 6072
M479 (S07),Sweden,2022,read,P25,410.1,COMPUTED_MICRODATA,"OECD PUF via learningtower, gewichtetes Quantil (1 PV)",n = 6072
M479 (S07),Sweden,2022,read,P50,490.3,COMPUTED_MICRODATA,"OECD PUF via learningtower, gewichtetes Quantil (1 PV)",n = 6072
M479 (S07),Sweden,2022,read,P75,566.9,COMPUTED_MICRODATA,"OECD PUF via learningtower, gewichtetes Quantil (1 PV)",n = 6072
M479 (S07),Sweden,2022,read,P90,625.4,COMPUTED_MICRODATA,"OECD PUF via learningtower, gewichtetes Quantil (1 PV)",n = 6072
M479 (S07),Sweden,2022,sci,P10,351.0,COMPUTED_MICRODATA,"OECD PUF via learningtower, gewichtetes Quantil (1 PV)",n = 6072
M479 (S07),Sweden,2022,sci,P25,414.5,COMPUTED_MICRODATA,"OECD PUF via learningtower, gewichtetes Quantil (1 PV)",n = 6072
M479 (S07),Sweden,2022,sci,P50,495.8,COMPUTED_MICRODATA,"OECD PUF via learningtower, gewichtetes Quantil (1 PV)",n = 6072
M479 (S07),Sweden,2022,sci,P75,572.1,COMPUTED_MICRODATA,"OECD PUF via learningtower, gewichtetes Quantil (1 PV)",n = 6072
M479 (S07),Sweden,2022,sci,P90,631.8,COMPUTED_MICRODATA,"OECD PUF via learningtower, gewichtetes Quantil (1 PV)",n = 6072
M479 (S07),Chinese Taipei,2022,math,P10,396.3,COMPUTED_MICRODATA,"OECD PUF via learningtower, gewichtetes Quantil (1 PV)",n = 5857
M479 (S07),Chinese Taipei,2022,math,P25,469.8,COMPUTED_MICRODATA,"OECD PUF via learningtower, gewichtetes Quantil (1 PV)",n = 5857
M479 (S07),Chinese Taipei,2022,math,P50,553.4,COMPUTED_MICRODATA,"OECD PUF via learningtower, gewichtetes Quantil (1 PV)",n = 5857
M479 (S07),Chinese Taipei,2022,math,P75,628.8,COMPUTED_MICRODATA,"OECD PUF via learningtower, gewichtetes Quantil (1 PV)",n = 5857
M479 (S07),Chinese Taipei,2022,math,P90,685.8,COMPUTED_MICRODATA,"OECD PUF via learningtower, gewichtetes Quantil (1 PV)",n = 5857
M479 (S07),Chinese Taipei,2022,read,P10,376.5,COMPUTED_MICRODATA,"OECD PUF via learningtower, gewichtetes Quantil (1 PV)",n = 5857
M479 (S07),Chinese Taipei,2022,read,P25,446.2,COMPUTED_MICRODATA,"OECD PUF via learningtower, gewichtetes Quantil (1 PV)",n = 5857
M479 (S07),Chinese Taipei,2022,read,P50,522.4,COMPUTED_MICRODATA,"OECD PUF via learningtower, gewichtetes Quantil (1 PV)",n = 5857
M479 (S07),Chinese Taipei,2022,read,P75,587.6,COMPUTED_MICRODATA,"OECD PUF via learningtower, gewichtetes Quantil (1 PV)",n = 5857
M479 (S07),Chinese Taipei,2022,read,P90,641.8,COMPUTED_MICRODATA,"OECD PUF via learningtower, gewichtetes Quantil (1 PV)",n = 5857
M479 (S07),Chinese Taipei,2022,sci,P10,397.1,COMPUTED_MICRODATA,"OECD PUF via learningtower, gewichtetes Quantil (1 PV)",n = 5857
M479 (S07),Chinese Taipei,2022,sci,P25,470.2,COMPUTED_MICRODATA,"OECD PUF via learningtower, gewichtetes Quantil (1 PV)",n = 5857
M479 (S07),Chinese Taipei,2022,sci,P50,544.5,COMPUTED_MICRODATA,"OECD PUF via learningtower, gewichtetes Quantil (1 PV)",n = 5857
M479 (S07),Chinese Taipei,2022,sci,P75,610.0,COMPUTED_MICRODATA,"OECD PUF via learningtower, gewichtetes Quantil (1 PV)",n = 5857
M479 (S07),Chinese Taipei,2022,sci,P90,663.2,COMPUTED_MICRODATA,"OECD PUF via learningtower, gewichtetes Quantil (1 PV)",n = 5857
M479 (S07),Thailand,2022,math,P10,307.3,COMPUTED_MICRODATA,"OECD PUF via learningtower, gewichtetes Quantil (1 PV)",n = 8495
M479 (S07),Thailand,2022,math,P25,340.4,COMPUTED_MICRODATA,"OECD PUF via learningtower, gewichtetes Quantil (1 PV)",n = 8495
M479 (S07),Thailand,2022,math,P50,384.7,COMPUTED_MICRODATA,"OECD PUF via learningtower, gewichtetes Quantil (1 PV)",n = 8495
M479 (S07),Thailand,2022,math,P75,437.6,COMPUTED_MICRODATA,"OECD PUF via learningtower, gewichtetes Quantil (1 PV)",n = 8495
M479 (S07),Thailand,2022,math,P90,498.2,COMPUTED_MICRODATA,"OECD PUF via learningtower, gewichtetes Quantil (1 PV)",n = 8495
M479 (S07),Thailand,2022,read,P10,280.3,COMPUTED_MICRODATA,"OECD PUF via learningtower, gewichtetes Quantil (1 PV)",n = 8495
M479 (S07),Thailand,2022,read,P25,323.3,COMPUTED_MICRODATA,"OECD PUF via learningtower, gewichtetes Quantil (1 PV)",n = 8495
M479 (S07),Thailand,2022,read,P50,373.8,COMPUTED_MICRODATA,"OECD PUF via learningtower, gewichtetes Quantil (1 PV)",n = 8495
M479 (S07),Thailand,2022,read,P75,430.5,COMPUTED_MICRODATA,"OECD PUF via learningtower, gewichtetes Quantil (1 PV)",n = 8495
M479 (S07),Thailand,2022,read,P90,484.8,COMPUTED_MICRODATA,"OECD PUF via learningtower, gewichtetes Quantil (1 PV)",n = 8495
M479 (S07),Thailand,2022,sci,P10,310.4,COMPUTED_MICRODATA,"OECD PUF via learningtower, gewichtetes Quantil (1 PV)",n = 8495
M479 (S07),Thailand,2022,sci,P25,352.8,COMPUTED_MICRODATA,"OECD PUF via learningtower, gewichtetes Quantil (1 PV)",n = 8495
M479 (S07),Thailand,2022,sci,P50,403.2,COMPUTED_MICRODATA,"OECD PUF via learningtower, gewichtetes Quantil (1 PV)",n = 8495
M479 (S07),Thailand,2022,sci,P75,462.2,COMPUTED_MICRODATA,"OECD PUF via learningtower, gewichtetes Quantil (1 PV)",n = 8495
M479 (S07),Thailand,2022,sci,P90,519.0,COMPUTED_MICRODATA,"OECD PUF via learningtower, gewichtetes Quantil (1 PV)",n = 8495
M479 (S07),Türkiye,2022,math,P10,339.7,COMPUTED_MICRODATA,"OECD PUF via learningtower, gewichtetes Quantil (1 PV)",n = 7250
M479 (S07),Türkiye,2022,math,P25,388.4,COMPUTED_MICRODATA,"OECD PUF via learningtower, gewichtetes Quantil (1 PV)",n = 7250
M479 (S07),Türkiye,2022,math,P50,447.8,COMPUTED_MICRODATA,"OECD PUF via learningtower, gewichtetes Quantil (1 PV)",n = 7250
M479 (S07),Türkiye,2022,math,P75,514.8,COMPUTED_MICRODATA,"OECD PUF via learningtower, gewichtetes Quantil (1 PV)",n = 7250
M479 (S07),Türkiye,2022,math,P90,577.4,COMPUTED_MICRODATA,"OECD PUF via learningtower, gewichtetes Quantil (1 PV)",n = 7250
M479 (S07),Türkiye,2022,read,P10,340.4,COMPUTED_MICRODATA,"OECD PUF via learningtower, gewichtetes Quantil (1 PV)",n = 7250
M479 (S07),Türkiye,2022,read,P25,393.8,COMPUTED_MICRODATA,"OECD PUF via learningtower, gewichtetes Quantil (1 PV)",n = 7250
M479 (S07),Türkiye,2022,read,P50,457.7,COMPUTED_MICRODATA,"OECD PUF via learningtower, gewichtetes Quantil (1 PV)",n = 7250
M479 (S07),Türkiye,2022,read,P75,518.5,COMPUTED_MICRODATA,"OECD PUF via learningtower, gewichtetes Quantil (1 PV)",n = 7250
M479 (S07),Türkiye,2022,read,P90,568.4,COMPUTED_MICRODATA,"OECD PUF via learningtower, gewichtetes Quantil (1 PV)",n = 7250
M479 (S07),Türkiye,2022,sci,P10,361.9,COMPUTED_MICRODATA,"OECD PUF via learningtower, gewichtetes Quantil (1 PV)",n = 7250
M479 (S07),Türkiye,2022,sci,P25,412.6,COMPUTED_MICRODATA,"OECD PUF via learningtower, gewichtetes Quantil (1 PV)",n = 7250
M479 (S07),Türkiye,2022,sci,P50,474.9,COMPUTED_MICRODATA,"OECD PUF via learningtower, gewichtetes Quantil (1 PV)",n = 7250
M479 (S07),Türkiye,2022,sci,P75,539.6,COMPUTED_MICRODATA,"OECD PUF via learningtower, gewichtetes Quantil (1 PV)",n = 7250
M479 (S07),Türkiye,2022,sci,P90,596.5,COMPUTED_MICRODATA,"OECD PUF via learningtower, gewichtetes Quantil (1 PV)",n = 7250
M479 (S07),Uruguay,2022,math,P10,301.4,COMPUTED_MICRODATA,"OECD PUF via learningtower, gewichtetes Quantil (1 PV)",n = 6618
M479 (S07),Uruguay,2022,math,P25,347.6,COMPUTED_MICRODATA,"OECD PUF via learningtower, gewichtetes Quantil (1 PV)",n = 6618
M479 (S07),Uruguay,2022,math,P50,404.7,COMPUTED_MICRODATA,"OECD PUF via learningtower, gewichtetes Quantil (1 PV)",n = 6618
M479 (S07),Uruguay,2022,math,P75,467.4,COMPUTED_MICRODATA,"OECD PUF via learningtower, gewichtetes Quantil (1 PV)",n = 6618
M479 (S07),Uruguay,2022,math,P90,521.9,COMPUTED_MICRODATA,"OECD PUF via learningtower, gewichtetes Quantil (1 PV)",n = 6618
M479 (S07),Uruguay,2022,read,P10,298.0,COMPUTED_MICRODATA,"OECD PUF via learningtower, gewichtetes Quantil (1 PV)",n = 6618
M479 (S07),Uruguay,2022,read,P25,360.8,COMPUTED_MICRODATA,"OECD PUF via learningtower, gewichtetes Quantil (1 PV)",n = 6618
M479 (S07),Uruguay,2022,read,P50,432.3,COMPUTED_MICRODATA,"OECD PUF via learningtower, gewichtetes Quantil (1 PV)",n = 6618
M479 (S07),Uruguay,2022,read,P75,501.1,COMPUTED_MICRODATA,"OECD PUF via learningtower, gewichtetes Quantil (1 PV)",n = 6618
M479 (S07),Uruguay,2022,read,P90,560.2,COMPUTED_MICRODATA,"OECD PUF via learningtower, gewichtetes Quantil (1 PV)",n = 6618
M479 (S07),Uruguay,2022,sci,P10,314.1,COMPUTED_MICRODATA,"OECD PUF via learningtower, gewichtetes Quantil (1 PV)",n = 6618
M479 (S07),Uruguay,2022,sci,P25,365.7,COMPUTED_MICRODATA,"OECD PUF via learningtower, gewichtetes Quantil (1 PV)",n = 6618
M479 (S07),Uruguay,2022,sci,P50,430.9,COMPUTED_MICRODATA,"OECD PUF via learningtower, gewichtetes Quantil (1 PV)",n = 6618
M479 (S07),Uruguay,2022,sci,P75,497.3,COMPUTED_MICRODATA,"OECD PUF via learningtower, gewichtetes Quantil (1 PV)",n = 6618
M479 (S07),Uruguay,2022,sci,P90,556.4,COMPUTED_MICRODATA,"OECD PUF via learningtower, gewichtetes Quantil (1 PV)",n = 6618
M479 (S07),United States,2022,math,P10,342.8,COMPUTED_MICRODATA,"OECD PUF via learningtower, gewichtetes Quantil (1 PV)",n = 4552
M479 (S07),United States,2022,math,P25,393.0,COMPUTED_MICRODATA,"OECD PUF via learningtower, gewichtetes Quantil (1 PV)",n = 4552
M479 (S07),United States,2022,math,P50,460.6,COMPUTED_MICRODATA,"OECD PUF via learningtower, gewichtetes Quantil (1 PV)",n = 4552
M479 (S07),United States,2022,math,P75,531.0,COMPUTED_MICRODATA,"OECD PUF via learningtower, gewichtetes Quantil (1 PV)",n = 4552
M479 (S07),United States,2022,math,P90,589.5,COMPUTED_MICRODATA,"OECD PUF via learningtower, gewichtetes Quantil (1 PV)",n = 4552
M479 (S07),United States,2022,read,P10,361.3,COMPUTED_MICRODATA,"OECD PUF via learningtower, gewichtetes Quantil (1 PV)",n = 4552
M479 (S07),United States,2022,read,P25,429.8,COMPUTED_MICRODATA,"OECD PUF via learningtower, gewichtetes Quantil (1 PV)",n = 4552
M479 (S07),United States,2022,read,P50,506.9,COMPUTED_MICRODATA,"OECD PUF via learningtower, gewichtetes Quantil (1 PV)",n = 4552
M479 (S07),United States,2022,read,P75,584.3,COMPUTED_MICRODATA,"OECD PUF via learningtower, gewichtetes Quantil (1 PV)",n = 4552
M479 (S07),United States,2022,read,P90,649.0,COMPUTED_MICRODATA,"OECD PUF via learningtower, gewichtetes Quantil (1 PV)",n = 4552
M479 (S07),United States,2022,sci,P10,355.8,COMPUTED_MICRODATA,"OECD PUF via learningtower, gewichtetes Quantil (1 PV)",n = 4552
M479 (S07),United States,2022,sci,P25,420.8,COMPUTED_MICRODATA,"OECD PUF via learningtower, gewichtetes Quantil (1 PV)",n = 4552
M479 (S07),United States,2022,sci,P50,501.3,COMPUTED_MICRODATA,"OECD PUF via learningtower, gewichtetes Quantil (1 PV)",n = 4552
M479 (S07),United States,2022,sci,P75,577.0,COMPUTED_MICRODATA,"OECD PUF via learningtower, gewichtetes Quantil (1 PV)",n = 4552
M479 (S07),United States,2022,sci,P90,641.8,COMPUTED_MICRODATA,"OECD PUF via learningtower, gewichtetes Quantil (1 PV)",n = 4552
M479 (S07),Uzbekistan,2022,math,P10,282.0,COMPUTED_MICRODATA,"OECD PUF via learningtower, gewichtetes Quantil (1 PV)",n = 7293
M479 (S07),Uzbekistan,2022,math,P25,318.3,COMPUTED_MICRODATA,"OECD PUF via learningtower, gewichtetes Quantil (1 PV)",n = 7293
M479 (S07),Uzbekistan,2022,math,P50,360.5,COMPUTED_MICRODATA,"OECD PUF via learningtower, gewichtetes Quantil (1 PV)",n = 7293
M479 (S07),Uzbekistan,2022,math,P75,407.3,COMPUTED_MICRODATA,"OECD PUF via learningtower, gewichtetes Quantil (1 PV)",n = 7293
M479 (S07),Uzbekistan,2022,math,P90,452.8,COMPUTED_MICRODATA,"OECD PUF via learningtower, gewichtetes Quantil (1 PV)",n = 7293
M479 (S07),Uzbekistan,2022,read,P10,253.5,COMPUTED_MICRODATA,"OECD PUF via learningtower, gewichtetes Quantil (1 PV)",n = 7293
M479 (S07),Uzbekistan,2022,read,P25,291.0,COMPUTED_MICRODATA,"OECD PUF via learningtower, gewichtetes Quantil (1 PV)",n = 7293
M479 (S07),Uzbekistan,2022,read,P50,334.7,COMPUTED_MICRODATA,"OECD PUF via learningtower, gewichtetes Quantil (1 PV)",n = 7293
M479 (S07),Uzbekistan,2022,read,P75,380.1,COMPUTED_MICRODATA,"OECD PUF via learningtower, gewichtetes Quantil (1 PV)",n = 7293
M479 (S07),Uzbekistan,2022,read,P90,421.9,COMPUTED_MICRODATA,"OECD PUF via learningtower, gewichtetes Quantil (1 PV)",n = 7293
M479 (S07),Uzbekistan,2022,sci,P10,275.2,COMPUTED_MICRODATA,"OECD PUF via learningtower, gewichtetes Quantil (1 PV)",n = 7293
M479 (S07),Uzbekistan,2022,sci,P25,311.1,COMPUTED_MICRODATA,"OECD PUF via learningtower, gewichtetes Quantil (1 PV)",n = 7293
M479 (S07),Uzbekistan,2022,sci,P50,352.5,COMPUTED_MICRODATA,"OECD PUF via learningtower, gewichtetes Quantil (1 PV)",n = 7293
M479 (S07),Uzbekistan,2022,sci,P75,397.0,COMPUTED_MICRODATA,"OECD PUF via learningtower, gewichtetes Quantil (1 PV)",n = 7293
M479 (S07),Uzbekistan,2022,sci,P90,438.0,COMPUTED_MICRODATA,"OECD PUF via learningtower, gewichtetes Quantil (1 PV)",n = 7293
M479 (S07),Viet Nam,2022,math,P10,358.5,COMPUTED_MICRODATA,"OECD PUF via learningtower, gewichtetes Quantil (1 PV)",n = 6068
M479 (S07),Viet Nam,2022,math,P25,411.4,COMPUTED_MICRODATA,"OECD PUF via learningtower, gewichtetes Quantil (1 PV)",n = 6068
M479 (S07),Viet Nam,2022,math,P50,468.8,COMPUTED_MICRODATA,"OECD PUF via learningtower, gewichtetes Quantil (1 PV)",n = 6068
M479 (S07),Viet Nam,2022,math,P75,527.2,COMPUTED_MICRODATA,"OECD PUF via learningtower, gewichtetes Quantil (1 PV)",n = 6068
M479 (S07),Viet Nam,2022,math,P90,581.9,COMPUTED_MICRODATA,"OECD PUF via learningtower, gewichtetes Quantil (1 PV)",n = 6068
M479 (S07),Viet Nam,2022,read,P10,361.8,COMPUTED_MICRODATA,"OECD PUF via learningtower, gewichtetes Quantil (1 PV)",n = 6068
M479 (S07),Viet Nam,2022,read,P25,413.9,COMPUTED_MICRODATA,"OECD PUF via learningtower, gewichtetes Quantil (1 PV)",n = 6068
M479 (S07),Viet Nam,2022,read,P50,464.5,COMPUTED_MICRODATA,"OECD PUF via learningtower, gewichtetes Quantil (1 PV)",n = 6068
M479 (S07),Viet Nam,2022,read,P75,514.6,COMPUTED_MICRODATA,"OECD PUF via learningtower, gewichtetes Quantil (1 PV)",n = 6068
M479 (S07),Viet Nam,2022,read,P90,556.8,COMPUTED_MICRODATA,"OECD PUF via learningtower, gewichtetes Quantil (1 PV)",n = 6068
M479 (S07),Viet Nam,2022,sci,P10,371.2,COMPUTED_MICRODATA,"OECD PUF via learningtower, gewichtetes Quantil (1 PV)",n = 6068
M479 (S07),Viet Nam,2022,sci,P25,420.3,COMPUTED_MICRODATA,"OECD PUF via learningtower, gewichtetes Quantil (1 PV)",n = 6068
M479 (S07),Viet Nam,2022,sci,P50,473.5,COMPUTED_MICRODATA,"OECD PUF via learningtower, gewichtetes Quantil (1 PV)",n = 6068
M479 (S07),Viet Nam,2022,sci,P75,527.4,COMPUTED_MICRODATA,"OECD PUF via learningtower, gewichtetes Quantil (1 PV)",n = 6068
M479 (S07),Viet Nam,2022,sci,P90,573.8,COMPUTED_MICRODATA,"OECD PUF via learningtower, gewichtetes Quantil (1 PV)",n = 6068
M479 (S07),OECD average,2022,math,P10,354.7,COMPUTED_MICRODATA,"OECD PUF via learningtower, gewichtetes Quantil (1 PV)",n = 37
M479 (S07),OECD average,2022,math,P25,408.2,COMPUTED_MICRODATA,"OECD PUF via learningtower, gewichtetes Quantil (1 PV)",n = 37
M479 (S07),OECD average,2022,math,P50,472.3,COMPUTED_MICRODATA,"OECD PUF via learningtower, gewichtetes Quantil (1 PV)",n = 37
M479 (S07),OECD average,2022,math,P75,535.2,COMPUTED_MICRODATA,"OECD PUF via learningtower, gewichtetes Quantil (1 PV)",n = 37
M479 (S07),OECD average,2022,math,P90,589.9,COMPUTED_MICRODATA,"OECD PUF via learningtower, gewichtetes Quantil (1 PV)",n = 37
M479 (S07),OECD average,2022,read,P10,342.1,COMPUTED_MICRODATA,"OECD PUF via learningtower, gewichtetes Quantil (1 PV)",n = 37
M479 (S07),OECD average,2022,read,P25,406.3,COMPUTED_MICRODATA,"OECD PUF via learningtower, gewichtetes Quantil (1 PV)",n = 37
M479 (S07),OECD average,2022,read,P50,478.8,COMPUTED_MICRODATA,"OECD PUF via learningtower, gewichtetes Quantil (1 PV)",n = 37
M479 (S07),OECD average,2022,read,P75,547.5,COMPUTED_MICRODATA,"OECD PUF via learningtower, gewichtetes Quantil (1 PV)",n = 37
M479 (S07),OECD average,2022,read,P90,603.7,COMPUTED_MICRODATA,"OECD PUF via learningtower, gewichtetes Quantil (1 PV)",n = 37
M479 (S07),OECD average,2022,sci,P10,356.1,COMPUTED_MICRODATA,"OECD PUF via learningtower, gewichtetes Quantil (1 PV)",n = 37
M479 (S07),OECD average,2022,sci,P25,415.6,COMPUTED_MICRODATA,"OECD PUF via learningtower, gewichtetes Quantil (1 PV)",n = 37
M479 (S07),OECD average,2022,sci,P50,485.9,COMPUTED_MICRODATA,"OECD PUF via learningtower, gewichtetes Quantil (1 PV)",n = 37
M479 (S07),OECD average,2022,sci,P75,554.0,COMPUTED_MICRODATA,"OECD PUF via learningtower, gewichtetes Quantil (1 PV)",n = 37
M479 (S07),OECD average,2022,sci,P90,610.9,COMPUTED_MICRODATA,"OECD PUF via learningtower, gewichtetes Quantil (1 PV)",n = 37
