modul,einheit,zyklus,domaene,kennzahl,wert,art,quelle,hinweis
M302/M301,B-S-J-Z (China),2025,sci,Mittelwert,597.0,OFFICIAL_STATLINK,StatLink xgs41b Table I.2.o3–o6,
M302/M301,B-S-J-Z (China),2025,sci,SE (aus 95-%-KI),2.04,DERIVED_CI,"KI-Breite/(2·1,96)",
M302,B-S-J-Z (China),2025,sci,Rangspanne (alle),1–1,OFFICIAL_STATLINK,Table I.2.o3–o6,
M302/M301,B-S-J-Z (China),2025,read,Mittelwert,526.5,OFFICIAL_STATLINK,StatLink xgs41b Table I.2.o3–o6,
M302/M301,B-S-J-Z (China),2025,read,SE (aus 95-%-KI),1.79,DERIVED_CI,"KI-Breite/(2·1,96)",
M302,B-S-J-Z (China),2025,read,Rangspanne (alle),1–2,OFFICIAL_STATLINK,Table I.2.o3–o6,
M302/M301,B-S-J-Z (China),2025,math,Mittelwert,612.4,OFFICIAL_STATLINK,StatLink xgs41b Table I.2.o3–o6,
M302/M301,B-S-J-Z (China),2025,math,SE (aus 95-%-KI),2.55,DERIVED_CI,"KI-Breite/(2·1,96)",
M302,B-S-J-Z (China),2025,math,Rangspanne (alle),1–1,OFFICIAL_STATLINK,Table I.2.o3–o6,
M302/M301,B-S-J-Z (China),2025,cps,Mittelwert,560.3,OFFICIAL_STATLINK,StatLink xgs41b Table I.2.o3–o6,
M302/M301,B-S-J-Z (China),2025,cps,SE (aus 95-%-KI),1.53,DERIVED_CI,"KI-Breite/(2·1,96)",
M302,B-S-J-Z (China),2025,cps,Rangspanne (alle),2–4,OFFICIAL_STATLINK,Table I.2.o3–o6,
M302,B-S-J-Z (China),2025,sci,P10,481.9,OFFICIAL_STATLINK,Figure I.2.1,
M302,B-S-J-Z (China),2025,sci,P25,542.0,OFFICIAL_STATLINK,Figure I.2.1,
M302,B-S-J-Z (China),2025,sci,P50,602.5,OFFICIAL_STATLINK,Figure I.2.1,
M302,B-S-J-Z (China),2025,sci,P75,658.0,OFFICIAL_STATLINK,Figure I.2.1,
M302,B-S-J-Z (China),2025,sci,P90,705.0,OFFICIAL_STATLINK,Figure I.2.1,
M302/M301,B-S-J-Z (China),2025,sci,P90−P10,223.0,DERIVED_OFFICIAL,"Figure I.2.1, Differenz",
M302/M301,B-S-J-Z (China),2025,sci,unter Stufe 2 (%),2.5,DERIVED_OFFICIAL,"Figure I.2.3, Summe Stufen <1b–1a",
M302/M301,B-S-J-Z (China),2025,sci,Stufe 5–6 (%),35.6,DERIVED_OFFICIAL,"Figure I.2.3, Summe Stufen 5–6",
M302/M301,Singapore,2025,sci,Mittelwert,559.9,OFFICIAL_STATLINK,StatLink xgs41b Table I.2.o3–o6,
M302/M301,Singapore,2025,sci,SE (aus 95-%-KI),1.79,DERIVED_CI,"KI-Breite/(2·1,96)",
M302,Singapore,2025,sci,Rangspanne (alle),2–2,OFFICIAL_STATLINK,Table I.2.o3–o6,
M302/M301,Singapore,2025,read,Mittelwert,534.9,OFFICIAL_STATLINK,StatLink xgs41b Table I.2.o3–o6,
M302/M301,Singapore,2025,read,SE (aus 95-%-KI),2.04,DERIVED_CI,"KI-Breite/(2·1,96)",
M302,Singapore,2025,read,Rangspanne (alle),1–2,OFFICIAL_STATLINK,Table I.2.o3–o6,
M302/M301,Singapore,2025,math,Mittelwert,562.9,OFFICIAL_STATLINK,StatLink xgs41b Table I.2.o3–o6,
M302/M301,Singapore,2025,math,SE (aus 95-%-KI),1.53,DERIVED_CI,"KI-Breite/(2·1,96)",
M302,Singapore,2025,math,Rangspanne (alle),2–2,OFFICIAL_STATLINK,Table I.2.o3–o6,
M302/M301,Singapore,2025,cps,Mittelwert,563.5,OFFICIAL_STATLINK,StatLink xgs41b Table I.2.o3–o6,
M302/M301,Singapore,2025,cps,SE (aus 95-%-KI),1.28,DERIVED_CI,"KI-Breite/(2·1,96)",
M302,Singapore,2025,cps,Rangspanne (alle),2–4,OFFICIAL_STATLINK,Table I.2.o3–o6,
M302,Singapore,2025,sci,P10,410.6,OFFICIAL_STATLINK,Figure I.2.1,
M302,Singapore,2025,sci,P25,491.2,OFFICIAL_STATLINK,Figure I.2.1,
M302,Singapore,2025,sci,P50,571.4,OFFICIAL_STATLINK,Figure I.2.1,
M302,Singapore,2025,sci,P75,636.2,OFFICIAL_STATLINK,Figure I.2.1,
M302,Singapore,2025,sci,P90,686.6,OFFICIAL_STATLINK,Figure I.2.1,
M302/M301,Singapore,2025,sci,P90−P10,276.0,DERIVED_OFFICIAL,"Figure I.2.1, Differenz",
M302/M301,Singapore,2025,sci,unter Stufe 2 (%),9.9,DERIVED_OFFICIAL,"Figure I.2.3, Summe Stufen <1b–1a",
M302/M301,Singapore,2025,sci,Stufe 5–6 (%),26.1,DERIVED_OFFICIAL,"Figure I.2.3, Summe Stufen 5–6",
M302,Singapore,2022→2025,sci,Veränderung (n. s.),-1.6,OFFICIAL_STATLINK,Table I.2.6,
M302,Singapore,2022→2025,read,Veränderung (sig.),-7.7,OFFICIAL_STATLINK,Table I.2.6,
M302,Singapore,2022→2025,math,Veränderung (sig.),-11.8,OFFICIAL_STATLINK,Table I.2.6,
M302,Singapore,10 Jahre,sci,Dezennaltrend (sig.),7.3,OFFICIAL_STATLINK,Table I.2.9,
M302,Singapore,10 Jahre,read,Dezennaltrend (n. s.),-2.6,OFFICIAL_STATLINK,Table I.2.9,
M302,Singapore,10 Jahre,math,Dezennaltrend (n. s.),0.8,OFFICIAL_STATLINK,Table I.2.9,
M302/M301,Macao (China),2025,sci,Mittelwert,540.8,OFFICIAL_STATLINK,StatLink xgs41b Table I.2.o3–o6,
M302/M301,Macao (China),2025,sci,SE (aus 95-%-KI),1.02,DERIVED_CI,"KI-Breite/(2·1,96)",
M302,Macao (China),2025,sci,Rangspanne (alle),3–5,OFFICIAL_STATLINK,Table I.2.o3–o6,
M302/M301,Macao (China),2025,read,Mittelwert,501.1,OFFICIAL_STATLINK,StatLink xgs41b Table I.2.o3–o6,
M302/M301,Macao (China),2025,read,SE (aus 95-%-KI),1.02,DERIVED_CI,"KI-Breite/(2·1,96)",
M302,Macao (China),2025,read,Rangspanne (alle),3–11,OFFICIAL_STATLINK,Table I.2.o3–o6,
M302/M301,Macao (China),2025,math,Mittelwert,549.3,OFFICIAL_STATLINK,StatLink xgs41b Table I.2.o3–o6,
M302/M301,Macao (China),2025,math,SE (aus 95-%-KI),1.28,DERIVED_CI,"KI-Breite/(2·1,96)",
M302,Macao (China),2025,math,Rangspanne (alle),3–4,OFFICIAL_STATLINK,Table I.2.o3–o6,
M302/M301,Macao (China),2025,cps,Mittelwert,571.9,OFFICIAL_STATLINK,StatLink xgs41b Table I.2.o3–o6,
M302/M301,Macao (China),2025,cps,SE (aus 95-%-KI),1.02,DERIVED_CI,"KI-Breite/(2·1,96)",
M302,Macao (China),2025,cps,Rangspanne (alle),1–1,OFFICIAL_STATLINK,Table I.2.o3–o6,
M302,Macao (China),2025,sci,P10,423.1,OFFICIAL_STATLINK,Figure I.2.1,
M302,Macao (China),2025,sci,P25,484.6,OFFICIAL_STATLINK,Figure I.2.1,
M302,Macao (China),2025,sci,P50,545.8,OFFICIAL_STATLINK,Figure I.2.1,
M302,Macao (China),2025,sci,P75,603.1,OFFICIAL_STATLINK,Figure I.2.1,
M302,Macao (China),2025,sci,P90,649.8,OFFICIAL_STATLINK,Figure I.2.1,
M302/M301,Macao (China),2025,sci,P90−P10,226.7,DERIVED_OFFICIAL,"Figure I.2.1, Differenz",
M302/M301,Macao (China),2025,sci,unter Stufe 2 (%),7.9,DERIVED_OFFICIAL,"Figure I.2.3, Summe Stufen <1b–1a",
M302/M301,Macao (China),2025,sci,Stufe 5–6 (%),14.5,DERIVED_OFFICIAL,"Figure I.2.3, Summe Stufen 5–6",
M302,Macao (China),2022→2025,sci,Veränderung (n. s.),-2.3,OFFICIAL_STATLINK,Table I.2.6,
M302,Macao (China),2022→2025,read,Veränderung (sig.),-9.4,OFFICIAL_STATLINK,Table I.2.6,
M302,Macao (China),2022→2025,math,Veränderung (n. s.),-2.6,OFFICIAL_STATLINK,Table I.2.6,
M302,Macao (China),10 Jahre,sci,Dezennaltrend (sig.),10.4,OFFICIAL_STATLINK,Table I.2.9,
M302,Macao (China),10 Jahre,read,Dezennaltrend (sig.),-11.7,OFFICIAL_STATLINK,Table I.2.9,
M302,Macao (China),10 Jahre,math,Dezennaltrend (n. s.),2.8,OFFICIAL_STATLINK,Table I.2.9,
M302/M301,Chinese Taipei,2025,sci,Mittelwert,539.7,OFFICIAL_STATLINK,StatLink xgs41b Table I.2.o3–o6,
M302/M301,Chinese Taipei,2025,sci,SE (aus 95-%-KI),3.06,DERIVED_CI,"KI-Breite/(2·1,96)",
M302,Chinese Taipei,2025,sci,Rangspanne (alle),3–5,OFFICIAL_STATLINK,Table I.2.o3–o6,
M302/M301,Chinese Taipei,2025,read,Mittelwert,507.8,OFFICIAL_STATLINK,StatLink xgs41b Table I.2.o3–o6,
M302/M301,Chinese Taipei,2025,read,SE (aus 95-%-KI),3.06,DERIVED_CI,"KI-Breite/(2·1,96)",
M302,Chinese Taipei,2025,read,Rangspanne (alle),3–10,OFFICIAL_STATLINK,Table I.2.o3–o6,
M302/M301,Chinese Taipei,2025,math,Mittelwert,546.2,OFFICIAL_STATLINK,StatLink xgs41b Table I.2.o3–o6,
M302/M301,Chinese Taipei,2025,math,SE (aus 95-%-KI),3.06,DERIVED_CI,"KI-Breite/(2·1,96)",
M302,Chinese Taipei,2025,math,Rangspanne (alle),3–4,OFFICIAL_STATLINK,Table I.2.o3–o6,
M302/M301,Chinese Taipei,2025,cps,Mittelwert,550.9,OFFICIAL_STATLINK,StatLink xgs41b Table I.2.o3–o6,
M302/M301,Chinese Taipei,2025,cps,SE (aus 95-%-KI),2.55,DERIVED_CI,"KI-Breite/(2·1,96)",
M302,Chinese Taipei,2025,cps,Rangspanne (alle),4–6,OFFICIAL_STATLINK,Table I.2.o3–o6,
M302,Chinese Taipei,2025,sci,P10,390.7,OFFICIAL_STATLINK,Figure I.2.1,
M302,Chinese Taipei,2025,sci,P25,467.7,OFFICIAL_STATLINK,Figure I.2.1,
M302,Chinese Taipei,2025,sci,P50,548.2,OFFICIAL_STATLINK,Figure I.2.1,
M302,Chinese Taipei,2025,sci,P75,618.2,OFFICIAL_STATLINK,Figure I.2.1,
M302,Chinese Taipei,2025,sci,P90,672.0,OFFICIAL_STATLINK,Figure I.2.1,
M302/M301,Chinese Taipei,2025,sci,P90−P10,281.4,DERIVED_OFFICIAL,"Figure I.2.1, Differenz",
M302/M301,Chinese Taipei,2025,sci,unter Stufe 2 (%),12.9,DERIVED_OFFICIAL,"Figure I.2.3, Summe Stufen <1b–1a",
M302/M301,Chinese Taipei,2025,sci,Stufe 5–6 (%),20.1,DERIVED_OFFICIAL,"Figure I.2.3, Summe Stufen 5–6",
M302,Chinese Taipei,2022→2025,sci,Veränderung (n. s.),2.3,OFFICIAL_STATLINK,Table I.2.6,
M302,Chinese Taipei,2022→2025,read,Veränderung (n. s.),-7.4,OFFICIAL_STATLINK,Table I.2.6,
M302,Chinese Taipei,2022→2025,math,Veränderung (n. s.),-0.9,OFFICIAL_STATLINK,Table I.2.6,
M302,Chinese Taipei,10 Jahre,sci,Dezennaltrend (sig.),13.8,OFFICIAL_STATLINK,Table I.2.9,
M302,Chinese Taipei,10 Jahre,read,Dezennaltrend (sig.),13.5,OFFICIAL_STATLINK,Table I.2.9,
M302,Chinese Taipei,10 Jahre,math,Dezennaltrend (n. s.),8.8,OFFICIAL_STATLINK,Table I.2.9,
M302/M301,Japan,2025,sci,Mittelwert,537.6,OFFICIAL_STATLINK,StatLink xgs41b Table I.2.o3–o6,
M302/M301,Japan,2025,sci,SE (aus 95-%-KI),3.83,DERIVED_CI,"KI-Breite/(2·1,96)",
M302,Japan,2025,sci,Rangspanne (alle),3–7,OFFICIAL_STATLINK,Table I.2.o3–o6,
M302/M301,Japan,2025,read,Mittelwert,502.7,OFFICIAL_STATLINK,StatLink xgs41b Table I.2.o3–o6,
M302/M301,Japan,2025,read,SE (aus 95-%-KI),3.83,DERIVED_CI,"KI-Breite/(2·1,96)",
M302,Japan,2025,read,Rangspanne (alle),3–12,OFFICIAL_STATLINK,Table I.2.o3–o6,
M302/M301,Japan,2025,math,Mittelwert,525.4,OFFICIAL_STATLINK,StatLink xgs41b Table I.2.o3–o6,
M302/M301,Japan,2025,math,SE (aus 95-%-KI),4.34,DERIVED_CI,"KI-Breite/(2·1,96)",
M302,Japan,2025,math,Rangspanne (alle),5–7,OFFICIAL_STATLINK,Table I.2.o3–o6,
M302/M301,Japan,2025,cps,Mittelwert,557.3,OFFICIAL_STATLINK,StatLink xgs41b Table I.2.o3–o6,
M302/M301,Japan,2025,cps,SE (aus 95-%-KI),3.32,DERIVED_CI,"KI-Breite/(2·1,96)",
M302,Japan,2025,cps,Rangspanne (alle),2–5,OFFICIAL_STATLINK,Table I.2.o3–o6,
M302,Japan,2025,sci,P10,401.0,OFFICIAL_STATLINK,Figure I.2.1,
M302,Japan,2025,sci,P25,470.7,OFFICIAL_STATLINK,Figure I.2.1,
M302,Japan,2025,sci,P50,544.3,OFFICIAL_STATLINK,Figure I.2.1,
M302,Japan,2025,sci,P75,608.5,OFFICIAL_STATLINK,Figure I.2.1,
M302,Japan,2025,sci,P90,661.4,OFFICIAL_STATLINK,Figure I.2.1,
M302/M301,Japan,2025,sci,P90−P10,260.4,DERIVED_OFFICIAL,"Figure I.2.1, Differenz",
M302/M301,Japan,2025,sci,unter Stufe 2 (%),11.3,DERIVED_OFFICIAL,"Figure I.2.3, Summe Stufen <1b–1a",
M302/M301,Japan,2025,sci,Stufe 5–6 (%),17.2,DERIVED_OFFICIAL,"Figure I.2.3, Summe Stufen 5–6",
M302,Japan,2022→2025,sci,Veränderung (n. s.),-9.0,OFFICIAL_STATLINK,Table I.2.6,
M302,Japan,2022→2025,read,Veränderung (sig.),-13.1,OFFICIAL_STATLINK,Table I.2.6,
M302,Japan,2022→2025,math,Veränderung (n. s.),-10.2,OFFICIAL_STATLINK,Table I.2.6,
M302,Japan,10 Jahre,sci,Dezennaltrend (n. s.),5.3,OFFICIAL_STATLINK,Table I.2.9,
M302,Japan,10 Jahre,read,Dezennaltrend (n. s.),-7.3,OFFICIAL_STATLINK,Table I.2.9,
M302,Japan,10 Jahre,math,Dezennaltrend (n. s.),-3.1,OFFICIAL_STATLINK,Table I.2.9,
M302/M301,Estonia,2025,sci,Mittelwert,527.1,OFFICIAL_STATLINK,StatLink xgs41b Table I.2.o3–o6,
M302/M301,Estonia,2025,sci,SE (aus 95-%-KI),2.3,DERIVED_CI,"KI-Breite/(2·1,96)",
M302,Estonia,2025,sci,Rangspanne (alle),5–7,OFFICIAL_STATLINK,Table I.2.o3–o6,
M302/M301,Estonia,2025,read,Mittelwert,499.2,OFFICIAL_STATLINK,StatLink xgs41b Table I.2.o3–o6,
M302/M301,Estonia,2025,read,SE (aus 95-%-KI),2.55,DERIVED_CI,"KI-Breite/(2·1,96)",
M302,Estonia,2025,read,Rangspanne (alle),3–13,OFFICIAL_STATLINK,Table I.2.o3–o6,
M302/M301,Estonia,2025,math,Mittelwert,507.9,OFFICIAL_STATLINK,StatLink xgs41b Table I.2.o3–o6,
M302/M301,Estonia,2025,math,SE (aus 95-%-KI),2.3,DERIVED_CI,"KI-Breite/(2·1,96)",
M302,Estonia,2025,math,Rangspanne (alle),8–9,OFFICIAL_STATLINK,Table I.2.o3–o6,
M302/M301,Estonia,2025,cps,Mittelwert,540.7,OFFICIAL_STATLINK,StatLink xgs41b Table I.2.o3–o6,
M302/M301,Estonia,2025,cps,SE (aus 95-%-KI),1.79,DERIVED_CI,"KI-Breite/(2·1,96)",
M302,Estonia,2025,cps,Rangspanne (alle),6–8,OFFICIAL_STATLINK,Table I.2.o3–o6,
M302,Estonia,2025,sci,P10,409.8,OFFICIAL_STATLINK,Figure I.2.1,
M302,Estonia,2025,sci,P25,466.4,OFFICIAL_STATLINK,Figure I.2.1,
M302,Estonia,2025,sci,P50,529.7,OFFICIAL_STATLINK,Figure I.2.1,
M302,Estonia,2025,sci,P75,588.9,OFFICIAL_STATLINK,Figure I.2.1,
M302,Estonia,2025,sci,P90,639.5,OFFICIAL_STATLINK,Figure I.2.1,
M302/M301,Estonia,2025,sci,P90−P10,229.7,DERIVED_OFFICIAL,"Figure I.2.1, Differenz",
M302/M301,Estonia,2025,sci,unter Stufe 2 (%),9.9,DERIVED_OFFICIAL,"Figure I.2.3, Summe Stufen <1b–1a",
M302/M301,Estonia,2025,sci,Stufe 5–6 (%),11.3,DERIVED_OFFICIAL,"Figure I.2.3, Summe Stufen 5–6",
M302,Estonia,2022→2025,sci,Veränderung (n. s.),1.3,OFFICIAL_STATLINK,Table I.2.6,
M302,Estonia,2022→2025,read,Veränderung (sig.),-11.8,OFFICIAL_STATLINK,Table I.2.6,
M302,Estonia,2022→2025,math,Veränderung (n. s.),-2.1,OFFICIAL_STATLINK,Table I.2.6,
M302,Estonia,10 Jahre,sci,Dezennaltrend (n. s.),-7.6,OFFICIAL_STATLINK,Table I.2.9,
M302,Estonia,10 Jahre,read,Dezennaltrend (sig.),-21.3,OFFICIAL_STATLINK,Table I.2.9,
M302,Estonia,10 Jahre,math,Dezennaltrend (sig.),-14.7,OFFICIAL_STATLINK,Table I.2.9,
M302/M301,Korea,2025,sci,Mittelwert,526.1,OFFICIAL_STATLINK,StatLink xgs41b Table I.2.o3–o6,
M302/M301,Korea,2025,sci,SE (aus 95-%-KI),3.32,DERIVED_CI,"KI-Breite/(2·1,96)",
M302,Korea,2025,sci,Rangspanne (alle),5–7,OFFICIAL_STATLINK,Table I.2.o3–o6,
M302/M301,Korea,2025,read,Mittelwert,500.6,OFFICIAL_STATLINK,StatLink xgs41b Table I.2.o3–o6,
M302/M301,Korea,2025,read,SE (aus 95-%-KI),3.32,DERIVED_CI,"KI-Breite/(2·1,96)",
M302,Korea,2025,read,Rangspanne (alle),3–13,OFFICIAL_STATLINK,Table I.2.o3–o6,
M302/M301,Korea,2025,math,Mittelwert,522.3,OFFICIAL_STATLINK,StatLink xgs41b Table I.2.o3–o6,
M302/M301,Korea,2025,math,SE (aus 95-%-KI),3.83,DERIVED_CI,"KI-Breite/(2·1,96)",
M302,Korea,2025,math,Rangspanne (alle),5–7,OFFICIAL_STATLINK,Table I.2.o3–o6,
M302/M301,Korea,2025,cps,Mittelwert,537.7,OFFICIAL_STATLINK,StatLink xgs41b Table I.2.o3–o6,
M302/M301,Korea,2025,cps,SE (aus 95-%-KI),2.81,DERIVED_CI,"KI-Breite/(2·1,96)",
M302,Korea,2025,cps,Rangspanne (alle),6–10,OFFICIAL_STATLINK,Table I.2.o3–o6,
M302,Korea,2025,sci,P10,384.1,OFFICIAL_STATLINK,Figure I.2.1,
M302,Korea,2025,sci,P25,458.5,OFFICIAL_STATLINK,Figure I.2.1,
M302,Korea,2025,sci,P50,534.2,OFFICIAL_STATLINK,Figure I.2.1,
M302,Korea,2025,sci,P75,599.2,OFFICIAL_STATLINK,Figure I.2.1,
M302,Korea,2025,sci,P90,653.8,OFFICIAL_STATLINK,Figure I.2.1,
M302/M301,Korea,2025,sci,P90−P10,269.7,DERIVED_OFFICIAL,"Figure I.2.1, Differenz",
M302/M301,Korea,2025,sci,unter Stufe 2 (%),14.2,DERIVED_OFFICIAL,"Figure I.2.3, Summe Stufen <1b–1a",
M302/M301,Korea,2025,sci,Stufe 5–6 (%),14.7,DERIVED_OFFICIAL,"Figure I.2.3, Summe Stufen 5–6",
M302,Korea,2022→2025,sci,Veränderung (n. s.),-1.7,OFFICIAL_STATLINK,Table I.2.6,
M302,Korea,2022→2025,read,Veränderung (sig.),-14.9,OFFICIAL_STATLINK,Table I.2.6,
M302,Korea,2022→2025,math,Veränderung (n. s.),-5.0,OFFICIAL_STATLINK,Table I.2.6,
M302,Korea,10 Jahre,sci,Dezennaltrend (sig.),11.9,OFFICIAL_STATLINK,Table I.2.9,
M302,Korea,10 Jahre,read,Dezennaltrend (sig.),-14.1,OFFICIAL_STATLINK,Table I.2.9,
M302,Korea,10 Jahre,math,Dezennaltrend (n. s.),-1.1,OFFICIAL_STATLINK,Table I.2.9,
M302/M301,United Kingdom,2025,sci,Mittelwert,511.4,OFFICIAL_STATLINK,StatLink xgs41b Table I.2.o3–o6,
M302/M301,United Kingdom,2025,sci,SE (aus 95-%-KI),2.04,DERIVED_CI,"KI-Breite/(2·1,96)",
M302,United Kingdom,2025,sci,Rangspanne (alle),8–14,OFFICIAL_STATLINK,Table I.2.o3–o6,
M302/M301,United Kingdom,2025,read,Mittelwert,494.2,OFFICIAL_STATLINK,StatLink xgs41b Table I.2.o3–o6,
M302/M301,United Kingdom,2025,read,SE (aus 95-%-KI),2.04,DERIVED_CI,"KI-Breite/(2·1,96)",
M302,United Kingdom,2025,read,Rangspanne (alle),4–13,OFFICIAL_STATLINK,Table I.2.o3–o6,
M302/M301,United Kingdom,2025,math,Mittelwert,487.6,OFFICIAL_STATLINK,StatLink xgs41b Table I.2.o3–o6,
M302/M301,United Kingdom,2025,math,SE (aus 95-%-KI),2.3,DERIVED_CI,"KI-Breite/(2·1,96)",
M302,United Kingdom,2025,math,Rangspanne (alle),10–18,OFFICIAL_STATLINK,Table I.2.o3–o6,
M302/M301,United Kingdom,2025,cps,Mittelwert,522.6,OFFICIAL_STATLINK,StatLink xgs41b Table I.2.o3–o6,
M302/M301,United Kingdom,2025,cps,SE (aus 95-%-KI),1.79,DERIVED_CI,"KI-Breite/(2·1,96)",
M302,United Kingdom,2025,cps,Rangspanne (alle),11–15,OFFICIAL_STATLINK,Table I.2.o3–o6,
M302,United Kingdom,2025,sci,P10,373.8,OFFICIAL_STATLINK,Figure I.2.1,
M302,United Kingdom,2025,sci,P25,437.9,OFFICIAL_STATLINK,Figure I.2.1,
M302,United Kingdom,2025,sci,P50,512.1,OFFICIAL_STATLINK,Figure I.2.1,
M302,United Kingdom,2025,sci,P75,585.4,OFFICIAL_STATLINK,Figure I.2.1,
M302,United Kingdom,2025,sci,P90,646.5,OFFICIAL_STATLINK,Figure I.2.1,
M302/M301,United Kingdom,2025,sci,P90−P10,272.7,DERIVED_OFFICIAL,"Figure I.2.1, Differenz",
M302/M301,United Kingdom,2025,sci,unter Stufe 2 (%),17.4,DERIVED_OFFICIAL,"Figure I.2.3, Summe Stufen <1b–1a",
M302/M301,United Kingdom,2025,sci,Stufe 5–6 (%),12.6,DERIVED_OFFICIAL,"Figure I.2.3, Summe Stufen 5–6",
M302,United Kingdom,2022→2025,sci,Veränderung (sig.),11.7,OFFICIAL_STATLINK,Table I.2.6,
M302,United Kingdom,2022→2025,read,Veränderung (n. s.),-0.2,OFFICIAL_STATLINK,Table I.2.6,
M302,United Kingdom,2022→2025,math,Veränderung (n. s.),-1.4,OFFICIAL_STATLINK,Table I.2.6,
M302,United Kingdom,10 Jahre,sci,Dezennaltrend (n. s.),0.1,OFFICIAL_STATLINK,Table I.2.9,
M302,United Kingdom,10 Jahre,read,Dezennaltrend (n. s.),-6.5,OFFICIAL_STATLINK,Table I.2.9,
M302,United Kingdom,10 Jahre,math,Dezennaltrend (sig.),-8.6,OFFICIAL_STATLINK,Table I.2.9,
M302/M301,Canada,2025,sci,Mittelwert,510.1,OFFICIAL_STATLINK,StatLink xgs41b Table I.2.o3–o6,
M302/M301,Canada,2025,sci,SE (aus 95-%-KI),1.79,DERIVED_CI,"KI-Breite/(2·1,96)",
M302,Canada,2025,sci,Rangspanne (alle),8–14,OFFICIAL_STATLINK,Table I.2.o3–o6,
M302/M301,Canada,2025,read,Mittelwert,489.8,OFFICIAL_STATLINK,StatLink xgs41b Table I.2.o3–o6,
M302/M301,Canada,2025,read,SE (aus 95-%-KI),1.79,DERIVED_CI,"KI-Breite/(2·1,96)",
M302,Canada,2025,read,Rangspanne (alle),6–15,OFFICIAL_STATLINK,Table I.2.o3–o6,
M302/M301,Canada,2025,math,Mittelwert,485.3,OFFICIAL_STATLINK,StatLink xgs41b Table I.2.o3–o6,
M302/M301,Canada,2025,math,SE (aus 95-%-KI),1.79,DERIVED_CI,"KI-Breite/(2·1,96)",
M302,Canada,2025,math,Rangspanne (alle),10–19,OFFICIAL_STATLINK,Table I.2.o3–o6,
M302/M301,Canada,2025,cps,Mittelwert,524.9,OFFICIAL_STATLINK,StatLink xgs41b Table I.2.o3–o6,
M302/M301,Canada,2025,cps,SE (aus 95-%-KI),1.53,DERIVED_CI,"KI-Breite/(2·1,96)",
M302,Canada,2025,cps,Rangspanne (alle),9–15,OFFICIAL_STATLINK,Table I.2.o3–o6,
M302,Canada,2025,sci,P10,378.6,OFFICIAL_STATLINK,Figure I.2.1,
M302,Canada,2025,sci,P25,442.1,OFFICIAL_STATLINK,Figure I.2.1,
M302,Canada,2025,sci,P50,512.5,OFFICIAL_STATLINK,Figure I.2.1,
M302,Canada,2025,sci,P75,580.0,OFFICIAL_STATLINK,Figure I.2.1,
M302,Canada,2025,sci,P90,636.3,OFFICIAL_STATLINK,Figure I.2.1,
M302/M301,Canada,2025,sci,P90−P10,257.6,DERIVED_OFFICIAL,"Figure I.2.1, Differenz",
M302/M301,Canada,2025,sci,unter Stufe 2 (%),16.3,DERIVED_OFFICIAL,"Figure I.2.3, Summe Stufen <1b–1a",
M302/M301,Canada,2025,sci,Stufe 5–6 (%),10.6,DERIVED_OFFICIAL,"Figure I.2.3, Summe Stufen 5–6",
M302,Canada,2022→2025,sci,Veränderung (n. s.),-5.0,OFFICIAL_STATLINK,Table I.2.6,
M302,Canada,2022→2025,read,Veränderung (sig.),-17.3,OFFICIAL_STATLINK,Table I.2.6,
M302,Canada,2022→2025,math,Veränderung (sig.),-11.6,OFFICIAL_STATLINK,Table I.2.6,
M302,Canada,10 Jahre,sci,Dezennaltrend (sig.),-16.2,OFFICIAL_STATLINK,Table I.2.9,
M302,Canada,10 Jahre,read,Dezennaltrend (sig.),-36.2,OFFICIAL_STATLINK,Table I.2.9,
M302,Canada,10 Jahre,math,Dezennaltrend (sig.),-31.3,OFFICIAL_STATLINK,Table I.2.9,
M302/M301,New Zealand,2025,sci,Mittelwert,509.4,OFFICIAL_STATLINK,StatLink xgs41b Table I.2.o3–o6,
M302/M301,New Zealand,2025,sci,SE (aus 95-%-KI),2.3,DERIVED_CI,"KI-Breite/(2·1,96)",
M302,New Zealand,2025,sci,Rangspanne (alle),8–15,OFFICIAL_STATLINK,Table I.2.o3–o6,
M302/M301,New Zealand,2025,read,Mittelwert,497.0,OFFICIAL_STATLINK,StatLink xgs41b Table I.2.o3–o6,
M302/M301,New Zealand,2025,read,SE (aus 95-%-KI),2.55,DERIVED_CI,"KI-Breite/(2·1,96)",
M302,New Zealand,2025,read,Rangspanne (alle),3–13,OFFICIAL_STATLINK,Table I.2.o3–o6,
M302/M301,New Zealand,2025,math,Mittelwert,479.6,OFFICIAL_STATLINK,StatLink xgs41b Table I.2.o3–o6,
M302/M301,New Zealand,2025,math,SE (aus 95-%-KI),2.3,DERIVED_CI,"KI-Breite/(2·1,96)",
M302,New Zealand,2025,math,Rangspanne (alle),10–21,OFFICIAL_STATLINK,Table I.2.o3–o6,
M302/M301,New Zealand,2025,cps,Mittelwert,530.9,OFFICIAL_STATLINK,StatLink xgs41b Table I.2.o3–o6,
M302/M301,New Zealand,2025,cps,SE (aus 95-%-KI),1.53,DERIVED_CI,"KI-Breite/(2·1,96)",
M302,New Zealand,2025,cps,Rangspanne (alle),8–11,OFFICIAL_STATLINK,Table I.2.o3–o6,
M302,New Zealand,2025,sci,P10,366.4,OFFICIAL_STATLINK,Figure I.2.1,
M302,New Zealand,2025,sci,P25,432.1,OFFICIAL_STATLINK,Figure I.2.1,
M302,New Zealand,2025,sci,P50,510.7,OFFICIAL_STATLINK,Figure I.2.1,
M302,New Zealand,2025,sci,P75,587.3,OFFICIAL_STATLINK,Figure I.2.1,
M302,New Zealand,2025,sci,P90,650.3,OFFICIAL_STATLINK,Figure I.2.1,
M302/M301,New Zealand,2025,sci,P90−P10,283.9,DERIVED_OFFICIAL,"Figure I.2.1, Differenz",
M302/M301,New Zealand,2025,sci,unter Stufe 2 (%),19.1,DERIVED_OFFICIAL,"Figure I.2.3, Summe Stufen <1b–1a",
M302/M301,New Zealand,2025,sci,Stufe 5–6 (%),13.4,DERIVED_OFFICIAL,"Figure I.2.3, Summe Stufen 5–6",
M302,New Zealand,2022→2025,sci,Veränderung (n. s.),5.3,OFFICIAL_STATLINK,Table I.2.6,
M302,New Zealand,2022→2025,read,Veränderung (n. s.),-3.8,OFFICIAL_STATLINK,Table I.2.6,
M302,New Zealand,2022→2025,math,Veränderung (n. s.),0.5,OFFICIAL_STATLINK,Table I.2.6,
M302,New Zealand,10 Jahre,sci,Dezennaltrend (n. s.),-4.9,OFFICIAL_STATLINK,Table I.2.9,
M302,New Zealand,10 Jahre,read,Dezennaltrend (sig.),-12.2,OFFICIAL_STATLINK,Table I.2.9,
M302,New Zealand,10 Jahre,math,Dezennaltrend (sig.),-18.8,OFFICIAL_STATLINK,Table I.2.9,
M302/M301,Australia,2025,sci,Mittelwert,509.1,OFFICIAL_STATLINK,StatLink xgs41b Table I.2.o3–o6,
M302/M301,Australia,2025,sci,SE (aus 95-%-KI),2.04,DERIVED_CI,"KI-Breite/(2·1,96)",
M302,Australia,2025,sci,Rangspanne (alle),8–14,OFFICIAL_STATLINK,Table I.2.o3–o6,
M302/M301,Australia,2025,read,Mittelwert,490.9,OFFICIAL_STATLINK,StatLink xgs41b Table I.2.o3–o6,
M302/M301,Australia,2025,read,SE (aus 95-%-KI),1.79,DERIVED_CI,"KI-Breite/(2·1,96)",
M302,Australia,2025,read,Rangspanne (alle),6–15,OFFICIAL_STATLINK,Table I.2.o3–o6,
M302/M301,Australia,2025,math,Mittelwert,477.5,OFFICIAL_STATLINK,StatLink xgs41b Table I.2.o3–o6,
M302/M301,Australia,2025,math,SE (aus 95-%-KI),1.79,DERIVED_CI,"KI-Breite/(2·1,96)",
M302,Australia,2025,math,Rangspanne (alle),11–25,OFFICIAL_STATLINK,Table I.2.o3–o6,
M302/M301,Australia,2025,cps,Mittelwert,531.8,OFFICIAL_STATLINK,StatLink xgs41b Table I.2.o3–o6,
M302/M301,Australia,2025,cps,SE (aus 95-%-KI),1.79,DERIVED_CI,"KI-Breite/(2·1,96)",
M302,Australia,2025,cps,Rangspanne (alle),8–11,OFFICIAL_STATLINK,Table I.2.o3–o6,
M302,Australia,2025,sci,P10,367.9,OFFICIAL_STATLINK,Figure I.2.1,
M302,Australia,2025,sci,P25,435.3,OFFICIAL_STATLINK,Figure I.2.1,
M302,Australia,2025,sci,P50,513.3,OFFICIAL_STATLINK,Figure I.2.1,
M302,Australia,2025,sci,P75,584.3,OFFICIAL_STATLINK,Figure I.2.1,
M302,Australia,2025,sci,P90,643.0,OFFICIAL_STATLINK,Figure I.2.1,
M302/M301,Australia,2025,sci,P90−P10,275.1,DERIVED_OFFICIAL,"Figure I.2.1, Differenz",
M302/M301,Australia,2025,sci,unter Stufe 2 (%),18.4,DERIVED_OFFICIAL,"Figure I.2.3, Summe Stufen <1b–1a",
M302/M301,Australia,2025,sci,Stufe 5–6 (%),12.0,DERIVED_OFFICIAL,"Figure I.2.3, Summe Stufen 5–6",
M302,Australia,2022→2025,sci,Veränderung (n. s.),2.1,OFFICIAL_STATLINK,Table I.2.6,
M302,Australia,2022→2025,read,Veränderung (sig.),-7.2,OFFICIAL_STATLINK,Table I.2.6,
M302,Australia,2022→2025,math,Veränderung (sig.),-9.6,OFFICIAL_STATLINK,Table I.2.6,
M302,Australia,10 Jahre,sci,Dezennaltrend (n. s.),0.6,OFFICIAL_STATLINK,Table I.2.9,
M302,Australia,10 Jahre,read,Dezennaltrend (sig.),-12.0,OFFICIAL_STATLINK,Table I.2.9,
M302,Australia,10 Jahre,math,Dezennaltrend (sig.),-15.6,OFFICIAL_STATLINK,Table I.2.9,
M302/M301,Finland,2025,sci,Mittelwert,504.4,OFFICIAL_STATLINK,StatLink xgs41b Table I.2.o3–o6,
M302/M301,Finland,2025,sci,SE (aus 95-%-KI),2.3,DERIVED_CI,"KI-Breite/(2·1,96)",
M302,Finland,2025,sci,Rangspanne (alle),8–18,OFFICIAL_STATLINK,Table I.2.o3–o6,
M302/M301,Finland,2025,read,Mittelwert,474.3,OFFICIAL_STATLINK,StatLink xgs41b Table I.2.o3–o6,
M302/M301,Finland,2025,read,SE (aus 95-%-KI),2.04,DERIVED_CI,"KI-Breite/(2·1,96)",
M302,Finland,2025,read,Rangspanne (alle),13–25,OFFICIAL_STATLINK,Table I.2.o3–o6,
M302/M301,Finland,2025,math,Mittelwert,468.7,OFFICIAL_STATLINK,StatLink xgs41b Table I.2.o3–o6,
M302/M301,Finland,2025,math,SE (aus 95-%-KI),2.3,DERIVED_CI,"KI-Breite/(2·1,96)",
M302,Finland,2025,math,Rangspanne (alle),16–32,OFFICIAL_STATLINK,Table I.2.o3–o6,
M302/M301,Finland,2025,cps,Mittelwert,506.6,OFFICIAL_STATLINK,StatLink xgs41b Table I.2.o3–o6,
M302/M301,Finland,2025,cps,SE (aus 95-%-KI),2.3,DERIVED_CI,"KI-Breite/(2·1,96)",
M302,Finland,2025,cps,Rangspanne (alle),14–31,OFFICIAL_STATLINK,Table I.2.o3–o6,
M302,Finland,2025,sci,P10,363.3,OFFICIAL_STATLINK,Figure I.2.1,
M302,Finland,2025,sci,P25,431.1,OFFICIAL_STATLINK,Figure I.2.1,
M302,Finland,2025,sci,P50,508.3,OFFICIAL_STATLINK,Figure I.2.1,
M302,Finland,2025,sci,P75,579.6,OFFICIAL_STATLINK,Figure I.2.1,
M302,Finland,2025,sci,P90,638.1,OFFICIAL_STATLINK,Figure I.2.1,
M302/M301,Finland,2025,sci,P90−P10,274.8,DERIVED_OFFICIAL,"Figure I.2.1, Differenz",
M302/M301,Finland,2025,sci,unter Stufe 2 (%),19.4,DERIVED_OFFICIAL,"Figure I.2.3, Summe Stufen <1b–1a",
M302/M301,Finland,2025,sci,Stufe 5–6 (%),11.0,DERIVED_OFFICIAL,"Figure I.2.3, Summe Stufen 5–6",
M302,Finland,2022→2025,sci,Veränderung (n. s.),-6.6,OFFICIAL_STATLINK,Table I.2.6,
M302,Finland,2022→2025,read,Veränderung (sig.),-15.9,OFFICIAL_STATLINK,Table I.2.6,
M302,Finland,2022→2025,math,Veränderung (sig.),-15.4,OFFICIAL_STATLINK,Table I.2.6,
M302,Finland,10 Jahre,sci,Dezennaltrend (sig.),-26.4,OFFICIAL_STATLINK,Table I.2.9,
M302,Finland,10 Jahre,read,Dezennaltrend (sig.),-55.2,OFFICIAL_STATLINK,Table I.2.9,
M302,Finland,10 Jahre,math,Dezennaltrend (sig.),-44.5,OFFICIAL_STATLINK,Table I.2.9,
M302/M301,United States,2025,sci,Mittelwert,501.6,OFFICIAL_STATLINK,StatLink xgs41b Table I.2.o3–o6,
M302/M301,United States,2025,sci,SE (aus 95-%-KI),5.87,DERIVED_CI,"KI-Breite/(2·1,96)",
M302,United States,2025,sci,Rangspanne (alle),8–26,OFFICIAL_STATLINK,Table I.2.o3–o6,
M302/M301,United States,2025,read,Mittelwert,489.5,OFFICIAL_STATLINK,StatLink xgs41b Table I.2.o3–o6,
M302/M301,United States,2025,read,SE (aus 95-%-KI),5.87,DERIVED_CI,"KI-Breite/(2·1,96)",
M302,United States,2025,read,Rangspanne (alle),4–17,OFFICIAL_STATLINK,Table I.2.o3–o6,
M302/M301,United States,2025,math,Mittelwert,462.8,OFFICIAL_STATLINK,StatLink xgs41b Table I.2.o3–o6,
M302/M301,United States,2025,math,SE (aus 95-%-KI),5.36,DERIVED_CI,"KI-Breite/(2·1,96)",
M302,United States,2025,math,Rangspanne (alle),16–39,OFFICIAL_STATLINK,Table I.2.o3–o6,
M302/M301,United States,2025,cps,Mittelwert,513.2,OFFICIAL_STATLINK,StatLink xgs41b Table I.2.o3–o6,
M302/M301,United States,2025,cps,SE (aus 95-%-KI),5.1,DERIVED_CI,"KI-Breite/(2·1,96)",
M302,United States,2025,cps,Rangspanne (alle),11–30,OFFICIAL_STATLINK,Table I.2.o3–o6,
M302,United States,2025,sci,P10,351.4,OFFICIAL_STATLINK,Figure I.2.1,
M302,United States,2025,sci,P25,419.5,OFFICIAL_STATLINK,Figure I.2.1,
M302,United States,2025,sci,P50,501.7,OFFICIAL_STATLINK,Figure I.2.1,
M302,United States,2025,sci,P75,583.3,OFFICIAL_STATLINK,Figure I.2.1,
M302,United States,2025,sci,P90,649.3,OFFICIAL_STATLINK,Figure I.2.1,
M302/M301,United States,2025,sci,P90−P10,297.9,DERIVED_OFFICIAL,"Figure I.2.1, Differenz",
M302/M301,United States,2025,sci,unter Stufe 2 (%),22.3,DERIVED_OFFICIAL,"Figure I.2.3, Summe Stufen <1b–1a",
M302/M301,United States,2025,sci,Stufe 5–6 (%),12.9,DERIVED_OFFICIAL,"Figure I.2.3, Summe Stufen 5–6",
M302,United States,2022→2025,sci,Veränderung (n. s.),2.2,OFFICIAL_STATLINK,Table I.2.6,
M302,United States,2022→2025,read,Veränderung (sig.),-14.4,OFFICIAL_STATLINK,Table I.2.6,
M302,United States,2022→2025,math,Veränderung (n. s.),-2.0,OFFICIAL_STATLINK,Table I.2.6,
M302,United States,10 Jahre,sci,Dezennaltrend (n. s.),3.6,OFFICIAL_STATLINK,Table I.2.9,
M302,United States,10 Jahre,read,Dezennaltrend (n. s.),-6.9,OFFICIAL_STATLINK,Table I.2.9,
M302,United States,10 Jahre,math,Dezennaltrend (n. s.),-10.5,OFFICIAL_STATLINK,Table I.2.9,
M302/M301,Switzerland,2025,sci,Mittelwert,501.2,OFFICIAL_STATLINK,StatLink xgs41b Table I.2.o3–o6,
M302/M301,Switzerland,2025,sci,SE (aus 95-%-KI),2.55,DERIVED_CI,"KI-Breite/(2·1,96)",
M302,Switzerland,2025,sci,Rangspanne (alle),8–21,OFFICIAL_STATLINK,Table I.2.o3–o6,
M302/M301,Switzerland,2025,read,Mittelwert,470.1,OFFICIAL_STATLINK,StatLink xgs41b Table I.2.o3–o6,
M302/M301,Switzerland,2025,read,SE (aus 95-%-KI),3.06,DERIVED_CI,"KI-Breite/(2·1,96)",
M302,Switzerland,2025,read,Rangspanne (alle),13–27,OFFICIAL_STATLINK,Table I.2.o3–o6,
M302/M301,Switzerland,2025,math,Mittelwert,499.1,OFFICIAL_STATLINK,StatLink xgs41b Table I.2.o3–o6,
M302/M301,Switzerland,2025,math,SE (aus 95-%-KI),2.55,DERIVED_CI,"KI-Breite/(2·1,96)",
M302,Switzerland,2025,math,Rangspanne (alle),8–9,OFFICIAL_STATLINK,Table I.2.o3–o6,
M302/M301,Switzerland,2025,cps,Mittelwert,519.8,OFFICIAL_STATLINK,StatLink xgs41b Table I.2.o3–o6,
M302/M301,Switzerland,2025,cps,SE (aus 95-%-KI),2.3,DERIVED_CI,"KI-Breite/(2·1,96)",
M302,Switzerland,2025,cps,Rangspanne (alle),11–18,OFFICIAL_STATLINK,Table I.2.o3–o6,
M302,Switzerland,2025,sci,P10,361.7,OFFICIAL_STATLINK,Figure I.2.1,
M302,Switzerland,2025,sci,P25,425.6,OFFICIAL_STATLINK,Figure I.2.1,
M302,Switzerland,2025,sci,P50,504.5,OFFICIAL_STATLINK,Figure I.2.1,
M302,Switzerland,2025,sci,P75,577.0,OFFICIAL_STATLINK,Figure I.2.1,
M302,Switzerland,2025,sci,P90,634.2,OFFICIAL_STATLINK,Figure I.2.1,
M302/M301,Switzerland,2025,sci,P90−P10,272.5,DERIVED_OFFICIAL,"Figure I.2.1, Differenz",
M302/M301,Switzerland,2025,sci,unter Stufe 2 (%),20.8,DERIVED_OFFICIAL,"Figure I.2.3, Summe Stufen <1b–1a",
M302/M301,Switzerland,2025,sci,Stufe 5–6 (%),10.2,DERIVED_OFFICIAL,"Figure I.2.3, Summe Stufen 5–6",
M302,Switzerland,2022→2025,sci,Veränderung (n. s.),-1.3,OFFICIAL_STATLINK,Table I.2.6,
M302,Switzerland,2022→2025,read,Veränderung (sig.),-13.3,OFFICIAL_STATLINK,Table I.2.6,
M302,Switzerland,2022→2025,math,Veränderung (sig.),-8.8,OFFICIAL_STATLINK,Table I.2.6,
M302,Switzerland,10 Jahre,sci,Dezennaltrend (n. s.),-1.2,OFFICIAL_STATLINK,Table I.2.9,
M302,Switzerland,10 Jahre,read,Dezennaltrend (sig.),-19.3,OFFICIAL_STATLINK,Table I.2.9,
M302,Switzerland,10 Jahre,math,Dezennaltrend (sig.),-21.6,OFFICIAL_STATLINK,Table I.2.9,
M302/M301,Ireland,2025,sci,Mittelwert,499.6,OFFICIAL_STATLINK,StatLink xgs41b Table I.2.o3–o6,
M302/M301,Ireland,2025,sci,SE (aus 95-%-KI),2.3,DERIVED_CI,"KI-Breite/(2·1,96)",
M302,Ireland,2025,sci,Rangspanne (alle),11–21,OFFICIAL_STATLINK,Table I.2.o3–o6,
M302/M301,Ireland,2025,read,Mittelwert,500.4,OFFICIAL_STATLINK,StatLink xgs41b Table I.2.o3–o6,
M302/M301,Ireland,2025,read,SE (aus 95-%-KI),2.04,DERIVED_CI,"KI-Breite/(2·1,96)",
M302,Ireland,2025,read,Rangspanne (alle),3–11,OFFICIAL_STATLINK,Table I.2.o3–o6,
M302/M301,Ireland,2025,math,Mittelwert,479.9,OFFICIAL_STATLINK,StatLink xgs41b Table I.2.o3–o6,
M302/M301,Ireland,2025,math,SE (aus 95-%-KI),1.79,DERIVED_CI,"KI-Breite/(2·1,96)",
M302,Ireland,2025,math,Rangspanne (alle),10–20,OFFICIAL_STATLINK,Table I.2.o3–o6,
M302/M301,Ireland,2025,cps,Mittelwert,511.4,OFFICIAL_STATLINK,StatLink xgs41b Table I.2.o3–o6,
M302/M301,Ireland,2025,cps,SE (aus 95-%-KI),1.79,DERIVED_CI,"KI-Breite/(2·1,96)",
M302,Ireland,2025,cps,Rangspanne (alle),13–25,OFFICIAL_STATLINK,Table I.2.o3–o6,
M302,Ireland,2025,sci,P10,376.5,OFFICIAL_STATLINK,Figure I.2.1,
M302,Ireland,2025,sci,P25,434.4,OFFICIAL_STATLINK,Figure I.2.1,
M302,Ireland,2025,sci,P50,501.9,OFFICIAL_STATLINK,Figure I.2.1,
M302,Ireland,2025,sci,P75,565.6,OFFICIAL_STATLINK,Figure I.2.1,
M302,Ireland,2025,sci,P90,619.2,OFFICIAL_STATLINK,Figure I.2.1,
M302/M301,Ireland,2025,sci,P90−P10,242.8,DERIVED_OFFICIAL,"Figure I.2.1, Differenz",
M302/M301,Ireland,2025,sci,unter Stufe 2 (%),17.6,DERIVED_OFFICIAL,"Figure I.2.3, Summe Stufen <1b–1a",
M302/M301,Ireland,2025,sci,Stufe 5–6 (%),7.4,DERIVED_OFFICIAL,"Figure I.2.3, Summe Stufen 5–6",
M302,Ireland,2022→2025,sci,Veränderung (n. s.),-4.2,OFFICIAL_STATLINK,Table I.2.6,
M302,Ireland,2022→2025,read,Veränderung (sig.),-15.6,OFFICIAL_STATLINK,Table I.2.6,
M302,Ireland,2022→2025,math,Veränderung (sig.),-11.8,OFFICIAL_STATLINK,Table I.2.6,
M302,Ireland,10 Jahre,sci,Dezennaltrend (n. s.),0.1,OFFICIAL_STATLINK,Table I.2.9,
M302,Ireland,10 Jahre,read,Dezennaltrend (sig.),-18.3,OFFICIAL_STATLINK,Table I.2.9,
M302,Ireland,10 Jahre,math,Dezennaltrend (sig.),-23.3,OFFICIAL_STATLINK,Table I.2.9,
M302/M301,Austria,2025,sci,Mittelwert,496.9,OFFICIAL_STATLINK,StatLink xgs41b Table I.2.o3–o6,
M302/M301,Austria,2025,sci,SE (aus 95-%-KI),2.55,DERIVED_CI,"KI-Breite/(2·1,96)",
M302,Austria,2025,sci,Rangspanne (alle),12–25,OFFICIAL_STATLINK,Table I.2.o3–o6,
M302/M301,Austria,2025,read,Mittelwert,467.2,OFFICIAL_STATLINK,StatLink xgs41b Table I.2.o3–o6,
M302/M301,Austria,2025,read,SE (aus 95-%-KI),2.55,DERIVED_CI,"KI-Breite/(2·1,96)",
M302,Austria,2025,read,Rangspanne (alle),16–28,OFFICIAL_STATLINK,Table I.2.o3–o6,
M302/M301,Austria,2025,math,Mittelwert,477.2,OFFICIAL_STATLINK,StatLink xgs41b Table I.2.o3–o6,
M302/M301,Austria,2025,math,SE (aus 95-%-KI),2.55,DERIVED_CI,"KI-Breite/(2·1,96)",
M302,Austria,2025,math,Rangspanne (alle),10–25,OFFICIAL_STATLINK,Table I.2.o3–o6,
M302/M301,Austria,2025,cps,Mittelwert,509.5,OFFICIAL_STATLINK,StatLink xgs41b Table I.2.o3–o6,
M302/M301,Austria,2025,cps,SE (aus 95-%-KI),2.55,DERIVED_CI,"KI-Breite/(2·1,96)",
M302,Austria,2025,cps,Rangspanne (alle),13–28,OFFICIAL_STATLINK,Table I.2.o3–o6,
M302,Austria,2025,sci,P10,359.6,OFFICIAL_STATLINK,Figure I.2.1,
M302,Austria,2025,sci,P25,423.5,OFFICIAL_STATLINK,Figure I.2.1,
M302,Austria,2025,sci,P50,500.2,OFFICIAL_STATLINK,Figure I.2.1,
M302,Austria,2025,sci,P75,571.0,OFFICIAL_STATLINK,Figure I.2.1,
M302,Austria,2025,sci,P90,627.7,OFFICIAL_STATLINK,Figure I.2.1,
M302/M301,Austria,2025,sci,P90−P10,268.1,DERIVED_OFFICIAL,"Figure I.2.1, Differenz",
M302/M301,Austria,2025,sci,unter Stufe 2 (%),21.1,DERIVED_OFFICIAL,"Figure I.2.3, Summe Stufen <1b–1a",
M302/M301,Austria,2025,sci,Stufe 5–6 (%),8.9,DERIVED_OFFICIAL,"Figure I.2.3, Summe Stufen 5–6",
M302,Austria,2022→2025,sci,Veränderung (n. s.),5.6,OFFICIAL_STATLINK,Table I.2.6,
M302,Austria,2022→2025,read,Veränderung (sig.),-13.2,OFFICIAL_STATLINK,Table I.2.6,
M302,Austria,2022→2025,math,Veränderung (sig.),-10.1,OFFICIAL_STATLINK,Table I.2.6,
M302,Austria,10 Jahre,sci,Dezennaltrend (n. s.),2.1,OFFICIAL_STATLINK,Table I.2.9,
M302,Austria,10 Jahre,read,Dezennaltrend (sig.),-16.6,OFFICIAL_STATLINK,Table I.2.9,
M302,Austria,10 Jahre,math,Dezennaltrend (sig.),-20.9,OFFICIAL_STATLINK,Table I.2.9,
M302/M301,Hong Kong (China),2025,sci,Mittelwert,495.6,OFFICIAL_STATLINK,StatLink xgs41b Table I.2.o3–o6,
M302/M301,Hong Kong (China),2025,sci,SE (aus 95-%-KI),3.06,DERIVED_CI,"KI-Breite/(2·1,96)",
M302,Hong Kong (China),2025,sci,Rangspanne (alle),12–27,OFFICIAL_STATLINK,Table I.2.o3–o6,
M302/M301,Hong Kong (China),2025,read,Mittelwert,480.1,OFFICIAL_STATLINK,StatLink xgs41b Table I.2.o3–o6,
M302/M301,Hong Kong (China),2025,read,SE (aus 95-%-KI),3.06,DERIVED_CI,"KI-Breite/(2·1,96)",
M302,Hong Kong (China),2025,read,Rangspanne (alle),11–20,OFFICIAL_STATLINK,Table I.2.o3–o6,
M302/M301,Hong Kong (China),2025,math,Mittelwert,521.7,OFFICIAL_STATLINK,StatLink xgs41b Table I.2.o3–o6,
M302/M301,Hong Kong (China),2025,math,SE (aus 95-%-KI),2.81,DERIVED_CI,"KI-Breite/(2·1,96)",
M302,Hong Kong (China),2025,math,Rangspanne (alle),5–7,OFFICIAL_STATLINK,Table I.2.o3–o6,
M302/M301,Hong Kong (China),2025,cps,Mittelwert,545.5,OFFICIAL_STATLINK,StatLink xgs41b Table I.2.o3–o6,
M302/M301,Hong Kong (China),2025,cps,SE (aus 95-%-KI),2.3,DERIVED_CI,"KI-Breite/(2·1,96)",
M302,Hong Kong (China),2025,cps,Rangspanne (alle),5–8,OFFICIAL_STATLINK,Table I.2.o3–o6,
M302,Hong Kong (China),2025,sci,P10,360.5,OFFICIAL_STATLINK,Figure I.2.1,
M302,Hong Kong (China),2025,sci,P25,424.2,OFFICIAL_STATLINK,Figure I.2.1,
M302,Hong Kong (China),2025,sci,P50,497.9,OFFICIAL_STATLINK,Figure I.2.1,
M302,Hong Kong (China),2025,sci,P75,567.3,OFFICIAL_STATLINK,Figure I.2.1,
M302,Hong Kong (China),2025,sci,P90,628.1,OFFICIAL_STATLINK,Figure I.2.1,
M302/M301,Hong Kong (China),2025,sci,P90−P10,267.5,DERIVED_OFFICIAL,"Figure I.2.1, Differenz",
M302/M301,Hong Kong (China),2025,sci,unter Stufe 2 (%),20.9,DERIVED_OFFICIAL,"Figure I.2.3, Summe Stufen <1b–1a",
M302/M301,Hong Kong (China),2025,sci,Stufe 5–6 (%),9.1,DERIVED_OFFICIAL,"Figure I.2.3, Summe Stufen 5–6",
M302,Hong Kong (China),2022→2025,sci,Veränderung (sig.),-24.8,OFFICIAL_STATLINK,Table I.2.6,
M302,Hong Kong (China),2022→2025,read,Veränderung (sig.),-19.6,OFFICIAL_STATLINK,Table I.2.6,
M302,Hong Kong (China),2022→2025,math,Veränderung (sig.),-18.6,OFFICIAL_STATLINK,Table I.2.6,
M302,Hong Kong (China),10 Jahre,sci,Dezennaltrend (sig.),-22.5,OFFICIAL_STATLINK,Table I.2.9,
M302,Hong Kong (China),10 Jahre,read,Dezennaltrend (sig.),-48.6,OFFICIAL_STATLINK,Table I.2.9,
M302,Hong Kong (China),10 Jahre,math,Dezennaltrend (sig.),-26.3,OFFICIAL_STATLINK,Table I.2.9,
M302/M301,Poland,2025,sci,Mittelwert,495.1,OFFICIAL_STATLINK,StatLink xgs41b Table I.2.o3–o6,
M302/M301,Poland,2025,sci,SE (aus 95-%-KI),2.55,DERIVED_CI,"KI-Breite/(2·1,96)",
M302,Poland,2025,sci,Rangspanne (alle),12–27,OFFICIAL_STATLINK,Table I.2.o3–o6,
M302/M301,Poland,2025,read,Mittelwert,481.5,OFFICIAL_STATLINK,StatLink xgs41b Table I.2.o3–o6,
M302/M301,Poland,2025,read,SE (aus 95-%-KI),2.81,DERIVED_CI,"KI-Breite/(2·1,96)",
M302,Poland,2025,read,Rangspanne (alle),11–19,OFFICIAL_STATLINK,Table I.2.o3–o6,
M302/M301,Poland,2025,math,Mittelwert,484.1,OFFICIAL_STATLINK,StatLink xgs41b Table I.2.o3–o6,
M302/M301,Poland,2025,math,SE (aus 95-%-KI),2.81,DERIVED_CI,"KI-Breite/(2·1,96)",
M302,Poland,2025,math,Rangspanne (alle),10–19,OFFICIAL_STATLINK,Table I.2.o3–o6,
M302/M301,Poland,2025,cps,Mittelwert,506.7,OFFICIAL_STATLINK,StatLink xgs41b Table I.2.o3–o6,
M302/M301,Poland,2025,cps,SE (aus 95-%-KI),2.81,DERIVED_CI,"KI-Breite/(2·1,96)",
M302,Poland,2025,cps,Rangspanne (alle),14–31,OFFICIAL_STATLINK,Table I.2.o3–o6,
M302,Poland,2025,sci,P10,365.6,OFFICIAL_STATLINK,Figure I.2.1,
M302,Poland,2025,sci,P25,427.4,OFFICIAL_STATLINK,Figure I.2.1,
M302,Poland,2025,sci,P50,498.1,OFFICIAL_STATLINK,Figure I.2.1,
M302,Poland,2025,sci,P75,564.2,OFFICIAL_STATLINK,Figure I.2.1,
M302,Poland,2025,sci,P90,619.0,OFFICIAL_STATLINK,Figure I.2.1,
M302/M301,Poland,2025,sci,P90−P10,253.3,DERIVED_OFFICIAL,"Figure I.2.1, Differenz",
M302/M301,Poland,2025,sci,unter Stufe 2 (%),20.0,DERIVED_OFFICIAL,"Figure I.2.3, Summe Stufen <1b–1a",
M302/M301,Poland,2025,sci,Stufe 5–6 (%),7.5,DERIVED_OFFICIAL,"Figure I.2.3, Summe Stufen 5–6",
M302,Poland,2022→2025,sci,Veränderung (n. s.),-4.1,OFFICIAL_STATLINK,Table I.2.6,
M302,Poland,2022→2025,read,Veränderung (n. s.),-7.2,OFFICIAL_STATLINK,Table I.2.6,
M302,Poland,2022→2025,math,Veränderung (n. s.),-4.8,OFFICIAL_STATLINK,Table I.2.6,
M302,Poland,10 Jahre,sci,Dezennaltrend (sig.),-9.6,OFFICIAL_STATLINK,Table I.2.9,
M302,Poland,10 Jahre,read,Dezennaltrend (sig.),-28.8,OFFICIAL_STATLINK,Table I.2.9,
M302,Poland,10 Jahre,math,Dezennaltrend (sig.),-26.7,OFFICIAL_STATLINK,Table I.2.9,
M302/M301,Türkiye,2025,sci,Mittelwert,494.3,OFFICIAL_STATLINK,StatLink xgs41b Table I.2.o3–o6,
M302/M301,Türkiye,2025,sci,SE (aus 95-%-KI),2.3,DERIVED_CI,"KI-Breite/(2·1,96)",
M302,Türkiye,2025,sci,Rangspanne (alle),13–27,OFFICIAL_STATLINK,Table I.2.o3–o6,
M302/M301,Türkiye,2025,read,Mittelwert,472.1,OFFICIAL_STATLINK,StatLink xgs41b Table I.2.o3–o6,
M302/M301,Türkiye,2025,read,SE (aus 95-%-KI),2.3,DERIVED_CI,"KI-Breite/(2·1,96)",
M302,Türkiye,2025,read,Rangspanne (alle),13–26,OFFICIAL_STATLINK,Table I.2.o3–o6,
M302/M301,Türkiye,2025,math,Mittelwert,461.5,OFFICIAL_STATLINK,StatLink xgs41b Table I.2.o3–o6,
M302/M301,Türkiye,2025,math,SE (aus 95-%-KI),2.3,DERIVED_CI,"KI-Breite/(2·1,96)",
M302,Türkiye,2025,math,Rangspanne (alle),20–38,OFFICIAL_STATLINK,Table I.2.o3–o6,
M302/M301,Türkiye,2025,cps,Mittelwert,472.9,OFFICIAL_STATLINK,StatLink xgs41b Table I.2.o3–o6,
M302/M301,Türkiye,2025,cps,SE (aus 95-%-KI),2.04,DERIVED_CI,"KI-Breite/(2·1,96)",
M302,Türkiye,2025,cps,Rangspanne (alle),39–43,OFFICIAL_STATLINK,Table I.2.o3–o6,
M302,Türkiye,2025,sci,P10,370.7,OFFICIAL_STATLINK,Figure I.2.1,
M302,Türkiye,2025,sci,P25,427.8,OFFICIAL_STATLINK,Figure I.2.1,
M302,Türkiye,2025,sci,P50,494.3,OFFICIAL_STATLINK,Figure I.2.1,
M302,Türkiye,2025,sci,P75,560.0,OFFICIAL_STATLINK,Figure I.2.1,
M302,Türkiye,2025,sci,P90,618.6,OFFICIAL_STATLINK,Figure I.2.1,
M302/M301,Türkiye,2025,sci,P90−P10,247.9,DERIVED_OFFICIAL,"Figure I.2.1, Differenz",
M302/M301,Türkiye,2025,sci,unter Stufe 2 (%),19.5,DERIVED_OFFICIAL,"Figure I.2.3, Summe Stufen <1b–1a",
M302/M301,Türkiye,2025,sci,Stufe 5–6 (%),7.4,DERIVED_OFFICIAL,"Figure I.2.3, Summe Stufen 5–6",
M302,Türkiye,2022→2025,sci,Veränderung (sig.),18.3,OFFICIAL_STATLINK,Table I.2.6,
M302,Türkiye,2022→2025,read,Veränderung (sig.),16.0,OFFICIAL_STATLINK,Table I.2.6,
M302,Türkiye,2022→2025,math,Veränderung (sig.),8.4,OFFICIAL_STATLINK,Table I.2.6,
M302,Türkiye,10 Jahre,sci,Dezennaltrend (sig.),61.9,OFFICIAL_STATLINK,Table I.2.9,
M302,Türkiye,10 Jahre,read,Dezennaltrend (sig.),34.4,OFFICIAL_STATLINK,Table I.2.9,
M302,Türkiye,10 Jahre,math,Dezennaltrend (sig.),35.3,OFFICIAL_STATLINK,Table I.2.9,
M302/M301,Czechia,2025,sci,Mittelwert,490.3,OFFICIAL_STATLINK,StatLink xgs41b Table I.2.o3–o6,
M302/M301,Czechia,2025,sci,SE (aus 95-%-KI),2.55,DERIVED_CI,"KI-Breite/(2·1,96)",
M302,Czechia,2025,sci,Rangspanne (alle),13–30,OFFICIAL_STATLINK,Table I.2.o3–o6,
M302/M301,Czechia,2025,read,Mittelwert,468.4,OFFICIAL_STATLINK,StatLink xgs41b Table I.2.o3–o6,
M302/M301,Czechia,2025,read,SE (aus 95-%-KI),2.81,DERIVED_CI,"KI-Breite/(2·1,96)",
M302,Czechia,2025,read,Rangspanne (alle),15–28,OFFICIAL_STATLINK,Table I.2.o3–o6,
M302/M301,Czechia,2025,math,Mittelwert,477.1,OFFICIAL_STATLINK,StatLink xgs41b Table I.2.o3–o6,
M302/M301,Czechia,2025,math,SE (aus 95-%-KI),2.55,DERIVED_CI,"KI-Breite/(2·1,96)",
M302,Czechia,2025,math,Rangspanne (alle),11–25,OFFICIAL_STATLINK,Table I.2.o3–o6,
M302/M301,Czechia,2025,cps,Mittelwert,516.5,OFFICIAL_STATLINK,StatLink xgs41b Table I.2.o3–o6,
M302/M301,Czechia,2025,cps,SE (aus 95-%-KI),2.3,DERIVED_CI,"KI-Breite/(2·1,96)",
M302,Czechia,2025,cps,Rangspanne (alle),11–21,OFFICIAL_STATLINK,Table I.2.o3–o6,
M302,Czechia,2025,sci,P10,362.5,OFFICIAL_STATLINK,Figure I.2.1,
M302,Czechia,2025,sci,P25,421.8,OFFICIAL_STATLINK,Figure I.2.1,
M302,Czechia,2025,sci,P50,490.7,OFFICIAL_STATLINK,Figure I.2.1,
M302,Czechia,2025,sci,P75,558.7,OFFICIAL_STATLINK,Figure I.2.1,
M302,Czechia,2025,sci,P90,616.2,OFFICIAL_STATLINK,Figure I.2.1,
M302/M301,Czechia,2025,sci,P90−P10,253.8,DERIVED_OFFICIAL,"Figure I.2.1, Differenz",
M302/M301,Czechia,2025,sci,unter Stufe 2 (%),21.3,DERIVED_OFFICIAL,"Figure I.2.3, Summe Stufen <1b–1a",
M302/M301,Czechia,2025,sci,Stufe 5–6 (%),7.0,DERIVED_OFFICIAL,"Figure I.2.3, Summe Stufen 5–6",
M302,Czechia,2022→2025,sci,Veränderung (n. s.),-7.5,OFFICIAL_STATLINK,Table I.2.6,
M302,Czechia,2022→2025,read,Veränderung (sig.),-20.2,OFFICIAL_STATLINK,Table I.2.6,
M302,Czechia,2022→2025,math,Veränderung (sig.),-9.9,OFFICIAL_STATLINK,Table I.2.6,
M302,Czechia,10 Jahre,sci,Dezennaltrend (n. s.),-1.9,OFFICIAL_STATLINK,Table I.2.9,
M302,Czechia,10 Jahre,read,Dezennaltrend (sig.),-16.8,OFFICIAL_STATLINK,Table I.2.9,
M302,Czechia,10 Jahre,math,Dezennaltrend (sig.),-17.4,OFFICIAL_STATLINK,Table I.2.9,
M302/M301,Belgium,2025,sci,Mittelwert,489.7,OFFICIAL_STATLINK,StatLink xgs41b Table I.2.o3–o6,
M302/M301,Belgium,2025,sci,SE (aus 95-%-KI),2.81,DERIVED_CI,"KI-Breite/(2·1,96)",
M302,Belgium,2025,sci,Rangspanne (alle),13–30,OFFICIAL_STATLINK,Table I.2.o3–o6,
M302/M301,Belgium,2025,read,Mittelwert,466.3,OFFICIAL_STATLINK,StatLink xgs41b Table I.2.o3–o6,
M302/M301,Belgium,2025,read,SE (aus 95-%-KI),3.06,DERIVED_CI,"KI-Breite/(2·1,96)",
M302,Belgium,2025,read,Rangspanne (alle),16–28,OFFICIAL_STATLINK,Table I.2.o3–o6,
M302/M301,Belgium,2025,math,Mittelwert,479.7,OFFICIAL_STATLINK,StatLink xgs41b Table I.2.o3–o6,
M302/M301,Belgium,2025,math,SE (aus 95-%-KI),2.81,DERIVED_CI,"KI-Breite/(2·1,96)",
M302,Belgium,2025,math,Rangspanne (alle),10–25,OFFICIAL_STATLINK,Table I.2.o3–o6,
M302/M301,Belgium,2025,cps,Mittelwert,508.1,OFFICIAL_STATLINK,StatLink xgs41b Table I.2.o3–o6,
M302/M301,Belgium,2025,cps,SE (aus 95-%-KI),2.55,DERIVED_CI,"KI-Breite/(2·1,96)",
M302,Belgium,2025,cps,Rangspanne (alle),14–30,OFFICIAL_STATLINK,Table I.2.o3–o6,
M302,Belgium,2025,sci,P10,349.0,OFFICIAL_STATLINK,Figure I.2.1,
M302,Belgium,2025,sci,P25,415.6,OFFICIAL_STATLINK,Figure I.2.1,
M302,Belgium,2025,sci,P50,496.5,OFFICIAL_STATLINK,Figure I.2.1,
M302,Belgium,2025,sci,P75,565.3,OFFICIAL_STATLINK,Figure I.2.1,
M302,Belgium,2025,sci,P90,618.7,OFFICIAL_STATLINK,Figure I.2.1,
M302/M301,Belgium,2025,sci,P90−P10,269.7,DERIVED_OFFICIAL,"Figure I.2.1, Differenz",
M302/M301,Belgium,2025,sci,unter Stufe 2 (%),23.4,DERIVED_OFFICIAL,"Figure I.2.3, Summe Stufen <1b–1a",
M302/M301,Belgium,2025,sci,Stufe 5–6 (%),7.3,DERIVED_OFFICIAL,"Figure I.2.3, Summe Stufen 5–6",
M302,Belgium,2022→2025,sci,Veränderung (n. s.),-0.9,OFFICIAL_STATLINK,Table I.2.6,
M302,Belgium,2022→2025,read,Veränderung (sig.),-12.5,OFFICIAL_STATLINK,Table I.2.6,
M302,Belgium,2022→2025,math,Veränderung (sig.),-9.8,OFFICIAL_STATLINK,Table I.2.6,
M302,Belgium,10 Jahre,sci,Dezennaltrend (sig.),-13.4,OFFICIAL_STATLINK,Table I.2.9,
M302,Belgium,10 Jahre,read,Dezennaltrend (sig.),-32.6,OFFICIAL_STATLINK,Table I.2.9,
M302,Belgium,10 Jahre,math,Dezennaltrend (sig.),-29.9,OFFICIAL_STATLINK,Table I.2.9,
M302/M301,Lithuania,2025,sci,Mittelwert,487.7,OFFICIAL_STATLINK,StatLink xgs41b Table I.2.o3–o6,
M302/M301,Lithuania,2025,sci,SE (aus 95-%-KI),1.79,DERIVED_CI,"KI-Breite/(2·1,96)",
M302,Lithuania,2025,sci,Rangspanne (alle),15–30,OFFICIAL_STATLINK,Table I.2.o3–o6,
M302/M301,Lithuania,2025,read,Mittelwert,464.1,OFFICIAL_STATLINK,StatLink xgs41b Table I.2.o3–o6,
M302/M301,Lithuania,2025,read,SE (aus 95-%-KI),2.04,DERIVED_CI,"KI-Breite/(2·1,96)",
M302,Lithuania,2025,read,Rangspanne (alle),17–28,OFFICIAL_STATLINK,Table I.2.o3–o6,
M302/M301,Lithuania,2025,math,Mittelwert,470.5,OFFICIAL_STATLINK,StatLink xgs41b Table I.2.o3–o6,
M302/M301,Lithuania,2025,math,SE (aus 95-%-KI),1.79,DERIVED_CI,"KI-Breite/(2·1,96)",
M302,Lithuania,2025,math,Rangspanne (alle),15–29,OFFICIAL_STATLINK,Table I.2.o3–o6,
M302/M301,Lithuania,2025,cps,Mittelwert,511.8,OFFICIAL_STATLINK,StatLink xgs41b Table I.2.o3–o6,
M302/M301,Lithuania,2025,cps,SE (aus 95-%-KI),1.53,DERIVED_CI,"KI-Breite/(2·1,96)",
M302,Lithuania,2025,cps,Rangspanne (alle),13–25,OFFICIAL_STATLINK,Table I.2.o3–o6,
M302,Lithuania,2025,sci,P10,370.6,OFFICIAL_STATLINK,Figure I.2.1,
M302,Lithuania,2025,sci,P25,425.8,OFFICIAL_STATLINK,Figure I.2.1,
M302,Lithuania,2025,sci,P50,488.5,OFFICIAL_STATLINK,Figure I.2.1,
M302,Lithuania,2025,sci,P75,550.6,OFFICIAL_STATLINK,Figure I.2.1,
M302,Lithuania,2025,sci,P90,601.8,OFFICIAL_STATLINK,Figure I.2.1,
M302/M301,Lithuania,2025,sci,P90−P10,231.3,DERIVED_OFFICIAL,"Figure I.2.1, Differenz",
M302/M301,Lithuania,2025,sci,unter Stufe 2 (%),19.7,DERIVED_OFFICIAL,"Figure I.2.3, Summe Stufen <1b–1a",
M302/M301,Lithuania,2025,sci,Stufe 5–6 (%),4.8,DERIVED_OFFICIAL,"Figure I.2.3, Summe Stufen 5–6",
M302,Lithuania,2022→2025,sci,Veränderung (n. s.),3.3,OFFICIAL_STATLINK,Table I.2.6,
M302,Lithuania,2022→2025,read,Veränderung (sig.),-7.8,OFFICIAL_STATLINK,Table I.2.6,
M302,Lithuania,2022→2025,math,Veränderung (n. s.),-4.7,OFFICIAL_STATLINK,Table I.2.6,
M302,Lithuania,10 Jahre,sci,Dezennaltrend (sig.),11.5,OFFICIAL_STATLINK,Table I.2.9,
M302,Lithuania,10 Jahre,read,Dezennaltrend (n. s.),-8.6,OFFICIAL_STATLINK,Table I.2.9,
M302,Lithuania,10 Jahre,math,Dezennaltrend (sig.),-8.9,OFFICIAL_STATLINK,Table I.2.9,
M302/M301,Germany,2025,sci,Mittelwert,485.5,OFFICIAL_STATLINK,StatLink xgs41b Table I.2.o3–o6,
M302/M301,Germany,2025,sci,SE (aus 95-%-KI),3.32,DERIVED_CI,"KI-Breite/(2·1,96)",
M302,Germany,2025,sci,Rangspanne (alle),15–34,OFFICIAL_STATLINK,Table I.2.o3–o6,
M302/M301,Germany,2025,read,Mittelwert,465.3,OFFICIAL_STATLINK,StatLink xgs41b Table I.2.o3–o6,
M302/M301,Germany,2025,read,SE (aus 95-%-KI),3.57,DERIVED_CI,"KI-Breite/(2·1,96)",
M302,Germany,2025,read,Rangspanne (alle),16–28,OFFICIAL_STATLINK,Table I.2.o3–o6,
M302/M301,Germany,2025,math,Mittelwert,463.8,OFFICIAL_STATLINK,StatLink xgs41b Table I.2.o3–o6,
M302/M301,Germany,2025,math,SE (aus 95-%-KI),3.06,DERIVED_CI,"KI-Breite/(2·1,96)",
M302,Germany,2025,math,Rangspanne (alle),20–37,OFFICIAL_STATLINK,Table I.2.o3–o6,
M302/M301,Germany,2025,cps,Mittelwert,497.5,OFFICIAL_STATLINK,StatLink xgs41b Table I.2.o3–o6,
M302/M301,Germany,2025,cps,SE (aus 95-%-KI),2.81,DERIVED_CI,"KI-Breite/(2·1,96)",
M302,Germany,2025,cps,Rangspanne (alle),18–36,OFFICIAL_STATLINK,Table I.2.o3–o6,
M302,Germany,2025,sci,P10,341.6,OFFICIAL_STATLINK,Figure I.2.1,
M302,Germany,2025,sci,P25,403.1,OFFICIAL_STATLINK,Figure I.2.1,
M302,Germany,2025,sci,P50,485.0,OFFICIAL_STATLINK,Figure I.2.1,
M302,Germany,2025,sci,P75,566.1,OFFICIAL_STATLINK,Figure I.2.1,
M302,Germany,2025,sci,P90,630.1,OFFICIAL_STATLINK,Figure I.2.1,
M302/M301,Germany,2025,sci,P90−P10,288.5,DERIVED_OFFICIAL,"Figure I.2.1, Differenz",
M302/M301,Germany,2025,sci,unter Stufe 2 (%),26.8,DERIVED_OFFICIAL,"Figure I.2.3, Summe Stufen <1b–1a",
M302/M301,Germany,2025,sci,Stufe 5–6 (%),9.4,DERIVED_OFFICIAL,"Figure I.2.3, Summe Stufen 5–6",
M302,Germany,2022→2025,sci,Veränderung (n. s.),-6.9,OFFICIAL_STATLINK,Table I.2.6,
M302,Germany,2022→2025,read,Veränderung (sig.),-14.5,OFFICIAL_STATLINK,Table I.2.6,
M302,Germany,2022→2025,math,Veränderung (sig.),-11.0,OFFICIAL_STATLINK,Table I.2.6,
M302,Germany,10 Jahre,sci,Dezennaltrend (sig.),-24.0,OFFICIAL_STATLINK,Table I.2.9,
M302,Germany,10 Jahre,read,Dezennaltrend (sig.),-44.2,OFFICIAL_STATLINK,Table I.2.9,
M302,Germany,10 Jahre,math,Dezennaltrend (sig.),-45.0,OFFICIAL_STATLINK,Table I.2.9,
M302/M301,Netherlands,2025,sci,Mittelwert,485.5,OFFICIAL_STATLINK,StatLink xgs41b Table I.2.o3–o6,
M302/M301,Netherlands,2025,sci,SE (aus 95-%-KI),2.81,DERIVED_CI,"KI-Breite/(2·1,96)",
M302,Netherlands,2025,sci,Rangspanne (alle),15–34,OFFICIAL_STATLINK,Table I.2.o3–o6,
M302/M301,Netherlands,2025,read,Mittelwert,441.3,OFFICIAL_STATLINK,StatLink xgs41b Table I.2.o3–o6,
M302/M301,Netherlands,2025,read,SE (aus 95-%-KI),2.81,DERIVED_CI,"KI-Breite/(2·1,96)",
M302,Netherlands,2025,read,Rangspanne (alle),31–39,OFFICIAL_STATLINK,Table I.2.o3–o6,
M302/M301,Netherlands,2025,math,Mittelwert,483.3,OFFICIAL_STATLINK,StatLink xgs41b Table I.2.o3–o6,
M302/M301,Netherlands,2025,math,SE (aus 95-%-KI),2.81,DERIVED_CI,"KI-Breite/(2·1,96)",
M302,Netherlands,2025,math,Rangspanne (alle),10–19,OFFICIAL_STATLINK,Table I.2.o3–o6,
M302/M301,Netherlands,2025,cps,Mittelwert,506.1,OFFICIAL_STATLINK,StatLink xgs41b Table I.2.o3–o6,
M302/M301,Netherlands,2025,cps,SE (aus 95-%-KI),2.55,DERIVED_CI,"KI-Breite/(2·1,96)",
M302,Netherlands,2025,cps,Rangspanne (alle),14–31,OFFICIAL_STATLINK,Table I.2.o3–o6,
M302,Netherlands,2025,sci,P10,338.1,OFFICIAL_STATLINK,Figure I.2.1,
M302,Netherlands,2025,sci,P25,401.9,OFFICIAL_STATLINK,Figure I.2.1,
M302,Netherlands,2025,sci,P50,489.6,OFFICIAL_STATLINK,Figure I.2.1,
M302,Netherlands,2025,sci,P75,568.3,OFFICIAL_STATLINK,Figure I.2.1,
M302,Netherlands,2025,sci,P90,626.3,OFFICIAL_STATLINK,Figure I.2.1,
M302/M301,Netherlands,2025,sci,P90−P10,288.1,DERIVED_OFFICIAL,"Figure I.2.1, Differenz",
M302/M301,Netherlands,2025,sci,unter Stufe 2 (%),27.0,DERIVED_OFFICIAL,"Figure I.2.3, Summe Stufen <1b–1a",
M302/M301,Netherlands,2025,sci,Stufe 5–6 (%),8.7,DERIVED_OFFICIAL,"Figure I.2.3, Summe Stufen 5–6",
M302,Netherlands,2022→2025,sci,Veränderung (n. s.),-2.9,OFFICIAL_STATLINK,Table I.2.6,
M302,Netherlands,2022→2025,read,Veränderung (sig.),-17.9,OFFICIAL_STATLINK,Table I.2.6,
M302,Netherlands,2022→2025,math,Veränderung (n. s.),-9.4,OFFICIAL_STATLINK,Table I.2.6,
M302,Netherlands,10 Jahre,sci,Dezennaltrend (sig.),-25.1,OFFICIAL_STATLINK,Table I.2.9,
M302,Netherlands,10 Jahre,read,Dezennaltrend (sig.),-61.9,OFFICIAL_STATLINK,Table I.2.9,
M302,Netherlands,10 Jahre,math,Dezennaltrend (sig.),-34.1,OFFICIAL_STATLINK,Table I.2.9,
M302/M301,Sweden,2025,sci,Mittelwert,485.1,OFFICIAL_STATLINK,StatLink xgs41b Table I.2.o3–o6,
M302/M301,Sweden,2025,sci,SE (aus 95-%-KI),3.06,DERIVED_CI,"KI-Breite/(2·1,96)",
M302,Sweden,2025,sci,Rangspanne (alle),15–34,OFFICIAL_STATLINK,Table I.2.o3–o6,
M302/M301,Sweden,2025,read,Mittelwert,466.4,OFFICIAL_STATLINK,StatLink xgs41b Table I.2.o3–o6,
M302/M301,Sweden,2025,read,SE (aus 95-%-KI),3.32,DERIVED_CI,"KI-Breite/(2·1,96)",
M302,Sweden,2025,read,Rangspanne (alle),15–28,OFFICIAL_STATLINK,Table I.2.o3–o6,
M302/M301,Sweden,2025,math,Mittelwert,464.3,OFFICIAL_STATLINK,StatLink xgs41b Table I.2.o3–o6,
M302/M301,Sweden,2025,math,SE (aus 95-%-KI),2.55,DERIVED_CI,"KI-Breite/(2·1,96)",
M302,Sweden,2025,math,Rangspanne (alle),20–36,OFFICIAL_STATLINK,Table I.2.o3–o6,
M302/M301,Sweden,2025,cps,Mittelwert,502.6,OFFICIAL_STATLINK,StatLink xgs41b Table I.2.o3–o6,
M302/M301,Sweden,2025,cps,SE (aus 95-%-KI),2.3,DERIVED_CI,"KI-Breite/(2·1,96)",
M302,Sweden,2025,cps,Rangspanne (alle),17–33,OFFICIAL_STATLINK,Table I.2.o3–o6,
M302,Sweden,2025,sci,P10,341.9,OFFICIAL_STATLINK,Figure I.2.1,
M302,Sweden,2025,sci,P25,407.2,OFFICIAL_STATLINK,Figure I.2.1,
M302,Sweden,2025,sci,P50,486.7,OFFICIAL_STATLINK,Figure I.2.1,
M302,Sweden,2025,sci,P75,563.1,OFFICIAL_STATLINK,Figure I.2.1,
M302,Sweden,2025,sci,P90,625.9,OFFICIAL_STATLINK,Figure I.2.1,
M302/M301,Sweden,2025,sci,P90−P10,283.9,DERIVED_OFFICIAL,"Figure I.2.1, Differenz",
M302/M301,Sweden,2025,sci,unter Stufe 2 (%),25.7,DERIVED_OFFICIAL,"Figure I.2.3, Summe Stufen <1b–1a",
M302/M301,Sweden,2025,sci,Stufe 5–6 (%),8.7,DERIVED_OFFICIAL,"Figure I.2.3, Summe Stufen 5–6",
M302,Sweden,2022→2025,sci,Veränderung (n. s.),-8.4,OFFICIAL_STATLINK,Table I.2.6,
M302,Sweden,2022→2025,read,Veränderung (sig.),-20.5,OFFICIAL_STATLINK,Table I.2.6,
M302,Sweden,2022→2025,math,Veränderung (sig.),-17.5,OFFICIAL_STATLINK,Table I.2.6,
M302,Sweden,10 Jahre,sci,Dezennaltrend (n. s.),-9.2,OFFICIAL_STATLINK,Table I.2.9,
M302,Sweden,10 Jahre,read,Dezennaltrend (sig.),-35.6,OFFICIAL_STATLINK,Table I.2.9,
M302,Sweden,10 Jahre,math,Dezennaltrend (sig.),-32.7,OFFICIAL_STATLINK,Table I.2.9,
M302/M301,Slovenia,2025,sci,Mittelwert,483.7,OFFICIAL_STATLINK,StatLink xgs41b Table I.2.o3–o6,
M302/M301,Slovenia,2025,sci,SE (aus 95-%-KI),1.28,DERIVED_CI,"KI-Breite/(2·1,96)",
M302,Slovenia,2025,sci,Rangspanne (alle),19–33,OFFICIAL_STATLINK,Table I.2.o3–o6,
M302/M301,Slovenia,2025,read,Mittelwert,444.7,OFFICIAL_STATLINK,StatLink xgs41b Table I.2.o3–o6,
M302/M301,Slovenia,2025,read,SE (aus 95-%-KI),1.28,DERIVED_CI,"KI-Breite/(2·1,96)",
M302,Slovenia,2025,read,Rangspanne (alle),31–38,OFFICIAL_STATLINK,Table I.2.o3–o6,
M302/M301,Slovenia,2025,math,Mittelwert,459.8,OFFICIAL_STATLINK,StatLink xgs41b Table I.2.o3–o6,
M302/M301,Slovenia,2025,math,SE (aus 95-%-KI),1.02,DERIVED_CI,"KI-Breite/(2·1,96)",
M302,Slovenia,2025,math,Rangspanne (alle),24–37,OFFICIAL_STATLINK,Table I.2.o3–o6,
M302/M301,Slovenia,2025,cps,Mittelwert,485.9,OFFICIAL_STATLINK,StatLink xgs41b Table I.2.o3–o6,
M302/M301,Slovenia,2025,cps,SE (aus 95-%-KI),1.53,DERIVED_CI,"KI-Breite/(2·1,96)",
M302,Slovenia,2025,cps,Rangspanne (alle),34–38,OFFICIAL_STATLINK,Table I.2.o3–o6,
M302,Slovenia,2025,sci,P10,352.0,OFFICIAL_STATLINK,Figure I.2.1,
M302,Slovenia,2025,sci,P25,412.0,OFFICIAL_STATLINK,Figure I.2.1,
M302,Slovenia,2025,sci,P50,484.9,OFFICIAL_STATLINK,Figure I.2.1,
M302,Slovenia,2025,sci,P75,555.7,OFFICIAL_STATLINK,Figure I.2.1,
M302,Slovenia,2025,sci,P90,613.9,OFFICIAL_STATLINK,Figure I.2.1,
M302/M301,Slovenia,2025,sci,P90−P10,261.9,DERIVED_OFFICIAL,"Figure I.2.1, Differenz",
M302/M301,Slovenia,2025,sci,unter Stufe 2 (%),24.2,DERIVED_OFFICIAL,"Figure I.2.3, Summe Stufen <1b–1a",
M302/M301,Slovenia,2025,sci,Stufe 5–6 (%),6.6,DERIVED_OFFICIAL,"Figure I.2.3, Summe Stufen 5–6",
M302,Slovenia,2022→2025,sci,Veränderung (sig.),-16.2,OFFICIAL_STATLINK,Table I.2.6,
M302,Slovenia,2022→2025,read,Veränderung (sig.),-23.8,OFFICIAL_STATLINK,Table I.2.6,
M302,Slovenia,2022→2025,math,Veränderung (sig.),-24.7,OFFICIAL_STATLINK,Table I.2.6,
M302,Slovenia,10 Jahre,sci,Dezennaltrend (sig.),-27.6,OFFICIAL_STATLINK,Table I.2.9,
M302,Slovenia,10 Jahre,read,Dezennaltrend (sig.),-61.4,OFFICIAL_STATLINK,Table I.2.9,
M302,Slovenia,10 Jahre,math,Dezennaltrend (sig.),-51.6,OFFICIAL_STATLINK,Table I.2.9,
M302/M301,France,2025,sci,Mittelwert,483.4,OFFICIAL_STATLINK,StatLink xgs41b Table I.2.o3–o6,
M302/M301,France,2025,sci,SE (aus 95-%-KI),3.32,DERIVED_CI,"KI-Breite/(2·1,96)",
M302,France,2025,sci,Rangspanne (alle),16–35,OFFICIAL_STATLINK,Table I.2.o3–o6,
M302/M301,France,2025,read,Mittelwert,456.3,OFFICIAL_STATLINK,StatLink xgs41b Table I.2.o3–o6,
M302/M301,France,2025,read,SE (aus 95-%-KI),3.32,DERIVED_CI,"KI-Breite/(2·1,96)",
M302,France,2025,read,Rangspanne (alle),20–33,OFFICIAL_STATLINK,Table I.2.o3–o6,
M302/M301,France,2025,math,Mittelwert,457.7,OFFICIAL_STATLINK,StatLink xgs41b Table I.2.o3–o6,
M302/M301,France,2025,math,SE (aus 95-%-KI),3.06,DERIVED_CI,"KI-Breite/(2·1,96)",
M302,France,2025,math,Rangspanne (alle),22–40,OFFICIAL_STATLINK,Table I.2.o3–o6,
M302/M301,France,2025,cps,Mittelwert,497.5,OFFICIAL_STATLINK,StatLink xgs41b Table I.2.o3–o6,
M302/M301,France,2025,cps,SE (aus 95-%-KI),2.81,DERIVED_CI,"KI-Breite/(2·1,96)",
M302,France,2025,cps,Rangspanne (alle),17–36,OFFICIAL_STATLINK,Table I.2.o3–o6,
M302,France,2025,sci,P10,342.4,OFFICIAL_STATLINK,Figure I.2.1,
M302,France,2025,sci,P25,406.6,OFFICIAL_STATLINK,Figure I.2.1,
M302,France,2025,sci,P50,489.6,OFFICIAL_STATLINK,Figure I.2.1,
M302,France,2025,sci,P75,559.7,OFFICIAL_STATLINK,Figure I.2.1,
M302,France,2025,sci,P90,614.9,OFFICIAL_STATLINK,Figure I.2.1,
M302/M301,France,2025,sci,P90−P10,272.5,DERIVED_OFFICIAL,"Figure I.2.1, Differenz",
M302/M301,France,2025,sci,unter Stufe 2 (%),25.8,DERIVED_OFFICIAL,"Figure I.2.3, Summe Stufen <1b–1a",
M302/M301,France,2025,sci,Stufe 5–6 (%),6.7,DERIVED_OFFICIAL,"Figure I.2.3, Summe Stufen 5–6",
M302,France,2022→2025,sci,Veränderung (n. s.),-3.8,OFFICIAL_STATLINK,Table I.2.6,
M302,France,2022→2025,read,Veränderung (sig.),-17.5,OFFICIAL_STATLINK,Table I.2.6,
M302,France,2022→2025,math,Veränderung (sig.),-16.3,OFFICIAL_STATLINK,Table I.2.6,
M302,France,10 Jahre,sci,Dezennaltrend (sig.),-11.9,OFFICIAL_STATLINK,Table I.2.9,
M302,France,10 Jahre,read,Dezennaltrend (sig.),-43.5,OFFICIAL_STATLINK,Table I.2.9,
M302,France,10 Jahre,math,Dezennaltrend (sig.),-37.8,OFFICIAL_STATLINK,Table I.2.9,
M302/M301,Italy,2025,sci,Mittelwert,483.0,OFFICIAL_STATLINK,StatLink xgs41b Table I.2.o3–o6,
M302/M301,Italy,2025,sci,SE (aus 95-%-KI),2.55,DERIVED_CI,"KI-Breite/(2·1,96)",
M302,Italy,2025,sci,Rangspanne (alle),19–34,OFFICIAL_STATLINK,Table I.2.o3–o6,
M302/M301,Italy,2025,read,Mittelwert,474.3,OFFICIAL_STATLINK,StatLink xgs41b Table I.2.o3–o6,
M302/M301,Italy,2025,read,SE (aus 95-%-KI),2.55,DERIVED_CI,"KI-Breite/(2·1,96)",
M302,Italy,2025,read,Rangspanne (alle),13–25,OFFICIAL_STATLINK,Table I.2.o3–o6,
M302/M301,Italy,2025,math,Mittelwert,467.8,OFFICIAL_STATLINK,StatLink xgs41b Table I.2.o3–o6,
M302/M301,Italy,2025,math,SE (aus 95-%-KI),2.81,DERIVED_CI,"KI-Breite/(2·1,96)",
M302,Italy,2025,math,Rangspanne (alle),16–33,OFFICIAL_STATLINK,Table I.2.o3–o6,
M302/M301,Italy,2025,cps,Mittelwert,490.0,OFFICIAL_STATLINK,StatLink xgs41b Table I.2.o3–o6,
M302/M301,Italy,2025,cps,SE (aus 95-%-KI),2.04,DERIVED_CI,"KI-Breite/(2·1,96)",
M302,Italy,2025,cps,Rangspanne (alle),27–38,OFFICIAL_STATLINK,Table I.2.o3–o6,
M302,Italy,2025,sci,P10,360.5,OFFICIAL_STATLINK,Figure I.2.1,
M302,Italy,2025,sci,P25,418.4,OFFICIAL_STATLINK,Figure I.2.1,
M302,Italy,2025,sci,P50,485.5,OFFICIAL_STATLINK,Figure I.2.1,
M302,Italy,2025,sci,P75,548.9,OFFICIAL_STATLINK,Figure I.2.1,
M302,Italy,2025,sci,P90,600.8,OFFICIAL_STATLINK,Figure I.2.1,
M302/M301,Italy,2025,sci,P90−P10,240.3,DERIVED_OFFICIAL,"Figure I.2.1, Differenz",
M302/M301,Italy,2025,sci,unter Stufe 2 (%),22.3,DERIVED_OFFICIAL,"Figure I.2.3, Summe Stufen <1b–1a",
M302/M301,Italy,2025,sci,Stufe 5–6 (%),4.4,DERIVED_OFFICIAL,"Figure I.2.3, Summe Stufen 5–6",
M302,Italy,2022→2025,sci,Veränderung (n. s.),5.5,OFFICIAL_STATLINK,Table I.2.6,
M302,Italy,2022→2025,read,Veränderung (n. s.),-7.3,OFFICIAL_STATLINK,Table I.2.6,
M302,Italy,2022→2025,math,Veränderung (n. s.),-3.5,OFFICIAL_STATLINK,Table I.2.6,
M302,Italy,10 Jahre,sci,Dezennaltrend (n. s.),5.4,OFFICIAL_STATLINK,Table I.2.9,
M302,Italy,10 Jahre,read,Dezennaltrend (n. s.),-7.2,OFFICIAL_STATLINK,Table I.2.9,
M302,Italy,10 Jahre,math,Dezennaltrend (sig.),-24.2,OFFICIAL_STATLINK,Table I.2.9,
M302/M301,Portugal,2025,sci,Mittelwert,481.7,OFFICIAL_STATLINK,StatLink xgs41b Table I.2.o3–o6,
M302/M301,Portugal,2025,sci,SE (aus 95-%-KI),3.57,DERIVED_CI,"KI-Breite/(2·1,96)",
M302,Portugal,2025,sci,Rangspanne (alle),16–36,OFFICIAL_STATLINK,Table I.2.o3–o6,
M302/M301,Portugal,2025,read,Mittelwert,462.0,OFFICIAL_STATLINK,StatLink xgs41b Table I.2.o3–o6,
M302/M301,Portugal,2025,read,SE (aus 95-%-KI),3.06,DERIVED_CI,"KI-Breite/(2·1,96)",
M302,Portugal,2025,read,Rangspanne (alle),17–32,OFFICIAL_STATLINK,Table I.2.o3–o6,
M302/M301,Portugal,2025,math,Mittelwert,459.9,OFFICIAL_STATLINK,StatLink xgs41b Table I.2.o3–o6,
M302/M301,Portugal,2025,math,SE (aus 95-%-KI),3.57,DERIVED_CI,"KI-Breite/(2·1,96)",
M302,Portugal,2025,math,Rangspanne (alle),20–39,OFFICIAL_STATLINK,Table I.2.o3–o6,
M302/M301,Portugal,2025,cps,Mittelwert,500.6,OFFICIAL_STATLINK,StatLink xgs41b Table I.2.o3–o6,
M302/M301,Portugal,2025,cps,SE (aus 95-%-KI),2.81,DERIVED_CI,"KI-Breite/(2·1,96)",
M302,Portugal,2025,cps,Rangspanne (alle),17–35,OFFICIAL_STATLINK,Table I.2.o3–o6,
M302,Portugal,2025,sci,P10,353.3,OFFICIAL_STATLINK,Figure I.2.1,
M302,Portugal,2025,sci,P25,411.6,OFFICIAL_STATLINK,Figure I.2.1,
M302,Portugal,2025,sci,P50,482.7,OFFICIAL_STATLINK,Figure I.2.1,
M302,Portugal,2025,sci,P75,552.1,OFFICIAL_STATLINK,Figure I.2.1,
M302,Portugal,2025,sci,P90,607.5,OFFICIAL_STATLINK,Figure I.2.1,
M302/M301,Portugal,2025,sci,P90−P10,254.2,DERIVED_OFFICIAL,"Figure I.2.1, Differenz",
M302/M301,Portugal,2025,sci,unter Stufe 2 (%),24.4,DERIVED_OFFICIAL,"Figure I.2.3, Summe Stufen <1b–1a",
M302/M301,Portugal,2025,sci,Stufe 5–6 (%),5.7,DERIVED_OFFICIAL,"Figure I.2.3, Summe Stufen 5–6",
M302,Portugal,2022→2025,sci,Veränderung (n. s.),-2.7,OFFICIAL_STATLINK,Table I.2.6,
M302,Portugal,2022→2025,read,Veränderung (sig.),-14.6,OFFICIAL_STATLINK,Table I.2.6,
M302,Portugal,2022→2025,math,Veränderung (sig.),-12.0,OFFICIAL_STATLINK,Table I.2.6,
M302,Portugal,10 Jahre,sci,Dezennaltrend (sig.),-19.2,OFFICIAL_STATLINK,Table I.2.9,
M302,Portugal,10 Jahre,read,Dezennaltrend (sig.),-36.4,OFFICIAL_STATLINK,Table I.2.9,
M302,Portugal,10 Jahre,math,Dezennaltrend (sig.),-34.4,OFFICIAL_STATLINK,Table I.2.9,
M302/M301,Hungary,2025,sci,Mittelwert,479.9,OFFICIAL_STATLINK,StatLink xgs41b Table I.2.o3–o6,
M302/M301,Hungary,2025,sci,SE (aus 95-%-KI),2.55,DERIVED_CI,"KI-Breite/(2·1,96)",
M302,Hungary,2025,sci,Rangspanne (alle),20–36,OFFICIAL_STATLINK,Table I.2.o3–o6,
M302/M301,Hungary,2025,read,Mittelwert,452.3,OFFICIAL_STATLINK,StatLink xgs41b Table I.2.o3–o6,
M302/M301,Hungary,2025,read,SE (aus 95-%-KI),2.3,DERIVED_CI,"KI-Breite/(2·1,96)",
M302,Hungary,2025,read,Rangspanne (alle),25–35,OFFICIAL_STATLINK,Table I.2.o3–o6,
M302/M301,Hungary,2025,math,Mittelwert,459.5,OFFICIAL_STATLINK,StatLink xgs41b Table I.2.o3–o6,
M302/M301,Hungary,2025,math,SE (aus 95-%-KI),2.3,DERIVED_CI,"KI-Breite/(2·1,96)",
M302,Hungary,2025,math,Rangspanne (alle),22–38,OFFICIAL_STATLINK,Table I.2.o3–o6,
M302/M301,Hungary,2025,cps,Mittelwert,495.0,OFFICIAL_STATLINK,StatLink xgs41b Table I.2.o3–o6,
M302/M301,Hungary,2025,cps,SE (aus 95-%-KI),2.55,DERIVED_CI,"KI-Breite/(2·1,96)",
M302,Hungary,2025,cps,Rangspanne (alle),25–36,OFFICIAL_STATLINK,Table I.2.o3–o6,
M302,Hungary,2025,sci,P10,352.4,OFFICIAL_STATLINK,Figure I.2.1,
M302,Hungary,2025,sci,P25,412.7,OFFICIAL_STATLINK,Figure I.2.1,
M302,Hungary,2025,sci,P50,482.6,OFFICIAL_STATLINK,Figure I.2.1,
M302,Hungary,2025,sci,P75,548.3,OFFICIAL_STATLINK,Figure I.2.1,
M302,Hungary,2025,sci,P90,601.7,OFFICIAL_STATLINK,Figure I.2.1,
M302/M301,Hungary,2025,sci,P90−P10,249.3,DERIVED_OFFICIAL,"Figure I.2.1, Differenz",
M302/M301,Hungary,2025,sci,unter Stufe 2 (%),24.0,DERIVED_OFFICIAL,"Figure I.2.3, Summe Stufen <1b–1a",
M302/M301,Hungary,2025,sci,Stufe 5–6 (%),4.9,DERIVED_OFFICIAL,"Figure I.2.3, Summe Stufen 5–6",
M302,Hungary,2022→2025,sci,Veränderung (n. s.),-6.0,OFFICIAL_STATLINK,Table I.2.6,
M302,Hungary,2022→2025,read,Veränderung (sig.),-20.7,OFFICIAL_STATLINK,Table I.2.6,
M302,Hungary,2022→2025,math,Veränderung (sig.),-13.3,OFFICIAL_STATLINK,Table I.2.6,
M302,Hungary,10 Jahre,sci,Dezennaltrend (n. s.),4.4,OFFICIAL_STATLINK,Table I.2.9,
M302,Hungary,10 Jahre,read,Dezennaltrend (sig.),-15.9,OFFICIAL_STATLINK,Table I.2.9,
M302,Hungary,10 Jahre,math,Dezennaltrend (sig.),-17.8,OFFICIAL_STATLINK,Table I.2.9,
M302/M301,Denmark,2025,sci,Mittelwert,477.5,OFFICIAL_STATLINK,StatLink xgs41b Table I.2.o3–o6,
M302/M301,Denmark,2025,sci,SE (aus 95-%-KI),2.3,DERIVED_CI,"KI-Breite/(2·1,96)",
M302,Denmark,2025,sci,Rangspanne (alle),23–37,OFFICIAL_STATLINK,Table I.2.o3–o6,
M302/M301,Denmark,2025,read,Mittelwert,460.0,OFFICIAL_STATLINK,StatLink xgs41b Table I.2.o3–o6,
M302/M301,Denmark,2025,read,SE (aus 95-%-KI),2.55,DERIVED_CI,"KI-Breite/(2·1,96)",
M302,Denmark,2025,read,Rangspanne (alle),19–32,OFFICIAL_STATLINK,Table I.2.o3–o6,
M302/M301,Denmark,2025,math,Mittelwert,470.6,OFFICIAL_STATLINK,StatLink xgs41b Table I.2.o3–o6,
M302/M301,Denmark,2025,math,SE (aus 95-%-KI),2.3,DERIVED_CI,"KI-Breite/(2·1,96)",
M302,Denmark,2025,math,Rangspanne (alle),15–29,OFFICIAL_STATLINK,Table I.2.o3–o6,
M302/M301,Denmark,2025,cps,Mittelwert,505.9,OFFICIAL_STATLINK,StatLink xgs41b Table I.2.o3–o6,
M302/M301,Denmark,2025,cps,SE (aus 95-%-KI),2.3,DERIVED_CI,"KI-Breite/(2·1,96)",
M302,Denmark,2025,cps,Rangspanne (alle),15–31,OFFICIAL_STATLINK,Table I.2.o3–o6,
M302,Denmark,2025,sci,P10,351.1,OFFICIAL_STATLINK,Figure I.2.1,
M302,Denmark,2025,sci,P25,409.7,OFFICIAL_STATLINK,Figure I.2.1,
M302,Denmark,2025,sci,P50,479.5,OFFICIAL_STATLINK,Figure I.2.1,
M302,Denmark,2025,sci,P75,546.0,OFFICIAL_STATLINK,Figure I.2.1,
M302,Denmark,2025,sci,P90,599.6,OFFICIAL_STATLINK,Figure I.2.1,
M302/M301,Denmark,2025,sci,P90−P10,248.5,DERIVED_OFFICIAL,"Figure I.2.1, Differenz",
M302/M301,Denmark,2025,sci,unter Stufe 2 (%),24.9,DERIVED_OFFICIAL,"Figure I.2.3, Summe Stufen <1b–1a",
M302/M301,Denmark,2025,sci,Stufe 5–6 (%),4.8,DERIVED_OFFICIAL,"Figure I.2.3, Summe Stufen 5–6",
M302,Denmark,2022→2025,sci,Veränderung (sig.),-16.3,OFFICIAL_STATLINK,Table I.2.6,
M302,Denmark,2022→2025,read,Veränderung (sig.),-28.8,OFFICIAL_STATLINK,Table I.2.6,
M302,Denmark,2022→2025,math,Veränderung (sig.),-18.6,OFFICIAL_STATLINK,Table I.2.6,
M302,Denmark,10 Jahre,sci,Dezennaltrend (sig.),-20.6,OFFICIAL_STATLINK,Table I.2.9,
M302,Denmark,10 Jahre,read,Dezennaltrend (sig.),-38.6,OFFICIAL_STATLINK,Table I.2.9,
M302,Denmark,10 Jahre,math,Dezennaltrend (sig.),-41.8,OFFICIAL_STATLINK,Table I.2.9,
M302/M301,Spain,2025,sci,Mittelwert,477.1,OFFICIAL_STATLINK,StatLink xgs41b Table I.2.o3–o6,
M302/M301,Spain,2025,sci,SE (aus 95-%-KI),2.04,DERIVED_CI,"KI-Breite/(2·1,96)",
M302,Spain,2025,sci,Rangspanne (alle),23–37,OFFICIAL_STATLINK,Table I.2.o3–o6,
M302/M301,Spain,2025,read,Mittelwert,451.4,OFFICIAL_STATLINK,StatLink xgs41b Table I.2.o3–o6,
M302/M301,Spain,2025,read,SE (aus 95-%-KI),1.79,DERIVED_CI,"KI-Breite/(2·1,96)",
M302,Spain,2025,read,Rangspanne (alle),26–35,OFFICIAL_STATLINK,Table I.2.o3–o6,
M302/M301,Spain,2025,math,Mittelwert,457.4,OFFICIAL_STATLINK,StatLink xgs41b Table I.2.o3–o6,
M302/M301,Spain,2025,math,SE (aus 95-%-KI),1.79,DERIVED_CI,"KI-Breite/(2·1,96)",
M302,Spain,2025,math,Rangspanne (alle),24–38,OFFICIAL_STATLINK,Table I.2.o3–o6,
M302/M301,Spain,2025,cps,Mittelwert,498.8,OFFICIAL_STATLINK,StatLink xgs41b Table I.2.o3–o6,
M302/M301,Spain,2025,cps,SE (aus 95-%-KI),1.79,DERIVED_CI,"KI-Breite/(2·1,96)",
M302,Spain,2025,cps,Rangspanne (alle),18–35,OFFICIAL_STATLINK,Table I.2.o3–o6,
M302,Spain,2025,sci,P10,352.5,OFFICIAL_STATLINK,Figure I.2.1,
M302,Spain,2025,sci,P25,411.5,OFFICIAL_STATLINK,Figure I.2.1,
M302,Spain,2025,sci,P50,479.7,OFFICIAL_STATLINK,Figure I.2.1,
M302,Spain,2025,sci,P75,543.6,OFFICIAL_STATLINK,Figure I.2.1,
M302,Spain,2025,sci,P90,596.6,OFFICIAL_STATLINK,Figure I.2.1,
M302/M301,Spain,2025,sci,P90−P10,244.1,DERIVED_OFFICIAL,"Figure I.2.1, Differenz",
M302/M301,Spain,2025,sci,unter Stufe 2 (%),24.4,DERIVED_OFFICIAL,"Figure I.2.3, Summe Stufen <1b–1a",
M302/M301,Spain,2025,sci,Stufe 5–6 (%),4.2,DERIVED_OFFICIAL,"Figure I.2.3, Summe Stufen 5–6",
M302,Spain,2022→2025,sci,Veränderung (n. s.),-7.4,OFFICIAL_STATLINK,Table I.2.6,
M302,Spain,2022→2025,read,Veränderung (sig.),-23.0,OFFICIAL_STATLINK,Table I.2.6,
M302,Spain,2022→2025,math,Veränderung (sig.),-15.7,OFFICIAL_STATLINK,Table I.2.6,
M302,Spain,10 Jahre,sci,Dezennaltrend (sig.),-15.0,OFFICIAL_STATLINK,Table I.2.9,
M302,Spain,10 Jahre,read,Dezennaltrend (sig.),-41.8,OFFICIAL_STATLINK,Table I.2.9,
M302,Spain,10 Jahre,math,Dezennaltrend (sig.),-26.6,OFFICIAL_STATLINK,Table I.2.9,
M302/M301,Croatia,2025,sci,Mittelwert,476.3,OFFICIAL_STATLINK,StatLink xgs41b Table I.2.o3–o6,
M302/M301,Croatia,2025,sci,SE (aus 95-%-KI),1.79,DERIVED_CI,"KI-Breite/(2·1,96)",
M302,Croatia,2025,sci,Rangspanne (alle),24–37,OFFICIAL_STATLINK,Table I.2.o3–o6,
M302/M301,Croatia,2025,read,Mittelwert,453.4,OFFICIAL_STATLINK,StatLink xgs41b Table I.2.o3–o6,
M302/M301,Croatia,2025,read,SE (aus 95-%-KI),1.79,DERIVED_CI,"KI-Breite/(2·1,96)",
M302,Croatia,2025,read,Rangspanne (alle),25–33,OFFICIAL_STATLINK,Table I.2.o3–o6,
M302/M301,Croatia,2025,math,Mittelwert,455.3,OFFICIAL_STATLINK,StatLink xgs41b Table I.2.o3–o6,
M302/M301,Croatia,2025,math,SE (aus 95-%-KI),1.79,DERIVED_CI,"KI-Breite/(2·1,96)",
M302,Croatia,2025,math,Rangspanne (alle),25–40,OFFICIAL_STATLINK,Table I.2.o3–o6,
M302/M301,Croatia,2025,cps,Mittelwert,463.8,OFFICIAL_STATLINK,StatLink xgs41b Table I.2.o3–o6,
M302/M301,Croatia,2025,cps,SE (aus 95-%-KI),2.04,DERIVED_CI,"KI-Breite/(2·1,96)",
M302,Croatia,2025,cps,Rangspanne (alle),43–48,OFFICIAL_STATLINK,Table I.2.o3–o6,
M302,Croatia,2025,sci,P10,350.7,OFFICIAL_STATLINK,Figure I.2.1,
M302,Croatia,2025,sci,P25,408.6,OFFICIAL_STATLINK,Figure I.2.1,
M302,Croatia,2025,sci,P50,476.5,OFFICIAL_STATLINK,Figure I.2.1,
M302,Croatia,2025,sci,P75,543.3,OFFICIAL_STATLINK,Figure I.2.1,
M302,Croatia,2025,sci,P90,600.2,OFFICIAL_STATLINK,Figure I.2.1,
M302/M301,Croatia,2025,sci,P90−P10,249.5,DERIVED_OFFICIAL,"Figure I.2.1, Differenz",
M302/M301,Croatia,2025,sci,unter Stufe 2 (%),25.3,DERIVED_OFFICIAL,"Figure I.2.3, Summe Stufen <1b–1a",
M302/M301,Croatia,2025,sci,Stufe 5–6 (%),4.9,DERIVED_OFFICIAL,"Figure I.2.3, Summe Stufen 5–6",
M302,Croatia,2022→2025,sci,Veränderung (n. s.),-6.4,OFFICIAL_STATLINK,Table I.2.6,
M302,Croatia,2022→2025,read,Veränderung (sig.),-22.1,OFFICIAL_STATLINK,Table I.2.6,
M302,Croatia,2022→2025,math,Veränderung (sig.),-7.8,OFFICIAL_STATLINK,Table I.2.6,
M302,Croatia,10 Jahre,sci,Dezennaltrend (n. s.),4.3,OFFICIAL_STATLINK,Table I.2.9,
M302,Croatia,10 Jahre,read,Dezennaltrend (sig.),-30.1,OFFICIAL_STATLINK,Table I.2.9,
M302,Croatia,10 Jahre,math,Dezennaltrend (n. s.),-7.9,OFFICIAL_STATLINK,Table I.2.9,
M302/M301,Slovak Republic,2025,sci,Mittelwert,474.9,OFFICIAL_STATLINK,StatLink xgs41b Table I.2.o3–o6,
M302/M301,Slovak Republic,2025,sci,SE (aus 95-%-KI),2.55,DERIVED_CI,"KI-Breite/(2·1,96)",
M302,Slovak Republic,2025,sci,Rangspanne (alle),23–37,OFFICIAL_STATLINK,Table I.2.o3–o6,
M302/M301,Slovak Republic,2025,read,Mittelwert,448.0,OFFICIAL_STATLINK,StatLink xgs41b Table I.2.o3–o6,
M302/M301,Slovak Republic,2025,read,SE (aus 95-%-KI),2.55,DERIVED_CI,"KI-Breite/(2·1,96)",
M302,Slovak Republic,2025,read,Rangspanne (alle),28–37,OFFICIAL_STATLINK,Table I.2.o3–o6,
M302/M301,Slovak Republic,2025,math,Mittelwert,469.1,OFFICIAL_STATLINK,StatLink xgs41b Table I.2.o3–o6,
M302/M301,Slovak Republic,2025,math,SE (aus 95-%-KI),2.55,DERIVED_CI,"KI-Breite/(2·1,96)",
M302,Slovak Republic,2025,math,Rangspanne (alle),16–32,OFFICIAL_STATLINK,Table I.2.o3–o6,
M302/M301,Slovak Republic,2025,cps,Mittelwert,496.8,OFFICIAL_STATLINK,StatLink xgs41b Table I.2.o3–o6,
M302/M301,Slovak Republic,2025,cps,SE (aus 95-%-KI),2.3,DERIVED_CI,"KI-Breite/(2·1,96)",
M302,Slovak Republic,2025,cps,Rangspanne (alle),22–36,OFFICIAL_STATLINK,Table I.2.o3–o6,
M302,Slovak Republic,2025,sci,P10,340.4,OFFICIAL_STATLINK,Figure I.2.1,
M302,Slovak Republic,2025,sci,P25,404.0,OFFICIAL_STATLINK,Figure I.2.1,
M302,Slovak Republic,2025,sci,P50,478.6,OFFICIAL_STATLINK,Figure I.2.1,
M302,Slovak Republic,2025,sci,P75,547.1,OFFICIAL_STATLINK,Figure I.2.1,
M302,Slovak Republic,2025,sci,P90,603.1,OFFICIAL_STATLINK,Figure I.2.1,
M302/M301,Slovak Republic,2025,sci,P90−P10,262.6,DERIVED_OFFICIAL,"Figure I.2.1, Differenz",
M302/M301,Slovak Republic,2025,sci,unter Stufe 2 (%),26.6,DERIVED_OFFICIAL,"Figure I.2.3, Summe Stufen <1b–1a",
M302/M301,Slovak Republic,2025,sci,Stufe 5–6 (%),5.1,DERIVED_OFFICIAL,"Figure I.2.3, Summe Stufen 5–6",
M302,Slovak Republic,2022→2025,sci,Veränderung (sig.),12.6,OFFICIAL_STATLINK,Table I.2.6,
M302,Slovak Republic,2022→2025,read,Veränderung (n. s.),1.1,OFFICIAL_STATLINK,Table I.2.6,
M302,Slovak Republic,2022→2025,math,Veränderung (n. s.),5.1,OFFICIAL_STATLINK,Table I.2.6,
M302,Slovak Republic,10 Jahre,sci,Dezennaltrend (sig.),11.5,OFFICIAL_STATLINK,Table I.2.9,
M302,Slovak Republic,10 Jahre,read,Dezennaltrend (n. s.),-7.8,OFFICIAL_STATLINK,Table I.2.9,
M302,Slovak Republic,10 Jahre,math,Dezennaltrend (sig.),-12.9,OFFICIAL_STATLINK,Table I.2.9,
M302/M301,Luxembourg,2025,sci,Mittelwert,473.8,OFFICIAL_STATLINK,StatLink xgs41b Table I.2.o3–o6,
M302/M301,Luxembourg,2025,sci,SE (aus 95-%-KI),1.02,DERIVED_CI,"KI-Breite/(2·1,96)",
M302,Luxembourg,2025,sci,Rangspanne (alle),27–37,OFFICIAL_STATLINK,Table I.2.o3–o6,
M302/M301,Luxembourg,2025,read,Mittelwert,443.2,OFFICIAL_STATLINK,StatLink xgs41b Table I.2.o3–o6,
M302/M301,Luxembourg,2025,read,SE (aus 95-%-KI),1.02,DERIVED_CI,"KI-Breite/(2·1,96)",
M302,Luxembourg,2025,read,Rangspanne (alle),33–38,OFFICIAL_STATLINK,Table I.2.o3–o6,
M302/M301,Luxembourg,2025,math,Mittelwert,458.1,OFFICIAL_STATLINK,StatLink xgs41b Table I.2.o3–o6,
M302/M301,Luxembourg,2025,math,SE (aus 95-%-KI),1.02,DERIVED_CI,"KI-Breite/(2·1,96)",
M302,Luxembourg,2025,math,Rangspanne (alle),24–38,OFFICIAL_STATLINK,Table I.2.o3–o6,
M302/M301,Luxembourg,2025,cps,Mittelwert,505.6,OFFICIAL_STATLINK,StatLink xgs41b Table I.2.o3–o6,
M302/M301,Luxembourg,2025,cps,SE (aus 95-%-KI),1.28,DERIVED_CI,"KI-Breite/(2·1,96)",
M302,Luxembourg,2025,cps,Rangspanne (alle),15–30,OFFICIAL_STATLINK,Table I.2.o3–o6,
M302,Luxembourg,2025,sci,P10,325.6,OFFICIAL_STATLINK,Figure I.2.1,
M302,Luxembourg,2025,sci,P25,386.6,OFFICIAL_STATLINK,Figure I.2.1,
M302,Luxembourg,2025,sci,P50,472.5,OFFICIAL_STATLINK,Figure I.2.1,
M302,Luxembourg,2025,sci,P75,557.8,OFFICIAL_STATLINK,Figure I.2.1,
M302,Luxembourg,2025,sci,P90,624.5,OFFICIAL_STATLINK,Figure I.2.1,
M302/M301,Luxembourg,2025,sci,P90−P10,299.0,DERIVED_OFFICIAL,"Figure I.2.1, Differenz",
M302/M301,Luxembourg,2025,sci,unter Stufe 2 (%),31.5,DERIVED_OFFICIAL,"Figure I.2.3, Summe Stufen <1b–1a",
M302/M301,Luxembourg,2025,sci,Stufe 5–6 (%),8.6,DERIVED_OFFICIAL,"Figure I.2.3, Summe Stufen 5–6",
M302,Luxembourg,10 Jahre,sci,Dezennaltrend (sig.),-8.2,OFFICIAL_STATLINK,Table I.2.9,
M302,Luxembourg,10 Jahre,read,Dezennaltrend (sig.),-38.2,OFFICIAL_STATLINK,Table I.2.9,
M302,Luxembourg,10 Jahre,math,Dezennaltrend (sig.),-29.1,OFFICIAL_STATLINK,Table I.2.9,
M302/M301,Norway,2025,sci,Mittelwert,470.2,OFFICIAL_STATLINK,StatLink xgs41b Table I.2.o3–o6,
M302/M301,Norway,2025,sci,SE (aus 95-%-KI),2.04,DERIVED_CI,"KI-Breite/(2·1,96)",
M302,Norway,2025,sci,Rangspanne (alle),29–38,OFFICIAL_STATLINK,Table I.2.o3–o6,
M302/M301,Norway,2025,read,Mittelwert,452.8,OFFICIAL_STATLINK,StatLink xgs41b Table I.2.o3–o6,
M302/M301,Norway,2025,read,SE (aus 95-%-KI),2.04,DERIVED_CI,"KI-Breite/(2·1,96)",
M302,Norway,2025,read,Rangspanne (alle),25–33,OFFICIAL_STATLINK,Table I.2.o3–o6,
M302/M301,Norway,2025,math,Mittelwert,451.8,OFFICIAL_STATLINK,StatLink xgs41b Table I.2.o3–o6,
M302/M301,Norway,2025,math,SE (aus 95-%-KI),2.04,DERIVED_CI,"KI-Breite/(2·1,96)",
M302,Norway,2025,math,Rangspanne (alle),29–40,OFFICIAL_STATLINK,Table I.2.o3–o6,
M302/M301,Norway,2025,cps,Mittelwert,491.1,OFFICIAL_STATLINK,StatLink xgs41b Table I.2.o3–o6,
M302/M301,Norway,2025,cps,SE (aus 95-%-KI),2.04,DERIVED_CI,"KI-Breite/(2·1,96)",
M302,Norway,2025,cps,Rangspanne (alle),27–38,OFFICIAL_STATLINK,Table I.2.o3–o6,
M302,Norway,2025,sci,P10,335.1,OFFICIAL_STATLINK,Figure I.2.1,
M302,Norway,2025,sci,P25,396.1,OFFICIAL_STATLINK,Figure I.2.1,
M302,Norway,2025,sci,P50,471.2,OFFICIAL_STATLINK,Figure I.2.1,
M302,Norway,2025,sci,P75,543.1,OFFICIAL_STATLINK,Figure I.2.1,
M302,Norway,2025,sci,P90,603.7,OFFICIAL_STATLINK,Figure I.2.1,
M302/M301,Norway,2025,sci,P90−P10,268.6,DERIVED_OFFICIAL,"Figure I.2.1, Differenz",
M302/M301,Norway,2025,sci,unter Stufe 2 (%),29.1,DERIVED_OFFICIAL,"Figure I.2.3, Summe Stufen <1b–1a",
M302/M301,Norway,2025,sci,Stufe 5–6 (%),5.5,DERIVED_OFFICIAL,"Figure I.2.3, Summe Stufen 5–6",
M302,Norway,2022→2025,sci,Veränderung (n. s.),-8.0,OFFICIAL_STATLINK,Table I.2.6,
M302,Norway,2022→2025,read,Veränderung (sig.),-23.7,OFFICIAL_STATLINK,Table I.2.6,
M302,Norway,2022→2025,math,Veränderung (sig.),-16.7,OFFICIAL_STATLINK,Table I.2.6,
M302,Norway,10 Jahre,sci,Dezennaltrend (sig.),-28.6,OFFICIAL_STATLINK,Table I.2.9,
M302,Norway,10 Jahre,read,Dezennaltrend (sig.),-60.0,OFFICIAL_STATLINK,Table I.2.9,
M302,Norway,10 Jahre,math,Dezennaltrend (sig.),-54.3,OFFICIAL_STATLINK,Table I.2.9,
M302/M301,Latvia,2025,sci,Mittelwert,468.4,OFFICIAL_STATLINK,StatLink xgs41b Table I.2.o3–o6,
M302/M301,Latvia,2025,sci,SE (aus 95-%-KI),2.04,DERIVED_CI,"KI-Breite/(2·1,96)",
M302,Latvia,2025,sci,Rangspanne (alle),32–38,OFFICIAL_STATLINK,Table I.2.o3–o6,
M302/M301,Latvia,2025,read,Mittelwert,429.7,OFFICIAL_STATLINK,StatLink xgs41b Table I.2.o3–o6,
M302/M301,Latvia,2025,read,SE (aus 95-%-KI),2.04,DERIVED_CI,"KI-Breite/(2·1,96)",
M302,Latvia,2025,read,Rangspanne (alle),37–44,OFFICIAL_STATLINK,Table I.2.o3–o6,
M302/M301,Latvia,2025,math,Mittelwert,460.5,OFFICIAL_STATLINK,StatLink xgs41b Table I.2.o3–o6,
M302/M301,Latvia,2025,math,SE (aus 95-%-KI),1.79,DERIVED_CI,"KI-Breite/(2·1,96)",
M302,Latvia,2025,math,Rangspanne (alle),22–37,OFFICIAL_STATLINK,Table I.2.o3–o6,
M302/M301,Latvia,2025,cps,Mittelwert,506.8,OFFICIAL_STATLINK,StatLink xgs41b Table I.2.o3–o6,
M302/M301,Latvia,2025,cps,SE (aus 95-%-KI),1.79,DERIVED_CI,"KI-Breite/(2·1,96)",
M302,Latvia,2025,cps,Rangspanne (alle),15–30,OFFICIAL_STATLINK,Table I.2.o3–o6,
M302,Latvia,2025,sci,P10,341.4,OFFICIAL_STATLINK,Figure I.2.1,
M302,Latvia,2025,sci,P25,400.9,OFFICIAL_STATLINK,Figure I.2.1,
M302,Latvia,2025,sci,P50,470.2,OFFICIAL_STATLINK,Figure I.2.1,
M302,Latvia,2025,sci,P75,536.9,OFFICIAL_STATLINK,Figure I.2.1,
M302,Latvia,2025,sci,P90,591.9,OFFICIAL_STATLINK,Figure I.2.1,
M302/M301,Latvia,2025,sci,P90−P10,250.5,DERIVED_OFFICIAL,"Figure I.2.1, Differenz",
M302/M301,Latvia,2025,sci,unter Stufe 2 (%),27.8,DERIVED_OFFICIAL,"Figure I.2.3, Summe Stufen <1b–1a",
M302/M301,Latvia,2025,sci,Stufe 5–6 (%),3.7,DERIVED_OFFICIAL,"Figure I.2.3, Summe Stufen 5–6",
M302,Latvia,2022→2025,sci,Veränderung (sig.),-25.5,OFFICIAL_STATLINK,Table I.2.6,
M302,Latvia,2022→2025,read,Veränderung (sig.),-44.9,OFFICIAL_STATLINK,Table I.2.6,
M302,Latvia,2022→2025,math,Veränderung (sig.),-22.7,OFFICIAL_STATLINK,Table I.2.6,
M302,Latvia,10 Jahre,sci,Dezennaltrend (sig.),-16.6,OFFICIAL_STATLINK,Table I.2.9,
M302,Latvia,10 Jahre,read,Dezennaltrend (sig.),-51.5,OFFICIAL_STATLINK,Table I.2.9,
M302,Latvia,10 Jahre,math,Dezennaltrend (sig.),-23.3,OFFICIAL_STATLINK,Table I.2.9,
M302/M301,United Arab Emirates,2025,sci,Mittelwert,458.1,OFFICIAL_STATLINK,StatLink xgs41b Table I.2.o3–o6,
M302/M301,United Arab Emirates,2025,sci,SE (aus 95-%-KI),2.04,DERIVED_CI,"KI-Breite/(2·1,96)",
M302,United Arab Emirates,2025,sci,Rangspanne (alle),38–41,OFFICIAL_STATLINK,Table I.2.o3–o6,
M302/M301,United Arab Emirates,2025,read,Mittelwert,432.8,OFFICIAL_STATLINK,StatLink xgs41b Table I.2.o3–o6,
M302/M301,United Arab Emirates,2025,read,SE (aus 95-%-KI),1.53,DERIVED_CI,"KI-Breite/(2·1,96)",
M302,United Arab Emirates,2025,read,Rangspanne (alle),36–41,OFFICIAL_STATLINK,Table I.2.o3–o6,
M302/M301,United Arab Emirates,2025,math,Mittelwert,452.6,OFFICIAL_STATLINK,StatLink xgs41b Table I.2.o3–o6,
M302/M301,United Arab Emirates,2025,math,SE (aus 95-%-KI),2.3,DERIVED_CI,"KI-Breite/(2·1,96)",
M302,United Arab Emirates,2025,math,Rangspanne (alle),26–40,OFFICIAL_STATLINK,Table I.2.o3–o6,
M302/M301,United Arab Emirates,2025,cps,Mittelwert,475.6,OFFICIAL_STATLINK,StatLink xgs41b Table I.2.o3–o6,
M302/M301,United Arab Emirates,2025,cps,SE (aus 95-%-KI),1.53,DERIVED_CI,"KI-Breite/(2·1,96)",
M302,United Arab Emirates,2025,cps,Rangspanne (alle),39–43,OFFICIAL_STATLINK,Table I.2.o3–o6,
M302,United Arab Emirates,2025,sci,P10,314.0,OFFICIAL_STATLINK,Figure I.2.1,
M302,United Arab Emirates,2025,sci,P25,374.8,OFFICIAL_STATLINK,Figure I.2.1,
M302,United Arab Emirates,2025,sci,P50,457.6,OFFICIAL_STATLINK,Figure I.2.1,
M302,United Arab Emirates,2025,sci,P75,538.9,OFFICIAL_STATLINK,Figure I.2.1,
M302,United Arab Emirates,2025,sci,P90,602.8,OFFICIAL_STATLINK,Figure I.2.1,
M302/M301,United Arab Emirates,2025,sci,P90−P10,288.9,DERIVED_OFFICIAL,"Figure I.2.1, Differenz",
M302/M301,United Arab Emirates,2025,sci,unter Stufe 2 (%),35.1,DERIVED_OFFICIAL,"Figure I.2.3, Summe Stufen <1b–1a",
M302/M301,United Arab Emirates,2025,sci,Stufe 5–6 (%),5.6,DERIVED_OFFICIAL,"Figure I.2.3, Summe Stufen 5–6",
M302,United Arab Emirates,2022→2025,sci,Veränderung (sig.),26.1,OFFICIAL_STATLINK,Table I.2.6,
M302,United Arab Emirates,2022→2025,read,Veränderung (sig.),15.5,OFFICIAL_STATLINK,Table I.2.6,
M302,United Arab Emirates,2022→2025,math,Veränderung (sig.),21.5,OFFICIAL_STATLINK,Table I.2.6,
M302,United Arab Emirates,10 Jahre,sci,Dezennaltrend (sig.),17.8,OFFICIAL_STATLINK,Table I.2.9,
M302,United Arab Emirates,10 Jahre,read,Dezennaltrend (n. s.),-5.6,OFFICIAL_STATLINK,Table I.2.9,
M302,United Arab Emirates,10 Jahre,math,Dezennaltrend (sig.),20.3,OFFICIAL_STATLINK,Table I.2.9,
M302/M301,Viet Nam,2025,sci,Mittelwert,457.4,OFFICIAL_STATLINK,StatLink xgs41b Table I.2.o3–o6,
M302/M301,Viet Nam,2025,sci,SE (aus 95-%-KI),3.83,DERIVED_CI,"KI-Breite/(2·1,96)",
M302,Viet Nam,2025,sci,Rangspanne (alle),36–41,OFFICIAL_STATLINK,Table I.2.o3–o6,
M302/M301,Viet Nam,2025,read,Mittelwert,391.5,OFFICIAL_STATLINK,StatLink xgs41b Table I.2.o3–o6,
M302/M301,Viet Nam,2025,read,SE (aus 95-%-KI),3.83,DERIVED_CI,"KI-Breite/(2·1,96)",
M302,Viet Nam,2025,read,Rangspanne (alle),55–67,OFFICIAL_STATLINK,Table I.2.o3–o6,
M302/M301,Viet Nam,2025,math,Mittelwert,443.2,OFFICIAL_STATLINK,StatLink xgs41b Table I.2.o3–o6,
M302/M301,Viet Nam,2025,math,SE (aus 95-%-KI),4.34,DERIVED_CI,"KI-Breite/(2·1,96)",
M302,Viet Nam,2025,math,Rangspanne (alle),34–45,OFFICIAL_STATLINK,Table I.2.o3–o6,
M302/M301,Viet Nam,2025,cps,Mittelwert,461.4,OFFICIAL_STATLINK,StatLink xgs41b Table I.2.o3–o6,
M302/M301,Viet Nam,2025,cps,SE (aus 95-%-KI),2.81,DERIVED_CI,"KI-Breite/(2·1,96)",
M302,Viet Nam,2025,cps,Rangspanne (alle),43–52,OFFICIAL_STATLINK,Table I.2.o3–o6,
M302,Viet Nam,2025,sci,P10,354.5,OFFICIAL_STATLINK,Figure I.2.1,
M302,Viet Nam,2025,sci,P25,400.2,OFFICIAL_STATLINK,Figure I.2.1,
M302,Viet Nam,2025,sci,P50,455.5,OFFICIAL_STATLINK,Figure I.2.1,
M302,Viet Nam,2025,sci,P75,512.8,OFFICIAL_STATLINK,Figure I.2.1,
M302,Viet Nam,2025,sci,P90,563.2,OFFICIAL_STATLINK,Figure I.2.1,
M302/M301,Viet Nam,2025,sci,P90−P10,208.8,DERIVED_OFFICIAL,"Figure I.2.1, Differenz",
M302/M301,Viet Nam,2025,sci,unter Stufe 2 (%),28.7,DERIVED_OFFICIAL,"Figure I.2.3, Summe Stufen <1b–1a",
M302/M301,Viet Nam,2025,sci,Stufe 5–6 (%),1.6,DERIVED_OFFICIAL,"Figure I.2.3, Summe Stufen 5–6",
M302/M301,Malta,2025,sci,Mittelwert,452.5,OFFICIAL_STATLINK,StatLink xgs41b Table I.2.o3–o6,
M302/M301,Malta,2025,sci,SE (aus 95-%-KI),1.79,DERIVED_CI,"KI-Breite/(2·1,96)",
M302,Malta,2025,sci,Rangspanne (alle),38–42,OFFICIAL_STATLINK,Table I.2.o3–o6,
M302/M301,Malta,2025,read,Mittelwert,414.6,OFFICIAL_STATLINK,StatLink xgs41b Table I.2.o3–o6,
M302/M301,Malta,2025,read,SE (aus 95-%-KI),1.79,DERIVED_CI,"KI-Breite/(2·1,96)",
M302,Malta,2025,read,Rangspanne (alle),44–55,OFFICIAL_STATLINK,Table I.2.o3–o6,
M302/M301,Malta,2025,math,Mittelwert,439.1,OFFICIAL_STATLINK,StatLink xgs41b Table I.2.o3–o6,
M302/M301,Malta,2025,math,SE (aus 95-%-KI),1.79,DERIVED_CI,"KI-Breite/(2·1,96)",
M302,Malta,2025,math,Rangspanne (alle),40–45,OFFICIAL_STATLINK,Table I.2.o3–o6,
M302/M301,Malta,2025,cps,Mittelwert,462.6,OFFICIAL_STATLINK,StatLink xgs41b Table I.2.o3–o6,
M302/M301,Malta,2025,cps,SE (aus 95-%-KI),2.3,DERIVED_CI,"KI-Breite/(2·1,96)",
M302,Malta,2025,cps,Rangspanne (alle),43–49,OFFICIAL_STATLINK,Table I.2.o3–o6,
M302,Malta,2025,sci,P10,313.0,OFFICIAL_STATLINK,Figure I.2.1,
M302,Malta,2025,sci,P25,372.6,OFFICIAL_STATLINK,Figure I.2.1,
M302,Malta,2025,sci,P50,449.2,OFFICIAL_STATLINK,Figure I.2.1,
M302,Malta,2025,sci,P75,530.1,OFFICIAL_STATLINK,Figure I.2.1,
M302,Malta,2025,sci,P90,597.0,OFFICIAL_STATLINK,Figure I.2.1,
M302/M301,Malta,2025,sci,P90−P10,284.0,DERIVED_OFFICIAL,"Figure I.2.1, Differenz",
M302/M301,Malta,2025,sci,unter Stufe 2 (%),36.6,DERIVED_OFFICIAL,"Figure I.2.3, Summe Stufen <1b–1a",
M302/M301,Malta,2025,sci,Stufe 5–6 (%),5.1,DERIVED_OFFICIAL,"Figure I.2.3, Summe Stufen 5–6",
M302,Malta,2022→2025,sci,Veränderung (sig.),-13.1,OFFICIAL_STATLINK,Table I.2.6,
M302,Malta,2022→2025,read,Veränderung (sig.),-30.7,OFFICIAL_STATLINK,Table I.2.6,
M302,Malta,2022→2025,math,Veränderung (sig.),-26.9,OFFICIAL_STATLINK,Table I.2.6,
M302,Malta,10 Jahre,sci,Dezennaltrend (sig.),-7.5,OFFICIAL_STATLINK,Table I.2.9,
M302,Malta,10 Jahre,read,Dezennaltrend (sig.),-28.6,OFFICIAL_STATLINK,Table I.2.9,
M302,Malta,10 Jahre,math,Dezennaltrend (sig.),-36.1,OFFICIAL_STATLINK,Table I.2.9,
M302/M301,Ukrainian regions (17 of 27),2025,sci,Mittelwert,448.1,OFFICIAL_STATLINK,StatLink xgs41b Table I.2.o3–o6,
M302/M301,Ukrainian regions (17 of 27),2025,sci,SE (aus 95-%-KI),2.55,DERIVED_CI,"KI-Breite/(2·1,96)",
M302,Ukrainian regions (17 of 27),2025,sci,Rangspanne (alle),39–47,OFFICIAL_STATLINK,Table I.2.o3–o6,
M302/M301,Ukrainian regions (17 of 27),2025,read,Mittelwert,418.4,OFFICIAL_STATLINK,StatLink xgs41b Table I.2.o3–o6,
M302/M301,Ukrainian regions (17 of 27),2025,read,SE (aus 95-%-KI),2.3,DERIVED_CI,"KI-Breite/(2·1,96)",
M302,Ukrainian regions (17 of 27),2025,read,Rangspanne (alle),41–53,OFFICIAL_STATLINK,Table I.2.o3–o6,
M302/M301,Ukrainian regions (17 of 27),2025,math,Mittelwert,431.0,OFFICIAL_STATLINK,StatLink xgs41b Table I.2.o3–o6,
M302/M301,Ukrainian regions (17 of 27),2025,math,SE (aus 95-%-KI),2.55,DERIVED_CI,"KI-Breite/(2·1,96)",
M302,Ukrainian regions (17 of 27),2025,math,Rangspanne (alle),40–48,OFFICIAL_STATLINK,Table I.2.o3–o6,
M302/M301,Ukrainian regions (17 of 27),2025,cps,Mittelwert,477.5,OFFICIAL_STATLINK,StatLink xgs41b Table I.2.o3–o6,
M302/M301,Ukrainian regions (17 of 27),2025,cps,SE (aus 95-%-KI),2.3,DERIVED_CI,"KI-Breite/(2·1,96)",
M302,Ukrainian regions (17 of 27),2025,cps,Rangspanne (alle),38–42,OFFICIAL_STATLINK,Table I.2.o3–o6,
M302,Ukrainian regions (17 of 27),2025,sci,P10,329.7,OFFICIAL_STATLINK,Figure I.2.1,
M302,Ukrainian regions (17 of 27),2025,sci,P25,382.5,OFFICIAL_STATLINK,Figure I.2.1,
M302,Ukrainian regions (17 of 27),2025,sci,P50,447.5,OFFICIAL_STATLINK,Figure I.2.1,
M302,Ukrainian regions (17 of 27),2025,sci,P75,512.1,OFFICIAL_STATLINK,Figure I.2.1,
M302,Ukrainian regions (17 of 27),2025,sci,P90,566.6,OFFICIAL_STATLINK,Figure I.2.1,
M302/M301,Ukrainian regions (17 of 27),2025,sci,P90−P10,236.9,DERIVED_OFFICIAL,"Figure I.2.1, Differenz",
M302/M301,Ukrainian regions (17 of 27),2025,sci,unter Stufe 2 (%),34.8,DERIVED_OFFICIAL,"Figure I.2.3, Summe Stufen <1b–1a",
M302/M301,Ukrainian regions (17 of 27),2025,sci,Stufe 5–6 (%),2.0,DERIVED_OFFICIAL,"Figure I.2.3, Summe Stufen 5–6",
M302,Ukrainian regions (17 of 27),2022→2025,sci,Veränderung (n. s.),-1.2,OFFICIAL_STATLINK,Table I.2.6,
M302,Ukrainian regions (17 of 27),2022→2025,read,Veränderung (n. s.),-8.3,OFFICIAL_STATLINK,Table I.2.6,
M302,Ukrainian regions (17 of 27),2022→2025,math,Veränderung (n. s.),-9.1,OFFICIAL_STATLINK,Table I.2.6,
M302/M301,Uruguay,2025,sci,Mittelwert,444.5,OFFICIAL_STATLINK,StatLink xgs41b Table I.2.o3–o6,
M302/M301,Uruguay,2025,sci,SE (aus 95-%-KI),1.79,DERIVED_CI,"KI-Breite/(2·1,96)",
M302,Uruguay,2025,sci,Rangspanne (alle),40–50,OFFICIAL_STATLINK,Table I.2.o3–o6,
M302/M301,Uruguay,2025,read,Mittelwert,423.2,OFFICIAL_STATLINK,StatLink xgs41b Table I.2.o3–o6,
M302/M301,Uruguay,2025,read,SE (aus 95-%-KI),2.04,DERIVED_CI,"KI-Breite/(2·1,96)",
M302,Uruguay,2025,read,Rangspanne (alle),39–50,OFFICIAL_STATLINK,Table I.2.o3–o6,
M302/M301,Uruguay,2025,math,Mittelwert,404.9,OFFICIAL_STATLINK,StatLink xgs41b Table I.2.o3–o6,
M302/M301,Uruguay,2025,math,SE (aus 95-%-KI),2.04,DERIVED_CI,"KI-Breite/(2·1,96)",
M302,Uruguay,2025,math,Rangspanne (alle),53–62,OFFICIAL_STATLINK,Table I.2.o3–o6,
M302/M301,Uruguay,2025,cps,Mittelwert,461.9,OFFICIAL_STATLINK,StatLink xgs41b Table I.2.o3–o6,
M302/M301,Uruguay,2025,cps,SE (aus 95-%-KI),2.04,DERIVED_CI,"KI-Breite/(2·1,96)",
M302,Uruguay,2025,cps,Rangspanne (alle),43–49,OFFICIAL_STATLINK,Table I.2.o3–o6,
M302,Uruguay,2025,sci,P10,330.7,OFFICIAL_STATLINK,Figure I.2.1,
M302,Uruguay,2025,sci,P25,381.7,OFFICIAL_STATLINK,Figure I.2.1,
M302,Uruguay,2025,sci,P50,443.3,OFFICIAL_STATLINK,Figure I.2.1,
M302,Uruguay,2025,sci,P75,505.4,OFFICIAL_STATLINK,Figure I.2.1,
M302,Uruguay,2025,sci,P90,560.2,OFFICIAL_STATLINK,Figure I.2.1,
M302/M301,Uruguay,2025,sci,P90−P10,229.6,DERIVED_OFFICIAL,"Figure I.2.1, Differenz",
M302/M301,Uruguay,2025,sci,unter Stufe 2 (%),35.8,DERIVED_OFFICIAL,"Figure I.2.3, Summe Stufen <1b–1a",
M302/M301,Uruguay,2025,sci,Stufe 5–6 (%),1.5,DERIVED_OFFICIAL,"Figure I.2.3, Summe Stufen 5–6",
M302,Uruguay,2022→2025,sci,Veränderung (sig.),9.2,OFFICIAL_STATLINK,Table I.2.6,
M302,Uruguay,2022→2025,read,Veränderung (sig.),-7.1,OFFICIAL_STATLINK,Table I.2.6,
M302,Uruguay,2022→2025,math,Veränderung (n. s.),-3.8,OFFICIAL_STATLINK,Table I.2.6,
M302,Uruguay,10 Jahre,sci,Dezennaltrend (sig.),11.2,OFFICIAL_STATLINK,Table I.2.9,
M302,Uruguay,10 Jahre,read,Dezennaltrend (sig.),-10.4,OFFICIAL_STATLINK,Table I.2.9,
M302,Uruguay,10 Jahre,math,Dezennaltrend (sig.),-14.4,OFFICIAL_STATLINK,Table I.2.9,
M302/M301,Chile,2025,sci,Mittelwert,442.4,OFFICIAL_STATLINK,StatLink xgs41b Table I.2.o3–o6,
M302/M301,Chile,2025,sci,SE (aus 95-%-KI),2.55,DERIVED_CI,"KI-Breite/(2·1,96)",
M302,Chile,2025,sci,Rangspanne (alle),41–53,OFFICIAL_STATLINK,Table I.2.o3–o6,
M302/M301,Chile,2025,read,Mittelwert,435.7,OFFICIAL_STATLINK,StatLink xgs41b Table I.2.o3–o6,
M302/M301,Chile,2025,read,SE (aus 95-%-KI),2.81,DERIVED_CI,"KI-Breite/(2·1,96)",
M302,Chile,2025,read,Rangspanne (alle),34–40,OFFICIAL_STATLINK,Table I.2.o3–o6,
M302/M301,Chile,2025,math,Mittelwert,402.6,OFFICIAL_STATLINK,StatLink xgs41b Table I.2.o3–o6,
M302/M301,Chile,2025,math,SE (aus 95-%-KI),2.3,DERIVED_CI,"KI-Breite/(2·1,96)",
M302,Chile,2025,math,Rangspanne (alle),56–62,OFFICIAL_STATLINK,Table I.2.o3–o6,
M302/M301,Chile,2025,cps,Mittelwert,466.2,OFFICIAL_STATLINK,StatLink xgs41b Table I.2.o3–o6,
M302/M301,Chile,2025,cps,SE (aus 95-%-KI),2.81,DERIVED_CI,"KI-Breite/(2·1,96)",
M302,Chile,2025,cps,Rangspanne (alle),41–48,OFFICIAL_STATLINK,Table I.2.o3–o6,
M302,Chile,2025,sci,P10,329.9,OFFICIAL_STATLINK,Figure I.2.1,
M302,Chile,2025,sci,P25,379.7,OFFICIAL_STATLINK,Figure I.2.1,
M302,Chile,2025,sci,P50,441.0,OFFICIAL_STATLINK,Figure I.2.1,
M302,Chile,2025,sci,P75,503.4,OFFICIAL_STATLINK,Figure I.2.1,
M302,Chile,2025,sci,P90,558.2,OFFICIAL_STATLINK,Figure I.2.1,
M302/M301,Chile,2025,sci,P90−P10,228.3,DERIVED_OFFICIAL,"Figure I.2.1, Differenz",
M302/M301,Chile,2025,sci,unter Stufe 2 (%),36.7,DERIVED_OFFICIAL,"Figure I.2.3, Summe Stufen <1b–1a",
M302/M301,Chile,2025,sci,Stufe 5–6 (%),1.4,DERIVED_OFFICIAL,"Figure I.2.3, Summe Stufen 5–6",
M302,Chile,2022→2025,sci,Veränderung (n. s.),-1.2,OFFICIAL_STATLINK,Table I.2.6,
M302,Chile,2022→2025,read,Veränderung (sig.),-12.3,OFFICIAL_STATLINK,Table I.2.6,
M302,Chile,2022→2025,math,Veränderung (sig.),-9.1,OFFICIAL_STATLINK,Table I.2.6,
M302,Chile,10 Jahre,sci,Dezennaltrend (n. s.),-4.0,OFFICIAL_STATLINK,Table I.2.9,
M302,Chile,10 Jahre,read,Dezennaltrend (sig.),-21.2,OFFICIAL_STATLINK,Table I.2.9,
M302,Chile,10 Jahre,math,Dezennaltrend (sig.),-19.2,OFFICIAL_STATLINK,Table I.2.9,
M302/M301,Israel,2025,sci,Mittelwert,442.0,OFFICIAL_STATLINK,StatLink xgs41b Table I.2.o3–o6,
M302/M301,Israel,2025,sci,SE (aus 95-%-KI),3.57,DERIVED_CI,"KI-Breite/(2·1,96)",
M302,Israel,2025,sci,Rangspanne (alle),39–54,OFFICIAL_STATLINK,Table I.2.o3–o6,
M302/M301,Israel,2025,read,Mittelwert,435.8,OFFICIAL_STATLINK,StatLink xgs41b Table I.2.o3–o6,
M302/M301,Israel,2025,read,SE (aus 95-%-KI),3.57,DERIVED_CI,"KI-Breite/(2·1,96)",
M302,Israel,2025,read,Rangspanne (alle),33–42,OFFICIAL_STATLINK,Table I.2.o3–o6,
M302/M301,Israel,2025,math,Mittelwert,433.4,OFFICIAL_STATLINK,StatLink xgs41b Table I.2.o3–o6,
M302/M301,Israel,2025,math,SE (aus 95-%-KI),3.06,DERIVED_CI,"KI-Breite/(2·1,96)",
M302,Israel,2025,math,Rangspanne (alle),40–48,OFFICIAL_STATLINK,Table I.2.o3–o6,
M302/M301,Israel,2025,cps,Mittelwert,443.8,OFFICIAL_STATLINK,StatLink xgs41b Table I.2.o3–o6,
M302/M301,Israel,2025,cps,SE (aus 95-%-KI),3.32,DERIVED_CI,"KI-Breite/(2·1,96)",
M302,Israel,2025,cps,Rangspanne (alle),49–61,OFFICIAL_STATLINK,Table I.2.o3–o6,
M302,Israel,2025,sci,P10,298.1,OFFICIAL_STATLINK,Figure I.2.1,
M302,Israel,2025,sci,P25,360.7,OFFICIAL_STATLINK,Figure I.2.1,
M302,Israel,2025,sci,P50,440.6,OFFICIAL_STATLINK,Figure I.2.1,
M302,Israel,2025,sci,P75,521.3,OFFICIAL_STATLINK,Figure I.2.1,
M302,Israel,2025,sci,P90,587.8,OFFICIAL_STATLINK,Figure I.2.1,
M302/M301,Israel,2025,sci,P90−P10,289.6,DERIVED_OFFICIAL,"Figure I.2.1, Differenz",
M302/M301,Israel,2025,sci,unter Stufe 2 (%),40.0,DERIVED_OFFICIAL,"Figure I.2.3, Summe Stufen <1b–1a",
M302/M301,Israel,2025,sci,Stufe 5–6 (%),4.3,DERIVED_OFFICIAL,"Figure I.2.3, Summe Stufen 5–6",
M302,Israel,2022→2025,sci,Veränderung (sig.),-22.7,OFFICIAL_STATLINK,Table I.2.6,
M302,Israel,2022→2025,read,Veränderung (sig.),-38.0,OFFICIAL_STATLINK,Table I.2.6,
M302,Israel,2022→2025,math,Veränderung (sig.),-24.5,OFFICIAL_STATLINK,Table I.2.6,
M302,Israel,10 Jahre,sci,Dezennaltrend (sig.),-20.3,OFFICIAL_STATLINK,Table I.2.9,
M302,Israel,10 Jahre,read,Dezennaltrend (sig.),-36.0,OFFICIAL_STATLINK,Table I.2.9,
M302,Israel,10 Jahre,math,Dezennaltrend (sig.),-33.1,OFFICIAL_STATLINK,Table I.2.9,
M302/M301,Iceland,2025,sci,Mittelwert,441.4,OFFICIAL_STATLINK,StatLink xgs41b Table I.2.o3–o6,
M302/M301,Iceland,2025,sci,SE (aus 95-%-KI),1.79,DERIVED_CI,"KI-Breite/(2·1,96)",
M302,Iceland,2025,sci,Rangspanne (alle),41–52,OFFICIAL_STATLINK,Table I.2.o3–o6,
M302/M301,Iceland,2025,read,Mittelwert,422.3,OFFICIAL_STATLINK,StatLink xgs41b Table I.2.o3–o6,
M302/M301,Iceland,2025,read,SE (aus 95-%-KI),1.53,DERIVED_CI,"KI-Breite/(2·1,96)",
M302,Iceland,2025,read,Rangspanne (alle),40–50,OFFICIAL_STATLINK,Table I.2.o3–o6,
M302/M301,Iceland,2025,math,Mittelwert,449.7,OFFICIAL_STATLINK,StatLink xgs41b Table I.2.o3–o6,
M302/M301,Iceland,2025,math,SE (aus 95-%-KI),1.53,DERIVED_CI,"KI-Breite/(2·1,96)",
M302,Iceland,2025,math,Rangspanne (alle),33–40,OFFICIAL_STATLINK,Table I.2.o3–o6,
M302/M301,Iceland,2025,cps,Mittelwert,489.8,OFFICIAL_STATLINK,StatLink xgs41b Table I.2.o3–o6,
M302/M301,Iceland,2025,cps,SE (aus 95-%-KI),1.79,DERIVED_CI,"KI-Breite/(2·1,96)",
M302,Iceland,2025,cps,Rangspanne (alle),29–38,OFFICIAL_STATLINK,Table I.2.o3–o6,
M302,Iceland,2025,sci,P10,314.3,OFFICIAL_STATLINK,Figure I.2.1,
M302,Iceland,2025,sci,P25,371.2,OFFICIAL_STATLINK,Figure I.2.1,
M302,Iceland,2025,sci,P50,439.2,OFFICIAL_STATLINK,Figure I.2.1,
M302,Iceland,2025,sci,P75,509.3,OFFICIAL_STATLINK,Figure I.2.1,
M302,Iceland,2025,sci,P90,570.8,OFFICIAL_STATLINK,Figure I.2.1,
M302/M301,Iceland,2025,sci,P90−P10,256.5,DERIVED_OFFICIAL,"Figure I.2.1, Differenz",
M302/M301,Iceland,2025,sci,unter Stufe 2 (%),38.4,DERIVED_OFFICIAL,"Figure I.2.3, Summe Stufen <1b–1a",
M302/M301,Iceland,2025,sci,Stufe 5–6 (%),2.7,DERIVED_OFFICIAL,"Figure I.2.3, Summe Stufen 5–6",
M302,Iceland,2022→2025,sci,Veränderung (n. s.),-5.6,OFFICIAL_STATLINK,Table I.2.6,
M302,Iceland,2022→2025,read,Veränderung (sig.),-13.6,OFFICIAL_STATLINK,Table I.2.6,
M302,Iceland,2022→2025,math,Veränderung (sig.),-9.2,OFFICIAL_STATLINK,Table I.2.6,
M302,Iceland,10 Jahre,sci,Dezennaltrend (sig.),-37.1,OFFICIAL_STATLINK,Table I.2.9,
M302,Iceland,10 Jahre,read,Dezennaltrend (sig.),-64.2,OFFICIAL_STATLINK,Table I.2.9,
M302,Iceland,10 Jahre,math,Dezennaltrend (sig.),-45.5,OFFICIAL_STATLINK,Table I.2.9,
M302/M301,Brunei Darussalam,2025,sci,Mittelwert,439.5,OFFICIAL_STATLINK,StatLink xgs41b Table I.2.o3–o6,
M302/M301,Brunei Darussalam,2025,sci,SE (aus 95-%-KI),0.77,DERIVED_CI,"KI-Breite/(2·1,96)",
M302,Brunei Darussalam,2025,sci,Rangspanne (alle),42–53,OFFICIAL_STATLINK,Table I.2.o3–o6,
M302/M301,Brunei Darussalam,2025,read,Mittelwert,425.7,OFFICIAL_STATLINK,StatLink xgs41b Table I.2.o3–o6,
M302/M301,Brunei Darussalam,2025,read,SE (aus 95-%-KI),0.77,DERIVED_CI,"KI-Breite/(2·1,96)",
M302,Brunei Darussalam,2025,read,Rangspanne (alle),39–48,OFFICIAL_STATLINK,Table I.2.o3–o6,
M302/M301,Brunei Darussalam,2025,math,Mittelwert,435.2,OFFICIAL_STATLINK,StatLink xgs41b Table I.2.o3–o6,
M302/M301,Brunei Darussalam,2025,math,SE (aus 95-%-KI),0.77,DERIVED_CI,"KI-Breite/(2·1,96)",
M302,Brunei Darussalam,2025,math,Rangspanne (alle),40–46,OFFICIAL_STATLINK,Table I.2.o3–o6,
M302/M301,Brunei Darussalam,2025,cps,Mittelwert,496.3,OFFICIAL_STATLINK,StatLink xgs41b Table I.2.o3–o6,
M302/M301,Brunei Darussalam,2025,cps,SE (aus 95-%-KI),0.77,DERIVED_CI,"KI-Breite/(2·1,96)",
M302,Brunei Darussalam,2025,cps,Rangspanne (alle),25–36,OFFICIAL_STATLINK,Table I.2.o3–o6,
M302,Brunei Darussalam,2025,sci,P10,319.1,OFFICIAL_STATLINK,Figure I.2.1,
M302,Brunei Darussalam,2025,sci,P25,372.1,OFFICIAL_STATLINK,Figure I.2.1,
M302,Brunei Darussalam,2025,sci,P50,436.7,OFFICIAL_STATLINK,Figure I.2.1,
M302,Brunei Darussalam,2025,sci,P75,504.6,OFFICIAL_STATLINK,Figure I.2.1,
M302,Brunei Darussalam,2025,sci,P90,563.7,OFFICIAL_STATLINK,Figure I.2.1,
M302/M301,Brunei Darussalam,2025,sci,P90−P10,244.6,DERIVED_OFFICIAL,"Figure I.2.1, Differenz",
M302/M301,Brunei Darussalam,2025,sci,unter Stufe 2 (%),38.9,DERIVED_OFFICIAL,"Figure I.2.3, Summe Stufen <1b–1a",
M302/M301,Brunei Darussalam,2025,sci,Stufe 5–6 (%),1.7,DERIVED_OFFICIAL,"Figure I.2.3, Summe Stufen 5–6",
M302,Brunei Darussalam,2022→2025,sci,Veränderung (n. s.),-6.4,OFFICIAL_STATLINK,Table I.2.6,
M302,Brunei Darussalam,2022→2025,read,Veränderung (n. s.),-3.6,OFFICIAL_STATLINK,Table I.2.6,
M302,Brunei Darussalam,2022→2025,math,Veränderung (sig.),-6.9,OFFICIAL_STATLINK,Table I.2.6,
M302,Brunei Darussalam,10 Jahre,sci,Dezennaltrend (sig.),13.5,OFFICIAL_STATLINK,Table I.2.9,
M302,Brunei Darussalam,10 Jahre,read,Dezennaltrend (sig.),26.7,OFFICIAL_STATLINK,Table I.2.9,
M302,Brunei Darussalam,10 Jahre,math,Dezennaltrend (sig.),8.5,OFFICIAL_STATLINK,Table I.2.9,
M302/M301,Mauritius,2025,sci,Mittelwert,438.2,OFFICIAL_STATLINK,StatLink xgs41b Table I.2.o3–o6,
M302/M301,Mauritius,2025,sci,SE (aus 95-%-KI),4.08,DERIVED_CI,"KI-Breite/(2·1,96)",
M302,Mauritius,2025,sci,Rangspanne (alle),41–56,OFFICIAL_STATLINK,Table I.2.o3–o6,
M302/M301,Mauritius,2025,read,Mittelwert,405.3,OFFICIAL_STATLINK,StatLink xgs41b Table I.2.o3–o6,
M302/M301,Mauritius,2025,read,SE (aus 95-%-KI),3.57,DERIVED_CI,"KI-Breite/(2·1,96)",
M302,Mauritius,2025,read,Rangspanne (alle),48–59,OFFICIAL_STATLINK,Table I.2.o3–o6,
M302/M301,Mauritius,2025,math,Mittelwert,406.9,OFFICIAL_STATLINK,StatLink xgs41b Table I.2.o3–o6,
M302/M301,Mauritius,2025,math,SE (aus 95-%-KI),3.57,DERIVED_CI,"KI-Breite/(2·1,96)",
M302,Mauritius,2025,math,Rangspanne (alle),47–62,OFFICIAL_STATLINK,Table I.2.o3–o6,
M302,Mauritius,2025,sci,P10,303.5,OFFICIAL_STATLINK,Figure I.2.1,
M302,Mauritius,2025,sci,P25,363.4,OFFICIAL_STATLINK,Figure I.2.1,
M302,Mauritius,2025,sci,P50,438.3,OFFICIAL_STATLINK,Figure I.2.1,
M302,Mauritius,2025,sci,P75,510.6,OFFICIAL_STATLINK,Figure I.2.1,
M302,Mauritius,2025,sci,P90,572.3,OFFICIAL_STATLINK,Figure I.2.1,
M302/M301,Mauritius,2025,sci,P90−P10,268.9,DERIVED_OFFICIAL,"Figure I.2.1, Differenz",
M302/M301,Mauritius,2025,sci,unter Stufe 2 (%),39.8,DERIVED_OFFICIAL,"Figure I.2.3, Summe Stufen <1b–1a",
M302/M301,Mauritius,2025,sci,Stufe 5–6 (%),2.6,DERIVED_OFFICIAL,"Figure I.2.3, Summe Stufen 5–6",
M302/M301,Uzbekistan,2025,sci,Mittelwert,437.6,OFFICIAL_STATLINK,StatLink xgs41b Table I.2.o3–o6,
M302/M301,Uzbekistan,2025,sci,SE (aus 95-%-KI),2.81,DERIVED_CI,"KI-Breite/(2·1,96)",
M302,Uzbekistan,2025,sci,Rangspanne (alle),41–55,OFFICIAL_STATLINK,Table I.2.o3–o6,
M302/M301,Uzbekistan,2025,cps,Mittelwert,402.4,OFFICIAL_STATLINK,StatLink xgs41b Table I.2.o3–o6,
M302/M301,Uzbekistan,2025,cps,SE (aus 95-%-KI),1.79,DERIVED_CI,"KI-Breite/(2·1,96)",
M302,Uzbekistan,2025,cps,Rangspanne (alle),69–74,OFFICIAL_STATLINK,Table I.2.o3–o6,
M302,Uzbekistan,2025,sci,P10,350.2,OFFICIAL_STATLINK,Figure I.2.1,
M302,Uzbekistan,2025,sci,P25,389.9,OFFICIAL_STATLINK,Figure I.2.1,
M302,Uzbekistan,2025,sci,P50,435.5,OFFICIAL_STATLINK,Figure I.2.1,
M302,Uzbekistan,2025,sci,P75,483.1,OFFICIAL_STATLINK,Figure I.2.1,
M302,Uzbekistan,2025,sci,P90,527.8,OFFICIAL_STATLINK,Figure I.2.1,
M302/M301,Uzbekistan,2025,sci,P90−P10,177.6,DERIVED_OFFICIAL,"Figure I.2.1, Differenz",
M302/M301,Uzbekistan,2025,sci,unter Stufe 2 (%),35.0,DERIVED_OFFICIAL,"Figure I.2.3, Summe Stufen <1b–1a",
M302/M301,Uzbekistan,2025,sci,Stufe 5–6 (%),0.5,DERIVED_OFFICIAL,"Figure I.2.3, Summe Stufen 5–6",
M302/M301,Montenegro,2025,sci,Mittelwert,435.2,OFFICIAL_STATLINK,StatLink xgs41b Table I.2.o3–o6,
M302/M301,Montenegro,2025,sci,SE (aus 95-%-KI),1.28,DERIVED_CI,"KI-Breite/(2·1,96)",
M302,Montenegro,2025,sci,Rangspanne (alle),43–55,OFFICIAL_STATLINK,Table I.2.o3–o6,
M302/M301,Montenegro,2025,read,Mittelwert,418.4,OFFICIAL_STATLINK,StatLink xgs41b Table I.2.o3–o6,
M302/M301,Montenegro,2025,read,SE (aus 95-%-KI),1.28,DERIVED_CI,"KI-Breite/(2·1,96)",
M302,Montenegro,2025,read,Rangspanne (alle),42–51,OFFICIAL_STATLINK,Table I.2.o3–o6,
M302/M301,Montenegro,2025,math,Mittelwert,411.1,OFFICIAL_STATLINK,StatLink xgs41b Table I.2.o3–o6,
M302/M301,Montenegro,2025,math,SE (aus 95-%-KI),1.02,DERIVED_CI,"KI-Breite/(2·1,96)",
M302,Montenegro,2025,math,Rangspanne (alle),47–60,OFFICIAL_STATLINK,Table I.2.o3–o6,
M302/M301,Montenegro,2025,cps,Mittelwert,423.1,OFFICIAL_STATLINK,StatLink xgs41b Table I.2.o3–o6,
M302/M301,Montenegro,2025,cps,SE (aus 95-%-KI),1.53,DERIVED_CI,"KI-Breite/(2·1,96)",
M302,Montenegro,2025,cps,Rangspanne (alle),61–68,OFFICIAL_STATLINK,Table I.2.o3–o6,
M302,Montenegro,2025,sci,P10,322.2,OFFICIAL_STATLINK,Figure I.2.1,
M302,Montenegro,2025,sci,P25,371.8,OFFICIAL_STATLINK,Figure I.2.1,
M302,Montenegro,2025,sci,P50,433.9,OFFICIAL_STATLINK,Figure I.2.1,
M302,Montenegro,2025,sci,P75,496.2,OFFICIAL_STATLINK,Figure I.2.1,
M302,Montenegro,2025,sci,P90,550.1,OFFICIAL_STATLINK,Figure I.2.1,
M302/M301,Montenegro,2025,sci,P90−P10,227.9,DERIVED_OFFICIAL,"Figure I.2.1, Differenz",
M302/M301,Montenegro,2025,sci,unter Stufe 2 (%),39.8,DERIVED_OFFICIAL,"Figure I.2.3, Summe Stufen <1b–1a",
M302/M301,Montenegro,2025,sci,Stufe 5–6 (%),1.2,DERIVED_OFFICIAL,"Figure I.2.3, Summe Stufen 5–6",
M302,Montenegro,2022→2025,sci,Veränderung (sig.),32.1,OFFICIAL_STATLINK,Table I.2.6,
M302,Montenegro,2022→2025,read,Veränderung (sig.),13.4,OFFICIAL_STATLINK,Table I.2.6,
M302,Montenegro,2022→2025,math,Veränderung (sig.),5.5,OFFICIAL_STATLINK,Table I.2.6,
M302,Montenegro,10 Jahre,sci,Dezennaltrend (sig.),16.4,OFFICIAL_STATLINK,Table I.2.9,
M302,Montenegro,10 Jahre,read,Dezennaltrend (sig.),-12.9,OFFICIAL_STATLINK,Table I.2.9,
M302,Montenegro,10 Jahre,math,Dezennaltrend (sig.),-14.2,OFFICIAL_STATLINK,Table I.2.9,
M302/M301,Albania,2025,sci,Mittelwert,434.6,OFFICIAL_STATLINK,StatLink xgs41b Table I.2.o3–o6,
M302/M301,Albania,2025,sci,SE (aus 95-%-KI),2.81,DERIVED_CI,"KI-Breite/(2·1,96)",
M302,Albania,2025,sci,Rangspanne (alle),42–58,OFFICIAL_STATLINK,Table I.2.o3–o6,
M302/M301,Albania,2025,read,Mittelwert,407.6,OFFICIAL_STATLINK,StatLink xgs41b Table I.2.o3–o6,
M302/M301,Albania,2025,read,SE (aus 95-%-KI),2.55,DERIVED_CI,"KI-Breite/(2·1,96)",
M302,Albania,2025,read,Rangspanne (alle),47–57,OFFICIAL_STATLINK,Table I.2.o3–o6,
M302/M301,Albania,2025,math,Mittelwert,432.8,OFFICIAL_STATLINK,StatLink xgs41b Table I.2.o3–o6,
M302/M301,Albania,2025,math,SE (aus 95-%-KI),2.81,DERIVED_CI,"KI-Breite/(2·1,96)",
M302,Albania,2025,math,Rangspanne (alle),40–48,OFFICIAL_STATLINK,Table I.2.o3–o6,
M302/M301,Albania,2025,cps,Mittelwert,437.0,OFFICIAL_STATLINK,StatLink xgs41b Table I.2.o3–o6,
M302/M301,Albania,2025,cps,SE (aus 95-%-KI),2.55,DERIVED_CI,"KI-Breite/(2·1,96)",
M302,Albania,2025,cps,Rangspanne (alle),54–65,OFFICIAL_STATLINK,Table I.2.o3–o6,
M302,Albania,2025,sci,P10,332.4,OFFICIAL_STATLINK,Figure I.2.1,
M302,Albania,2025,sci,P25,379.1,OFFICIAL_STATLINK,Figure I.2.1,
M302,Albania,2025,sci,P50,433.6,OFFICIAL_STATLINK,Figure I.2.1,
M302,Albania,2025,sci,P75,488.5,OFFICIAL_STATLINK,Figure I.2.1,
M302,Albania,2025,sci,P90,538.1,OFFICIAL_STATLINK,Figure I.2.1,
M302/M301,Albania,2025,sci,P90−P10,205.6,DERIVED_OFFICIAL,"Figure I.2.1, Differenz",
M302/M301,Albania,2025,sci,unter Stufe 2 (%),38.5,DERIVED_OFFICIAL,"Figure I.2.3, Summe Stufen <1b–1a",
M302/M301,Albania,2025,sci,Stufe 5–6 (%),0.6,DERIVED_OFFICIAL,"Figure I.2.3, Summe Stufen 5–6",
M302/M301,Qatar,2025,sci,Mittelwert,434.4,OFFICIAL_STATLINK,StatLink xgs41b Table I.2.o3–o6,
M302/M301,Qatar,2025,sci,SE (aus 95-%-KI),1.28,DERIVED_CI,"KI-Breite/(2·1,96)",
M302,Qatar,2025,sci,Rangspanne (alle),43–56,OFFICIAL_STATLINK,Table I.2.o3–o6,
M302/M301,Qatar,2025,read,Mittelwert,418.0,OFFICIAL_STATLINK,StatLink xgs41b Table I.2.o3–o6,
M302/M301,Qatar,2025,read,SE (aus 95-%-KI),1.53,DERIVED_CI,"KI-Breite/(2·1,96)",
M302,Qatar,2025,read,Rangspanne (alle),42–51,OFFICIAL_STATLINK,Table I.2.o3–o6,
M302/M301,Qatar,2025,math,Mittelwert,416.2,OFFICIAL_STATLINK,StatLink xgs41b Table I.2.o3–o6,
M302/M301,Qatar,2025,math,SE (aus 95-%-KI),1.28,DERIVED_CI,"KI-Breite/(2·1,96)",
M302,Qatar,2025,math,Rangspanne (alle),46–59,OFFICIAL_STATLINK,Table I.2.o3–o6,
M302/M301,Qatar,2025,cps,Mittelwert,452.2,OFFICIAL_STATLINK,StatLink xgs41b Table I.2.o3–o6,
M302/M301,Qatar,2025,cps,SE (aus 95-%-KI),1.53,DERIVED_CI,"KI-Breite/(2·1,96)",
M302,Qatar,2025,cps,Rangspanne (alle),47–55,OFFICIAL_STATLINK,Table I.2.o3–o6,
M302,Qatar,2025,sci,P10,306.9,OFFICIAL_STATLINK,Figure I.2.1,
M302,Qatar,2025,sci,P25,358.8,OFFICIAL_STATLINK,Figure I.2.1,
M302,Qatar,2025,sci,P50,429.4,OFFICIAL_STATLINK,Figure I.2.1,
M302,Qatar,2025,sci,P75,505.2,OFFICIAL_STATLINK,Figure I.2.1,
M302,Qatar,2025,sci,P90,570.7,OFFICIAL_STATLINK,Figure I.2.1,
M302/M301,Qatar,2025,sci,P90−P10,263.8,DERIVED_OFFICIAL,"Figure I.2.1, Differenz",
M302/M301,Qatar,2025,sci,unter Stufe 2 (%),42.9,DERIVED_OFFICIAL,"Figure I.2.3, Summe Stufen <1b–1a",
M302/M301,Qatar,2025,sci,Stufe 5–6 (%),2.7,DERIVED_OFFICIAL,"Figure I.2.3, Summe Stufen 5–6",
M302,Qatar,2022→2025,sci,Veränderung (n. s.),2.0,OFFICIAL_STATLINK,Table I.2.6,
M302,Qatar,2022→2025,read,Veränderung (n. s.),-1.3,OFFICIAL_STATLINK,Table I.2.6,
M302,Qatar,2022→2025,math,Veränderung (n. s.),2.1,OFFICIAL_STATLINK,Table I.2.6,
M302,Qatar,10 Jahre,sci,Dezennaltrend (sig.),19.1,OFFICIAL_STATLINK,Table I.2.9,
M302,Qatar,10 Jahre,read,Dezennaltrend (sig.),18.1,OFFICIAL_STATLINK,Table I.2.9,
M302,Qatar,10 Jahre,math,Dezennaltrend (sig.),11.8,OFFICIAL_STATLINK,Table I.2.9,
M302/M301,Greece,2025,sci,Mittelwert,434.3,OFFICIAL_STATLINK,StatLink xgs41b Table I.2.o3–o6,
M302/M301,Greece,2025,sci,SE (aus 95-%-KI),2.81,DERIVED_CI,"KI-Breite/(2·1,96)",
M302,Greece,2025,sci,Rangspanne (alle),42–60,OFFICIAL_STATLINK,Table I.2.o3–o6,
M302/M301,Greece,2025,read,Mittelwert,422.7,OFFICIAL_STATLINK,StatLink xgs41b Table I.2.o3–o6,
M302/M301,Greece,2025,read,SE (aus 95-%-KI),3.32,DERIVED_CI,"KI-Breite/(2·1,96)",
M302,Greece,2025,read,Rangspanne (alle),37–51,OFFICIAL_STATLINK,Table I.2.o3–o6,
M302/M301,Greece,2025,math,Mittelwert,423.9,OFFICIAL_STATLINK,StatLink xgs41b Table I.2.o3–o6,
M302/M301,Greece,2025,math,SE (aus 95-%-KI),3.06,DERIVED_CI,"KI-Breite/(2·1,96)",
M302,Greece,2025,math,Rangspanne (alle),43–53,OFFICIAL_STATLINK,Table I.2.o3–o6,
M302/M301,Greece,2025,cps,Mittelwert,461.0,OFFICIAL_STATLINK,StatLink xgs41b Table I.2.o3–o6,
M302/M301,Greece,2025,cps,SE (aus 95-%-KI),3.06,DERIVED_CI,"KI-Breite/(2·1,96)",
M302,Greece,2025,cps,Rangspanne (alle),43–52,OFFICIAL_STATLINK,Table I.2.o3–o6,
M302,Greece,2025,sci,P10,315.7,OFFICIAL_STATLINK,Figure I.2.1,
M302,Greece,2025,sci,P25,367.8,OFFICIAL_STATLINK,Figure I.2.1,
M302,Greece,2025,sci,P50,432.0,OFFICIAL_STATLINK,Figure I.2.1,
M302,Greece,2025,sci,P75,498.8,OFFICIAL_STATLINK,Figure I.2.1,
M302,Greece,2025,sci,P90,557.2,OFFICIAL_STATLINK,Figure I.2.1,
M302/M301,Greece,2025,sci,P90−P10,241.5,DERIVED_OFFICIAL,"Figure I.2.1, Differenz",
M302/M301,Greece,2025,sci,unter Stufe 2 (%),41.0,DERIVED_OFFICIAL,"Figure I.2.3, Summe Stufen <1b–1a",
M302/M301,Greece,2025,sci,Stufe 5–6 (%),1.4,DERIVED_OFFICIAL,"Figure I.2.3, Summe Stufen 5–6",
M302,Greece,2022→2025,sci,Veränderung (n. s.),-6.5,OFFICIAL_STATLINK,Table I.2.6,
M302,Greece,2022→2025,read,Veränderung (sig.),-15.8,OFFICIAL_STATLINK,Table I.2.6,
M302,Greece,2022→2025,math,Veränderung (n. s.),-6.3,OFFICIAL_STATLINK,Table I.2.6,
M302,Greece,10 Jahre,sci,Dezennaltrend (sig.),-21.5,OFFICIAL_STATLINK,Table I.2.9,
M302,Greece,10 Jahre,read,Dezennaltrend (sig.),-44.8,OFFICIAL_STATLINK,Table I.2.9,
M302,Greece,10 Jahre,math,Dezennaltrend (sig.),-33.0,OFFICIAL_STATLINK,Table I.2.9,
M302/M301,Thailand,2025,sci,Mittelwert,432.2,OFFICIAL_STATLINK,StatLink xgs41b Table I.2.o3–o6,
M302/M301,Thailand,2025,sci,SE (aus 95-%-KI),3.06,DERIVED_CI,"KI-Breite/(2·1,96)",
M302,Thailand,2025,sci,Rangspanne (alle),43–60,OFFICIAL_STATLINK,Table I.2.o3–o6,
M302/M301,Thailand,2025,read,Mittelwert,391.8,OFFICIAL_STATLINK,StatLink xgs41b Table I.2.o3–o6,
M302/M301,Thailand,2025,read,SE (aus 95-%-KI),3.06,DERIVED_CI,"KI-Breite/(2·1,96)",
M302,Thailand,2025,read,Rangspanne (alle),55–67,OFFICIAL_STATLINK,Table I.2.o3–o6,
M302/M301,Thailand,2025,math,Mittelwert,406.8,OFFICIAL_STATLINK,StatLink xgs41b Table I.2.o3–o6,
M302/M301,Thailand,2025,math,SE (aus 95-%-KI),2.81,DERIVED_CI,"KI-Breite/(2·1,96)",
M302,Thailand,2025,math,Rangspanne (alle),49–62,OFFICIAL_STATLINK,Table I.2.o3–o6,
M302/M301,Thailand,2025,cps,Mittelwert,476.1,OFFICIAL_STATLINK,StatLink xgs41b Table I.2.o3–o6,
M302/M301,Thailand,2025,cps,SE (aus 95-%-KI),2.55,DERIVED_CI,"KI-Breite/(2·1,96)",
M302,Thailand,2025,cps,Rangspanne (alle),38–43,OFFICIAL_STATLINK,Table I.2.o3–o6,
M302,Thailand,2025,sci,P10,330.2,OFFICIAL_STATLINK,Figure I.2.1,
M302,Thailand,2025,sci,P25,374.8,OFFICIAL_STATLINK,Figure I.2.1,
M302,Thailand,2025,sci,P50,428.4,OFFICIAL_STATLINK,Figure I.2.1,
M302,Thailand,2025,sci,P75,487.0,OFFICIAL_STATLINK,Figure I.2.1,
M302,Thailand,2025,sci,P90,540.7,OFFICIAL_STATLINK,Figure I.2.1,
M302/M301,Thailand,2025,sci,P90−P10,210.5,DERIVED_OFFICIAL,"Figure I.2.1, Differenz",
M302/M301,Thailand,2025,sci,unter Stufe 2 (%),41.0,DERIVED_OFFICIAL,"Figure I.2.3, Summe Stufen <1b–1a",
M302/M301,Thailand,2025,sci,Stufe 5–6 (%),0.8,DERIVED_OFFICIAL,"Figure I.2.3, Summe Stufen 5–6",
M302,Thailand,2022→2025,sci,Veränderung (sig.),23.0,OFFICIAL_STATLINK,Table I.2.6,
M302,Thailand,2022→2025,read,Veränderung (sig.),13.2,OFFICIAL_STATLINK,Table I.2.6,
M302,Thailand,2022→2025,math,Veränderung (sig.),12.8,OFFICIAL_STATLINK,Table I.2.6,
M302,Thailand,10 Jahre,sci,Dezennaltrend (n. s.),3.7,OFFICIAL_STATLINK,Table I.2.9,
M302,Thailand,10 Jahre,read,Dezennaltrend (sig.),-19.8,OFFICIAL_STATLINK,Table I.2.9,
M302,Thailand,10 Jahre,math,Dezennaltrend (sig.),-16.0,OFFICIAL_STATLINK,Table I.2.9,
M302/M301,Serbia,2025,sci,Mittelwert,429.0,OFFICIAL_STATLINK,StatLink xgs41b Table I.2.o3–o6,
M302/M301,Serbia,2025,sci,SE (aus 95-%-KI),3.06,DERIVED_CI,"KI-Breite/(2·1,96)",
M302,Serbia,2025,sci,Rangspanne (alle),46–62,OFFICIAL_STATLINK,Table I.2.o3–o6,
M302/M301,Serbia,2025,read,Mittelwert,414.6,OFFICIAL_STATLINK,StatLink xgs41b Table I.2.o3–o6,
M302/M301,Serbia,2025,read,SE (aus 95-%-KI),3.32,DERIVED_CI,"KI-Breite/(2·1,96)",
M302,Serbia,2025,read,Rangspanne (alle),42–56,OFFICIAL_STATLINK,Table I.2.o3–o6,
M302/M301,Serbia,2025,math,Mittelwert,416.7,OFFICIAL_STATLINK,StatLink xgs41b Table I.2.o3–o6,
M302/M301,Serbia,2025,math,SE (aus 95-%-KI),3.06,DERIVED_CI,"KI-Breite/(2·1,96)",
M302,Serbia,2025,math,Rangspanne (alle),46–59,OFFICIAL_STATLINK,Table I.2.o3–o6,
M302/M301,Serbia,2025,cps,Mittelwert,437.5,OFFICIAL_STATLINK,StatLink xgs41b Table I.2.o3–o6,
M302/M301,Serbia,2025,cps,SE (aus 95-%-KI),3.32,DERIVED_CI,"KI-Breite/(2·1,96)",
M302,Serbia,2025,cps,Rangspanne (alle),54–65,OFFICIAL_STATLINK,Table I.2.o3–o6,
M302,Serbia,2025,sci,P10,312.8,OFFICIAL_STATLINK,Figure I.2.1,
M302,Serbia,2025,sci,P25,362.4,OFFICIAL_STATLINK,Figure I.2.1,
M302,Serbia,2025,sci,P50,426.8,OFFICIAL_STATLINK,Figure I.2.1,
M302,Serbia,2025,sci,P75,492.7,OFFICIAL_STATLINK,Figure I.2.1,
M302,Serbia,2025,sci,P90,548.9,OFFICIAL_STATLINK,Figure I.2.1,
M302/M301,Serbia,2025,sci,P90−P10,236.1,DERIVED_OFFICIAL,"Figure I.2.1, Differenz",
M302/M301,Serbia,2025,sci,unter Stufe 2 (%),43.0,DERIVED_OFFICIAL,"Figure I.2.3, Summe Stufen <1b–1a",
M302/M301,Serbia,2025,sci,Stufe 5–6 (%),1.2,DERIVED_OFFICIAL,"Figure I.2.3, Summe Stufen 5–6",
M302,Serbia,2022→2025,sci,Veränderung (sig.),-18.5,OFFICIAL_STATLINK,Table I.2.6,
M302,Serbia,2022→2025,read,Veränderung (sig.),-25.8,OFFICIAL_STATLINK,Table I.2.6,
M302,Serbia,2022→2025,math,Veränderung (sig.),-23.1,OFFICIAL_STATLINK,Table I.2.6,
M302,Serbia,10 Jahre,sci,Dezennaltrend (n. s.),-13.7,OFFICIAL_STATLINK,Table I.2.9,
M302,Serbia,10 Jahre,read,Dezennaltrend (sig.),-33.5,OFFICIAL_STATLINK,Table I.2.9,
M302,Serbia,10 Jahre,math,Dezennaltrend (sig.),-43.8,OFFICIAL_STATLINK,Table I.2.9,
M302/M301,Romania,2025,sci,Mittelwert,424.7,OFFICIAL_STATLINK,StatLink xgs41b Table I.2.o3–o6,
M302/M301,Romania,2025,sci,SE (aus 95-%-KI),4.08,DERIVED_CI,"KI-Breite/(2·1,96)",
M302,Romania,2025,sci,Rangspanne (alle),47–65,OFFICIAL_STATLINK,Table I.2.o3–o6,
M302/M301,Romania,2025,read,Mittelwert,412.9,OFFICIAL_STATLINK,StatLink xgs41b Table I.2.o3–o6,
M302/M301,Romania,2025,read,SE (aus 95-%-KI),4.08,DERIVED_CI,"KI-Breite/(2·1,96)",
M302,Romania,2025,read,Rangspanne (alle),42–57,OFFICIAL_STATLINK,Table I.2.o3–o6,
M302/M301,Romania,2025,math,Mittelwert,419.1,OFFICIAL_STATLINK,StatLink xgs41b Table I.2.o3–o6,
M302/M301,Romania,2025,math,SE (aus 95-%-KI),4.59,DERIVED_CI,"KI-Breite/(2·1,96)",
M302,Romania,2025,math,Rangspanne (alle),43–60,OFFICIAL_STATLINK,Table I.2.o3–o6,
M302/M301,Romania,2025,cps,Mittelwert,442.2,OFFICIAL_STATLINK,StatLink xgs41b Table I.2.o3–o6,
M302/M301,Romania,2025,cps,SE (aus 95-%-KI),4.08,DERIVED_CI,"KI-Breite/(2·1,96)",
M302,Romania,2025,cps,Rangspanne (alle),49–61,OFFICIAL_STATLINK,Table I.2.o3–o6,
M302,Romania,2025,sci,P10,296.2,OFFICIAL_STATLINK,Figure I.2.1,
M302,Romania,2025,sci,P25,350.0,OFFICIAL_STATLINK,Figure I.2.1,
M302,Romania,2025,sci,P50,421.3,OFFICIAL_STATLINK,Figure I.2.1,
M302,Romania,2025,sci,P75,496.8,OFFICIAL_STATLINK,Figure I.2.1,
M302,Romania,2025,sci,P90,559.0,OFFICIAL_STATLINK,Figure I.2.1,
M302/M301,Romania,2025,sci,P90−P10,262.8,DERIVED_OFFICIAL,"Figure I.2.1, Differenz",
M302/M301,Romania,2025,sci,unter Stufe 2 (%),45.8,DERIVED_OFFICIAL,"Figure I.2.3, Summe Stufen <1b–1a",
M302/M301,Romania,2025,sci,Stufe 5–6 (%),1.8,DERIVED_OFFICIAL,"Figure I.2.3, Summe Stufen 5–6",
M302,Romania,2022→2025,sci,Veränderung (n. s.),-2.8,OFFICIAL_STATLINK,Table I.2.6,
M302,Romania,2022→2025,read,Veränderung (sig.),-15.5,OFFICIAL_STATLINK,Table I.2.6,
M302,Romania,2022→2025,math,Veränderung (n. s.),-8.6,OFFICIAL_STATLINK,Table I.2.6,
M302,Romania,10 Jahre,sci,Dezennaltrend (n. s.),-8.2,OFFICIAL_STATLINK,Table I.2.9,
M302,Romania,10 Jahre,read,Dezennaltrend (sig.),-17.5,OFFICIAL_STATLINK,Table I.2.9,
M302,Romania,10 Jahre,math,Dezennaltrend (sig.),-22.1,OFFICIAL_STATLINK,Table I.2.9,
M302/M301,Mongolia,2025,sci,Mittelwert,424.0,OFFICIAL_STATLINK,StatLink xgs41b Table I.2.o3–o6,
M302/M301,Mongolia,2025,sci,SE (aus 95-%-KI),2.04,DERIVED_CI,"KI-Breite/(2·1,96)",
M302,Mongolia,2025,sci,Rangspanne (alle),50–64,OFFICIAL_STATLINK,Table I.2.o3–o6,
M302/M301,Mongolia,2025,read,Mittelwert,374.3,OFFICIAL_STATLINK,StatLink xgs41b Table I.2.o3–o6,
M302/M301,Mongolia,2025,read,SE (aus 95-%-KI),1.79,DERIVED_CI,"KI-Breite/(2·1,96)",
M302,Mongolia,2025,read,Rangspanne (alle),67–74,OFFICIAL_STATLINK,Table I.2.o3–o6,
M302/M301,Mongolia,2025,math,Mittelwert,418.6,OFFICIAL_STATLINK,StatLink xgs41b Table I.2.o3–o6,
M302/M301,Mongolia,2025,math,SE (aus 95-%-KI),2.3,DERIVED_CI,"KI-Breite/(2·1,96)",
M302,Mongolia,2025,math,Rangspanne (alle),46–58,OFFICIAL_STATLINK,Table I.2.o3–o6,
M302/M301,Mongolia,2025,cps,Mittelwert,443.0,OFFICIAL_STATLINK,StatLink xgs41b Table I.2.o3–o6,
M302/M301,Mongolia,2025,cps,SE (aus 95-%-KI),2.04,DERIVED_CI,"KI-Breite/(2·1,96)",
M302,Mongolia,2025,cps,Rangspanne (alle),51–61,OFFICIAL_STATLINK,Table I.2.o3–o6,
M302,Mongolia,2025,sci,P10,319.0,OFFICIAL_STATLINK,Figure I.2.1,
M302,Mongolia,2025,sci,P25,367.2,OFFICIAL_STATLINK,Figure I.2.1,
M302,Mongolia,2025,sci,P50,424.5,OFFICIAL_STATLINK,Figure I.2.1,
M302,Mongolia,2025,sci,P75,480.8,OFFICIAL_STATLINK,Figure I.2.1,
M302,Mongolia,2025,sci,P90,529.0,OFFICIAL_STATLINK,Figure I.2.1,
M302/M301,Mongolia,2025,sci,P90−P10,210.1,DERIVED_OFFICIAL,"Figure I.2.1, Differenz",
M302/M301,Mongolia,2025,sci,unter Stufe 2 (%),43.1,DERIVED_OFFICIAL,"Figure I.2.3, Summe Stufen <1b–1a",
M302/M301,Mongolia,2025,sci,Stufe 5–6 (%),0.3,DERIVED_OFFICIAL,"Figure I.2.3, Summe Stufen 5–6",
M302,Mongolia,2022→2025,sci,Veränderung (sig.),11.7,OFFICIAL_STATLINK,Table I.2.6,
M302,Mongolia,2022→2025,read,Veränderung (n. s.),-4.2,OFFICIAL_STATLINK,Table I.2.6,
M302,Mongolia,2022→2025,math,Veränderung (n. s.),-6.0,OFFICIAL_STATLINK,Table I.2.6,
M302/M301,Costa Rica,2025,sci,Mittelwert,424.0,OFFICIAL_STATLINK,StatLink xgs41b Table I.2.o3–o6,
M302/M301,Costa Rica,2025,sci,SE (aus 95-%-KI),2.55,DERIVED_CI,"KI-Breite/(2·1,96)",
M302,Costa Rica,2025,sci,Rangspanne (alle),50–64,OFFICIAL_STATLINK,Table I.2.o3–o6,
M302/M301,Costa Rica,2025,read,Mittelwert,416.0,OFFICIAL_STATLINK,StatLink xgs41b Table I.2.o3–o6,
M302/M301,Costa Rica,2025,read,SE (aus 95-%-KI),2.55,DERIVED_CI,"KI-Breite/(2·1,96)",
M302,Costa Rica,2025,read,Rangspanne (alle),42–55,OFFICIAL_STATLINK,Table I.2.o3–o6,
M302/M301,Costa Rica,2025,math,Mittelwert,387.1,OFFICIAL_STATLINK,StatLink xgs41b Table I.2.o3–o6,
M302/M301,Costa Rica,2025,math,SE (aus 95-%-KI),2.3,DERIVED_CI,"KI-Breite/(2·1,96)",
M302,Costa Rica,2025,math,Rangspanne (alle),63–71,OFFICIAL_STATLINK,Table I.2.o3–o6,
M302/M301,Costa Rica,2025,cps,Mittelwert,451.9,OFFICIAL_STATLINK,StatLink xgs41b Table I.2.o3–o6,
M302/M301,Costa Rica,2025,cps,SE (aus 95-%-KI),2.55,DERIVED_CI,"KI-Breite/(2·1,96)",
M302,Costa Rica,2025,cps,Rangspanne (alle),47–56,OFFICIAL_STATLINK,Table I.2.o3–o6,
M302,Costa Rica,2025,sci,P10,325.0,OFFICIAL_STATLINK,Figure I.2.1,
M302,Costa Rica,2025,sci,P25,368.4,OFFICIAL_STATLINK,Figure I.2.1,
M302,Costa Rica,2025,sci,P50,421.0,OFFICIAL_STATLINK,Figure I.2.1,
M302,Costa Rica,2025,sci,P75,477.0,OFFICIAL_STATLINK,Figure I.2.1,
M302,Costa Rica,2025,sci,P90,528.3,OFFICIAL_STATLINK,Figure I.2.1,
M302/M301,Costa Rica,2025,sci,P90−P10,203.4,DERIVED_OFFICIAL,"Figure I.2.1, Differenz",
M302/M301,Costa Rica,2025,sci,unter Stufe 2 (%),44.4,DERIVED_OFFICIAL,"Figure I.2.3, Summe Stufen <1b–1a",
M302/M301,Costa Rica,2025,sci,Stufe 5–6 (%),0.4,DERIVED_OFFICIAL,"Figure I.2.3, Summe Stufen 5–6",
M302,Costa Rica,2022→2025,sci,Veränderung (sig.),13.0,OFFICIAL_STATLINK,Table I.2.6,
M302,Costa Rica,2022→2025,read,Veränderung (n. s.),0.8,OFFICIAL_STATLINK,Table I.2.6,
M302,Costa Rica,2022→2025,math,Veränderung (n. s.),2.5,OFFICIAL_STATLINK,Table I.2.6,
M302,Costa Rica,10 Jahre,sci,Dezennaltrend (n. s.),2.2,OFFICIAL_STATLINK,Table I.2.9,
M302,Costa Rica,10 Jahre,read,Dezennaltrend (sig.),-13.8,OFFICIAL_STATLINK,Table I.2.9,
M302,Costa Rica,10 Jahre,math,Dezennaltrend (sig.),-17.5,OFFICIAL_STATLINK,Table I.2.9,
M302/M301,Georgia,2025,sci,Mittelwert,422.1,OFFICIAL_STATLINK,StatLink xgs41b Table I.2.o3–o6,
M302/M301,Georgia,2025,sci,SE (aus 95-%-KI),2.55,DERIVED_CI,"KI-Breite/(2·1,96)",
M302,Georgia,2025,sci,Rangspanne (alle),53–65,OFFICIAL_STATLINK,Table I.2.o3–o6,
M302/M301,Georgia,2025,read,Mittelwert,384.2,OFFICIAL_STATLINK,StatLink xgs41b Table I.2.o3–o6,
M302/M301,Georgia,2025,read,SE (aus 95-%-KI),2.55,DERIVED_CI,"KI-Breite/(2·1,96)",
M302,Georgia,2025,read,Rangspanne (alle),58–69,OFFICIAL_STATLINK,Table I.2.o3–o6,
M302/M301,Georgia,2025,math,Mittelwert,416.4,OFFICIAL_STATLINK,StatLink xgs41b Table I.2.o3–o6,
M302/M301,Georgia,2025,math,SE (aus 95-%-KI),2.81,DERIVED_CI,"KI-Breite/(2·1,96)",
M302,Georgia,2025,math,Rangspanne (alle),46–59,OFFICIAL_STATLINK,Table I.2.o3–o6,
M302/M301,Georgia,2025,cps,Mittelwert,413.3,OFFICIAL_STATLINK,StatLink xgs41b Table I.2.o3–o6,
M302/M301,Georgia,2025,cps,SE (aus 95-%-KI),2.81,DERIVED_CI,"KI-Breite/(2·1,96)",
M302,Georgia,2025,cps,Rangspanne (alle),66–71,OFFICIAL_STATLINK,Table I.2.o3–o6,
M302,Georgia,2025,sci,P10,313.2,OFFICIAL_STATLINK,Figure I.2.1,
M302,Georgia,2025,sci,P25,362.8,OFFICIAL_STATLINK,Figure I.2.1,
M302,Georgia,2025,sci,P50,420.5,OFFICIAL_STATLINK,Figure I.2.1,
M302,Georgia,2025,sci,P75,479.5,OFFICIAL_STATLINK,Figure I.2.1,
M302,Georgia,2025,sci,P90,533.5,OFFICIAL_STATLINK,Figure I.2.1,
M302/M301,Georgia,2025,sci,P90−P10,220.3,DERIVED_OFFICIAL,"Figure I.2.1, Differenz",
M302/M301,Georgia,2025,sci,unter Stufe 2 (%),45.0,DERIVED_OFFICIAL,"Figure I.2.3, Summe Stufen <1b–1a",
M302/M301,Georgia,2025,sci,Stufe 5–6 (%),0.8,DERIVED_OFFICIAL,"Figure I.2.3, Summe Stufen 5–6",
M302,Georgia,2022→2025,sci,Veränderung (sig.),38.1,OFFICIAL_STATLINK,Table I.2.6,
M302,Georgia,2022→2025,read,Veränderung (sig.),10.3,OFFICIAL_STATLINK,Table I.2.6,
M302,Georgia,2022→2025,math,Veränderung (sig.),26.3,OFFICIAL_STATLINK,Table I.2.6,
M302,Georgia,10 Jahre,sci,Dezennaltrend (sig.),10.0,OFFICIAL_STATLINK,Table I.2.9,
M302,Georgia,10 Jahre,read,Dezennaltrend (sig.),-16.8,OFFICIAL_STATLINK,Table I.2.9,
M302,Georgia,10 Jahre,math,Dezennaltrend (n. s.),8.2,OFFICIAL_STATLINK,Table I.2.9,
M302/M301,Moldova,2025,sci,Mittelwert,421.9,OFFICIAL_STATLINK,StatLink xgs41b Table I.2.o3–o6,
M302/M301,Moldova,2025,sci,SE (aus 95-%-KI),3.06,DERIVED_CI,"KI-Breite/(2·1,96)",
M302,Moldova,2025,sci,Rangspanne (alle),52–65,OFFICIAL_STATLINK,Table I.2.o3–o6,
M302/M301,Moldova,2025,read,Mittelwert,403.7,OFFICIAL_STATLINK,StatLink xgs41b Table I.2.o3–o6,
M302/M301,Moldova,2025,read,SE (aus 95-%-KI),2.81,DERIVED_CI,"KI-Breite/(2·1,96)",
M302,Moldova,2025,read,Rangspanne (alle),50–60,OFFICIAL_STATLINK,Table I.2.o3–o6,
M302/M301,Moldova,2025,math,Mittelwert,410.1,OFFICIAL_STATLINK,StatLink xgs41b Table I.2.o3–o6,
M302/M301,Moldova,2025,math,SE (aus 95-%-KI),2.55,DERIVED_CI,"KI-Breite/(2·1,96)",
M302,Moldova,2025,math,Rangspanne (alle),47–61,OFFICIAL_STATLINK,Table I.2.o3–o6,
M302/M301,Moldova,2025,cps,Mittelwert,452.3,OFFICIAL_STATLINK,StatLink xgs41b Table I.2.o3–o6,
M302/M301,Moldova,2025,cps,SE (aus 95-%-KI),2.3,DERIVED_CI,"KI-Breite/(2·1,96)",
M302,Moldova,2025,cps,Rangspanne (alle),45–56,OFFICIAL_STATLINK,Table I.2.o3–o6,
M302,Moldova,2025,sci,P10,311.4,OFFICIAL_STATLINK,Figure I.2.1,
M302,Moldova,2025,sci,P25,358.8,OFFICIAL_STATLINK,Figure I.2.1,
M302,Moldova,2025,sci,P50,418.7,OFFICIAL_STATLINK,Figure I.2.1,
M302,Moldova,2025,sci,P75,482.4,OFFICIAL_STATLINK,Figure I.2.1,
M302,Moldova,2025,sci,P90,537.5,OFFICIAL_STATLINK,Figure I.2.1,
M302/M301,Moldova,2025,sci,P90−P10,226.1,DERIVED_OFFICIAL,"Figure I.2.1, Differenz",
M302/M301,Moldova,2025,sci,unter Stufe 2 (%),46.1,DERIVED_OFFICIAL,"Figure I.2.3, Summe Stufen <1b–1a",
M302/M301,Moldova,2025,sci,Stufe 5–6 (%),0.9,DERIVED_OFFICIAL,"Figure I.2.3, Summe Stufen 5–6",
M302,Moldova,2022→2025,sci,Veränderung (n. s.),5.1,OFFICIAL_STATLINK,Table I.2.6,
M302,Moldova,2022→2025,read,Veränderung (n. s.),-7.2,OFFICIAL_STATLINK,Table I.2.6,
M302,Moldova,2022→2025,math,Veränderung (n. s.),-4.1,OFFICIAL_STATLINK,Table I.2.6,
M302,Moldova,10 Jahre,sci,Dezennaltrend (sig.),-9.2,OFFICIAL_STATLINK,Table I.2.9,
M302,Moldova,10 Jahre,read,Dezennaltrend (sig.),-15.3,OFFICIAL_STATLINK,Table I.2.9,
M302,Moldova,10 Jahre,math,Dezennaltrend (sig.),-10.4,OFFICIAL_STATLINK,Table I.2.9,
M302/M301,Bulgaria,2025,sci,Mittelwert,420.8,OFFICIAL_STATLINK,StatLink xgs41b Table I.2.o3–o6,
M302/M301,Bulgaria,2025,sci,SE (aus 95-%-KI),4.08,DERIVED_CI,"KI-Breite/(2·1,96)",
M302,Bulgaria,2025,sci,Rangspanne (alle),51–68,OFFICIAL_STATLINK,Table I.2.o3–o6,
M302/M301,Bulgaria,2025,read,Mittelwert,386.6,OFFICIAL_STATLINK,StatLink xgs41b Table I.2.o3–o6,
M302/M301,Bulgaria,2025,read,SE (aus 95-%-KI),3.83,DERIVED_CI,"KI-Breite/(2·1,96)",
M302,Bulgaria,2025,read,Rangspanne (alle),57–70,OFFICIAL_STATLINK,Table I.2.o3–o6,
M302/M301,Bulgaria,2025,math,Mittelwert,405.1,OFFICIAL_STATLINK,StatLink xgs41b Table I.2.o3–o6,
M302/M301,Bulgaria,2025,math,SE (aus 95-%-KI),4.08,DERIVED_CI,"KI-Breite/(2·1,96)",
M302,Bulgaria,2025,math,Rangspanne (alle),49–62,OFFICIAL_STATLINK,Table I.2.o3–o6,
M302/M301,Bulgaria,2025,cps,Mittelwert,425.3,OFFICIAL_STATLINK,StatLink xgs41b Table I.2.o3–o6,
M302/M301,Bulgaria,2025,cps,SE (aus 95-%-KI),4.08,DERIVED_CI,"KI-Breite/(2·1,96)",
M302,Bulgaria,2025,cps,Rangspanne (alle),56–68,OFFICIAL_STATLINK,Table I.2.o3–o6,
M302,Bulgaria,2025,sci,P10,284.3,OFFICIAL_STATLINK,Figure I.2.1,
M302,Bulgaria,2025,sci,P25,341.2,OFFICIAL_STATLINK,Figure I.2.1,
M302,Bulgaria,2025,sci,P50,416.9,OFFICIAL_STATLINK,Figure I.2.1,
M302,Bulgaria,2025,sci,P75,496.2,OFFICIAL_STATLINK,Figure I.2.1,
M302,Bulgaria,2025,sci,P90,562.8,OFFICIAL_STATLINK,Figure I.2.1,
M302/M301,Bulgaria,2025,sci,P90−P10,278.5,DERIVED_OFFICIAL,"Figure I.2.1, Differenz",
M302/M301,Bulgaria,2025,sci,unter Stufe 2 (%),47.5,DERIVED_OFFICIAL,"Figure I.2.3, Summe Stufen <1b–1a",
M302/M301,Bulgaria,2025,sci,Stufe 5–6 (%),2.4,DERIVED_OFFICIAL,"Figure I.2.3, Summe Stufen 5–6",
M302,Bulgaria,2022→2025,sci,Veränderung (n. s.),-0.2,OFFICIAL_STATLINK,Table I.2.6,
M302,Bulgaria,2022→2025,read,Veränderung (sig.),-17.7,OFFICIAL_STATLINK,Table I.2.6,
M302,Bulgaria,2022→2025,math,Veränderung (sig.),-12.2,OFFICIAL_STATLINK,Table I.2.6,
M302,Bulgaria,10 Jahre,sci,Dezennaltrend (sig.),-22.6,OFFICIAL_STATLINK,Table I.2.9,
M302,Bulgaria,10 Jahre,read,Dezennaltrend (sig.),-44.2,OFFICIAL_STATLINK,Table I.2.9,
M302,Bulgaria,10 Jahre,math,Dezennaltrend (sig.),-37.6,OFFICIAL_STATLINK,Table I.2.9,
M302/M301,Kazakhstan,2025,sci,Mittelwert,419.5,OFFICIAL_STATLINK,StatLink xgs41b Table I.2.o3–o6,
M302/M301,Kazakhstan,2025,sci,SE (aus 95-%-KI),1.79,DERIVED_CI,"KI-Breite/(2·1,96)",
M302,Kazakhstan,2025,sci,Rangspanne (alle),54–66,OFFICIAL_STATLINK,Table I.2.o3–o6,
M302/M301,Kazakhstan,2025,read,Mittelwert,384.8,OFFICIAL_STATLINK,StatLink xgs41b Table I.2.o3–o6,
M302/M301,Kazakhstan,2025,read,SE (aus 95-%-KI),1.53,DERIVED_CI,"KI-Breite/(2·1,96)",
M302,Kazakhstan,2025,read,Rangspanne (alle),58–68,OFFICIAL_STATLINK,Table I.2.o3–o6,
M302/M301,Kazakhstan,2025,math,Mittelwert,413.7,OFFICIAL_STATLINK,StatLink xgs41b Table I.2.o3–o6,
M302/M301,Kazakhstan,2025,math,SE (aus 95-%-KI),1.79,DERIVED_CI,"KI-Breite/(2·1,96)",
M302,Kazakhstan,2025,math,Rangspanne (alle),46–59,OFFICIAL_STATLINK,Table I.2.o3–o6,
M302/M301,Kazakhstan,2025,cps,Mittelwert,448.9,OFFICIAL_STATLINK,StatLink xgs41b Table I.2.o3–o6,
M302/M301,Kazakhstan,2025,cps,SE (aus 95-%-KI),1.53,DERIVED_CI,"KI-Breite/(2·1,96)",
M302,Kazakhstan,2025,cps,Rangspanne (alle),49–56,OFFICIAL_STATLINK,Table I.2.o3–o6,
M302,Kazakhstan,2025,sci,P10,324.1,OFFICIAL_STATLINK,Figure I.2.1,
M302,Kazakhstan,2025,sci,P25,364.4,OFFICIAL_STATLINK,Figure I.2.1,
M302,Kazakhstan,2025,sci,P50,413.6,OFFICIAL_STATLINK,Figure I.2.1,
M302,Kazakhstan,2025,sci,P75,469.6,OFFICIAL_STATLINK,Figure I.2.1,
M302,Kazakhstan,2025,sci,P90,525.1,OFFICIAL_STATLINK,Figure I.2.1,
M302/M301,Kazakhstan,2025,sci,P90−P10,200.9,DERIVED_OFFICIAL,"Figure I.2.1, Differenz",
M302/M301,Kazakhstan,2025,sci,unter Stufe 2 (%),47.9,DERIVED_OFFICIAL,"Figure I.2.3, Summe Stufen <1b–1a",
M302/M301,Kazakhstan,2025,sci,Stufe 5–6 (%),0.5,DERIVED_OFFICIAL,"Figure I.2.3, Summe Stufen 5–6",
M302,Kazakhstan,2022→2025,sci,Veränderung (n. s.),-3.6,OFFICIAL_STATLINK,Table I.2.6,
M302,Kazakhstan,2022→2025,read,Veränderung (n. s.),-1.5,OFFICIAL_STATLINK,Table I.2.6,
M302,Kazakhstan,2022→2025,math,Veränderung (sig.),-11.7,OFFICIAL_STATLINK,Table I.2.6,
M302,Kazakhstan,10 Jahre,sci,Dezennaltrend (sig.),33.8,OFFICIAL_STATLINK,Table I.2.9,
M302,Kazakhstan,10 Jahre,read,Dezennaltrend (n. s.),-2.9,OFFICIAL_STATLINK,Table I.2.9,
M302,Kazakhstan,10 Jahre,math,Dezennaltrend (sig.),-12.4,OFFICIAL_STATLINK,Table I.2.9,
M302/M301,Malaysia,2025,sci,Mittelwert,419.2,OFFICIAL_STATLINK,StatLink xgs41b Table I.2.o3–o6,
M302/M301,Malaysia,2025,sci,SE (aus 95-%-KI),2.04,DERIVED_CI,"KI-Breite/(2·1,96)",
M302,Malaysia,2025,sci,Rangspanne (alle),54–67,OFFICIAL_STATLINK,Table I.2.o3–o6,
M302/M301,Malaysia,2025,read,Mittelwert,392.8,OFFICIAL_STATLINK,StatLink xgs41b Table I.2.o3–o6,
M302/M301,Malaysia,2025,read,SE (aus 95-%-KI),2.04,DERIVED_CI,"KI-Breite/(2·1,96)",
M302,Malaysia,2025,read,Rangspanne (alle),55–67,OFFICIAL_STATLINK,Table I.2.o3–o6,
M302/M301,Malaysia,2025,math,Mittelwert,397.4,OFFICIAL_STATLINK,StatLink xgs41b Table I.2.o3–o6,
M302/M301,Malaysia,2025,math,SE (aus 95-%-KI),2.3,DERIVED_CI,"KI-Breite/(2·1,96)",
M302,Malaysia,2025,math,Rangspanne (alle),57–63,OFFICIAL_STATLINK,Table I.2.o3–o6,
M302/M301,Malaysia,2025,cps,Mittelwert,484.1,OFFICIAL_STATLINK,StatLink xgs41b Table I.2.o3–o6,
M302/M301,Malaysia,2025,cps,SE (aus 95-%-KI),1.79,DERIVED_CI,"KI-Breite/(2·1,96)",
M302,Malaysia,2025,cps,Rangspanne (alle),34–40,OFFICIAL_STATLINK,Table I.2.o3–o6,
M302,Malaysia,2025,sci,P10,316.9,OFFICIAL_STATLINK,Figure I.2.1,
M302,Malaysia,2025,sci,P25,362.7,OFFICIAL_STATLINK,Figure I.2.1,
M302,Malaysia,2025,sci,P50,417.1,OFFICIAL_STATLINK,Figure I.2.1,
M302,Malaysia,2025,sci,P75,472.5,OFFICIAL_STATLINK,Figure I.2.1,
M302,Malaysia,2025,sci,P90,524.7,OFFICIAL_STATLINK,Figure I.2.1,
M302/M301,Malaysia,2025,sci,P90−P10,207.7,DERIVED_OFFICIAL,"Figure I.2.1, Differenz",
M302/M301,Malaysia,2025,sci,unter Stufe 2 (%),46.4,DERIVED_OFFICIAL,"Figure I.2.3, Summe Stufen <1b–1a",
M302/M301,Malaysia,2025,sci,Stufe 5–6 (%),0.5,DERIVED_OFFICIAL,"Figure I.2.3, Summe Stufen 5–6",
M302,Malaysia,2022→2025,sci,Veränderung (n. s.),2.9,OFFICIAL_STATLINK,Table I.2.6,
M302,Malaysia,2022→2025,read,Veränderung (n. s.),4.7,OFFICIAL_STATLINK,Table I.2.6,
M302,Malaysia,2022→2025,math,Veränderung (sig.),-11.3,OFFICIAL_STATLINK,Table I.2.6,
M302,Malaysia,10 Jahre,sci,Dezennaltrend (sig.),-27.8,OFFICIAL_STATLINK,Table I.2.9,
M302,Malaysia,10 Jahre,read,Dezennaltrend (sig.),-33.6,OFFICIAL_STATLINK,Table I.2.9,
M302,Malaysia,10 Jahre,math,Dezennaltrend (sig.),-62.1,OFFICIAL_STATLINK,Table I.2.9,
M302/M301,Colombia,2025,sci,Mittelwert,413.7,OFFICIAL_STATLINK,StatLink xgs41b Table I.2.o3–o6,
M302/M301,Colombia,2025,sci,SE (aus 95-%-KI),3.32,DERIVED_CI,"KI-Breite/(2·1,96)",
M302,Colombia,2025,sci,Rangspanne (alle),55–70,OFFICIAL_STATLINK,Table I.2.o3–o6,
M302/M301,Colombia,2025,read,Mittelwert,399.3,OFFICIAL_STATLINK,StatLink xgs41b Table I.2.o3–o6,
M302/M301,Colombia,2025,read,SE (aus 95-%-KI),3.32,DERIVED_CI,"KI-Breite/(2·1,96)",
M302,Colombia,2025,read,Rangspanne (alle),51–64,OFFICIAL_STATLINK,Table I.2.o3–o6,
M302/M301,Colombia,2025,math,Mittelwert,380.5,OFFICIAL_STATLINK,StatLink xgs41b Table I.2.o3–o6,
M302/M301,Colombia,2025,math,SE (aus 95-%-KI),2.81,DERIVED_CI,"KI-Breite/(2·1,96)",
M302,Colombia,2025,math,Rangspanne (alle),63–73,OFFICIAL_STATLINK,Table I.2.o3–o6,
M302/M301,Colombia,2025,cps,Mittelwert,431.8,OFFICIAL_STATLINK,StatLink xgs41b Table I.2.o3–o6,
M302/M301,Colombia,2025,cps,SE (aus 95-%-KI),3.83,DERIVED_CI,"KI-Breite/(2·1,96)",
M302,Colombia,2025,cps,Rangspanne (alle),54–67,OFFICIAL_STATLINK,Table I.2.o3–o6,
M302,Colombia,2025,sci,P10,301.2,OFFICIAL_STATLINK,Figure I.2.1,
M302,Colombia,2025,sci,P25,348.9,OFFICIAL_STATLINK,Figure I.2.1,
M302,Colombia,2025,sci,P50,409.4,OFFICIAL_STATLINK,Figure I.2.1,
M302,Colombia,2025,sci,P75,474.2,OFFICIAL_STATLINK,Figure I.2.1,
M302,Colombia,2025,sci,P90,534.3,OFFICIAL_STATLINK,Figure I.2.1,
M302/M301,Colombia,2025,sci,P90−P10,233.1,DERIVED_OFFICIAL,"Figure I.2.1, Differenz",
M302/M301,Colombia,2025,sci,unter Stufe 2 (%),50.1,DERIVED_OFFICIAL,"Figure I.2.3, Summe Stufen <1b–1a",
M302/M301,Colombia,2025,sci,Stufe 5–6 (%),0.8,DERIVED_OFFICIAL,"Figure I.2.3, Summe Stufen 5–6",
M302,Colombia,2022→2025,sci,Veränderung (n. s.),2.6,OFFICIAL_STATLINK,Table I.2.6,
M302,Colombia,2022→2025,read,Veränderung (n. s.),-9.4,OFFICIAL_STATLINK,Table I.2.6,
M302,Colombia,2022→2025,math,Veränderung (n. s.),-2.2,OFFICIAL_STATLINK,Table I.2.6,
M302,Colombia,10 Jahre,sci,Dezennaltrend (n. s.),-2.5,OFFICIAL_STATLINK,Table I.2.9,
M302,Colombia,10 Jahre,read,Dezennaltrend (sig.),-23.4,OFFICIAL_STATLINK,Table I.2.9,
M302,Colombia,10 Jahre,math,Dezennaltrend (sig.),-10.7,OFFICIAL_STATLINK,Table I.2.9,
M302/M301,Mexico,2025,sci,Mittelwert,413.6,OFFICIAL_STATLINK,StatLink xgs41b Table I.2.o3–o6,
M302/M301,Mexico,2025,sci,SE (aus 95-%-KI),1.79,DERIVED_CI,"KI-Breite/(2·1,96)",
M302,Mexico,2025,sci,Rangspanne (alle),57–70,OFFICIAL_STATLINK,Table I.2.o3–o6,
M302/M301,Mexico,2025,read,Mittelwert,407.9,OFFICIAL_STATLINK,StatLink xgs41b Table I.2.o3–o6,
M302/M301,Mexico,2025,read,SE (aus 95-%-KI),2.04,DERIVED_CI,"KI-Breite/(2·1,96)",
M302,Mexico,2025,read,Rangspanne (alle),47–57,OFFICIAL_STATLINK,Table I.2.o3–o6,
M302/M301,Mexico,2025,math,Mittelwert,387.6,OFFICIAL_STATLINK,StatLink xgs41b Table I.2.o3–o6,
M302/M301,Mexico,2025,math,SE (aus 95-%-KI),1.79,DERIVED_CI,"KI-Breite/(2·1,96)",
M302,Mexico,2025,math,Rangspanne (alle),63–70,OFFICIAL_STATLINK,Table I.2.o3–o6,
M302/M301,Mexico,2025,cps,Mittelwert,453.0,OFFICIAL_STATLINK,StatLink xgs41b Table I.2.o3–o6,
M302/M301,Mexico,2025,cps,SE (aus 95-%-KI),2.04,DERIVED_CI,"KI-Breite/(2·1,96)",
M302,Mexico,2025,cps,Rangspanne (alle),46–55,OFFICIAL_STATLINK,Table I.2.o3–o6,
M302,Mexico,2025,sci,P10,319.8,OFFICIAL_STATLINK,Figure I.2.1,
M302,Mexico,2025,sci,P25,360.7,OFFICIAL_STATLINK,Figure I.2.1,
M302,Mexico,2025,sci,P50,410.3,OFFICIAL_STATLINK,Figure I.2.1,
M302,Mexico,2025,sci,P75,463.3,OFFICIAL_STATLINK,Figure I.2.1,
M302,Mexico,2025,sci,P90,512.6,OFFICIAL_STATLINK,Figure I.2.1,
M302/M301,Mexico,2025,sci,P90−P10,192.9,DERIVED_OFFICIAL,"Figure I.2.1, Differenz",
M302/M301,Mexico,2025,sci,unter Stufe 2 (%),49.6,DERIVED_OFFICIAL,"Figure I.2.3, Summe Stufen <1b–1a",
M302/M301,Mexico,2025,sci,Stufe 5–6 (%),0.2,DERIVED_OFFICIAL,"Figure I.2.3, Summe Stufen 5–6",
M302,Mexico,2022→2025,sci,Veränderung (n. s.),3.7,OFFICIAL_STATLINK,Table I.2.6,
M302,Mexico,2022→2025,read,Veränderung (n. s.),-7.4,OFFICIAL_STATLINK,Table I.2.6,
M302,Mexico,2022→2025,math,Veränderung (sig.),-7.4,OFFICIAL_STATLINK,Table I.2.6,
M302,Mexico,10 Jahre,sci,Dezennaltrend (n. s.),-5.1,OFFICIAL_STATLINK,Table I.2.9,
M302,Mexico,10 Jahre,read,Dezennaltrend (sig.),-15.0,OFFICIAL_STATLINK,Table I.2.9,
M302,Mexico,10 Jahre,math,Dezennaltrend (sig.),-22.4,OFFICIAL_STATLINK,Table I.2.9,
M302/M301,Saudi Arabia,2025,sci,Mittelwert,413.4,OFFICIAL_STATLINK,StatLink xgs41b Table I.2.o3–o6,
M302/M301,Saudi Arabia,2025,sci,SE (aus 95-%-KI),2.81,DERIVED_CI,"KI-Breite/(2·1,96)",
M302,Saudi Arabia,2025,sci,Rangspanne (alle),55–70,OFFICIAL_STATLINK,Table I.2.o3–o6,
M302/M301,Saudi Arabia,2025,read,Mittelwert,387.3,OFFICIAL_STATLINK,StatLink xgs41b Table I.2.o3–o6,
M302/M301,Saudi Arabia,2025,read,SE (aus 95-%-KI),2.3,DERIVED_CI,"KI-Breite/(2·1,96)",
M302,Saudi Arabia,2025,read,Rangspanne (alle),57–68,OFFICIAL_STATLINK,Table I.2.o3–o6,
M302/M301,Saudi Arabia,2025,math,Mittelwert,389.9,OFFICIAL_STATLINK,StatLink xgs41b Table I.2.o3–o6,
M302/M301,Saudi Arabia,2025,math,SE (aus 95-%-KI),2.55,DERIVED_CI,"KI-Breite/(2·1,96)",
M302,Saudi Arabia,2025,math,Rangspanne (alle),62–69,OFFICIAL_STATLINK,Table I.2.o3–o6,
M302/M301,Saudi Arabia,2025,cps,Mittelwert,425.8,OFFICIAL_STATLINK,StatLink xgs41b Table I.2.o3–o6,
M302/M301,Saudi Arabia,2025,cps,SE (aus 95-%-KI),2.81,DERIVED_CI,"KI-Breite/(2·1,96)",
M302,Saudi Arabia,2025,cps,Rangspanne (alle),57–67,OFFICIAL_STATLINK,Table I.2.o3–o6,
M302,Saudi Arabia,2025,sci,P10,310.4,OFFICIAL_STATLINK,Figure I.2.1,
M302,Saudi Arabia,2025,sci,P25,356.4,OFFICIAL_STATLINK,Figure I.2.1,
M302,Saudi Arabia,2025,sci,P50,411.2,OFFICIAL_STATLINK,Figure I.2.1,
M302,Saudi Arabia,2025,sci,P75,468.0,OFFICIAL_STATLINK,Figure I.2.1,
M302,Saudi Arabia,2025,sci,P90,519.6,OFFICIAL_STATLINK,Figure I.2.1,
M302/M301,Saudi Arabia,2025,sci,P90−P10,209.1,DERIVED_OFFICIAL,"Figure I.2.1, Differenz",
M302/M301,Saudi Arabia,2025,sci,unter Stufe 2 (%),49.2,DERIVED_OFFICIAL,"Figure I.2.3, Summe Stufen <1b–1a",
M302/M301,Saudi Arabia,2025,sci,Stufe 5–6 (%),0.4,DERIVED_OFFICIAL,"Figure I.2.3, Summe Stufen 5–6",
M302,Saudi Arabia,2022→2025,sci,Veränderung (sig.),23.0,OFFICIAL_STATLINK,Table I.2.6,
M302,Saudi Arabia,2022→2025,read,Veränderung (n. s.),4.7,OFFICIAL_STATLINK,Table I.2.6,
M302,Saudi Arabia,2022→2025,math,Veränderung (n. s.),1.1,OFFICIAL_STATLINK,Table I.2.6,
M302,Saudi Arabia,10 Jahre,sci,Dezennaltrend (sig.),37.3,OFFICIAL_STATLINK,Table I.2.9,
M302,Saudi Arabia,10 Jahre,read,Dezennaltrend (sig.),-18.3,OFFICIAL_STATLINK,Table I.2.9,
M302,Saudi Arabia,10 Jahre,math,Dezennaltrend (sig.),24.6,OFFICIAL_STATLINK,Table I.2.9,
M302/M301,Cyprus,2025,sci,Mittelwert,411.2,OFFICIAL_STATLINK,StatLink xgs41b Table I.2.o3–o6,
M302/M301,Cyprus,2025,sci,SE (aus 95-%-KI),1.53,DERIVED_CI,"KI-Breite/(2·1,96)",
M302,Cyprus,2025,sci,Rangspanne (alle),60–70,OFFICIAL_STATLINK,Table I.2.o3–o6,
M302/M301,Cyprus,2025,read,Mittelwert,379.4,OFFICIAL_STATLINK,StatLink xgs41b Table I.2.o3–o6,
M302/M301,Cyprus,2025,read,SE (aus 95-%-KI),1.28,DERIVED_CI,"KI-Breite/(2·1,96)",
M302,Cyprus,2025,read,Rangspanne (alle),61–70,OFFICIAL_STATLINK,Table I.2.o3–o6,
M302/M301,Cyprus,2025,math,Mittelwert,411.8,OFFICIAL_STATLINK,StatLink xgs41b Table I.2.o3–o6,
M302/M301,Cyprus,2025,math,SE (aus 95-%-KI),1.28,DERIVED_CI,"KI-Breite/(2·1,96)",
M302,Cyprus,2025,math,Rangspanne (alle),47–60,OFFICIAL_STATLINK,Table I.2.o3–o6,
M302/M301,Cyprus,2025,cps,Mittelwert,427.2,OFFICIAL_STATLINK,StatLink xgs41b Table I.2.o3–o6,
M302/M301,Cyprus,2025,cps,SE (aus 95-%-KI),2.04,DERIVED_CI,"KI-Breite/(2·1,96)",
M302,Cyprus,2025,cps,Rangspanne (alle),57–67,OFFICIAL_STATLINK,Table I.2.o3–o6,
M302/M301,Azerbaijan,2025,sci,Mittelwert,408.6,OFFICIAL_STATLINK,StatLink xgs41b Table I.2.o3–o6,
M302/M301,Azerbaijan,2025,sci,SE (aus 95-%-KI),3.32,DERIVED_CI,"KI-Breite/(2·1,96)",
M302,Azerbaijan,2025,sci,Rangspanne (alle),61–70,OFFICIAL_STATLINK,Table I.2.o3–o6,
M302/M301,Azerbaijan,2025,read,Mittelwert,373.6,OFFICIAL_STATLINK,StatLink xgs41b Table I.2.o3–o6,
M302/M301,Azerbaijan,2025,read,SE (aus 95-%-KI),2.81,DERIVED_CI,"KI-Breite/(2·1,96)",
M302,Azerbaijan,2025,read,Rangspanne (alle),66–74,OFFICIAL_STATLINK,Table I.2.o3–o6,
M302/M301,Azerbaijan,2025,math,Mittelwert,422.4,OFFICIAL_STATLINK,StatLink xgs41b Table I.2.o3–o6,
M302/M301,Azerbaijan,2025,math,SE (aus 95-%-KI),3.83,DERIVED_CI,"KI-Breite/(2·1,96)",
M302,Azerbaijan,2025,math,Rangspanne (alle),43–57,OFFICIAL_STATLINK,Table I.2.o3–o6,
M302/M301,Azerbaijan,2025,cps,Mittelwert,387.8,OFFICIAL_STATLINK,StatLink xgs41b Table I.2.o3–o6,
M302/M301,Azerbaijan,2025,cps,SE (aus 95-%-KI),3.57,DERIVED_CI,"KI-Breite/(2·1,96)",
M302,Azerbaijan,2025,cps,Rangspanne (alle),74–79,OFFICIAL_STATLINK,Table I.2.o3–o6,
M302,Azerbaijan,2025,sci,P10,294.7,OFFICIAL_STATLINK,Figure I.2.1,
M302,Azerbaijan,2025,sci,P25,343.3,OFFICIAL_STATLINK,Figure I.2.1,
M302,Azerbaijan,2025,sci,P50,404.1,OFFICIAL_STATLINK,Figure I.2.1,
M302,Azerbaijan,2025,sci,P75,470.7,OFFICIAL_STATLINK,Figure I.2.1,
M302,Azerbaijan,2025,sci,P90,530.8,OFFICIAL_STATLINK,Figure I.2.1,
M302/M301,Azerbaijan,2025,sci,P90−P10,236.1,DERIVED_OFFICIAL,"Figure I.2.1, Differenz",
M302/M301,Azerbaijan,2025,sci,unter Stufe 2 (%),52.3,DERIVED_OFFICIAL,"Figure I.2.3, Summe Stufen <1b–1a",
M302/M301,Azerbaijan,2025,sci,Stufe 5–6 (%),0.7,DERIVED_OFFICIAL,"Figure I.2.3, Summe Stufen 5–6",
M302/M301,Brazil,2025,sci,Mittelwert,408.5,OFFICIAL_STATLINK,StatLink xgs41b Table I.2.o3–o6,
M302/M301,Brazil,2025,sci,SE (aus 95-%-KI),1.79,DERIVED_CI,"KI-Breite/(2·1,96)",
M302,Brazil,2025,sci,Rangspanne (alle),62–70,OFFICIAL_STATLINK,Table I.2.o3–o6,
M302/M301,Brazil,2025,read,Mittelwert,408.0,OFFICIAL_STATLINK,StatLink xgs41b Table I.2.o3–o6,
M302/M301,Brazil,2025,read,SE (aus 95-%-KI),2.04,DERIVED_CI,"KI-Breite/(2·1,96)",
M302,Brazil,2025,read,Rangspanne (alle),48–57,OFFICIAL_STATLINK,Table I.2.o3–o6,
M302/M301,Brazil,2025,math,Mittelwert,376.8,OFFICIAL_STATLINK,StatLink xgs41b Table I.2.o3–o6,
M302/M301,Brazil,2025,math,SE (aus 95-%-KI),1.79,DERIVED_CI,"KI-Breite/(2·1,96)",
M302,Brazil,2025,math,Rangspanne (alle),67–75,OFFICIAL_STATLINK,Table I.2.o3–o6,
M302/M301,Brazil,2025,cps,Mittelwert,405.5,OFFICIAL_STATLINK,StatLink xgs41b Table I.2.o3–o6,
M302/M301,Brazil,2025,cps,SE (aus 95-%-KI),1.79,DERIVED_CI,"KI-Breite/(2·1,96)",
M302,Brazil,2025,cps,Rangspanne (alle),68–73,OFFICIAL_STATLINK,Table I.2.o3–o6,
M302,Brazil,2025,sci,P10,291.0,OFFICIAL_STATLINK,Figure I.2.1,
M302,Brazil,2025,sci,P25,340.7,OFFICIAL_STATLINK,Figure I.2.1,
M302,Brazil,2025,sci,P50,403.5,OFFICIAL_STATLINK,Figure I.2.1,
M302,Brazil,2025,sci,P75,472.5,OFFICIAL_STATLINK,Figure I.2.1,
M302,Brazil,2025,sci,P90,535.5,OFFICIAL_STATLINK,Figure I.2.1,
M302/M301,Brazil,2025,sci,P90−P10,244.5,DERIVED_OFFICIAL,"Figure I.2.1, Differenz",
M302/M301,Brazil,2025,sci,unter Stufe 2 (%),52.4,DERIVED_OFFICIAL,"Figure I.2.3, Summe Stufen <1b–1a",
M302/M301,Brazil,2025,sci,Stufe 5–6 (%),0.9,DERIVED_OFFICIAL,"Figure I.2.3, Summe Stufen 5–6",
M302,Brazil,2022→2025,sci,Veränderung (n. s.),5.5,OFFICIAL_STATLINK,Table I.2.6,
M302,Brazil,2022→2025,read,Veränderung (n. s.),-2.3,OFFICIAL_STATLINK,Table I.2.6,
M302,Brazil,2022→2025,math,Veränderung (n. s.),-1.9,OFFICIAL_STATLINK,Table I.2.6,
M302,Brazil,10 Jahre,sci,Dezennaltrend (n. s.),6.6,OFFICIAL_STATLINK,Table I.2.9,
M302,Brazil,10 Jahre,read,Dezennaltrend (n. s.),-0.3,OFFICIAL_STATLINK,Table I.2.9,
M302,Brazil,10 Jahre,math,Dezennaltrend (n. s.),-1.9,OFFICIAL_STATLINK,Table I.2.9,
M302/M301,Jordan,2025,sci,Mittelwert,406.9,OFFICIAL_STATLINK,StatLink xgs41b Table I.2.o3–o6,
M302/M301,Jordan,2025,sci,SE (aus 95-%-KI),2.55,DERIVED_CI,"KI-Breite/(2·1,96)",
M302,Jordan,2025,sci,Rangspanne (alle),62–70,OFFICIAL_STATLINK,Table I.2.o3–o6,
M302/M301,Jordan,2025,read,Mittelwert,362.6,OFFICIAL_STATLINK,StatLink xgs41b Table I.2.o3–o6,
M302/M301,Jordan,2025,read,SE (aus 95-%-KI),2.04,DERIVED_CI,"KI-Breite/(2·1,96)",
M302,Jordan,2025,read,Rangspanne (alle),70–76,OFFICIAL_STATLINK,Table I.2.o3–o6,
M302/M301,Jordan,2025,math,Mittelwert,387.6,OFFICIAL_STATLINK,StatLink xgs41b Table I.2.o3–o6,
M302/M301,Jordan,2025,math,SE (aus 95-%-KI),2.3,DERIVED_CI,"KI-Breite/(2·1,96)",
M302,Jordan,2025,math,Rangspanne (alle),63–70,OFFICIAL_STATLINK,Table I.2.o3–o6,
M302/M301,Jordan,2025,cps,Mittelwert,407.8,OFFICIAL_STATLINK,StatLink xgs41b Table I.2.o3–o6,
M302/M301,Jordan,2025,cps,SE (aus 95-%-KI),2.3,DERIVED_CI,"KI-Breite/(2·1,96)",
M302,Jordan,2025,cps,Rangspanne (alle),68–73,OFFICIAL_STATLINK,Table I.2.o3–o6,
M302,Jordan,2025,sci,P10,305.0,OFFICIAL_STATLINK,Figure I.2.1,
M302,Jordan,2025,sci,P25,351.1,OFFICIAL_STATLINK,Figure I.2.1,
M302,Jordan,2025,sci,P50,405.6,OFFICIAL_STATLINK,Figure I.2.1,
M302,Jordan,2025,sci,P75,461.0,OFFICIAL_STATLINK,Figure I.2.1,
M302,Jordan,2025,sci,P90,510.4,OFFICIAL_STATLINK,Figure I.2.1,
M302/M301,Jordan,2025,sci,P90−P10,205.4,DERIVED_OFFICIAL,"Figure I.2.1, Differenz",
M302/M301,Jordan,2025,sci,unter Stufe 2 (%),52.0,DERIVED_OFFICIAL,"Figure I.2.3, Summe Stufen <1b–1a",
M302/M301,Jordan,2025,sci,Stufe 5–6 (%),0.3,DERIVED_OFFICIAL,"Figure I.2.3, Summe Stufen 5–6",
M302,Jordan,2022→2025,sci,Veränderung (sig.),32.4,OFFICIAL_STATLINK,Table I.2.6,
M302,Jordan,2022→2025,read,Veränderung (sig.),20.4,OFFICIAL_STATLINK,Table I.2.6,
M302,Jordan,2022→2025,math,Veränderung (sig.),26.3,OFFICIAL_STATLINK,Table I.2.6,
M302/M301,Peru,2025,sci,Mittelwert,405.6,OFFICIAL_STATLINK,StatLink xgs41b Table I.2.o3–o6,
M302/M301,Peru,2025,sci,SE (aus 95-%-KI),2.55,DERIVED_CI,"KI-Breite/(2·1,96)",
M302,Peru,2025,sci,Rangspanne (alle),63–70,OFFICIAL_STATLINK,Table I.2.o3–o6,
M302/M301,Peru,2025,read,Mittelwert,390.1,OFFICIAL_STATLINK,StatLink xgs41b Table I.2.o3–o6,
M302/M301,Peru,2025,read,SE (aus 95-%-KI),3.06,DERIVED_CI,"KI-Breite/(2·1,96)",
M302,Peru,2025,read,Rangspanne (alle),57–67,OFFICIAL_STATLINK,Table I.2.o3–o6,
M302/M301,Peru,2025,math,Mittelwert,382.4,OFFICIAL_STATLINK,StatLink xgs41b Table I.2.o3–o6,
M302/M301,Peru,2025,math,SE (aus 95-%-KI),2.3,DERIVED_CI,"KI-Breite/(2·1,96)",
M302,Peru,2025,math,Rangspanne (alle),63–73,OFFICIAL_STATLINK,Table I.2.o3–o6,
M302/M301,Peru,2025,cps,Mittelwert,436.3,OFFICIAL_STATLINK,StatLink xgs41b Table I.2.o3–o6,
M302/M301,Peru,2025,cps,SE (aus 95-%-KI),2.81,DERIVED_CI,"KI-Breite/(2·1,96)",
M302,Peru,2025,cps,Rangspanne (alle),54–65,OFFICIAL_STATLINK,Table I.2.o3–o6,
M302,Peru,2025,sci,P10,303.1,OFFICIAL_STATLINK,Figure I.2.1,
M302,Peru,2025,sci,P25,349.1,OFFICIAL_STATLINK,Figure I.2.1,
M302,Peru,2025,sci,P50,404.4,OFFICIAL_STATLINK,Figure I.2.1,
M302,Peru,2025,sci,P75,460.4,OFFICIAL_STATLINK,Figure I.2.1,
M302,Peru,2025,sci,P90,510.7,OFFICIAL_STATLINK,Figure I.2.1,
M302/M301,Peru,2025,sci,P90−P10,207.6,DERIVED_OFFICIAL,"Figure I.2.1, Differenz",
M302/M301,Peru,2025,sci,unter Stufe 2 (%),52.5,DERIVED_OFFICIAL,"Figure I.2.3, Summe Stufen <1b–1a",
M302/M301,Peru,2025,sci,Stufe 5–6 (%),0.2,DERIVED_OFFICIAL,"Figure I.2.3, Summe Stufen 5–6",
M302,Peru,2022→2025,sci,Veränderung (n. s.),-2.2,OFFICIAL_STATLINK,Table I.2.6,
M302,Peru,2022→2025,read,Veränderung (sig.),-18.1,OFFICIAL_STATLINK,Table I.2.6,
M302,Peru,2022→2025,math,Veränderung (sig.),-8.8,OFFICIAL_STATLINK,Table I.2.6,
M302,Peru,10 Jahre,sci,Dezennaltrend (sig.),8.9,OFFICIAL_STATLINK,Table I.2.9,
M302,Peru,10 Jahre,read,Dezennaltrend (n. s.),-3.7,OFFICIAL_STATLINK,Table I.2.9,
M302,Peru,10 Jahre,math,Dezennaltrend (n. s.),-6.5,OFFICIAL_STATLINK,Table I.2.9,
M302/M301,Ecuador,2025,sci,Mittelwert,393.4,OFFICIAL_STATLINK,StatLink xgs41b Table I.2.o3–o6,
M302/M301,Ecuador,2025,sci,SE (aus 95-%-KI),2.3,DERIVED_CI,"KI-Breite/(2·1,96)",
M302,Ecuador,2025,sci,Rangspanne (alle),71–74,OFFICIAL_STATLINK,Table I.2.o3–o6,
M302/M301,Ecuador,2025,read,Mittelwert,385.0,OFFICIAL_STATLINK,StatLink xgs41b Table I.2.o3–o6,
M302/M301,Ecuador,2025,read,SE (aus 95-%-KI),2.3,DERIVED_CI,"KI-Breite/(2·1,96)",
M302,Ecuador,2025,read,Rangspanne (alle),58–69,OFFICIAL_STATLINK,Table I.2.o3–o6,
M302/M301,Ecuador,2025,math,Mittelwert,365.8,OFFICIAL_STATLINK,StatLink xgs41b Table I.2.o3–o6,
M302/M301,Ecuador,2025,math,SE (aus 95-%-KI),1.79,DERIVED_CI,"KI-Breite/(2·1,96)",
M302,Ecuador,2025,math,Rangspanne (alle),74–79,OFFICIAL_STATLINK,Table I.2.o3–o6,
M302/M301,Ecuador,2025,cps,Mittelwert,421.9,OFFICIAL_STATLINK,StatLink xgs41b Table I.2.o3–o6,
M302/M301,Ecuador,2025,cps,SE (aus 95-%-KI),2.55,DERIVED_CI,"KI-Breite/(2·1,96)",
M302,Ecuador,2025,cps,Rangspanne (alle),61–68,OFFICIAL_STATLINK,Table I.2.o3–o6,
M302,Ecuador,2025,sci,P10,299.0,OFFICIAL_STATLINK,Figure I.2.1,
M302,Ecuador,2025,sci,P25,339.1,OFFICIAL_STATLINK,Figure I.2.1,
M302,Ecuador,2025,sci,P50,389.8,OFFICIAL_STATLINK,Figure I.2.1,
M302,Ecuador,2025,sci,P75,443.8,OFFICIAL_STATLINK,Figure I.2.1,
M302,Ecuador,2025,sci,P90,494.8,OFFICIAL_STATLINK,Figure I.2.1,
M302/M301,Ecuador,2025,sci,P90−P10,195.9,DERIVED_OFFICIAL,"Figure I.2.1, Differenz",
M302/M301,Ecuador,2025,sci,unter Stufe 2 (%),60.2,DERIVED_OFFICIAL,"Figure I.2.3, Summe Stufen <1b–1a",
M302/M301,Ecuador,2025,sci,Stufe 5–6 (%),0.1,DERIVED_OFFICIAL,"Figure I.2.3, Summe Stufen 5–6",
M302/M301,Argentina,2025,sci,Mittelwert,392.9,OFFICIAL_STATLINK,StatLink xgs41b Table I.2.o3–o6,
M302/M301,Argentina,2025,sci,SE (aus 95-%-KI),3.06,DERIVED_CI,"KI-Breite/(2·1,96)",
M302,Argentina,2025,sci,Rangspanne (alle),71–74,OFFICIAL_STATLINK,Table I.2.o3–o6,
M302/M301,Argentina,2025,read,Mittelwert,388.7,OFFICIAL_STATLINK,StatLink xgs41b Table I.2.o3–o6,
M302/M301,Argentina,2025,read,SE (aus 95-%-KI),2.81,DERIVED_CI,"KI-Breite/(2·1,96)",
M302,Argentina,2025,read,Rangspanne (alle),57–68,OFFICIAL_STATLINK,Table I.2.o3–o6,
M302/M301,Argentina,2025,math,Mittelwert,366.8,OFFICIAL_STATLINK,StatLink xgs41b Table I.2.o3–o6,
M302/M301,Argentina,2025,math,SE (aus 95-%-KI),2.55,DERIVED_CI,"KI-Breite/(2·1,96)",
M302,Argentina,2025,math,Rangspanne (alle),72–79,OFFICIAL_STATLINK,Table I.2.o3–o6,
M302/M301,Argentina,2025,cps,Mittelwert,403.3,OFFICIAL_STATLINK,StatLink xgs41b Table I.2.o3–o6,
M302/M301,Argentina,2025,cps,SE (aus 95-%-KI),3.32,DERIVED_CI,"KI-Breite/(2·1,96)",
M302,Argentina,2025,cps,Rangspanne (alle),68–74,OFFICIAL_STATLINK,Table I.2.o3–o6,
M302,Argentina,2025,sci,P10,280.2,OFFICIAL_STATLINK,Figure I.2.1,
M302,Argentina,2025,sci,P25,327.1,OFFICIAL_STATLINK,Figure I.2.1,
M302,Argentina,2025,sci,P50,386.8,OFFICIAL_STATLINK,Figure I.2.1,
M302,Argentina,2025,sci,P75,454.1,OFFICIAL_STATLINK,Figure I.2.1,
M302,Argentina,2025,sci,P90,515.5,OFFICIAL_STATLINK,Figure I.2.1,
M302/M301,Argentina,2025,sci,P90−P10,235.4,DERIVED_OFFICIAL,"Figure I.2.1, Differenz",
M302/M301,Argentina,2025,sci,unter Stufe 2 (%),59.3,DERIVED_OFFICIAL,"Figure I.2.3, Summe Stufen <1b–1a",
M302/M301,Argentina,2025,sci,Stufe 5–6 (%),0.7,DERIVED_OFFICIAL,"Figure I.2.3, Summe Stufen 5–6",
M302,Argentina,2022→2025,sci,Veränderung (sig.),-13.3,OFFICIAL_STATLINK,Table I.2.6,
M302,Argentina,2022→2025,read,Veränderung (sig.),-12.0,OFFICIAL_STATLINK,Table I.2.6,
M302,Argentina,2022→2025,math,Veränderung (sig.),-10.7,OFFICIAL_STATLINK,Table I.2.6,
M302,Argentina,10 Jahre,sci,Dezennaltrend (n. s.),-14.8,OFFICIAL_STATLINK,Table I.2.9,
M302,Argentina,10 Jahre,read,Dezennaltrend (sig.),-17.4,OFFICIAL_STATLINK,Table I.2.9,
M302,Argentina,10 Jahre,math,Dezennaltrend (sig.),-17.3,OFFICIAL_STATLINK,Table I.2.9,
M302/M301,Indonesia,2025,sci,Mittelwert,388.7,OFFICIAL_STATLINK,StatLink xgs41b Table I.2.o3–o6,
M302/M301,Indonesia,2025,sci,SE (aus 95-%-KI),2.3,DERIVED_CI,"KI-Breite/(2·1,96)",
M302,Indonesia,2025,sci,Rangspanne (alle),71–75,OFFICIAL_STATLINK,Table I.2.o3–o6,
M302/M301,Indonesia,2025,read,Mittelwert,365.2,OFFICIAL_STATLINK,StatLink xgs41b Table I.2.o3–o6,
M302/M301,Indonesia,2025,read,SE (aus 95-%-KI),2.55,DERIVED_CI,"KI-Breite/(2·1,96)",
M302,Indonesia,2025,read,Rangspanne (alle),69–76,OFFICIAL_STATLINK,Table I.2.o3–o6,
M302/M301,Indonesia,2025,math,Mittelwert,363.9,OFFICIAL_STATLINK,StatLink xgs41b Table I.2.o3–o6,
M302/M301,Indonesia,2025,math,SE (aus 95-%-KI),2.04,DERIVED_CI,"KI-Breite/(2·1,96)",
M302,Indonesia,2025,math,Rangspanne (alle),74–80,OFFICIAL_STATLINK,Table I.2.o3–o6,
M302/M301,Indonesia,2025,cps,Mittelwert,426.9,OFFICIAL_STATLINK,StatLink xgs41b Table I.2.o3–o6,
M302/M301,Indonesia,2025,cps,SE (aus 95-%-KI),2.55,DERIVED_CI,"KI-Breite/(2·1,96)",
M302,Indonesia,2025,cps,Rangspanne (alle),57–67,OFFICIAL_STATLINK,Table I.2.o3–o6,
M302,Indonesia,2025,sci,P10,304.7,OFFICIAL_STATLINK,Figure I.2.1,
M302,Indonesia,2025,sci,P25,341.3,OFFICIAL_STATLINK,Figure I.2.1,
M302,Indonesia,2025,sci,P50,385.9,OFFICIAL_STATLINK,Figure I.2.1,
M302,Indonesia,2025,sci,P75,433.3,OFFICIAL_STATLINK,Figure I.2.1,
M302,Indonesia,2025,sci,P90,477.6,OFFICIAL_STATLINK,Figure I.2.1,
M302/M301,Indonesia,2025,sci,P90−P10,173.0,DERIVED_OFFICIAL,"Figure I.2.1, Differenz",
M302/M301,Indonesia,2025,sci,unter Stufe 2 (%),63.2,DERIVED_OFFICIAL,"Figure I.2.3, Summe Stufen <1b–1a",
M302/M301,Indonesia,2025,sci,Stufe 5–6 (%),0.0,DERIVED_OFFICIAL,"Figure I.2.3, Summe Stufen 5–6",
M302,Indonesia,2022→2025,sci,Veränderung (n. s.),5.8,OFFICIAL_STATLINK,Table I.2.6,
M302,Indonesia,2022→2025,read,Veränderung (n. s.),6.6,OFFICIAL_STATLINK,Table I.2.6,
M302,Indonesia,2022→2025,math,Veränderung (n. s.),-1.6,OFFICIAL_STATLINK,Table I.2.6,
M302,Indonesia,10 Jahre,sci,Dezennaltrend (sig.),-17.0,OFFICIAL_STATLINK,Table I.2.9,
M302,Indonesia,10 Jahre,read,Dezennaltrend (sig.),-31.9,OFFICIAL_STATLINK,Table I.2.9,
M302,Indonesia,10 Jahre,math,Dezennaltrend (sig.),-23.7,OFFICIAL_STATLINK,Table I.2.9,
M302/M301,El Salvador,2025,sci,Mittelwert,384.7,OFFICIAL_STATLINK,StatLink xgs41b Table I.2.o3–o6,
M302/M301,El Salvador,2025,sci,SE (aus 95-%-KI),2.3,DERIVED_CI,"KI-Breite/(2·1,96)",
M302,El Salvador,2025,sci,Rangspanne (alle),71–77,OFFICIAL_STATLINK,Table I.2.o3–o6,
M302/M301,El Salvador,2025,read,Mittelwert,366.4,OFFICIAL_STATLINK,StatLink xgs41b Table I.2.o3–o6,
M302/M301,El Salvador,2025,read,SE (aus 95-%-KI),2.3,DERIVED_CI,"KI-Breite/(2·1,96)",
M302,El Salvador,2025,read,Rangspanne (alle),69–75,OFFICIAL_STATLINK,Table I.2.o3–o6,
M302/M301,El Salvador,2025,math,Mittelwert,346.2,OFFICIAL_STATLINK,StatLink xgs41b Table I.2.o3–o6,
M302/M301,El Salvador,2025,math,SE (aus 95-%-KI),1.79,DERIVED_CI,"KI-Breite/(2·1,96)",
M302,El Salvador,2025,math,Rangspanne (alle),80–85,OFFICIAL_STATLINK,Table I.2.o3–o6,
M302/M301,El Salvador,2025,cps,Mittelwert,401.3,OFFICIAL_STATLINK,StatLink xgs41b Table I.2.o3–o6,
M302/M301,El Salvador,2025,cps,SE (aus 95-%-KI),2.55,DERIVED_CI,"KI-Breite/(2·1,96)",
M302,El Salvador,2025,cps,Rangspanne (alle),69–74,OFFICIAL_STATLINK,Table I.2.o3–o6,
M302,El Salvador,2025,sci,P10,290.7,OFFICIAL_STATLINK,Figure I.2.1,
M302,El Salvador,2025,sci,P25,330.0,OFFICIAL_STATLINK,Figure I.2.1,
M302,El Salvador,2025,sci,P50,378.6,OFFICIAL_STATLINK,Figure I.2.1,
M302,El Salvador,2025,sci,P75,434.1,OFFICIAL_STATLINK,Figure I.2.1,
M302,El Salvador,2025,sci,P90,488.7,OFFICIAL_STATLINK,Figure I.2.1,
M302/M301,El Salvador,2025,sci,P90−P10,198.0,DERIVED_OFFICIAL,"Figure I.2.1, Differenz",
M302/M301,El Salvador,2025,sci,unter Stufe 2 (%),65.0,DERIVED_OFFICIAL,"Figure I.2.3, Summe Stufen <1b–1a",
M302/M301,El Salvador,2025,sci,Stufe 5–6 (%),0.1,DERIVED_OFFICIAL,"Figure I.2.3, Summe Stufen 5–6",
M302,El Salvador,2022→2025,sci,Veränderung (sig.),11.5,OFFICIAL_STATLINK,Table I.2.6,
M302,El Salvador,2022→2025,read,Veränderung (n. s.),1.5,OFFICIAL_STATLINK,Table I.2.6,
M302,El Salvador,2022→2025,math,Veränderung (n. s.),2.8,OFFICIAL_STATLINK,Table I.2.6,
M302/M301,Cambodia,2025,sci,Mittelwert,381.9,OFFICIAL_STATLINK,StatLink xgs41b Table I.2.o3–o6,
M302/M301,Cambodia,2025,sci,SE (aus 95-%-KI),1.53,DERIVED_CI,"KI-Breite/(2·1,96)",
M302,Cambodia,2025,sci,Rangspanne (alle),72–78,OFFICIAL_STATLINK,Table I.2.o3–o6,
M302/M301,Cambodia,2025,read,Mittelwert,347.2,OFFICIAL_STATLINK,StatLink xgs41b Table I.2.o3–o6,
M302/M301,Cambodia,2025,read,SE (aus 95-%-KI),1.53,DERIVED_CI,"KI-Breite/(2·1,96)",
M302,Cambodia,2025,read,Rangspanne (alle),77–83,OFFICIAL_STATLINK,Table I.2.o3–o6,
M302/M301,Cambodia,2025,math,Mittelwert,365.8,OFFICIAL_STATLINK,StatLink xgs41b Table I.2.o3–o6,
M302/M301,Cambodia,2025,math,SE (aus 95-%-KI),1.53,DERIVED_CI,"KI-Breite/(2·1,96)",
M302,Cambodia,2025,math,Rangspanne (alle),74–79,OFFICIAL_STATLINK,Table I.2.o3–o6,
M302,Cambodia,2025,sci,P10,302.2,OFFICIAL_STATLINK,Figure I.2.1,
M302,Cambodia,2025,sci,P25,338.7,OFFICIAL_STATLINK,Figure I.2.1,
M302,Cambodia,2025,sci,P50,380.8,OFFICIAL_STATLINK,Figure I.2.1,
M302,Cambodia,2025,sci,P75,424.1,OFFICIAL_STATLINK,Figure I.2.1,
M302,Cambodia,2025,sci,P90,464.2,OFFICIAL_STATLINK,Figure I.2.1,
M302/M301,Cambodia,2025,sci,P90−P10,162.1,DERIVED_OFFICIAL,"Figure I.2.1, Differenz",
M302/M301,Cambodia,2025,sci,unter Stufe 2 (%),67.5,DERIVED_OFFICIAL,"Figure I.2.3, Summe Stufen <1b–1a",
M302/M301,Cambodia,2025,sci,Stufe 5–6 (%),0.0,DERIVED_OFFICIAL,"Figure I.2.3, Summe Stufen 5–6",
M302,Cambodia,2022→2025,sci,Veränderung (sig.),34.8,OFFICIAL_STATLINK,Table I.2.6,
M302,Cambodia,2022→2025,read,Veränderung (sig.),18.4,OFFICIAL_STATLINK,Table I.2.6,
M302,Cambodia,2022→2025,math,Veränderung (sig.),29.4,OFFICIAL_STATLINK,Table I.2.6,
M302,Cambodia,10 Jahre,sci,Dezennaltrend (sig.),72.1,OFFICIAL_STATLINK,Table I.2.9,
M302,Cambodia,10 Jahre,read,Dezennaltrend (sig.),36.5,OFFICIAL_STATLINK,Table I.2.9,
M302,Cambodia,10 Jahre,math,Dezennaltrend (sig.),57.2,OFFICIAL_STATLINK,Table I.2.9,
M302/M301,North Macedonia,2025,sci,Mittelwert,378.5,OFFICIAL_STATLINK,StatLink xgs41b Table I.2.o3–o6,
M302/M301,North Macedonia,2025,sci,SE (aus 95-%-KI),1.28,DERIVED_CI,"KI-Breite/(2·1,96)",
M302,North Macedonia,2025,sci,Rangspanne (alle),74–78,OFFICIAL_STATLINK,Table I.2.o3–o6,
M302/M301,North Macedonia,2025,read,Mittelwert,357.4,OFFICIAL_STATLINK,StatLink xgs41b Table I.2.o3–o6,
M302/M301,North Macedonia,2025,read,SE (aus 95-%-KI),1.02,DERIVED_CI,"KI-Breite/(2·1,96)",
M302,North Macedonia,2025,read,Rangspanne (alle),74–77,OFFICIAL_STATLINK,Table I.2.o3–o6,
M302/M301,North Macedonia,2025,math,Mittelwert,379.8,OFFICIAL_STATLINK,StatLink xgs41b Table I.2.o3–o6,
M302/M301,North Macedonia,2025,math,SE (aus 95-%-KI),1.02,DERIVED_CI,"KI-Breite/(2·1,96)",
M302,North Macedonia,2025,math,Rangspanne (alle),65–73,OFFICIAL_STATLINK,Table I.2.o3–o6,
M302/M301,North Macedonia,2025,cps,Mittelwert,389.1,OFFICIAL_STATLINK,StatLink xgs41b Table I.2.o3–o6,
M302/M301,North Macedonia,2025,cps,SE (aus 95-%-KI),1.53,DERIVED_CI,"KI-Breite/(2·1,96)",
M302,North Macedonia,2025,cps,Rangspanne (alle),74–77,OFFICIAL_STATLINK,Table I.2.o3–o6,
M302,North Macedonia,2025,sci,P10,266.1,OFFICIAL_STATLINK,Figure I.2.1,
M302,North Macedonia,2025,sci,P25,314.7,OFFICIAL_STATLINK,Figure I.2.1,
M302,North Macedonia,2025,sci,P50,374.4,OFFICIAL_STATLINK,Figure I.2.1,
M302,North Macedonia,2025,sci,P75,439.3,OFFICIAL_STATLINK,Figure I.2.1,
M302,North Macedonia,2025,sci,P90,496.0,OFFICIAL_STATLINK,Figure I.2.1,
M302/M301,North Macedonia,2025,sci,P90−P10,229.9,DERIVED_OFFICIAL,"Figure I.2.1, Differenz",
M302/M301,North Macedonia,2025,sci,unter Stufe 2 (%),64.3,DERIVED_OFFICIAL,"Figure I.2.3, Summe Stufen <1b–1a",
M302/M301,North Macedonia,2025,sci,Stufe 5–6 (%),0.2,DERIVED_OFFICIAL,"Figure I.2.3, Summe Stufen 5–6",
M302,North Macedonia,2022→2025,sci,Veränderung (n. s.),-1.4,OFFICIAL_STATLINK,Table I.2.6,
M302,North Macedonia,2022→2025,read,Veränderung (n. s.),-1.1,OFFICIAL_STATLINK,Table I.2.6,
M302,North Macedonia,2022→2025,math,Veränderung (sig.),-8.8,OFFICIAL_STATLINK,Table I.2.6,
M302,North Macedonia,10 Jahre,sci,Dezennaltrend (sig.),-15.9,OFFICIAL_STATLINK,Table I.2.9,
M302,North Macedonia,10 Jahre,read,Dezennaltrend (n. s.),-6.9,OFFICIAL_STATLINK,Table I.2.9,
M302,North Macedonia,10 Jahre,math,Dezennaltrend (n. s.),5.3,OFFICIAL_STATLINK,Table I.2.9,
M302/M301,Philippines,2025,sci,Mittelwert,373.3,OFFICIAL_STATLINK,StatLink xgs41b Table I.2.o3–o6,
M302/M301,Philippines,2025,sci,SE (aus 95-%-KI),2.3,DERIVED_CI,"KI-Breite/(2·1,96)",
M302,Philippines,2025,sci,Rangspanne (alle),75–79,OFFICIAL_STATLINK,Table I.2.o3–o6,
M302/M301,Philippines,2025,read,Mittelwert,366.9,OFFICIAL_STATLINK,StatLink xgs41b Table I.2.o3–o6,
M302/M301,Philippines,2025,read,SE (aus 95-%-KI),2.55,DERIVED_CI,"KI-Breite/(2·1,96)",
M302,Philippines,2025,read,Rangspanne (alle),69–75,OFFICIAL_STATLINK,Table I.2.o3–o6,
M302/M301,Philippines,2025,math,Mittelwert,370.6,OFFICIAL_STATLINK,StatLink xgs41b Table I.2.o3–o6,
M302/M301,Philippines,2025,math,SE (aus 95-%-KI),1.79,DERIVED_CI,"KI-Breite/(2·1,96)",
M302,Philippines,2025,math,Rangspanne (alle),70–79,OFFICIAL_STATLINK,Table I.2.o3–o6,
M302/M301,Philippines,2025,cps,Mittelwert,434.4,OFFICIAL_STATLINK,StatLink xgs41b Table I.2.o3–o6,
M302/M301,Philippines,2025,cps,SE (aus 95-%-KI),1.79,DERIVED_CI,"KI-Breite/(2·1,96)",
M302,Philippines,2025,cps,Rangspanne (alle),54–65,OFFICIAL_STATLINK,Table I.2.o3–o6,
M302,Philippines,2025,sci,P10,270.1,OFFICIAL_STATLINK,Figure I.2.1,
M302,Philippines,2025,sci,P25,309.1,OFFICIAL_STATLINK,Figure I.2.1,
M302,Philippines,2025,sci,P50,363.6,OFFICIAL_STATLINK,Figure I.2.1,
M302,Philippines,2025,sci,P75,429.5,OFFICIAL_STATLINK,Figure I.2.1,
M302,Philippines,2025,sci,P90,492.4,OFFICIAL_STATLINK,Figure I.2.1,
M302/M301,Philippines,2025,sci,P90−P10,222.3,DERIVED_OFFICIAL,"Figure I.2.1, Differenz",
M302/M301,Philippines,2025,sci,unter Stufe 2 (%),68.4,DERIVED_OFFICIAL,"Figure I.2.3, Summe Stufen <1b–1a",
M302/M301,Philippines,2025,sci,Stufe 5–6 (%),0.2,DERIVED_OFFICIAL,"Figure I.2.3, Summe Stufen 5–6",
M302,Philippines,2022→2025,sci,Veränderung (sig.),17.2,OFFICIAL_STATLINK,Table I.2.6,
M302,Philippines,2022→2025,read,Veränderung (sig.),20.4,OFFICIAL_STATLINK,Table I.2.6,
M302,Philippines,2022→2025,math,Veränderung (sig.),15.9,OFFICIAL_STATLINK,Table I.2.6,
M302,Philippines,10 Jahre,sci,Dezennaltrend (sig.),22.0,OFFICIAL_STATLINK,Table I.2.9,
M302,Philippines,10 Jahre,read,Dezennaltrend (sig.),37.7,OFFICIAL_STATLINK,Table I.2.9,
M302,Philippines,10 Jahre,math,Dezennaltrend (sig.),24.7,OFFICIAL_STATLINK,Table I.2.9,
M302/M301,Lebanon,2025,sci,Mittelwert,372.0,OFFICIAL_STATLINK,StatLink xgs41b Table I.2.o3–o6,
M302/M301,Lebanon,2025,sci,SE (aus 95-%-KI),3.57,DERIVED_CI,"KI-Breite/(2·1,96)",
M302,Lebanon,2025,sci,Rangspanne (alle),75–81,OFFICIAL_STATLINK,Table I.2.o3–o6,
M302/M301,Lebanon,2025,read,Mittelwert,330.9,OFFICIAL_STATLINK,StatLink xgs41b Table I.2.o3–o6,
M302/M301,Lebanon,2025,read,SE (aus 95-%-KI),3.32,DERIVED_CI,"KI-Breite/(2·1,96)",
M302,Lebanon,2025,read,Rangspanne (alle),83–88,OFFICIAL_STATLINK,Table I.2.o3–o6,
M302/M301,Lebanon,2025,math,Mittelwert,377.1,OFFICIAL_STATLINK,StatLink xgs41b Table I.2.o3–o6,
M302/M301,Lebanon,2025,math,SE (aus 95-%-KI),3.06,DERIVED_CI,"KI-Breite/(2·1,96)",
M302,Lebanon,2025,math,Rangspanne (alle),64–75,OFFICIAL_STATLINK,Table I.2.o3–o6,
M302/M301,Lebanon,2025,cps,Mittelwert,358.2,OFFICIAL_STATLINK,StatLink xgs41b Table I.2.o3–o6,
M302/M301,Lebanon,2025,cps,SE (aus 95-%-KI),4.08,DERIVED_CI,"KI-Breite/(2·1,96)",
M302,Lebanon,2025,cps,Rangspanne (alle),80–84,OFFICIAL_STATLINK,Table I.2.o3–o6,
M302,Lebanon,2025,sci,P10,250.5,OFFICIAL_STATLINK,Figure I.2.1,
M302,Lebanon,2025,sci,P25,299.5,OFFICIAL_STATLINK,Figure I.2.1,
M302,Lebanon,2025,sci,P50,363.8,OFFICIAL_STATLINK,Figure I.2.1,
M302,Lebanon,2025,sci,P75,438.8,OFFICIAL_STATLINK,Figure I.2.1,
M302,Lebanon,2025,sci,P90,507.5,OFFICIAL_STATLINK,Figure I.2.1,
M302/M301,Lebanon,2025,sci,P90−P10,257.0,DERIVED_OFFICIAL,"Figure I.2.1, Differenz",
M302/M301,Lebanon,2025,sci,unter Stufe 2 (%),66.2,DERIVED_OFFICIAL,"Figure I.2.3, Summe Stufen <1b–1a",
M302/M301,Lebanon,2025,sci,Stufe 5–6 (%),0.6,DERIVED_OFFICIAL,"Figure I.2.3, Summe Stufen 5–6",
M302,Lebanon,10 Jahre,sci,Dezennaltrend (sig.),-14.9,OFFICIAL_STATLINK,Table I.2.9,
M302,Lebanon,10 Jahre,read,Dezennaltrend (sig.),-18.6,OFFICIAL_STATLINK,Table I.2.9,
M302,Lebanon,10 Jahre,math,Dezennaltrend (sig.),-19.9,OFFICIAL_STATLINK,Table I.2.9,
M302/M301,Armenia,2025,sci,Mittelwert,368.6,OFFICIAL_STATLINK,StatLink xgs41b Table I.2.o3–o6,
M302/M301,Armenia,2025,sci,SE (aus 95-%-KI),1.79,DERIVED_CI,"KI-Breite/(2·1,96)",
M302,Armenia,2025,sci,Rangspanne (alle),77–83,OFFICIAL_STATLINK,Table I.2.o3–o6,
M302/M301,Armenia,2025,read,Mittelwert,348.3,OFFICIAL_STATLINK,StatLink xgs41b Table I.2.o3–o6,
M302/M301,Armenia,2025,read,SE (aus 95-%-KI),1.53,DERIVED_CI,"KI-Breite/(2·1,96)",
M302,Armenia,2025,read,Rangspanne (alle),77–83,OFFICIAL_STATLINK,Table I.2.o3–o6,
M302/M301,Armenia,2025,math,Mittelwert,375.8,OFFICIAL_STATLINK,StatLink xgs41b Table I.2.o3–o6,
M302/M301,Armenia,2025,math,SE (aus 95-%-KI),2.04,DERIVED_CI,"KI-Breite/(2·1,96)",
M302,Armenia,2025,math,Rangspanne (alle),67–75,OFFICIAL_STATLINK,Table I.2.o3–o6,
M302/M301,Armenia,2025,cps,Mittelwert,354.4,OFFICIAL_STATLINK,StatLink xgs41b Table I.2.o3–o6,
M302/M301,Armenia,2025,cps,SE (aus 95-%-KI),2.81,DERIVED_CI,"KI-Breite/(2·1,96)",
M302,Armenia,2025,cps,Rangspanne (alle),81–84,OFFICIAL_STATLINK,Table I.2.o3–o6,
M302,Armenia,2025,sci,P10,275.4,OFFICIAL_STATLINK,Figure I.2.1,
M302,Armenia,2025,sci,P25,316.8,OFFICIAL_STATLINK,Figure I.2.1,
M302,Armenia,2025,sci,P50,365.4,OFFICIAL_STATLINK,Figure I.2.1,
M302,Armenia,2025,sci,P75,417.7,OFFICIAL_STATLINK,Figure I.2.1,
M302,Armenia,2025,sci,P90,466.4,OFFICIAL_STATLINK,Figure I.2.1,
M302/M301,Armenia,2025,sci,P90−P10,191.0,DERIVED_OFFICIAL,"Figure I.2.1, Differenz",
M302/M301,Armenia,2025,sci,unter Stufe 2 (%),71.5,DERIVED_OFFICIAL,"Figure I.2.3, Summe Stufen <1b–1a",
M302/M301,Armenia,2025,sci,Stufe 5–6 (%),0.1,DERIVED_OFFICIAL,"Figure I.2.3, Summe Stufen 5–6",
M302/M301,Kyrgyzstan,2025,sci,Mittelwert,362.5,OFFICIAL_STATLINK,StatLink xgs41b Table I.2.o3–o6,
M302/M301,Kyrgyzstan,2025,sci,SE (aus 95-%-KI),2.3,DERIVED_CI,"KI-Breite/(2·1,96)",
M302,Kyrgyzstan,2025,sci,Rangspanne (alle),78–86,OFFICIAL_STATLINK,Table I.2.o3–o6,
M302/M301,Kyrgyzstan,2025,read,Mittelwert,344.4,OFFICIAL_STATLINK,StatLink xgs41b Table I.2.o3–o6,
M302/M301,Kyrgyzstan,2025,read,SE (aus 95-%-KI),2.3,DERIVED_CI,"KI-Breite/(2·1,96)",
M302,Kyrgyzstan,2025,read,Rangspanne (alle),77–85,OFFICIAL_STATLINK,Table I.2.o3–o6,
M302/M301,Kyrgyzstan,2025,math,Mittelwert,363.8,OFFICIAL_STATLINK,StatLink xgs41b Table I.2.o3–o6,
M302/M301,Kyrgyzstan,2025,math,SE (aus 95-%-KI),2.04,DERIVED_CI,"KI-Breite/(2·1,96)",
M302,Kyrgyzstan,2025,math,Rangspanne (alle),74–80,OFFICIAL_STATLINK,Table I.2.o3–o6,
M302/M301,Kyrgyzstan,2025,cps,Mittelwert,387.8,OFFICIAL_STATLINK,StatLink xgs41b Table I.2.o3–o6,
M302/M301,Kyrgyzstan,2025,cps,SE (aus 95-%-KI),2.3,DERIVED_CI,"KI-Breite/(2·1,96)",
M302,Kyrgyzstan,2025,cps,Rangspanne (alle),74–78,OFFICIAL_STATLINK,Table I.2.o3–o6,
M302,Kyrgyzstan,2025,sci,P10,280.1,OFFICIAL_STATLINK,Figure I.2.1,
M302,Kyrgyzstan,2025,sci,P25,314.1,OFFICIAL_STATLINK,Figure I.2.1,
M302,Kyrgyzstan,2025,sci,P50,356.3,OFFICIAL_STATLINK,Figure I.2.1,
M302,Kyrgyzstan,2025,sci,P75,405.5,OFFICIAL_STATLINK,Figure I.2.1,
M302,Kyrgyzstan,2025,sci,P90,455.7,OFFICIAL_STATLINK,Figure I.2.1,
M302/M301,Kyrgyzstan,2025,sci,P90−P10,175.6,DERIVED_OFFICIAL,"Figure I.2.1, Differenz",
M302/M301,Kyrgyzstan,2025,sci,unter Stufe 2 (%),76.6,DERIVED_OFFICIAL,"Figure I.2.3, Summe Stufen <1b–1a",
M302/M301,Kyrgyzstan,2025,sci,Stufe 5–6 (%),0.0,DERIVED_OFFICIAL,"Figure I.2.3, Summe Stufen 5–6",
M302/M301,Dominican Republic,2025,sci,Mittelwert,360.8,OFFICIAL_STATLINK,StatLink xgs41b Table I.2.o3–o6,
M302/M301,Dominican Republic,2025,sci,SE (aus 95-%-KI),2.3,DERIVED_CI,"KI-Breite/(2·1,96)",
M302,Dominican Republic,2025,sci,Rangspanne (alle),78–88,OFFICIAL_STATLINK,Table I.2.o3–o6,
M302/M301,Dominican Republic,2025,read,Mittelwert,345.5,OFFICIAL_STATLINK,StatLink xgs41b Table I.2.o3–o6,
M302/M301,Dominican Republic,2025,read,SE (aus 95-%-KI),2.3,DERIVED_CI,"KI-Breite/(2·1,96)",
M302,Dominican Republic,2025,read,Rangspanne (alle),77–85,OFFICIAL_STATLINK,Table I.2.o3–o6,
M302/M301,Dominican Republic,2025,math,Mittelwert,338.8,OFFICIAL_STATLINK,StatLink xgs41b Table I.2.o3–o6,
M302/M301,Dominican Republic,2025,math,SE (aus 95-%-KI),1.53,DERIVED_CI,"KI-Breite/(2·1,96)",
M302,Dominican Republic,2025,math,Rangspanne (alle),83–88,OFFICIAL_STATLINK,Table I.2.o3–o6,
M302/M301,Dominican Republic,2025,cps,Mittelwert,378.8,OFFICIAL_STATLINK,StatLink xgs41b Table I.2.o3–o6,
M302/M301,Dominican Republic,2025,cps,SE (aus 95-%-KI),2.81,DERIVED_CI,"KI-Breite/(2·1,96)",
M302,Dominican Republic,2025,cps,Rangspanne (alle),76–80,OFFICIAL_STATLINK,Table I.2.o3–o6,
M302,Dominican Republic,2025,sci,P10,267.1,OFFICIAL_STATLINK,Figure I.2.1,
M302,Dominican Republic,2025,sci,P25,305.0,OFFICIAL_STATLINK,Figure I.2.1,
M302,Dominican Republic,2025,sci,P50,354.4,OFFICIAL_STATLINK,Figure I.2.1,
M302,Dominican Republic,2025,sci,P75,412.1,OFFICIAL_STATLINK,Figure I.2.1,
M302,Dominican Republic,2025,sci,P90,465.4,OFFICIAL_STATLINK,Figure I.2.1,
M302/M301,Dominican Republic,2025,sci,P90−P10,198.3,DERIVED_OFFICIAL,"Figure I.2.1, Differenz",
M302/M301,Dominican Republic,2025,sci,unter Stufe 2 (%),74.1,DERIVED_OFFICIAL,"Figure I.2.3, Summe Stufen <1b–1a",
M302/M301,Dominican Republic,2025,sci,Stufe 5–6 (%),0.0,DERIVED_OFFICIAL,"Figure I.2.3, Summe Stufen 5–6",
M302,Dominican Republic,2022→2025,sci,Veränderung (n. s.),0.4,OFFICIAL_STATLINK,Table I.2.6,
M302,Dominican Republic,2022→2025,read,Veränderung (n. s.),-5.8,OFFICIAL_STATLINK,Table I.2.6,
M302,Dominican Republic,2022→2025,math,Veränderung (n. s.),-0.3,OFFICIAL_STATLINK,Table I.2.6,
M302,Dominican Republic,10 Jahre,sci,Dezennaltrend (sig.),33.7,OFFICIAL_STATLINK,Table I.2.9,
M302,Dominican Republic,10 Jahre,read,Dezennaltrend (n. s.),-7.2,OFFICIAL_STATLINK,Table I.2.9,
M302,Dominican Republic,10 Jahre,math,Dezennaltrend (sig.),14.4,OFFICIAL_STATLINK,Table I.2.9,
M302/M301,Palestinian Authority,2025,sci,Mittelwert,358.7,OFFICIAL_STATLINK,StatLink xgs41b Table I.2.o3–o6,
M302/M301,Palestinian Authority,2025,sci,SE (aus 95-%-KI),2.04,DERIVED_CI,"KI-Breite/(2·1,96)",
M302,Palestinian Authority,2025,sci,Rangspanne (alle),80–88,OFFICIAL_STATLINK,Table I.2.o3–o6,
M302/M301,Palestinian Authority,2025,read,Mittelwert,349.9,OFFICIAL_STATLINK,StatLink xgs41b Table I.2.o3–o6,
M302/M301,Palestinian Authority,2025,read,SE (aus 95-%-KI),2.04,DERIVED_CI,"KI-Breite/(2·1,96)",
M302,Palestinian Authority,2025,read,Rangspanne (alle),77–83,OFFICIAL_STATLINK,Table I.2.o3–o6,
M302/M301,Palestinian Authority,2025,math,Mittelwert,354.3,OFFICIAL_STATLINK,StatLink xgs41b Table I.2.o3–o6,
M302/M301,Palestinian Authority,2025,math,SE (aus 95-%-KI),1.79,DERIVED_CI,"KI-Breite/(2·1,96)",
M302,Palestinian Authority,2025,math,Rangspanne (alle),80–82,OFFICIAL_STATLINK,Table I.2.o3–o6,
M302/M301,Palestinian Authority,2025,cps,Mittelwert,393.5,OFFICIAL_STATLINK,StatLink xgs41b Table I.2.o3–o6,
M302/M301,Palestinian Authority,2025,cps,SE (aus 95-%-KI),2.3,DERIVED_CI,"KI-Breite/(2·1,96)",
M302,Palestinian Authority,2025,cps,Rangspanne (alle),71–77,OFFICIAL_STATLINK,Table I.2.o3–o6,
M302,Palestinian Authority,2025,sci,P10,270.2,OFFICIAL_STATLINK,Figure I.2.1,
M302,Palestinian Authority,2025,sci,P25,308.7,OFFICIAL_STATLINK,Figure I.2.1,
M302,Palestinian Authority,2025,sci,P50,355.7,OFFICIAL_STATLINK,Figure I.2.1,
M302,Palestinian Authority,2025,sci,P75,406.2,OFFICIAL_STATLINK,Figure I.2.1,
M302,Palestinian Authority,2025,sci,P90,452.7,OFFICIAL_STATLINK,Figure I.2.1,
M302/M301,Palestinian Authority,2025,sci,P90−P10,182.6,DERIVED_OFFICIAL,"Figure I.2.1, Differenz",
M302/M301,Palestinian Authority,2025,sci,unter Stufe 2 (%),76.4,DERIVED_OFFICIAL,"Figure I.2.3, Summe Stufen <1b–1a",
M302/M301,Palestinian Authority,2025,sci,Stufe 5–6 (%),0.0,DERIVED_OFFICIAL,"Figure I.2.3, Summe Stufen 5–6",
M302,Palestinian Authority,2022→2025,sci,Veränderung (sig.),-16.9,OFFICIAL_STATLINK,Table I.2.6,
M302,Palestinian Authority,2022→2025,read,Veränderung (n. s.),-5.8,OFFICIAL_STATLINK,Table I.2.6,
M302,Palestinian Authority,2022→2025,math,Veränderung (sig.),-17.8,OFFICIAL_STATLINK,Table I.2.6,
M302/M301,Morocco,2025,sci,Mittelwert,358.0,OFFICIAL_STATLINK,StatLink xgs41b Table I.2.o3–o6,
M302/M301,Morocco,2025,sci,SE (aus 95-%-KI),3.32,DERIVED_CI,"KI-Breite/(2·1,96)",
M302,Morocco,2025,sci,Rangspanne (alle),78–88,OFFICIAL_STATLINK,Table I.2.o3–o6,
M302/M301,Morocco,2025,read,Mittelwert,321.1,OFFICIAL_STATLINK,StatLink xgs41b Table I.2.o3–o6,
M302/M301,Morocco,2025,read,SE (aus 95-%-KI),3.57,DERIVED_CI,"KI-Breite/(2·1,96)",
M302,Morocco,2025,read,Rangspanne (alle),85–89,OFFICIAL_STATLINK,Table I.2.o3–o6,
M302/M301,Morocco,2025,math,Mittelwert,354.8,OFFICIAL_STATLINK,StatLink xgs41b Table I.2.o3–o6,
M302/M301,Morocco,2025,math,SE (aus 95-%-KI),3.06,DERIVED_CI,"KI-Breite/(2·1,96)",
M302,Morocco,2025,math,Rangspanne (alle),77–83,OFFICIAL_STATLINK,Table I.2.o3–o6,
M302/M301,Morocco,2025,cps,Mittelwert,373.9,OFFICIAL_STATLINK,StatLink xgs41b Table I.2.o3–o6,
M302/M301,Morocco,2025,cps,SE (aus 95-%-KI),3.57,DERIVED_CI,"KI-Breite/(2·1,96)",
M302,Morocco,2025,cps,Rangspanne (alle),77–80,OFFICIAL_STATLINK,Table I.2.o3–o6,
M302,Morocco,2025,sci,P10,268.0,OFFICIAL_STATLINK,Figure I.2.1,
M302,Morocco,2025,sci,P25,305.1,OFFICIAL_STATLINK,Figure I.2.1,
M302,Morocco,2025,sci,P50,350.8,OFFICIAL_STATLINK,Figure I.2.1,
M302,Morocco,2025,sci,P75,403.9,OFFICIAL_STATLINK,Figure I.2.1,
M302,Morocco,2025,sci,P90,458.8,OFFICIAL_STATLINK,Figure I.2.1,
M302/M301,Morocco,2025,sci,P90−P10,190.8,DERIVED_OFFICIAL,"Figure I.2.1, Differenz",
M302/M301,Morocco,2025,sci,unter Stufe 2 (%),77.2,DERIVED_OFFICIAL,"Figure I.2.3, Summe Stufen <1b–1a",
M302/M301,Morocco,2025,sci,Stufe 5–6 (%),0.1,DERIVED_OFFICIAL,"Figure I.2.3, Summe Stufen 5–6",
M302,Morocco,2022→2025,sci,Veränderung (n. s.),-7.4,OFFICIAL_STATLINK,Table I.2.6,
M302,Morocco,2022→2025,read,Veränderung (sig.),-18.2,OFFICIAL_STATLINK,Table I.2.6,
M302,Morocco,2022→2025,math,Veränderung (sig.),-10.0,OFFICIAL_STATLINK,Table I.2.6,
M302,Morocco,10 Jahre,sci,Dezennaltrend (sig.),-26.7,OFFICIAL_STATLINK,Table I.2.9,
M302,Morocco,10 Jahre,read,Dezennaltrend (sig.),-54.4,OFFICIAL_STATLINK,Table I.2.9,
M302,Morocco,10 Jahre,math,Dezennaltrend (sig.),-17.9,OFFICIAL_STATLINK,Table I.2.9,
M302/M301,Kosovo,2025,sci,Mittelwert,357.0,OFFICIAL_STATLINK,StatLink xgs41b Table I.2.o3–o6,
M302/M301,Kosovo,2025,sci,SE (aus 95-%-KI),1.53,DERIVED_CI,"KI-Breite/(2·1,96)",
M302,Kosovo,2025,sci,Rangspanne (alle),80–88,OFFICIAL_STATLINK,Table I.2.o3–o6,
M302/M301,Kosovo,2025,read,Mittelwert,340.5,OFFICIAL_STATLINK,StatLink xgs41b Table I.2.o3–o6,
M302/M301,Kosovo,2025,read,SE (aus 95-%-KI),1.28,DERIVED_CI,"KI-Breite/(2·1,96)",
M302,Kosovo,2025,read,Rangspanne (alle),81–86,OFFICIAL_STATLINK,Table I.2.o3–o6,
M302/M301,Kosovo,2025,math,Mittelwert,350.4,OFFICIAL_STATLINK,StatLink xgs41b Table I.2.o3–o6,
M302/M301,Kosovo,2025,math,SE (aus 95-%-KI),1.28,DERIVED_CI,"KI-Breite/(2·1,96)",
M302,Kosovo,2025,math,Rangspanne (alle),80–83,OFFICIAL_STATLINK,Table I.2.o3–o6,
M302/M301,Kosovo,2025,cps,Mittelwert,358.9,OFFICIAL_STATLINK,StatLink xgs41b Table I.2.o3–o6,
M302/M301,Kosovo,2025,cps,SE (aus 95-%-KI),2.04,DERIVED_CI,"KI-Breite/(2·1,96)",
M302,Kosovo,2025,cps,Rangspanne (alle),80–84,OFFICIAL_STATLINK,Table I.2.o3–o6,
M302,Kosovo,2025,sci,P10,272.5,OFFICIAL_STATLINK,Figure I.2.1,
M302,Kosovo,2025,sci,P25,308.3,OFFICIAL_STATLINK,Figure I.2.1,
M302,Kosovo,2025,sci,P50,352.7,OFFICIAL_STATLINK,Figure I.2.1,
M302,Kosovo,2025,sci,P75,400.8,OFFICIAL_STATLINK,Figure I.2.1,
M302,Kosovo,2025,sci,P90,447.7,OFFICIAL_STATLINK,Figure I.2.1,
M302/M301,Kosovo,2025,sci,P90−P10,175.1,DERIVED_OFFICIAL,"Figure I.2.1, Differenz",
M302/M301,Kosovo,2025,sci,unter Stufe 2 (%),78.6,DERIVED_OFFICIAL,"Figure I.2.3, Summe Stufen <1b–1a",
M302/M301,Kosovo,2025,sci,Stufe 5–6 (%),0.0,DERIVED_OFFICIAL,"Figure I.2.3, Summe Stufen 5–6",
M302,Kosovo,2022→2025,sci,Veränderung (n. s.),-0.0,OFFICIAL_STATLINK,Table I.2.6,
M302,Kosovo,2022→2025,read,Veränderung (n. s.),-1.7,OFFICIAL_STATLINK,Table I.2.6,
M302,Kosovo,2022→2025,math,Veränderung (sig.),-4.5,OFFICIAL_STATLINK,Table I.2.6,
M302,Kosovo,10 Jahre,sci,Dezennaltrend (sig.),-21.2,OFFICIAL_STATLINK,Table I.2.9,
M302,Kosovo,10 Jahre,read,Dezennaltrend (sig.),-9.5,OFFICIAL_STATLINK,Table I.2.9,
M302,Kosovo,10 Jahre,math,Dezennaltrend (sig.),-13.3,OFFICIAL_STATLINK,Table I.2.9,
M302/M301,Paraguay,2025,sci,Mittelwert,355.2,OFFICIAL_STATLINK,StatLink xgs41b Table I.2.o3–o6,
M302/M301,Paraguay,2025,sci,SE (aus 95-%-KI),2.04,DERIVED_CI,"KI-Breite/(2·1,96)",
M302,Paraguay,2025,sci,Rangspanne (alle),80–88,OFFICIAL_STATLINK,Table I.2.o3–o6,
M302/M301,Paraguay,2025,read,Mittelwert,352.2,OFFICIAL_STATLINK,StatLink xgs41b Table I.2.o3–o6,
M302/M301,Paraguay,2025,read,SE (aus 95-%-KI),2.04,DERIVED_CI,"KI-Breite/(2·1,96)",
M302,Paraguay,2025,read,Rangspanne (alle),76–82,OFFICIAL_STATLINK,Table I.2.o3–o6,
M302/M301,Paraguay,2025,math,Mittelwert,333.7,OFFICIAL_STATLINK,StatLink xgs41b Table I.2.o3–o6,
M302/M301,Paraguay,2025,math,SE (aus 95-%-KI),1.53,DERIVED_CI,"KI-Breite/(2·1,96)",
M302,Paraguay,2025,math,Rangspanne (alle),84–89,OFFICIAL_STATLINK,Table I.2.o3–o6,
M302/M301,Paraguay,2025,cps,Mittelwert,352.5,OFFICIAL_STATLINK,StatLink xgs41b Table I.2.o3–o6,
M302/M301,Paraguay,2025,cps,SE (aus 95-%-KI),2.3,DERIVED_CI,"KI-Breite/(2·1,96)",
M302,Paraguay,2025,cps,Rangspanne (alle),81–84,OFFICIAL_STATLINK,Table I.2.o3–o6,
M302,Paraguay,2025,sci,P10,256.1,OFFICIAL_STATLINK,Figure I.2.1,
M302,Paraguay,2025,sci,P25,297.7,OFFICIAL_STATLINK,Figure I.2.1,
M302,Paraguay,2025,sci,P50,349.8,OFFICIAL_STATLINK,Figure I.2.1,
M302,Paraguay,2025,sci,P75,407.8,OFFICIAL_STATLINK,Figure I.2.1,
M302,Paraguay,2025,sci,P90,463.7,OFFICIAL_STATLINK,Figure I.2.1,
M302/M301,Paraguay,2025,sci,P90−P10,207.6,DERIVED_OFFICIAL,"Figure I.2.1, Differenz",
M302/M301,Paraguay,2025,sci,unter Stufe 2 (%),75.6,DERIVED_OFFICIAL,"Figure I.2.3, Summe Stufen <1b–1a",
M302/M301,Paraguay,2025,sci,Stufe 5–6 (%),0.0,DERIVED_OFFICIAL,"Figure I.2.3, Summe Stufen 5–6",
M302,Paraguay,2022→2025,sci,Veränderung (sig.),-13.1,OFFICIAL_STATLINK,Table I.2.6,
M302,Paraguay,2022→2025,read,Veränderung (sig.),-20.9,OFFICIAL_STATLINK,Table I.2.6,
M302,Paraguay,2022→2025,math,Veränderung (n. s.),-3.8,OFFICIAL_STATLINK,Table I.2.6,
M302,Paraguay,10 Jahre,sci,Dezennaltrend (n. s.),-2.4,OFFICIAL_STATLINK,Table I.2.9,
M302,Paraguay,10 Jahre,read,Dezennaltrend (sig.),-23.1,OFFICIAL_STATLINK,Table I.2.9,
M302,Paraguay,10 Jahre,math,Dezennaltrend (n. s.),11.7,OFFICIAL_STATLINK,Table I.2.9,
M302/M301,Kurdistan Region (Iraq),2025,sci,Mittelwert,352.2,OFFICIAL_STATLINK,StatLink xgs41b Table I.2.o3–o6,
M302/M301,Kurdistan Region (Iraq),2025,sci,SE (aus 95-%-KI),1.79,DERIVED_CI,"KI-Breite/(2·1,96)",
M302,Kurdistan Region (Iraq),2025,sci,Rangspanne (alle),81–88,OFFICIAL_STATLINK,Table I.2.o3–o6,
M302/M301,Kurdistan Region (Iraq),2025,read,Mittelwert,311.5,OFFICIAL_STATLINK,StatLink xgs41b Table I.2.o3–o6,
M302/M301,Kurdistan Region (Iraq),2025,read,SE (aus 95-%-KI),1.79,DERIVED_CI,"KI-Breite/(2·1,96)",
M302,Kurdistan Region (Iraq),2025,read,Rangspanne (alle),86–89,OFFICIAL_STATLINK,Table I.2.o3–o6,
M302/M301,Kurdistan Region (Iraq),2025,math,Mittelwert,338.8,OFFICIAL_STATLINK,StatLink xgs41b Table I.2.o3–o6,
M302/M301,Kurdistan Region (Iraq),2025,math,SE (aus 95-%-KI),1.79,DERIVED_CI,"KI-Breite/(2·1,96)",
M302,Kurdistan Region (Iraq),2025,math,Rangspanne (alle),83–88,OFFICIAL_STATLINK,Table I.2.o3–o6,
M302,Kurdistan Region (Iraq),2025,sci,P10,270.0,OFFICIAL_STATLINK,Figure I.2.1,
M302,Kurdistan Region (Iraq),2025,sci,P25,307.3,OFFICIAL_STATLINK,Figure I.2.1,
M302,Kurdistan Region (Iraq),2025,sci,P50,350.7,OFFICIAL_STATLINK,Figure I.2.1,
M302,Kurdistan Region (Iraq),2025,sci,P75,395.1,OFFICIAL_STATLINK,Figure I.2.1,
M302,Kurdistan Region (Iraq),2025,sci,P90,437.2,OFFICIAL_STATLINK,Figure I.2.1,
M302/M301,Kurdistan Region (Iraq),2025,sci,P90−P10,167.2,DERIVED_OFFICIAL,"Figure I.2.1, Differenz",
M302/M301,Kurdistan Region (Iraq),2025,sci,unter Stufe 2 (%),81.2,DERIVED_OFFICIAL,"Figure I.2.3, Summe Stufen <1b–1a",
M302/M301,Kurdistan Region (Iraq),2025,sci,Stufe 5–6 (%),0.0,DERIVED_OFFICIAL,"Figure I.2.3, Summe Stufen 5–6",
M302/M301,Guatemala,2025,sci,Mittelwert,351.2,OFFICIAL_STATLINK,StatLink xgs41b Table I.2.o3–o6,
M302/M301,Guatemala,2025,sci,SE (aus 95-%-KI),2.55,DERIVED_CI,"KI-Breite/(2·1,96)",
M302,Guatemala,2025,sci,Rangspanne (alle),81–88,OFFICIAL_STATLINK,Table I.2.o3–o6,
M302/M301,Guatemala,2025,read,Mittelwert,337.1,OFFICIAL_STATLINK,StatLink xgs41b Table I.2.o3–o6,
M302/M301,Guatemala,2025,read,SE (aus 95-%-KI),2.55,DERIVED_CI,"KI-Breite/(2·1,96)",
M302,Guatemala,2025,read,Rangspanne (alle),81–86,OFFICIAL_STATLINK,Table I.2.o3–o6,
M302/M301,Guatemala,2025,math,Mittelwert,334.3,OFFICIAL_STATLINK,StatLink xgs41b Table I.2.o3–o6,
M302/M301,Guatemala,2025,math,SE (aus 95-%-KI),1.79,DERIVED_CI,"KI-Breite/(2·1,96)",
M302,Guatemala,2025,math,Rangspanne (alle),84–89,OFFICIAL_STATLINK,Table I.2.o3–o6,
M302/M301,Guatemala,2025,cps,Mittelwert,369.1,OFFICIAL_STATLINK,StatLink xgs41b Table I.2.o3–o6,
M302/M301,Guatemala,2025,cps,SE (aus 95-%-KI),3.32,DERIVED_CI,"KI-Breite/(2·1,96)",
M302,Guatemala,2025,cps,Rangspanne (alle),78–82,OFFICIAL_STATLINK,Table I.2.o3–o6,
M302,Guatemala,2025,sci,P10,261.1,OFFICIAL_STATLINK,Figure I.2.1,
M302,Guatemala,2025,sci,P25,299.6,OFFICIAL_STATLINK,Figure I.2.1,
M302,Guatemala,2025,sci,P50,345.5,OFFICIAL_STATLINK,Figure I.2.1,
M302,Guatemala,2025,sci,P75,398.1,OFFICIAL_STATLINK,Figure I.2.1,
M302,Guatemala,2025,sci,P90,449.8,OFFICIAL_STATLINK,Figure I.2.1,
M302/M301,Guatemala,2025,sci,P90−P10,188.6,DERIVED_OFFICIAL,"Figure I.2.1, Differenz",
M302/M301,Guatemala,2025,sci,unter Stufe 2 (%),79.2,DERIVED_OFFICIAL,"Figure I.2.3, Summe Stufen <1b–1a",
M302/M301,Guatemala,2025,sci,Stufe 5–6 (%),0.0,DERIVED_OFFICIAL,"Figure I.2.3, Summe Stufen 5–6",
M302,Guatemala,2022→2025,sci,Veränderung (sig.),-21.7,OFFICIAL_STATLINK,Table I.2.6,
M302,Guatemala,2022→2025,read,Veränderung (sig.),-37.0,OFFICIAL_STATLINK,Table I.2.6,
M302,Guatemala,2022→2025,math,Veränderung (sig.),-9.9,OFFICIAL_STATLINK,Table I.2.6,
M302,Guatemala,10 Jahre,sci,Dezennaltrend (sig.),-17.4,OFFICIAL_STATLINK,Table I.2.9,
M302,Guatemala,10 Jahre,read,Dezennaltrend (sig.),-42.1,OFFICIAL_STATLINK,Table I.2.9,
M302,Guatemala,10 Jahre,math,Dezennaltrend (n. s.),1.3,OFFICIAL_STATLINK,Table I.2.9,
M302/M301,Zambia,2025,sci,Mittelwert,337.0,OFFICIAL_STATLINK,StatLink xgs41b Table I.2.o3–o6,
M302/M301,Zambia,2025,sci,SE (aus 95-%-KI),10.97,DERIVED_CI,"KI-Breite/(2·1,96)",
M302,Zambia,2025,sci,Rangspanne (alle),80–91,OFFICIAL_STATLINK,Table I.2.o3–o6,
M302/M301,Zambia,2025,read,Mittelwert,324.9,OFFICIAL_STATLINK,StatLink xgs41b Table I.2.o3–o6,
M302/M301,Zambia,2025,read,SE (aus 95-%-KI),8.16,DERIVED_CI,"KI-Breite/(2·1,96)",
M302,Zambia,2025,read,Rangspanne (alle),81–89,OFFICIAL_STATLINK,Table I.2.o3–o6,
M302/M301,Zambia,2025,math,Mittelwert,313.6,OFFICIAL_STATLINK,StatLink xgs41b Table I.2.o3–o6,
M302/M301,Zambia,2025,math,SE (aus 95-%-KI),9.44,DERIVED_CI,"KI-Breite/(2·1,96)",
M302,Zambia,2025,math,Rangspanne (alle),86–90,OFFICIAL_STATLINK,Table I.2.o3–o6,
M302,Zambia,2025,sci,P10,213.8,OFFICIAL_STATLINK,Figure I.2.1,
M302,Zambia,2025,sci,P25,255.8,OFFICIAL_STATLINK,Figure I.2.1,
M302,Zambia,2025,sci,P50,316.8,OFFICIAL_STATLINK,Figure I.2.1,
M302,Zambia,2025,sci,P75,409.4,OFFICIAL_STATLINK,Figure I.2.1,
M302,Zambia,2025,sci,P90,497.4,OFFICIAL_STATLINK,Figure I.2.1,
M302/M301,Zambia,2025,sci,P90−P10,283.5,DERIVED_OFFICIAL,"Figure I.2.1, Differenz",
M302/M301,Zambia,2025,sci,unter Stufe 2 (%),75.0,DERIVED_OFFICIAL,"Figure I.2.3, Summe Stufen <1b–1a",
M302/M301,Zambia,2025,sci,Stufe 5–6 (%),0.1,DERIVED_OFFICIAL,"Figure I.2.3, Summe Stufen 5–6",
M302/M301,Kenya,2025,sci,Mittelwert,334.9,OFFICIAL_STATLINK,StatLink xgs41b Table I.2.o3–o6,
M302/M301,Kenya,2025,sci,SE (aus 95-%-KI),3.06,DERIVED_CI,"KI-Breite/(2·1,96)",
M302,Kenya,2025,sci,Rangspanne (alle),88–90,OFFICIAL_STATLINK,Table I.2.o3–o6,
M302/M301,Kenya,2025,read,Mittelwert,320.2,OFFICIAL_STATLINK,StatLink xgs41b Table I.2.o3–o6,
M302/M301,Kenya,2025,read,SE (aus 95-%-KI),2.55,DERIVED_CI,"KI-Breite/(2·1,96)",
M302,Kenya,2025,read,Rangspanne (alle),85–89,OFFICIAL_STATLINK,Table I.2.o3–o6,
M302/M301,Kenya,2025,math,Mittelwert,325.9,OFFICIAL_STATLINK,StatLink xgs41b Table I.2.o3–o6,
M302/M301,Kenya,2025,math,SE (aus 95-%-KI),2.55,DERIVED_CI,"KI-Breite/(2·1,96)",
M302,Kenya,2025,math,Rangspanne (alle),86–89,OFFICIAL_STATLINK,Table I.2.o3–o6,
M302/M301,Kenya,2025,cps,Mittelwert,277.9,OFFICIAL_STATLINK,StatLink xgs41b Table I.2.o3–o6,
M302/M301,Kenya,2025,cps,SE (aus 95-%-KI),3.57,DERIVED_CI,"KI-Breite/(2·1,96)",
M302,Kenya,2025,cps,Rangspanne (alle),85–85,OFFICIAL_STATLINK,Table I.2.o3–o6,
M302,Kenya,2025,sci,P10,243.2,OFFICIAL_STATLINK,Figure I.2.1,
M302,Kenya,2025,sci,P25,280.7,OFFICIAL_STATLINK,Figure I.2.1,
M302,Kenya,2025,sci,P50,328.1,OFFICIAL_STATLINK,Figure I.2.1,
M302,Kenya,2025,sci,P75,380.8,OFFICIAL_STATLINK,Figure I.2.1,
M302,Kenya,2025,sci,P90,437.6,OFFICIAL_STATLINK,Figure I.2.1,
M302/M301,Kenya,2025,sci,P90−P10,194.4,DERIVED_OFFICIAL,"Figure I.2.1, Differenz",
M302/M301,Kenya,2025,sci,unter Stufe 2 (%),84.0,DERIVED_OFFICIAL,"Figure I.2.3, Summe Stufen <1b–1a",
M302/M301,Kenya,2025,sci,Stufe 5–6 (%),0.0,DERIVED_OFFICIAL,"Figure I.2.3, Summe Stufen 5–6",
M302/M301,Dushanbe (Tajikistan),2025,sci,Mittelwert,333.8,OFFICIAL_STATLINK,StatLink xgs41b Table I.2.o3–o6,
M302/M301,Dushanbe (Tajikistan),2025,sci,SE (aus 95-%-KI),1.53,DERIVED_CI,"KI-Breite/(2·1,96)",
M302,Dushanbe (Tajikistan),2025,sci,Rangspanne (alle),88–90,OFFICIAL_STATLINK,Table I.2.o3–o6,
M302/M301,Dushanbe (Tajikistan),2025,read,Mittelwert,368.1,OFFICIAL_STATLINK,StatLink xgs41b Table I.2.o3–o6,
M302/M301,Dushanbe (Tajikistan),2025,read,SE (aus 95-%-KI),1.02,DERIVED_CI,"KI-Breite/(2·1,96)",
M302,Dushanbe (Tajikistan),2025,read,Rangspanne (alle),69–75,OFFICIAL_STATLINK,Table I.2.o3–o6,
M302/M301,Dushanbe (Tajikistan),2025,math,Mittelwert,382.1,OFFICIAL_STATLINK,StatLink xgs41b Table I.2.o3–o6,
M302/M301,Dushanbe (Tajikistan),2025,math,SE (aus 95-%-KI),1.02,DERIVED_CI,"KI-Breite/(2·1,96)",
M302,Dushanbe (Tajikistan),2025,math,Rangspanne (alle),63–73,OFFICIAL_STATLINK,Table I.2.o3–o6,
M302,Dushanbe (Tajikistan),2025,sci,P10,257.8,OFFICIAL_STATLINK,Figure I.2.1,
M302,Dushanbe (Tajikistan),2025,sci,P25,289.4,OFFICIAL_STATLINK,Figure I.2.1,
M302,Dushanbe (Tajikistan),2025,sci,P50,327.5,OFFICIAL_STATLINK,Figure I.2.1,
M302,Dushanbe (Tajikistan),2025,sci,P75,370.6,OFFICIAL_STATLINK,Figure I.2.1,
M302,Dushanbe (Tajikistan),2025,sci,P90,418.4,OFFICIAL_STATLINK,Figure I.2.1,
M302/M301,Dushanbe (Tajikistan),2025,sci,P90−P10,160.6,DERIVED_OFFICIAL,"Figure I.2.1, Differenz",
M302/M301,Dushanbe (Tajikistan),2025,sci,unter Stufe 2 (%),88.2,DERIVED_OFFICIAL,"Figure I.2.3, Summe Stufen <1b–1a",
M302/M301,Dushanbe (Tajikistan),2025,sci,Stufe 5–6 (%),0.0,DERIVED_OFFICIAL,"Figure I.2.3, Summe Stufen 5–6",
M302/M301,Rwanda,2025,sci,Mittelwert,317.3,OFFICIAL_STATLINK,StatLink xgs41b Table I.2.o3–o6,
M302/M301,Rwanda,2025,sci,SE (aus 95-%-KI),3.57,DERIVED_CI,"KI-Breite/(2·1,96)",
M302,Rwanda,2025,sci,Rangspanne (alle),90–91,OFFICIAL_STATLINK,Table I.2.o3–o6,
M302/M301,Rwanda,2025,read,Mittelwert,300.9,OFFICIAL_STATLINK,StatLink xgs41b Table I.2.o3–o6,
M302/M301,Rwanda,2025,read,SE (aus 95-%-KI),2.04,DERIVED_CI,"KI-Breite/(2·1,96)",
M302,Rwanda,2025,read,Rangspanne (alle),89–90,OFFICIAL_STATLINK,Table I.2.o3–o6,
M302/M301,Rwanda,2025,math,Mittelwert,311.6,OFFICIAL_STATLINK,StatLink xgs41b Table I.2.o3–o6,
M302/M301,Rwanda,2025,math,SE (aus 95-%-KI),3.06,DERIVED_CI,"KI-Breite/(2·1,96)",
M302,Rwanda,2025,math,Rangspanne (alle),89–90,OFFICIAL_STATLINK,Table I.2.o3–o6,
M302,Rwanda,2025,sci,P10,234.1,OFFICIAL_STATLINK,Figure I.2.1,
M302,Rwanda,2025,sci,P25,264.1,OFFICIAL_STATLINK,Figure I.2.1,
M302,Rwanda,2025,sci,P50,302.5,OFFICIAL_STATLINK,Figure I.2.1,
M302,Rwanda,2025,sci,P75,355.1,OFFICIAL_STATLINK,Figure I.2.1,
M302,Rwanda,2025,sci,P90,428.3,OFFICIAL_STATLINK,Figure I.2.1,
M302/M301,Rwanda,2025,sci,P90−P10,194.1,DERIVED_OFFICIAL,"Figure I.2.1, Differenz",
M302/M301,Rwanda,2025,sci,unter Stufe 2 (%),87.2,DERIVED_OFFICIAL,"Figure I.2.3, Summe Stufen <1b–1a",
M302/M301,Rwanda,2025,sci,Stufe 5–6 (%),0.0,DERIVED_OFFICIAL,"Figure I.2.3, Summe Stufen 5–6",
M300,—,—,—,FACT_PISA25_RELEASE,"Die OECD hat PISA 2025 Band I ('Future-Ready Students') am 08.09.2026 um 09:30 MESZ veröffentlicht: Ergebnisse für Naturwissenschaften, Math",OFFICIAL_COUNTRYNOTE,SRC_OECD_PISA25_VOL1,CONFIRMED · Konf. 0.95
M300,—,—,—,FACT_PISA25_PARTICIPATION,"91 Staaten/Volkswirtschaften, rund 760.000 Schüler:innen; in Deutschland ~6.700 Schüler:innen an ~250 Schulen (März–Mai 2025); nationale Pro",OFFICIAL_COUNTRYNOTE,SRC_ZIB_WAXMANN,CONFIRMED · Konf. 0.88
M300,—,—,—,FACT_PISA25_FRAMEWORK,PISA 2025: Hauptdomäne Naturwissenschaften mit erweiterter Rahmenkonzeption ('Agency in the Anthropocene'); neue Domäne 'Learning in the Dig,OFFICIAL_COUNTRYNOTE,SRC_OECD_PISA25_FRAMEWORK,CONFIRMED · Konf. 0.92
M300,—,—,—,FACT_DEU_SCORES_2025,"Deutschland PISA 2025: Naturwissenschaften 486, Lesen 465, Mathematik 464 Punkte — in allen drei Domänen der niedrigste je gemessene Wert.",OFFICIAL_COUNTRYNOTE,SRC_OECD_LAENDERNOTIZ_DE,CONFIRMED · Konf. 0.95
M300,—,—,—,FACT_OECD_SCORES_2025,"OECD-Durchschnitt 2025: Naturwissenschaften 482, Lesen 461, Mathematik 463. Über 35 OECD-Länder fiel Lesen um ~14 und Mathematik um ~9 Punkt",OFFICIAL_COUNTRYNOTE,SRC_OECD_PRESS_2026,CONFIRMED · Konf. 0.9
M300,—,—,—,FACT_DEU_SCORES_2022,"Baseline PISA 2022 Deutschland: Mathematik 475, Lesen 480, Naturwissenschaften 492 (OECD: 472 / 476 / 485).",OFFICIAL_COUNTRYNOTE,SRC_OECD_PISA22_VOL1,CONFIRMED · Konf. 0.95
M300,—,—,—,FACT_DEU_DELTA_2022_2025,"Veränderung Deutschland 2022→2025: Lesen −15, Mathematik −11, Naturwissenschaften −6 Punkte.",OFFICIAL_COUNTRYNOTE,SRC_OECD_LAENDERNOTIZ_DE,CONFIRMED · Konf. 0.9
M300,—,—,—,FACT_DEU_LOW_PERFORMERS_2025,"Risikogruppe (unter Kompetenzstufe 2) Deutschland 2025: Mathematik 34 %, Lesen 32 %, Naturwissenschaften 27 %.",OFFICIAL_COUNTRYNOTE,SRC_OECD_LAENDERNOTIZ_DE,CONFIRMED · Konf. 0.9
M300,—,—,—,FACT_DEU_TOP_PERFORMERS_2025,"Spitzengruppe (Stufe 5/6) Deutschland 2025: Naturwissenschaften 9 %, Mathematik 8 %, Lesen 7 %.",OFFICIAL_COUNTRYNOTE,SRC_SCHULPORTAL_TOP10,CONFIRMED · Konf. 0.85
M300,—,—,—,FACT_DEU_SCHOOLTYPE_GAP_2025,Institutionelle Segregation 2025 (Anteil unter Stufe 2): Mathematik 6 % (Gymnasium) vs. 47 % (nicht-gymnasial); Lesen 5 % vs. 43 %.,OFFICIAL_COUNTRYNOTE,SRC_SCHULPORTAL_TOP10,CONFIRMED · Konf. 0.85
M300,—,—,—,FACT_DEU_SCHOOLTYPE_SCIENCE_UNVERIFIED,Chat-Angabe: Naturwissenschafts-Risiko 3 % (Gymnasium) vs. 37 % (nicht-gymnasial).,USER_PROVIDED,SRC_RESEARCH_CHAT,USER_PROVIDED · Konf. 0.5
M300,—,—,—,FACT_DEU_ESCS_2025,Sozioökonomischer Status erklärt in Deutschland 19 % der Varianz der naturwissenschaftlichen Leistung (OECD: 12 %). Leistungsabstand begünst,OFFICIAL_COUNTRYNOTE,SRC_OECD_LAENDERNOTIZ_DE,CONFIRMED · Konf. 0.9
M300,—,—,—,FACT_CHAT_111_GAP_DISCREPANT,Chat-Angabe: '111 Punkte Kluft zwischen oberstem und unterstem Quartil' als PISA-2025-Ergebnis.,DISCREPANT,SRC_RESEARCH_CHAT,DISCREPANT · Konf. 0.3
M300,—,—,—,FACT_DEU_BULLYING_2025,31 % der Schüler:innen in Deutschland berichten Mobbing mindestens einige Male pro Monat (OECD: 20 %); 5 % sind häufig betroffen (OECD: 3 %),OFFICIAL_COUNTRYNOTE,SRC_OECD_LAENDERNOTIZ_DE,CONFIRMED · Konf. 0.85
M300,—,—,—,FACT_HASTY_READERS_2025,"Anteil 'flüchtiger Leser:innen' (schnelle, falsche Antworten) stieg im OECD-Mittel von ~7 % (2018) auf 11 % (2025); Zunahme hastiger Antwort",OFFICIAL_COUNTRYNOTE,SRC_OECD_PISA25_VOL1,CONFIRMED · Konf. 0.85
M300,—,—,—,FACT_AI_USE_2025,"50,2 % der Schüler:innen in Deutschland nutzen mindestens wöchentlich KI zur Lernunterstützung (OECD: 45,5 %). KI-Nutzung für schulische Auf",OFFICIAL_COUNTRYNOTE,SRC_HEISE_PISA25,CONFIRMED · Konf. 0.8
M300,—,—,—,FACT_CPS_2025,Computergestütztes Problemlösen (LDW-Komponente) 2025: Deutschland 498 Punkte (OECD: 500); 53 % schneiden besser ab als aufgrund der NaWi-Le,OFFICIAL_COUNTRYNOTE,SRC_OECD_COUNTRY_NOTE_EN,CONFIRMED · Konf. 0.85
M300,—,—,—,FACT_PISA_METHOD_IRT,"PISA skaliert mit Item-Response-Theorie (Rasch/2PL-Hybrid seit 2015), berichtet Plausible Values (10 je Domäne) und nutzt seit 2018 (Lesen) ",OFFICIAL_COUNTRYNOTE,SRC_OECD_TECH_REPORT,CONFIRMED · Konf. 0.92
M300,—,—,—,FACT_PISA_PV_NOT_INDIVIDUAL,Plausible Values sind Ziehungen aus der Posterior-Verteilung und für Populations-/Gruppenschätzungen konstruiert — sie sind ausdrücklich NIC,OFFICIAL_COUNTRYNOTE,SRC_OECD_TECH_REPORT,CONFIRMED · Konf. 0.95
M300,—,—,—,FACT_PISA_PROFICIENCY_LEVELS,Kriterienorientierte Kompetenzstufen (1c–6) mit Can-Do-Deskriptoren; Stufe 2 gilt als Basisniveau für gesellschaftliche Teilhabe (UN-SDG-4-I,OFFICIAL_COUNTRYNOTE,SRC_OECD_PISA25_VOL1,CONFIRMED · Konf. 0.95
M300,—,—,—,FACT_PISA_LOGDATA,"PISA erhebt Prozess-/Logdaten (Antwortzeiten, Navigation); daraus werden u. a. 'hasty responses' (schnell & falsch) und Persistenz-Indikator",OFFICIAL_COUNTRYNOTE,SRC_OECD_PISA25_VOL1,CONFIRMED · Konf. 0.85
M300,—,—,—,FACT_DCM_EXTENSION,"Kognitive Diagnosemodelle (DCM, z. B. DINA mit Q-Matrix) sind Sekundäranalyse-Methoden der psychometrischen Forschung, KEIN Bestandteil der ",OFFICIAL_COUNTRYNOTE,SRC_DCM_LITERATURE,CONFIRMED · Konf. 0.8
M300,—,—,—,FACT_PISA4SCHOOLS,'PISA for Schools' (PISA-based Test for Schools) liefert schulbezogene Ergebnisse auf der PISA-Skala für Einzelschulen — Diagnostik auf Koho,OFFICIAL_COUNTRYNOTE,SRC_OECD_PISA4SCHOOLS,CONFIRMED · Konf. 0.85
M300,—,—,—,FACT_INFE_STRUCTURE,"OECD/INFE-Finanzkompetenz (Toolkit 2022): Knowledge 0–7, Behaviour 0–9, Attitudes 1–5; Summe 1–21, im 2023-Report auf 0–100 reskaliert; Mind",OFFICIAL_COUNTRYNOTE,SRC_OECD_INFE_2023,CONFIRMED · Konf. 0.9
M300,—,—,—,FACT_INFE_DE_2023,"OECD/INFE 2023 (39 Volkswirtschaften, 20 OECD): Deutschland Gesamtscore 76/100 (Spitzengruppe); Finanzwissen DE 85, Hongkong 91, Estland 78;",OFFICIAL_COUNTRYNOTE,SRC_OECD_INFE_2023,CONFIRMED · Konf. 0.85
M300,—,—,—,FACT_AI_ACT_EDU,EU-KI-Verordnung: KI-Systeme zur Bewertung von Lernergebnissen bzw. zur Steuerung des Lernprozesses sind Hochrisiko (Anhang III Nr. 3). Der ,OFFICIAL_COUNTRYNOTE,SRC_EU_AI_ACT_OMNIBUS,CONFIRMED · Konf. 0.9
M300,—,—,—,FACT_GDPR_PROFILING,"DSGVO: Profiling Minderjähriger unterliegt Art. 8 (Einwilligungsalter 16 in DE), Art. 22 (automatisierte Einzelentscheidung), Art. 35 (DSFA ",OFFICIAL_COUNTRYNOTE,SRC_DSGVO,CONFIRMED · Konf. 0.92
M300,—,—,—,FACT_NO_ADVICE_FRAME,"Finanzbildungsinhalte sind von Anlage-, Rechts- und Steuerberatung (WpIG/WpHG, RDG, StBerG, FinDAG) abzugrenzen; keine Produktempfehlung, ke",OFFICIAL_COUNTRYNOTE,SRC_DE_FINREG,CONFIRMED · Konf. 0.9
M300,—,—,—,FACT_MTSS_UDL,"Multi-Tiered System of Supports (MTSS/RTI: Tier 1 universell, Tier 2 Kleingruppe, Tier 3 Einzelintervention) und Universal Design for Learni",OFFICIAL_COUNTRYNOTE,SRC_MTSS_CAST,CONFIRMED · Konf. 0.85
M300,—,—,—,FACT_SOCRATIC_AI,"'KI-Paradoxon' und 'kognitives Bypassing': Die PISA-Korrelation (KI-Nutzung für Aufgaben ↔ schlechtere Leistung, außer bei angeleiteter Inte",SCENARIO,SRC_RESEARCH_CHAT,INTERPRETATION · Konf. 0.6
M300,—,—,—,FACT_SCHOOLYEAR_HEURISTIC,Heuristik '~20 PISA-Punkte ≈ ein Schuljahr' → −15 Punkte Lesen ≈ ¾ Schuljahr.,SCENARIO,SRC_RESEARCH_CHAT,INTERPRETATION · Konf. 0.5
M300,—,—,—,FACT_HYPERIND_MODEL,"Hyperindividualisierungs-Modell mit Kompetenz-Vektor (θ_math, θ_read, θ_cps, Telemetrie, INFE-K/B/A) auf drei Ebenen (A Einzelperson, B Unte",SCENARIO,SRC_SCENARIO,SCENARIO_PROJECTION · Konf. 0.4
M300,—,—,—,FACT_DCM_DEMO,"DINA-Demonstrator: 4 Attribute × 8 Items, Q-Matrix und Parameter (slip 0,10 / guess 0,20) frei gewählt zur Veranschaulichung der Posterior-B",SCENARIO,SRC_SCENARIO,SCENARIO_PROJECTION · Konf. 0.4
M301,alle,2022,alle,SE (Näherung = SE 2025),—,EST,—,2022-SE nicht publiziert
M301,alle,2022→2025,alle,Linking Error,3.0,EST,—,"Voreinstellung, Regler 0–8"
M302 (Karte),Australia,2012,math,Mittelwert,504,SECONDARY_OECDSTAT,"OECD.Stat-Extrakt 2003–2015 (Mirror kirenz/datasets, CC BY)",
M302 (Karte),Australia,2012,read,Mittelwert,512,COMPUTED_MICRODATA,"OECD-Mikrodaten (Public Use Files 2012/2015/2018/2022), aufbereitet in kevinwang09/learningtower; gewichteter Mittelwert (W_FSTUWT) eines Plausible Value je Domäne",
M302 (Karte),Australia,2012,sci,Mittelwert,521,COMPUTED_MICRODATA,"OECD-Mikrodaten (Public Use Files 2012/2015/2018/2022), aufbereitet in kevinwang09/learningtower; gewichteter Mittelwert (W_FSTUWT) eines Plausible Value je Domäne",
M302 (Karte),Australia,2015,math,Mittelwert,494,SECONDARY_OECDSTAT,"OECD.Stat-Extrakt 2003–2015 (Mirror kirenz/datasets, CC BY)",
M302 (Karte),Australia,2015,read,Mittelwert,503,COMPUTED_MICRODATA,"OECD-Mikrodaten (Public Use Files 2012/2015/2018/2022), aufbereitet in kevinwang09/learningtower; gewichteter Mittelwert (W_FSTUWT) eines Plausible Value je Domäne",
M302 (Karte),Australia,2015,sci,Mittelwert,510,COMPUTED_MICRODATA,"OECD-Mikrodaten (Public Use Files 2012/2015/2018/2022), aufbereitet in kevinwang09/learningtower; gewichteter Mittelwert (W_FSTUWT) eines Plausible Value je Domäne",
M302 (Karte),Australia,2022,sci,Mittelwert,507,DERIVED_OFFICIAL,2025-Mittelwert − offizielle Veränderung 2022→2025 (Table I.2.6),
M302 (Karte),Australia,2022,read,Mittelwert,498,DERIVED_OFFICIAL,2025-Mittelwert − offizielle Veränderung 2022→2025 (Table I.2.6),
M302 (Karte),Australia,2022,math,Mittelwert,487,DERIVED_OFFICIAL,2025-Mittelwert − offizielle Veränderung 2022→2025 (Table I.2.6),
M302 (Karte),Australia,2018,math,Mittelwert,492,COMPUTED_MICRODATA,"OECD-Mikrodaten (Public Use Files 2012/2015/2018/2022), aufbereitet in kevinwang09/learningtower; gewichteter Mittelwert (W_FSTUWT) eines Plausible Value je Domäne",
M302 (Karte),Australia,2018,read,Mittelwert,502,COMPUTED_MICRODATA,"OECD-Mikrodaten (Public Use Files 2012/2015/2018/2022), aufbereitet in kevinwang09/learningtower; gewichteter Mittelwert (W_FSTUWT) eines Plausible Value je Domäne",
M302 (Karte),Australia,2018,sci,Mittelwert,502,COMPUTED_MICRODATA,"OECD-Mikrodaten (Public Use Files 2012/2015/2018/2022), aufbereitet in kevinwang09/learningtower; gewichteter Mittelwert (W_FSTUWT) eines Plausible Value je Domäne",
M302 (Karte),Austria,2012,math,Mittelwert,506,SECONDARY_OECDSTAT,"OECD.Stat-Extrakt 2003–2015 (Mirror kirenz/datasets, CC BY)",
M302 (Karte),Austria,2012,read,Mittelwert,489,COMPUTED_MICRODATA,"OECD-Mikrodaten (Public Use Files 2012/2015/2018/2022), aufbereitet in kevinwang09/learningtower; gewichteter Mittelwert (W_FSTUWT) eines Plausible Value je Domäne",
M302 (Karte),Austria,2012,sci,Mittelwert,505,COMPUTED_MICRODATA,"OECD-Mikrodaten (Public Use Files 2012/2015/2018/2022), aufbereitet in kevinwang09/learningtower; gewichteter Mittelwert (W_FSTUWT) eines Plausible Value je Domäne",
M302 (Karte),Austria,2015,math,Mittelwert,497,SECONDARY_OECDSTAT,"OECD.Stat-Extrakt 2003–2015 (Mirror kirenz/datasets, CC BY)",
M302 (Karte),Austria,2015,read,Mittelwert,486,COMPUTED_MICRODATA,"OECD-Mikrodaten (Public Use Files 2012/2015/2018/2022), aufbereitet in kevinwang09/learningtower; gewichteter Mittelwert (W_FSTUWT) eines Plausible Value je Domäne",
M302 (Karte),Austria,2015,sci,Mittelwert,495,COMPUTED_MICRODATA,"OECD-Mikrodaten (Public Use Files 2012/2015/2018/2022), aufbereitet in kevinwang09/learningtower; gewichteter Mittelwert (W_FSTUWT) eines Plausible Value je Domäne",
M302 (Karte),Austria,2022,sci,Mittelwert,491,DERIVED_OFFICIAL,2025-Mittelwert − offizielle Veränderung 2022→2025 (Table I.2.6),
M302 (Karte),Austria,2022,read,Mittelwert,480,DERIVED_OFFICIAL,2025-Mittelwert − offizielle Veränderung 2022→2025 (Table I.2.6),
M302 (Karte),Austria,2022,math,Mittelwert,487,DERIVED_OFFICIAL,2025-Mittelwert − offizielle Veränderung 2022→2025 (Table I.2.6),
M302 (Karte),Austria,2018,math,Mittelwert,500,COMPUTED_MICRODATA,"OECD-Mikrodaten (Public Use Files 2012/2015/2018/2022), aufbereitet in kevinwang09/learningtower; gewichteter Mittelwert (W_FSTUWT) eines Plausible Value je Domäne",
M302 (Karte),Austria,2018,read,Mittelwert,484,COMPUTED_MICRODATA,"OECD-Mikrodaten (Public Use Files 2012/2015/2018/2022), aufbereitet in kevinwang09/learningtower; gewichteter Mittelwert (W_FSTUWT) eines Plausible Value je Domäne",
M302 (Karte),Austria,2018,sci,Mittelwert,489,COMPUTED_MICRODATA,"OECD-Mikrodaten (Public Use Files 2012/2015/2018/2022), aufbereitet in kevinwang09/learningtower; gewichteter Mittelwert (W_FSTUWT) eines Plausible Value je Domäne",
M302 (Karte),Belgium,2012,math,Mittelwert,515,SECONDARY_OECDSTAT,"OECD.Stat-Extrakt 2003–2015 (Mirror kirenz/datasets, CC BY)",
M302 (Karte),Belgium,2012,read,Mittelwert,509,COMPUTED_MICRODATA,"OECD-Mikrodaten (Public Use Files 2012/2015/2018/2022), aufbereitet in kevinwang09/learningtower; gewichteter Mittelwert (W_FSTUWT) eines Plausible Value je Domäne",
M302 (Karte),Belgium,2012,sci,Mittelwert,506,COMPUTED_MICRODATA,"OECD-Mikrodaten (Public Use Files 2012/2015/2018/2022), aufbereitet in kevinwang09/learningtower; gewichteter Mittelwert (W_FSTUWT) eines Plausible Value je Domäne",
M302 (Karte),Belgium,2015,math,Mittelwert,507,SECONDARY_OECDSTAT,"OECD.Stat-Extrakt 2003–2015 (Mirror kirenz/datasets, CC BY)",
M302 (Karte),Belgium,2015,read,Mittelwert,499,COMPUTED_MICRODATA,"OECD-Mikrodaten (Public Use Files 2012/2015/2018/2022), aufbereitet in kevinwang09/learningtower; gewichteter Mittelwert (W_FSTUWT) eines Plausible Value je Domäne",
M302 (Karte),Belgium,2015,sci,Mittelwert,502,COMPUTED_MICRODATA,"OECD-Mikrodaten (Public Use Files 2012/2015/2018/2022), aufbereitet in kevinwang09/learningtower; gewichteter Mittelwert (W_FSTUWT) eines Plausible Value je Domäne",
M302 (Karte),Belgium,2022,sci,Mittelwert,491,DERIVED_OFFICIAL,2025-Mittelwert − offizielle Veränderung 2022→2025 (Table I.2.6),
M302 (Karte),Belgium,2022,read,Mittelwert,479,DERIVED_OFFICIAL,2025-Mittelwert − offizielle Veränderung 2022→2025 (Table I.2.6),
M302 (Karte),Belgium,2022,math,Mittelwert,490,DERIVED_OFFICIAL,2025-Mittelwert − offizielle Veränderung 2022→2025 (Table I.2.6),
M302 (Karte),Belgium,2018,math,Mittelwert,508,COMPUTED_MICRODATA,"OECD-Mikrodaten (Public Use Files 2012/2015/2018/2022), aufbereitet in kevinwang09/learningtower; gewichteter Mittelwert (W_FSTUWT) eines Plausible Value je Domäne",
M302 (Karte),Belgium,2018,read,Mittelwert,493,COMPUTED_MICRODATA,"OECD-Mikrodaten (Public Use Files 2012/2015/2018/2022), aufbereitet in kevinwang09/learningtower; gewichteter Mittelwert (W_FSTUWT) eines Plausible Value je Domäne",
M302 (Karte),Belgium,2018,sci,Mittelwert,500,COMPUTED_MICRODATA,"OECD-Mikrodaten (Public Use Files 2012/2015/2018/2022), aufbereitet in kevinwang09/learningtower; gewichteter Mittelwert (W_FSTUWT) eines Plausible Value je Domäne",
M302 (Karte),Canada,2012,math,Mittelwert,518,SECONDARY_OECDSTAT,"OECD.Stat-Extrakt 2003–2015 (Mirror kirenz/datasets, CC BY)",
M302 (Karte),Canada,2012,read,Mittelwert,523,COMPUTED_MICRODATA,"OECD-Mikrodaten (Public Use Files 2012/2015/2018/2022), aufbereitet in kevinwang09/learningtower; gewichteter Mittelwert (W_FSTUWT) eines Plausible Value je Domäne",
M302 (Karte),Canada,2012,sci,Mittelwert,526,COMPUTED_MICRODATA,"OECD-Mikrodaten (Public Use Files 2012/2015/2018/2022), aufbereitet in kevinwang09/learningtower; gewichteter Mittelwert (W_FSTUWT) eines Plausible Value je Domäne",
M302 (Karte),Canada,2015,math,Mittelwert,516,SECONDARY_OECDSTAT,"OECD.Stat-Extrakt 2003–2015 (Mirror kirenz/datasets, CC BY)",
M302 (Karte),Canada,2015,read,Mittelwert,527,COMPUTED_MICRODATA,"OECD-Mikrodaten (Public Use Files 2012/2015/2018/2022), aufbereitet in kevinwang09/learningtower; gewichteter Mittelwert (W_FSTUWT) eines Plausible Value je Domäne",
M302 (Karte),Canada,2015,sci,Mittelwert,528,COMPUTED_MICRODATA,"OECD-Mikrodaten (Public Use Files 2012/2015/2018/2022), aufbereitet in kevinwang09/learningtower; gewichteter Mittelwert (W_FSTUWT) eines Plausible Value je Domäne",
M302 (Karte),Canada,2022,sci,Mittelwert,515,DERIVED_OFFICIAL,2025-Mittelwert − offizielle Veränderung 2022→2025 (Table I.2.6),
M302 (Karte),Canada,2022,read,Mittelwert,507,DERIVED_OFFICIAL,2025-Mittelwert − offizielle Veränderung 2022→2025 (Table I.2.6),
M302 (Karte),Canada,2022,math,Mittelwert,497,DERIVED_OFFICIAL,2025-Mittelwert − offizielle Veränderung 2022→2025 (Table I.2.6),
M302 (Karte),Canada,2018,math,Mittelwert,512,COMPUTED_MICRODATA,"OECD-Mikrodaten (Public Use Files 2012/2015/2018/2022), aufbereitet in kevinwang09/learningtower; gewichteter Mittelwert (W_FSTUWT) eines Plausible Value je Domäne",
M302 (Karte),Canada,2018,read,Mittelwert,520,COMPUTED_MICRODATA,"OECD-Mikrodaten (Public Use Files 2012/2015/2018/2022), aufbereitet in kevinwang09/learningtower; gewichteter Mittelwert (W_FSTUWT) eines Plausible Value je Domäne",
M302 (Karte),Canada,2018,sci,Mittelwert,518,COMPUTED_MICRODATA,"OECD-Mikrodaten (Public Use Files 2012/2015/2018/2022), aufbereitet in kevinwang09/learningtower; gewichteter Mittelwert (W_FSTUWT) eines Plausible Value je Domäne",
M302 (Karte),Czechia,2012,math,Mittelwert,499,SECONDARY_OECDSTAT,"OECD.Stat-Extrakt 2003–2015 (Mirror kirenz/datasets, CC BY)",
M302 (Karte),Czechia,2012,read,Mittelwert,493,COMPUTED_MICRODATA,"OECD-Mikrodaten (Public Use Files 2012/2015/2018/2022), aufbereitet in kevinwang09/learningtower; gewichteter Mittelwert (W_FSTUWT) eines Plausible Value je Domäne",
M302 (Karte),Czechia,2012,sci,Mittelwert,509,COMPUTED_MICRODATA,"OECD-Mikrodaten (Public Use Files 2012/2015/2018/2022), aufbereitet in kevinwang09/learningtower; gewichteter Mittelwert (W_FSTUWT) eines Plausible Value je Domäne",
M302 (Karte),Czechia,2015,math,Mittelwert,492,SECONDARY_OECDSTAT,"OECD.Stat-Extrakt 2003–2015 (Mirror kirenz/datasets, CC BY)",
M302 (Karte),Czechia,2015,read,Mittelwert,487,COMPUTED_MICRODATA,"OECD-Mikrodaten (Public Use Files 2012/2015/2018/2022), aufbereitet in kevinwang09/learningtower; gewichteter Mittelwert (W_FSTUWT) eines Plausible Value je Domäne",
M302 (Karte),Czechia,2015,sci,Mittelwert,493,COMPUTED_MICRODATA,"OECD-Mikrodaten (Public Use Files 2012/2015/2018/2022), aufbereitet in kevinwang09/learningtower; gewichteter Mittelwert (W_FSTUWT) eines Plausible Value je Domäne",
M302 (Karte),Czechia,2022,sci,Mittelwert,498,DERIVED_OFFICIAL,2025-Mittelwert − offizielle Veränderung 2022→2025 (Table I.2.6),
M302 (Karte),Czechia,2022,read,Mittelwert,489,DERIVED_OFFICIAL,2025-Mittelwert − offizielle Veränderung 2022→2025 (Table I.2.6),
M302 (Karte),Czechia,2022,math,Mittelwert,487,DERIVED_OFFICIAL,2025-Mittelwert − offizielle Veränderung 2022→2025 (Table I.2.6),
M302 (Karte),Czechia,2018,math,Mittelwert,499,COMPUTED_MICRODATA,"OECD-Mikrodaten (Public Use Files 2012/2015/2018/2022), aufbereitet in kevinwang09/learningtower; gewichteter Mittelwert (W_FSTUWT) eines Plausible Value je Domäne",
M302 (Karte),Czechia,2018,read,Mittelwert,490,COMPUTED_MICRODATA,"OECD-Mikrodaten (Public Use Files 2012/2015/2018/2022), aufbereitet in kevinwang09/learningtower; gewichteter Mittelwert (W_FSTUWT) eines Plausible Value je Domäne",
M302 (Karte),Czechia,2018,sci,Mittelwert,497,COMPUTED_MICRODATA,"OECD-Mikrodaten (Public Use Files 2012/2015/2018/2022), aufbereitet in kevinwang09/learningtower; gewichteter Mittelwert (W_FSTUWT) eines Plausible Value je Domäne",
M302 (Karte),Denmark,2012,math,Mittelwert,500,SECONDARY_OECDSTAT,"OECD.Stat-Extrakt 2003–2015 (Mirror kirenz/datasets, CC BY)",
M302 (Karte),Denmark,2012,read,Mittelwert,496,COMPUTED_MICRODATA,"OECD-Mikrodaten (Public Use Files 2012/2015/2018/2022), aufbereitet in kevinwang09/learningtower; gewichteter Mittelwert (W_FSTUWT) eines Plausible Value je Domäne",
M302 (Karte),Denmark,2012,sci,Mittelwert,498,COMPUTED_MICRODATA,"OECD-Mikrodaten (Public Use Files 2012/2015/2018/2022), aufbereitet in kevinwang09/learningtower; gewichteter Mittelwert (W_FSTUWT) eines Plausible Value je Domäne",
M302 (Karte),Denmark,2015,math,Mittelwert,511,SECONDARY_OECDSTAT,"OECD.Stat-Extrakt 2003–2015 (Mirror kirenz/datasets, CC BY)",
M302 (Karte),Denmark,2015,read,Mittelwert,500,COMPUTED_MICRODATA,"OECD-Mikrodaten (Public Use Files 2012/2015/2018/2022), aufbereitet in kevinwang09/learningtower; gewichteter Mittelwert (W_FSTUWT) eines Plausible Value je Domäne",
M302 (Karte),Denmark,2015,sci,Mittelwert,502,COMPUTED_MICRODATA,"OECD-Mikrodaten (Public Use Files 2012/2015/2018/2022), aufbereitet in kevinwang09/learningtower; gewichteter Mittelwert (W_FSTUWT) eines Plausible Value je Domäne",
M302 (Karte),Denmark,2022,sci,Mittelwert,494,DERIVED_OFFICIAL,2025-Mittelwert − offizielle Veränderung 2022→2025 (Table I.2.6),
M302 (Karte),Denmark,2022,read,Mittelwert,489,DERIVED_OFFICIAL,2025-Mittelwert − offizielle Veränderung 2022→2025 (Table I.2.6),
M302 (Karte),Denmark,2022,math,Mittelwert,489,DERIVED_OFFICIAL,2025-Mittelwert − offizielle Veränderung 2022→2025 (Table I.2.6),
M302 (Karte),Denmark,2018,math,Mittelwert,510,COMPUTED_MICRODATA,"OECD-Mikrodaten (Public Use Files 2012/2015/2018/2022), aufbereitet in kevinwang09/learningtower; gewichteter Mittelwert (W_FSTUWT) eines Plausible Value je Domäne",
M302 (Karte),Denmark,2018,read,Mittelwert,502,COMPUTED_MICRODATA,"OECD-Mikrodaten (Public Use Files 2012/2015/2018/2022), aufbereitet in kevinwang09/learningtower; gewichteter Mittelwert (W_FSTUWT) eines Plausible Value je Domäne",
M302 (Karte),Denmark,2018,sci,Mittelwert,493,COMPUTED_MICRODATA,"OECD-Mikrodaten (Public Use Files 2012/2015/2018/2022), aufbereitet in kevinwang09/learningtower; gewichteter Mittelwert (W_FSTUWT) eines Plausible Value je Domäne",
M302 (Karte),Finland,2012,math,Mittelwert,519,SECONDARY_OECDSTAT,"OECD.Stat-Extrakt 2003–2015 (Mirror kirenz/datasets, CC BY)",
M302 (Karte),Finland,2012,read,Mittelwert,525,COMPUTED_MICRODATA,"OECD-Mikrodaten (Public Use Files 2012/2015/2018/2022), aufbereitet in kevinwang09/learningtower; gewichteter Mittelwert (W_FSTUWT) eines Plausible Value je Domäne",
M302 (Karte),Finland,2012,sci,Mittelwert,546,COMPUTED_MICRODATA,"OECD-Mikrodaten (Public Use Files 2012/2015/2018/2022), aufbereitet in kevinwang09/learningtower; gewichteter Mittelwert (W_FSTUWT) eines Plausible Value je Domäne",
M302 (Karte),Finland,2015,math,Mittelwert,511,SECONDARY_OECDSTAT,"OECD.Stat-Extrakt 2003–2015 (Mirror kirenz/datasets, CC BY)",
M302 (Karte),Finland,2015,read,Mittelwert,526,COMPUTED_MICRODATA,"OECD-Mikrodaten (Public Use Files 2012/2015/2018/2022), aufbereitet in kevinwang09/learningtower; gewichteter Mittelwert (W_FSTUWT) eines Plausible Value je Domäne",
M302 (Karte),Finland,2015,sci,Mittelwert,531,COMPUTED_MICRODATA,"OECD-Mikrodaten (Public Use Files 2012/2015/2018/2022), aufbereitet in kevinwang09/learningtower; gewichteter Mittelwert (W_FSTUWT) eines Plausible Value je Domäne",
M302 (Karte),Finland,2022,sci,Mittelwert,511,DERIVED_OFFICIAL,2025-Mittelwert − offizielle Veränderung 2022→2025 (Table I.2.6),
M302 (Karte),Finland,2022,read,Mittelwert,490,DERIVED_OFFICIAL,2025-Mittelwert − offizielle Veränderung 2022→2025 (Table I.2.6),
M302 (Karte),Finland,2022,math,Mittelwert,484,DERIVED_OFFICIAL,2025-Mittelwert − offizielle Veränderung 2022→2025 (Table I.2.6),
M302 (Karte),Finland,2018,math,Mittelwert,508,COMPUTED_MICRODATA,"OECD-Mikrodaten (Public Use Files 2012/2015/2018/2022), aufbereitet in kevinwang09/learningtower; gewichteter Mittelwert (W_FSTUWT) eines Plausible Value je Domäne",
M302 (Karte),Finland,2018,read,Mittelwert,520,COMPUTED_MICRODATA,"OECD-Mikrodaten (Public Use Files 2012/2015/2018/2022), aufbereitet in kevinwang09/learningtower; gewichteter Mittelwert (W_FSTUWT) eines Plausible Value je Domäne",
M302 (Karte),Finland,2018,sci,Mittelwert,519,COMPUTED_MICRODATA,"OECD-Mikrodaten (Public Use Files 2012/2015/2018/2022), aufbereitet in kevinwang09/learningtower; gewichteter Mittelwert (W_FSTUWT) eines Plausible Value je Domäne",
M302 (Karte),France,2012,math,Mittelwert,495,SECONDARY_OECDSTAT,"OECD.Stat-Extrakt 2003–2015 (Mirror kirenz/datasets, CC BY)",
M302 (Karte),France,2012,read,Mittelwert,506,COMPUTED_MICRODATA,"OECD-Mikrodaten (Public Use Files 2012/2015/2018/2022), aufbereitet in kevinwang09/learningtower; gewichteter Mittelwert (W_FSTUWT) eines Plausible Value je Domäne",
M302 (Karte),France,2012,sci,Mittelwert,499,COMPUTED_MICRODATA,"OECD-Mikrodaten (Public Use Files 2012/2015/2018/2022), aufbereitet in kevinwang09/learningtower; gewichteter Mittelwert (W_FSTUWT) eines Plausible Value je Domäne",
M302 (Karte),France,2015,math,Mittelwert,493,SECONDARY_OECDSTAT,"OECD.Stat-Extrakt 2003–2015 (Mirror kirenz/datasets, CC BY)",
M302 (Karte),France,2015,read,Mittelwert,498,COMPUTED_MICRODATA,"OECD-Mikrodaten (Public Use Files 2012/2015/2018/2022), aufbereitet in kevinwang09/learningtower; gewichteter Mittelwert (W_FSTUWT) eines Plausible Value je Domäne",
M302 (Karte),France,2015,sci,Mittelwert,496,COMPUTED_MICRODATA,"OECD-Mikrodaten (Public Use Files 2012/2015/2018/2022), aufbereitet in kevinwang09/learningtower; gewichteter Mittelwert (W_FSTUWT) eines Plausible Value je Domäne",
M302 (Karte),France,2022,sci,Mittelwert,487,DERIVED_OFFICIAL,2025-Mittelwert − offizielle Veränderung 2022→2025 (Table I.2.6),
M302 (Karte),France,2022,read,Mittelwert,474,DERIVED_OFFICIAL,2025-Mittelwert − offizielle Veränderung 2022→2025 (Table I.2.6),
M302 (Karte),France,2022,math,Mittelwert,474,DERIVED_OFFICIAL,2025-Mittelwert − offizielle Veränderung 2022→2025 (Table I.2.6),
M302 (Karte),France,2018,math,Mittelwert,496,COMPUTED_MICRODATA,"OECD-Mikrodaten (Public Use Files 2012/2015/2018/2022), aufbereitet in kevinwang09/learningtower; gewichteter Mittelwert (W_FSTUWT) eines Plausible Value je Domäne",
M302 (Karte),France,2018,read,Mittelwert,493,COMPUTED_MICRODATA,"OECD-Mikrodaten (Public Use Files 2012/2015/2018/2022), aufbereitet in kevinwang09/learningtower; gewichteter Mittelwert (W_FSTUWT) eines Plausible Value je Domäne",
M302 (Karte),France,2018,sci,Mittelwert,494,COMPUTED_MICRODATA,"OECD-Mikrodaten (Public Use Files 2012/2015/2018/2022), aufbereitet in kevinwang09/learningtower; gewichteter Mittelwert (W_FSTUWT) eines Plausible Value je Domäne",
M302 (Karte),Germany,2012,math,Mittelwert,514,SECONDARY_OECDSTAT,"OECD.Stat-Extrakt 2003–2015 (Mirror kirenz/datasets, CC BY)",
M302 (Karte),Germany,2012,read,Mittelwert,508,COMPUTED_MICRODATA,"OECD-Mikrodaten (Public Use Files 2012/2015/2018/2022), aufbereitet in kevinwang09/learningtower; gewichteter Mittelwert (W_FSTUWT) eines Plausible Value je Domäne",
M302 (Karte),Germany,2012,sci,Mittelwert,524,COMPUTED_MICRODATA,"OECD-Mikrodaten (Public Use Files 2012/2015/2018/2022), aufbereitet in kevinwang09/learningtower; gewichteter Mittelwert (W_FSTUWT) eines Plausible Value je Domäne",
M302 (Karte),Germany,2015,math,Mittelwert,506,SECONDARY_OECDSTAT,"OECD.Stat-Extrakt 2003–2015 (Mirror kirenz/datasets, CC BY)",
M302 (Karte),Germany,2015,read,Mittelwert,509,COMPUTED_MICRODATA,"OECD-Mikrodaten (Public Use Files 2012/2015/2018/2022), aufbereitet in kevinwang09/learningtower; gewichteter Mittelwert (W_FSTUWT) eines Plausible Value je Domäne",
M302 (Karte),Germany,2015,sci,Mittelwert,509,COMPUTED_MICRODATA,"OECD-Mikrodaten (Public Use Files 2012/2015/2018/2022), aufbereitet in kevinwang09/learningtower; gewichteter Mittelwert (W_FSTUWT) eines Plausible Value je Domäne",
M302 (Karte),Germany,2022,sci,Mittelwert,492,DERIVED_OFFICIAL,2025-Mittelwert − offizielle Veränderung 2022→2025 (Table I.2.6),
M302 (Karte),Germany,2022,read,Mittelwert,480,DERIVED_OFFICIAL,2025-Mittelwert − offizielle Veränderung 2022→2025 (Table I.2.6),
M302 (Karte),Germany,2022,math,Mittelwert,475,DERIVED_OFFICIAL,2025-Mittelwert − offizielle Veränderung 2022→2025 (Table I.2.6),
M302 (Karte),Germany,2018,math,Mittelwert,500,COMPUTED_MICRODATA,"OECD-Mikrodaten (Public Use Files 2012/2015/2018/2022), aufbereitet in kevinwang09/learningtower; gewichteter Mittelwert (W_FSTUWT) eines Plausible Value je Domäne",
M302 (Karte),Germany,2018,read,Mittelwert,499,COMPUTED_MICRODATA,"OECD-Mikrodaten (Public Use Files 2012/2015/2018/2022), aufbereitet in kevinwang09/learningtower; gewichteter Mittelwert (W_FSTUWT) eines Plausible Value je Domäne",
M302 (Karte),Germany,2018,sci,Mittelwert,503,COMPUTED_MICRODATA,"OECD-Mikrodaten (Public Use Files 2012/2015/2018/2022), aufbereitet in kevinwang09/learningtower; gewichteter Mittelwert (W_FSTUWT) eines Plausible Value je Domäne",
M302 (Karte),Greece,2012,math,Mittelwert,453,SECONDARY_OECDSTAT,"OECD.Stat-Extrakt 2003–2015 (Mirror kirenz/datasets, CC BY)",
M302 (Karte),Greece,2012,read,Mittelwert,477,COMPUTED_MICRODATA,"OECD-Mikrodaten (Public Use Files 2012/2015/2018/2022), aufbereitet in kevinwang09/learningtower; gewichteter Mittelwert (W_FSTUWT) eines Plausible Value je Domäne",
M302 (Karte),Greece,2012,sci,Mittelwert,467,COMPUTED_MICRODATA,"OECD-Mikrodaten (Public Use Files 2012/2015/2018/2022), aufbereitet in kevinwang09/learningtower; gewichteter Mittelwert (W_FSTUWT) eines Plausible Value je Domäne",
M302 (Karte),Greece,2015,math,Mittelwert,454,SECONDARY_OECDSTAT,"OECD.Stat-Extrakt 2003–2015 (Mirror kirenz/datasets, CC BY)",
M302 (Karte),Greece,2015,read,Mittelwert,466,COMPUTED_MICRODATA,"OECD-Mikrodaten (Public Use Files 2012/2015/2018/2022), aufbereitet in kevinwang09/learningtower; gewichteter Mittelwert (W_FSTUWT) eines Plausible Value je Domäne",
M302 (Karte),Greece,2015,sci,Mittelwert,454,COMPUTED_MICRODATA,"OECD-Mikrodaten (Public Use Files 2012/2015/2018/2022), aufbereitet in kevinwang09/learningtower; gewichteter Mittelwert (W_FSTUWT) eines Plausible Value je Domäne",
M302 (Karte),Greece,2022,sci,Mittelwert,441,DERIVED_OFFICIAL,2025-Mittelwert − offizielle Veränderung 2022→2025 (Table I.2.6),
M302 (Karte),Greece,2022,read,Mittelwert,438,DERIVED_OFFICIAL,2025-Mittelwert − offizielle Veränderung 2022→2025 (Table I.2.6),
M302 (Karte),Greece,2022,math,Mittelwert,430,DERIVED_OFFICIAL,2025-Mittelwert − offizielle Veränderung 2022→2025 (Table I.2.6),
M302 (Karte),Greece,2018,math,Mittelwert,451,COMPUTED_MICRODATA,"OECD-Mikrodaten (Public Use Files 2012/2015/2018/2022), aufbereitet in kevinwang09/learningtower; gewichteter Mittelwert (W_FSTUWT) eines Plausible Value je Domäne",
M302 (Karte),Greece,2018,read,Mittelwert,457,COMPUTED_MICRODATA,"OECD-Mikrodaten (Public Use Files 2012/2015/2018/2022), aufbereitet in kevinwang09/learningtower; gewichteter Mittelwert (W_FSTUWT) eines Plausible Value je Domäne",
M302 (Karte),Greece,2018,sci,Mittelwert,452,COMPUTED_MICRODATA,"OECD-Mikrodaten (Public Use Files 2012/2015/2018/2022), aufbereitet in kevinwang09/learningtower; gewichteter Mittelwert (W_FSTUWT) eines Plausible Value je Domäne",
M302 (Karte),Hungary,2012,math,Mittelwert,477,SECONDARY_OECDSTAT,"OECD.Stat-Extrakt 2003–2015 (Mirror kirenz/datasets, CC BY)",
M302 (Karte),Hungary,2012,read,Mittelwert,489,COMPUTED_MICRODATA,"OECD-Mikrodaten (Public Use Files 2012/2015/2018/2022), aufbereitet in kevinwang09/learningtower; gewichteter Mittelwert (W_FSTUWT) eines Plausible Value je Domäne",
M302 (Karte),Hungary,2012,sci,Mittelwert,495,COMPUTED_MICRODATA,"OECD-Mikrodaten (Public Use Files 2012/2015/2018/2022), aufbereitet in kevinwang09/learningtower; gewichteter Mittelwert (W_FSTUWT) eines Plausible Value je Domäne",
M302 (Karte),Hungary,2015,math,Mittelwert,477,SECONDARY_OECDSTAT,"OECD.Stat-Extrakt 2003–2015 (Mirror kirenz/datasets, CC BY)",
M302 (Karte),Hungary,2015,read,Mittelwert,469,COMPUTED_MICRODATA,"OECD-Mikrodaten (Public Use Files 2012/2015/2018/2022), aufbereitet in kevinwang09/learningtower; gewichteter Mittelwert (W_FSTUWT) eines Plausible Value je Domäne",
M302 (Karte),Hungary,2015,sci,Mittelwert,477,COMPUTED_MICRODATA,"OECD-Mikrodaten (Public Use Files 2012/2015/2018/2022), aufbereitet in kevinwang09/learningtower; gewichteter Mittelwert (W_FSTUWT) eines Plausible Value je Domäne",
M302 (Karte),Hungary,2022,sci,Mittelwert,486,DERIVED_OFFICIAL,2025-Mittelwert − offizielle Veränderung 2022→2025 (Table I.2.6),
M302 (Karte),Hungary,2022,read,Mittelwert,473,DERIVED_OFFICIAL,2025-Mittelwert − offizielle Veränderung 2022→2025 (Table I.2.6),
M302 (Karte),Hungary,2022,math,Mittelwert,473,DERIVED_OFFICIAL,2025-Mittelwert − offizielle Veränderung 2022→2025 (Table I.2.6),
M302 (Karte),Hungary,2018,math,Mittelwert,482,COMPUTED_MICRODATA,"OECD-Mikrodaten (Public Use Files 2012/2015/2018/2022), aufbereitet in kevinwang09/learningtower; gewichteter Mittelwert (W_FSTUWT) eines Plausible Value je Domäne",
M302 (Karte),Hungary,2018,read,Mittelwert,476,COMPUTED_MICRODATA,"OECD-Mikrodaten (Public Use Files 2012/2015/2018/2022), aufbereitet in kevinwang09/learningtower; gewichteter Mittelwert (W_FSTUWT) eines Plausible Value je Domäne",
M302 (Karte),Hungary,2018,sci,Mittelwert,480,COMPUTED_MICRODATA,"OECD-Mikrodaten (Public Use Files 2012/2015/2018/2022), aufbereitet in kevinwang09/learningtower; gewichteter Mittelwert (W_FSTUWT) eines Plausible Value je Domäne",
M302 (Karte),Iceland,2012,math,Mittelwert,493,SECONDARY_OECDSTAT,"OECD.Stat-Extrakt 2003–2015 (Mirror kirenz/datasets, CC BY)",
M302 (Karte),Iceland,2012,read,Mittelwert,483,COMPUTED_MICRODATA,"OECD-Mikrodaten (Public Use Files 2012/2015/2018/2022), aufbereitet in kevinwang09/learningtower; gewichteter Mittelwert (W_FSTUWT) eines Plausible Value je Domäne",
M302 (Karte),Iceland,2012,sci,Mittelwert,479,COMPUTED_MICRODATA,"OECD-Mikrodaten (Public Use Files 2012/2015/2018/2022), aufbereitet in kevinwang09/learningtower; gewichteter Mittelwert (W_FSTUWT) eines Plausible Value je Domäne",
M302 (Karte),Iceland,2015,math,Mittelwert,488,SECONDARY_OECDSTAT,"OECD.Stat-Extrakt 2003–2015 (Mirror kirenz/datasets, CC BY)",
M302 (Karte),Iceland,2015,read,Mittelwert,481,COMPUTED_MICRODATA,"OECD-Mikrodaten (Public Use Files 2012/2015/2018/2022), aufbereitet in kevinwang09/learningtower; gewichteter Mittelwert (W_FSTUWT) eines Plausible Value je Domäne",
M302 (Karte),Iceland,2015,sci,Mittelwert,473,COMPUTED_MICRODATA,"OECD-Mikrodaten (Public Use Files 2012/2015/2018/2022), aufbereitet in kevinwang09/learningtower; gewichteter Mittelwert (W_FSTUWT) eines Plausible Value je Domäne",
M302 (Karte),Iceland,2022,sci,Mittelwert,447,DERIVED_OFFICIAL,2025-Mittelwert − offizielle Veränderung 2022→2025 (Table I.2.6),
M302 (Karte),Iceland,2022,read,Mittelwert,436,DERIVED_OFFICIAL,2025-Mittelwert − offizielle Veränderung 2022→2025 (Table I.2.6),
M302 (Karte),Iceland,2022,math,Mittelwert,459,DERIVED_OFFICIAL,2025-Mittelwert − offizielle Veränderung 2022→2025 (Table I.2.6),
M302 (Karte),Iceland,2018,math,Mittelwert,495,COMPUTED_MICRODATA,"OECD-Mikrodaten (Public Use Files 2012/2015/2018/2022), aufbereitet in kevinwang09/learningtower; gewichteter Mittelwert (W_FSTUWT) eines Plausible Value je Domäne",
M302 (Karte),Iceland,2018,read,Mittelwert,474,COMPUTED_MICRODATA,"OECD-Mikrodaten (Public Use Files 2012/2015/2018/2022), aufbereitet in kevinwang09/learningtower; gewichteter Mittelwert (W_FSTUWT) eines Plausible Value je Domäne",
M302 (Karte),Iceland,2018,sci,Mittelwert,474,COMPUTED_MICRODATA,"OECD-Mikrodaten (Public Use Files 2012/2015/2018/2022), aufbereitet in kevinwang09/learningtower; gewichteter Mittelwert (W_FSTUWT) eines Plausible Value je Domäne",
M302 (Karte),Ireland,2012,math,Mittelwert,501,SECONDARY_OECDSTAT,"OECD.Stat-Extrakt 2003–2015 (Mirror kirenz/datasets, CC BY)",
M302 (Karte),Ireland,2012,read,Mittelwert,523,COMPUTED_MICRODATA,"OECD-Mikrodaten (Public Use Files 2012/2015/2018/2022), aufbereitet in kevinwang09/learningtower; gewichteter Mittelwert (W_FSTUWT) eines Plausible Value je Domäne",
M302 (Karte),Ireland,2012,sci,Mittelwert,522,COMPUTED_MICRODATA,"OECD-Mikrodaten (Public Use Files 2012/2015/2018/2022), aufbereitet in kevinwang09/learningtower; gewichteter Mittelwert (W_FSTUWT) eines Plausible Value je Domäne",
M302 (Karte),Ireland,2015,math,Mittelwert,504,SECONDARY_OECDSTAT,"OECD.Stat-Extrakt 2003–2015 (Mirror kirenz/datasets, CC BY)",
M302 (Karte),Ireland,2015,read,Mittelwert,520,COMPUTED_MICRODATA,"OECD-Mikrodaten (Public Use Files 2012/2015/2018/2022), aufbereitet in kevinwang09/learningtower; gewichteter Mittelwert (W_FSTUWT) eines Plausible Value je Domäne",
M302 (Karte),Ireland,2015,sci,Mittelwert,502,COMPUTED_MICRODATA,"OECD-Mikrodaten (Public Use Files 2012/2015/2018/2022), aufbereitet in kevinwang09/learningtower; gewichteter Mittelwert (W_FSTUWT) eines Plausible Value je Domäne",
M302 (Karte),Ireland,2022,sci,Mittelwert,504,DERIVED_OFFICIAL,2025-Mittelwert − offizielle Veränderung 2022→2025 (Table I.2.6),
M302 (Karte),Ireland,2022,read,Mittelwert,516,DERIVED_OFFICIAL,2025-Mittelwert − offizielle Veränderung 2022→2025 (Table I.2.6),
M302 (Karte),Ireland,2022,math,Mittelwert,492,DERIVED_OFFICIAL,2025-Mittelwert − offizielle Veränderung 2022→2025 (Table I.2.6),
M302 (Karte),Ireland,2018,math,Mittelwert,499,COMPUTED_MICRODATA,"OECD-Mikrodaten (Public Use Files 2012/2015/2018/2022), aufbereitet in kevinwang09/learningtower; gewichteter Mittelwert (W_FSTUWT) eines Plausible Value je Domäne",
M302 (Karte),Ireland,2018,read,Mittelwert,518,COMPUTED_MICRODATA,"OECD-Mikrodaten (Public Use Files 2012/2015/2018/2022), aufbereitet in kevinwang09/learningtower; gewichteter Mittelwert (W_FSTUWT) eines Plausible Value je Domäne",
M302 (Karte),Ireland,2018,sci,Mittelwert,495,COMPUTED_MICRODATA,"OECD-Mikrodaten (Public Use Files 2012/2015/2018/2022), aufbereitet in kevinwang09/learningtower; gewichteter Mittelwert (W_FSTUWT) eines Plausible Value je Domäne",
M302 (Karte),Italy,2012,math,Mittelwert,485,SECONDARY_OECDSTAT,"OECD.Stat-Extrakt 2003–2015 (Mirror kirenz/datasets, CC BY)",
M302 (Karte),Italy,2012,read,Mittelwert,490,COMPUTED_MICRODATA,"OECD-Mikrodaten (Public Use Files 2012/2015/2018/2022), aufbereitet in kevinwang09/learningtower; gewichteter Mittelwert (W_FSTUWT) eines Plausible Value je Domäne",
M302 (Karte),Italy,2012,sci,Mittelwert,493,COMPUTED_MICRODATA,"OECD-Mikrodaten (Public Use Files 2012/2015/2018/2022), aufbereitet in kevinwang09/learningtower; gewichteter Mittelwert (W_FSTUWT) eines Plausible Value je Domäne",
M302 (Karte),Italy,2015,math,Mittelwert,490,SECONDARY_OECDSTAT,"OECD.Stat-Extrakt 2003–2015 (Mirror kirenz/datasets, CC BY)",
M302 (Karte),Italy,2015,read,Mittelwert,487,COMPUTED_MICRODATA,"OECD-Mikrodaten (Public Use Files 2012/2015/2018/2022), aufbereitet in kevinwang09/learningtower; gewichteter Mittelwert (W_FSTUWT) eines Plausible Value je Domäne",
M302 (Karte),Italy,2015,sci,Mittelwert,481,COMPUTED_MICRODATA,"OECD-Mikrodaten (Public Use Files 2012/2015/2018/2022), aufbereitet in kevinwang09/learningtower; gewichteter Mittelwert (W_FSTUWT) eines Plausible Value je Domäne",
M302 (Karte),Italy,2022,sci,Mittelwert,478,DERIVED_OFFICIAL,2025-Mittelwert − offizielle Veränderung 2022→2025 (Table I.2.6),
M302 (Karte),Italy,2022,read,Mittelwert,482,DERIVED_OFFICIAL,2025-Mittelwert − offizielle Veränderung 2022→2025 (Table I.2.6),
M302 (Karte),Italy,2022,math,Mittelwert,471,DERIVED_OFFICIAL,2025-Mittelwert − offizielle Veränderung 2022→2025 (Table I.2.6),
M302 (Karte),Italy,2018,math,Mittelwert,486,COMPUTED_MICRODATA,"OECD-Mikrodaten (Public Use Files 2012/2015/2018/2022), aufbereitet in kevinwang09/learningtower; gewichteter Mittelwert (W_FSTUWT) eines Plausible Value je Domäne",
M302 (Karte),Italy,2018,read,Mittelwert,476,COMPUTED_MICRODATA,"OECD-Mikrodaten (Public Use Files 2012/2015/2018/2022), aufbereitet in kevinwang09/learningtower; gewichteter Mittelwert (W_FSTUWT) eines Plausible Value je Domäne",
M302 (Karte),Italy,2018,sci,Mittelwert,468,COMPUTED_MICRODATA,"OECD-Mikrodaten (Public Use Files 2012/2015/2018/2022), aufbereitet in kevinwang09/learningtower; gewichteter Mittelwert (W_FSTUWT) eines Plausible Value je Domäne",
M302 (Karte),Japan,2012,math,Mittelwert,536,SECONDARY_OECDSTAT,"OECD.Stat-Extrakt 2003–2015 (Mirror kirenz/datasets, CC BY)",
M302 (Karte),Japan,2012,read,Mittelwert,538,COMPUTED_MICRODATA,"OECD-Mikrodaten (Public Use Files 2012/2015/2018/2022), aufbereitet in kevinwang09/learningtower; gewichteter Mittelwert (W_FSTUWT) eines Plausible Value je Domäne",
M302 (Karte),Japan,2012,sci,Mittelwert,548,COMPUTED_MICRODATA,"OECD-Mikrodaten (Public Use Files 2012/2015/2018/2022), aufbereitet in kevinwang09/learningtower; gewichteter Mittelwert (W_FSTUWT) eines Plausible Value je Domäne",
M302 (Karte),Japan,2015,math,Mittelwert,532,SECONDARY_OECDSTAT,"OECD.Stat-Extrakt 2003–2015 (Mirror kirenz/datasets, CC BY)",
M302 (Karte),Japan,2015,read,Mittelwert,515,COMPUTED_MICRODATA,"OECD-Mikrodaten (Public Use Files 2012/2015/2018/2022), aufbereitet in kevinwang09/learningtower; gewichteter Mittelwert (W_FSTUWT) eines Plausible Value je Domäne",
M302 (Karte),Japan,2015,sci,Mittelwert,538,COMPUTED_MICRODATA,"OECD-Mikrodaten (Public Use Files 2012/2015/2018/2022), aufbereitet in kevinwang09/learningtower; gewichteter Mittelwert (W_FSTUWT) eines Plausible Value je Domäne",
M302 (Karte),Japan,2022,sci,Mittelwert,547,DERIVED_OFFICIAL,2025-Mittelwert − offizielle Veränderung 2022→2025 (Table I.2.6),
M302 (Karte),Japan,2022,read,Mittelwert,516,DERIVED_OFFICIAL,2025-Mittelwert − offizielle Veränderung 2022→2025 (Table I.2.6),
M302 (Karte),Japan,2022,math,Mittelwert,536,DERIVED_OFFICIAL,2025-Mittelwert − offizielle Veränderung 2022→2025 (Table I.2.6),
M302 (Karte),Japan,2018,math,Mittelwert,529,COMPUTED_MICRODATA,"OECD-Mikrodaten (Public Use Files 2012/2015/2018/2022), aufbereitet in kevinwang09/learningtower; gewichteter Mittelwert (W_FSTUWT) eines Plausible Value je Domäne",
M302 (Karte),Japan,2018,read,Mittelwert,503,COMPUTED_MICRODATA,"OECD-Mikrodaten (Public Use Files 2012/2015/2018/2022), aufbereitet in kevinwang09/learningtower; gewichteter Mittelwert (W_FSTUWT) eines Plausible Value je Domäne",
M302 (Karte),Japan,2018,sci,Mittelwert,529,COMPUTED_MICRODATA,"OECD-Mikrodaten (Public Use Files 2012/2015/2018/2022), aufbereitet in kevinwang09/learningtower; gewichteter Mittelwert (W_FSTUWT) eines Plausible Value je Domäne",
M302 (Karte),Korea,2012,math,Mittelwert,554,SECONDARY_OECDSTAT,"OECD.Stat-Extrakt 2003–2015 (Mirror kirenz/datasets, CC BY)",
M302 (Karte),Korea,2012,read,Mittelwert,536,COMPUTED_MICRODATA,"OECD-Mikrodaten (Public Use Files 2012/2015/2018/2022), aufbereitet in kevinwang09/learningtower; gewichteter Mittelwert (W_FSTUWT) eines Plausible Value je Domäne",
M302 (Karte),Korea,2012,sci,Mittelwert,538,COMPUTED_MICRODATA,"OECD-Mikrodaten (Public Use Files 2012/2015/2018/2022), aufbereitet in kevinwang09/learningtower; gewichteter Mittelwert (W_FSTUWT) eines Plausible Value je Domäne",
M302 (Karte),Korea,2015,math,Mittelwert,524,SECONDARY_OECDSTAT,"OECD.Stat-Extrakt 2003–2015 (Mirror kirenz/datasets, CC BY)",
M302 (Karte),Korea,2015,read,Mittelwert,515,COMPUTED_MICRODATA,"OECD-Mikrodaten (Public Use Files 2012/2015/2018/2022), aufbereitet in kevinwang09/learningtower; gewichteter Mittelwert (W_FSTUWT) eines Plausible Value je Domäne",
M302 (Karte),Korea,2015,sci,Mittelwert,516,COMPUTED_MICRODATA,"OECD-Mikrodaten (Public Use Files 2012/2015/2018/2022), aufbereitet in kevinwang09/learningtower; gewichteter Mittelwert (W_FSTUWT) eines Plausible Value je Domäne",
M302 (Karte),Korea,2022,sci,Mittelwert,528,DERIVED_OFFICIAL,2025-Mittelwert − offizielle Veränderung 2022→2025 (Table I.2.6),
M302 (Karte),Korea,2022,read,Mittelwert,516,DERIVED_OFFICIAL,2025-Mittelwert − offizielle Veränderung 2022→2025 (Table I.2.6),
M302 (Karte),Korea,2022,math,Mittelwert,527,DERIVED_OFFICIAL,2025-Mittelwert − offizielle Veränderung 2022→2025 (Table I.2.6),
M302 (Karte),Korea,2018,math,Mittelwert,525,COMPUTED_MICRODATA,"OECD-Mikrodaten (Public Use Files 2012/2015/2018/2022), aufbereitet in kevinwang09/learningtower; gewichteter Mittelwert (W_FSTUWT) eines Plausible Value je Domäne",
M302 (Karte),Korea,2018,read,Mittelwert,514,COMPUTED_MICRODATA,"OECD-Mikrodaten (Public Use Files 2012/2015/2018/2022), aufbereitet in kevinwang09/learningtower; gewichteter Mittelwert (W_FSTUWT) eines Plausible Value je Domäne",
M302 (Karte),Korea,2018,sci,Mittelwert,519,COMPUTED_MICRODATA,"OECD-Mikrodaten (Public Use Files 2012/2015/2018/2022), aufbereitet in kevinwang09/learningtower; gewichteter Mittelwert (W_FSTUWT) eines Plausible Value je Domäne",
M302 (Karte),Luxembourg,2012,math,Mittelwert,490,SECONDARY_OECDSTAT,"OECD.Stat-Extrakt 2003–2015 (Mirror kirenz/datasets, CC BY)",
M302 (Karte),Luxembourg,2012,read,Mittelwert,487,COMPUTED_MICRODATA,"OECD-Mikrodaten (Public Use Files 2012/2015/2018/2022), aufbereitet in kevinwang09/learningtower; gewichteter Mittelwert (W_FSTUWT) eines Plausible Value je Domäne",
M302 (Karte),Luxembourg,2012,sci,Mittelwert,491,COMPUTED_MICRODATA,"OECD-Mikrodaten (Public Use Files 2012/2015/2018/2022), aufbereitet in kevinwang09/learningtower; gewichteter Mittelwert (W_FSTUWT) eines Plausible Value je Domäne",
M302 (Karte),Luxembourg,2015,math,Mittelwert,486,SECONDARY_OECDSTAT,"OECD.Stat-Extrakt 2003–2015 (Mirror kirenz/datasets, CC BY)",
M302 (Karte),Luxembourg,2015,read,Mittelwert,480,COMPUTED_MICRODATA,"OECD-Mikrodaten (Public Use Files 2012/2015/2018/2022), aufbereitet in kevinwang09/learningtower; gewichteter Mittelwert (W_FSTUWT) eines Plausible Value je Domäne",
M302 (Karte),Luxembourg,2015,sci,Mittelwert,483,COMPUTED_MICRODATA,"OECD-Mikrodaten (Public Use Files 2012/2015/2018/2022), aufbereitet in kevinwang09/learningtower; gewichteter Mittelwert (W_FSTUWT) eines Plausible Value je Domäne",
M302 (Karte),Luxembourg,2018,math,Mittelwert,484,COMPUTED_MICRODATA,"OECD-Mikrodaten (Public Use Files 2012/2015/2018/2022), aufbereitet in kevinwang09/learningtower; gewichteter Mittelwert (W_FSTUWT) eines Plausible Value je Domäne",
M302 (Karte),Luxembourg,2018,read,Mittelwert,470,COMPUTED_MICRODATA,"OECD-Mikrodaten (Public Use Files 2012/2015/2018/2022), aufbereitet in kevinwang09/learningtower; gewichteter Mittelwert (W_FSTUWT) eines Plausible Value je Domäne",
M302 (Karte),Luxembourg,2018,sci,Mittelwert,477,COMPUTED_MICRODATA,"OECD-Mikrodaten (Public Use Files 2012/2015/2018/2022), aufbereitet in kevinwang09/learningtower; gewichteter Mittelwert (W_FSTUWT) eines Plausible Value je Domäne",
M302 (Karte),Mexico,2012,math,Mittelwert,413,SECONDARY_OECDSTAT,"OECD.Stat-Extrakt 2003–2015 (Mirror kirenz/datasets, CC BY)",
M302 (Karte),Mexico,2012,read,Mittelwert,424,COMPUTED_MICRODATA,"OECD-Mikrodaten (Public Use Files 2012/2015/2018/2022), aufbereitet in kevinwang09/learningtower; gewichteter Mittelwert (W_FSTUWT) eines Plausible Value je Domäne",
M302 (Karte),Mexico,2012,sci,Mittelwert,415,COMPUTED_MICRODATA,"OECD-Mikrodaten (Public Use Files 2012/2015/2018/2022), aufbereitet in kevinwang09/learningtower; gewichteter Mittelwert (W_FSTUWT) eines Plausible Value je Domäne",
M302 (Karte),Mexico,2015,math,Mittelwert,408,SECONDARY_OECDSTAT,"OECD.Stat-Extrakt 2003–2015 (Mirror kirenz/datasets, CC BY)",
M302 (Karte),Mexico,2015,read,Mittelwert,423,COMPUTED_MICRODATA,"OECD-Mikrodaten (Public Use Files 2012/2015/2018/2022), aufbereitet in kevinwang09/learningtower; gewichteter Mittelwert (W_FSTUWT) eines Plausible Value je Domäne",
M302 (Karte),Mexico,2015,sci,Mittelwert,416,COMPUTED_MICRODATA,"OECD-Mikrodaten (Public Use Files 2012/2015/2018/2022), aufbereitet in kevinwang09/learningtower; gewichteter Mittelwert (W_FSTUWT) eines Plausible Value je Domäne",
M302 (Karte),Mexico,2022,sci,Mittelwert,410,DERIVED_OFFICIAL,2025-Mittelwert − offizielle Veränderung 2022→2025 (Table I.2.6),
M302 (Karte),Mexico,2022,read,Mittelwert,415,DERIVED_OFFICIAL,2025-Mittelwert − offizielle Veränderung 2022→2025 (Table I.2.6),
M302 (Karte),Mexico,2022,math,Mittelwert,395,DERIVED_OFFICIAL,2025-Mittelwert − offizielle Veränderung 2022→2025 (Table I.2.6),
M302 (Karte),Mexico,2018,math,Mittelwert,409,COMPUTED_MICRODATA,"OECD-Mikrodaten (Public Use Files 2012/2015/2018/2022), aufbereitet in kevinwang09/learningtower; gewichteter Mittelwert (W_FSTUWT) eines Plausible Value je Domäne",
M302 (Karte),Mexico,2018,read,Mittelwert,421,COMPUTED_MICRODATA,"OECD-Mikrodaten (Public Use Files 2012/2015/2018/2022), aufbereitet in kevinwang09/learningtower; gewichteter Mittelwert (W_FSTUWT) eines Plausible Value je Domäne",
M302 (Karte),Mexico,2018,sci,Mittelwert,418,COMPUTED_MICRODATA,"OECD-Mikrodaten (Public Use Files 2012/2015/2018/2022), aufbereitet in kevinwang09/learningtower; gewichteter Mittelwert (W_FSTUWT) eines Plausible Value je Domäne",
M302 (Karte),Netherlands,2012,math,Mittelwert,523,SECONDARY_OECDSTAT,"OECD.Stat-Extrakt 2003–2015 (Mirror kirenz/datasets, CC BY)",
M302 (Karte),Netherlands,2012,read,Mittelwert,511,COMPUTED_MICRODATA,"OECD-Mikrodaten (Public Use Files 2012/2015/2018/2022), aufbereitet in kevinwang09/learningtower; gewichteter Mittelwert (W_FSTUWT) eines Plausible Value je Domäne",
M302 (Karte),Netherlands,2012,sci,Mittelwert,522,COMPUTED_MICRODATA,"OECD-Mikrodaten (Public Use Files 2012/2015/2018/2022), aufbereitet in kevinwang09/learningtower; gewichteter Mittelwert (W_FSTUWT) eines Plausible Value je Domäne",
M302 (Karte),Netherlands,2015,math,Mittelwert,512,SECONDARY_OECDSTAT,"OECD.Stat-Extrakt 2003–2015 (Mirror kirenz/datasets, CC BY)",
M302 (Karte),Netherlands,2015,read,Mittelwert,503,COMPUTED_MICRODATA,"OECD-Mikrodaten (Public Use Files 2012/2015/2018/2022), aufbereitet in kevinwang09/learningtower; gewichteter Mittelwert (W_FSTUWT) eines Plausible Value je Domäne",
M302 (Karte),Netherlands,2015,sci,Mittelwert,509,COMPUTED_MICRODATA,"OECD-Mikrodaten (Public Use Files 2012/2015/2018/2022), aufbereitet in kevinwang09/learningtower; gewichteter Mittelwert (W_FSTUWT) eines Plausible Value je Domäne",
M302 (Karte),Netherlands,2022,sci,Mittelwert,488,DERIVED_OFFICIAL,2025-Mittelwert − offizielle Veränderung 2022→2025 (Table I.2.6),
M302 (Karte),Netherlands,2022,read,Mittelwert,459,DERIVED_OFFICIAL,2025-Mittelwert − offizielle Veränderung 2022→2025 (Table I.2.6),
M302 (Karte),Netherlands,2022,math,Mittelwert,493,DERIVED_OFFICIAL,2025-Mittelwert − offizielle Veränderung 2022→2025 (Table I.2.6),
M302 (Karte),Netherlands,2018,math,Mittelwert,520,COMPUTED_MICRODATA,"OECD-Mikrodaten (Public Use Files 2012/2015/2018/2022), aufbereitet in kevinwang09/learningtower; gewichteter Mittelwert (W_FSTUWT) eines Plausible Value je Domäne",
M302 (Karte),Netherlands,2018,read,Mittelwert,485,COMPUTED_MICRODATA,"OECD-Mikrodaten (Public Use Files 2012/2015/2018/2022), aufbereitet in kevinwang09/learningtower; gewichteter Mittelwert (W_FSTUWT) eines Plausible Value je Domäne",
M302 (Karte),Netherlands,2018,sci,Mittelwert,504,COMPUTED_MICRODATA,"OECD-Mikrodaten (Public Use Files 2012/2015/2018/2022), aufbereitet in kevinwang09/learningtower; gewichteter Mittelwert (W_FSTUWT) eines Plausible Value je Domäne",
M302 (Karte),New Zealand,2012,math,Mittelwert,500,SECONDARY_OECDSTAT,"OECD.Stat-Extrakt 2003–2015 (Mirror kirenz/datasets, CC BY)",
M302 (Karte),New Zealand,2012,read,Mittelwert,512,COMPUTED_MICRODATA,"OECD-Mikrodaten (Public Use Files 2012/2015/2018/2022), aufbereitet in kevinwang09/learningtower; gewichteter Mittelwert (W_FSTUWT) eines Plausible Value je Domäne",
M302 (Karte),New Zealand,2012,sci,Mittelwert,516,COMPUTED_MICRODATA,"OECD-Mikrodaten (Public Use Files 2012/2015/2018/2022), aufbereitet in kevinwang09/learningtower; gewichteter Mittelwert (W_FSTUWT) eines Plausible Value je Domäne",
M302 (Karte),New Zealand,2015,math,Mittelwert,495,SECONDARY_OECDSTAT,"OECD.Stat-Extrakt 2003–2015 (Mirror kirenz/datasets, CC BY)",
M302 (Karte),New Zealand,2015,read,Mittelwert,509,COMPUTED_MICRODATA,"OECD-Mikrodaten (Public Use Files 2012/2015/2018/2022), aufbereitet in kevinwang09/learningtower; gewichteter Mittelwert (W_FSTUWT) eines Plausible Value je Domäne",
M302 (Karte),New Zealand,2015,sci,Mittelwert,514,COMPUTED_MICRODATA,"OECD-Mikrodaten (Public Use Files 2012/2015/2018/2022), aufbereitet in kevinwang09/learningtower; gewichteter Mittelwert (W_FSTUWT) eines Plausible Value je Domäne",
M302 (Karte),New Zealand,2022,sci,Mittelwert,504,DERIVED_OFFICIAL,2025-Mittelwert − offizielle Veränderung 2022→2025 (Table I.2.6),
M302 (Karte),New Zealand,2022,read,Mittelwert,501,DERIVED_OFFICIAL,2025-Mittelwert − offizielle Veränderung 2022→2025 (Table I.2.6),
M302 (Karte),New Zealand,2022,math,Mittelwert,479,DERIVED_OFFICIAL,2025-Mittelwert − offizielle Veränderung 2022→2025 (Table I.2.6),
M302 (Karte),New Zealand,2018,math,Mittelwert,495,COMPUTED_MICRODATA,"OECD-Mikrodaten (Public Use Files 2012/2015/2018/2022), aufbereitet in kevinwang09/learningtower; gewichteter Mittelwert (W_FSTUWT) eines Plausible Value je Domäne",
M302 (Karte),New Zealand,2018,read,Mittelwert,505,COMPUTED_MICRODATA,"OECD-Mikrodaten (Public Use Files 2012/2015/2018/2022), aufbereitet in kevinwang09/learningtower; gewichteter Mittelwert (W_FSTUWT) eines Plausible Value je Domäne",
M302 (Karte),New Zealand,2018,sci,Mittelwert,510,COMPUTED_MICRODATA,"OECD-Mikrodaten (Public Use Files 2012/2015/2018/2022), aufbereitet in kevinwang09/learningtower; gewichteter Mittelwert (W_FSTUWT) eines Plausible Value je Domäne",
M302 (Karte),Norway,2012,math,Mittelwert,489,SECONDARY_OECDSTAT,"OECD.Stat-Extrakt 2003–2015 (Mirror kirenz/datasets, CC BY)",
M302 (Karte),Norway,2012,read,Mittelwert,504,COMPUTED_MICRODATA,"OECD-Mikrodaten (Public Use Files 2012/2015/2018/2022), aufbereitet in kevinwang09/learningtower; gewichteter Mittelwert (W_FSTUWT) eines Plausible Value je Domäne",
M302 (Karte),Norway,2012,sci,Mittelwert,494,COMPUTED_MICRODATA,"OECD-Mikrodaten (Public Use Files 2012/2015/2018/2022), aufbereitet in kevinwang09/learningtower; gewichteter Mittelwert (W_FSTUWT) eines Plausible Value je Domäne",
M302 (Karte),Norway,2015,math,Mittelwert,502,SECONDARY_OECDSTAT,"OECD.Stat-Extrakt 2003–2015 (Mirror kirenz/datasets, CC BY)",
M302 (Karte),Norway,2015,read,Mittelwert,514,COMPUTED_MICRODATA,"OECD-Mikrodaten (Public Use Files 2012/2015/2018/2022), aufbereitet in kevinwang09/learningtower; gewichteter Mittelwert (W_FSTUWT) eines Plausible Value je Domäne",
M302 (Karte),Norway,2015,sci,Mittelwert,499,COMPUTED_MICRODATA,"OECD-Mikrodaten (Public Use Files 2012/2015/2018/2022), aufbereitet in kevinwang09/learningtower; gewichteter Mittelwert (W_FSTUWT) eines Plausible Value je Domäne",
M302 (Karte),Norway,2022,sci,Mittelwert,478,DERIVED_OFFICIAL,2025-Mittelwert − offizielle Veränderung 2022→2025 (Table I.2.6),
M302 (Karte),Norway,2022,read,Mittelwert,476,DERIVED_OFFICIAL,2025-Mittelwert − offizielle Veränderung 2022→2025 (Table I.2.6),
M302 (Karte),Norway,2022,math,Mittelwert,468,DERIVED_OFFICIAL,2025-Mittelwert − offizielle Veränderung 2022→2025 (Table I.2.6),
M302 (Karte),Norway,2018,math,Mittelwert,503,COMPUTED_MICRODATA,"OECD-Mikrodaten (Public Use Files 2012/2015/2018/2022), aufbereitet in kevinwang09/learningtower; gewichteter Mittelwert (W_FSTUWT) eines Plausible Value je Domäne",
M302 (Karte),Norway,2018,read,Mittelwert,499,COMPUTED_MICRODATA,"OECD-Mikrodaten (Public Use Files 2012/2015/2018/2022), aufbereitet in kevinwang09/learningtower; gewichteter Mittelwert (W_FSTUWT) eines Plausible Value je Domäne",
M302 (Karte),Norway,2018,sci,Mittelwert,490,COMPUTED_MICRODATA,"OECD-Mikrodaten (Public Use Files 2012/2015/2018/2022), aufbereitet in kevinwang09/learningtower; gewichteter Mittelwert (W_FSTUWT) eines Plausible Value je Domäne",
M302 (Karte),Poland,2012,math,Mittelwert,518,SECONDARY_OECDSTAT,"OECD.Stat-Extrakt 2003–2015 (Mirror kirenz/datasets, CC BY)",
M302 (Karte),Poland,2012,read,Mittelwert,519,COMPUTED_MICRODATA,"OECD-Mikrodaten (Public Use Files 2012/2015/2018/2022), aufbereitet in kevinwang09/learningtower; gewichteter Mittelwert (W_FSTUWT) eines Plausible Value je Domäne",
M302 (Karte),Poland,2012,sci,Mittelwert,526,COMPUTED_MICRODATA,"OECD-Mikrodaten (Public Use Files 2012/2015/2018/2022), aufbereitet in kevinwang09/learningtower; gewichteter Mittelwert (W_FSTUWT) eines Plausible Value je Domäne",
M302 (Karte),Poland,2015,math,Mittelwert,504,SECONDARY_OECDSTAT,"OECD.Stat-Extrakt 2003–2015 (Mirror kirenz/datasets, CC BY)",
M302 (Karte),Poland,2015,read,Mittelwert,506,COMPUTED_MICRODATA,"OECD-Mikrodaten (Public Use Files 2012/2015/2018/2022), aufbereitet in kevinwang09/learningtower; gewichteter Mittelwert (W_FSTUWT) eines Plausible Value je Domäne",
M302 (Karte),Poland,2015,sci,Mittelwert,501,COMPUTED_MICRODATA,"OECD-Mikrodaten (Public Use Files 2012/2015/2018/2022), aufbereitet in kevinwang09/learningtower; gewichteter Mittelwert (W_FSTUWT) eines Plausible Value je Domäne",
M302 (Karte),Poland,2022,sci,Mittelwert,499,DERIVED_OFFICIAL,2025-Mittelwert − offizielle Veränderung 2022→2025 (Table I.2.6),
M302 (Karte),Poland,2022,read,Mittelwert,489,DERIVED_OFFICIAL,2025-Mittelwert − offizielle Veränderung 2022→2025 (Table I.2.6),
M302 (Karte),Poland,2022,math,Mittelwert,489,DERIVED_OFFICIAL,2025-Mittelwert − offizielle Veränderung 2022→2025 (Table I.2.6),
M302 (Karte),Poland,2018,math,Mittelwert,516,COMPUTED_MICRODATA,"OECD-Mikrodaten (Public Use Files 2012/2015/2018/2022), aufbereitet in kevinwang09/learningtower; gewichteter Mittelwert (W_FSTUWT) eines Plausible Value je Domäne",
M302 (Karte),Poland,2018,read,Mittelwert,512,COMPUTED_MICRODATA,"OECD-Mikrodaten (Public Use Files 2012/2015/2018/2022), aufbereitet in kevinwang09/learningtower; gewichteter Mittelwert (W_FSTUWT) eines Plausible Value je Domäne",
M302 (Karte),Poland,2018,sci,Mittelwert,511,COMPUTED_MICRODATA,"OECD-Mikrodaten (Public Use Files 2012/2015/2018/2022), aufbereitet in kevinwang09/learningtower; gewichteter Mittelwert (W_FSTUWT) eines Plausible Value je Domäne",
M302 (Karte),Portugal,2012,math,Mittelwert,487,SECONDARY_OECDSTAT,"OECD.Stat-Extrakt 2003–2015 (Mirror kirenz/datasets, CC BY)",
M302 (Karte),Portugal,2012,read,Mittelwert,488,COMPUTED_MICRODATA,"OECD-Mikrodaten (Public Use Files 2012/2015/2018/2022), aufbereitet in kevinwang09/learningtower; gewichteter Mittelwert (W_FSTUWT) eines Plausible Value je Domäne",
M302 (Karte),Portugal,2012,sci,Mittelwert,489,COMPUTED_MICRODATA,"OECD-Mikrodaten (Public Use Files 2012/2015/2018/2022), aufbereitet in kevinwang09/learningtower; gewichteter Mittelwert (W_FSTUWT) eines Plausible Value je Domäne",
M302 (Karte),Portugal,2015,math,Mittelwert,492,SECONDARY_OECDSTAT,"OECD.Stat-Extrakt 2003–2015 (Mirror kirenz/datasets, CC BY)",
M302 (Karte),Portugal,2015,read,Mittelwert,498,COMPUTED_MICRODATA,"OECD-Mikrodaten (Public Use Files 2012/2015/2018/2022), aufbereitet in kevinwang09/learningtower; gewichteter Mittelwert (W_FSTUWT) eines Plausible Value je Domäne",
M302 (Karte),Portugal,2015,sci,Mittelwert,500,COMPUTED_MICRODATA,"OECD-Mikrodaten (Public Use Files 2012/2015/2018/2022), aufbereitet in kevinwang09/learningtower; gewichteter Mittelwert (W_FSTUWT) eines Plausible Value je Domäne",
M302 (Karte),Portugal,2022,sci,Mittelwert,484,DERIVED_OFFICIAL,2025-Mittelwert − offizielle Veränderung 2022→2025 (Table I.2.6),
M302 (Karte),Portugal,2022,read,Mittelwert,477,DERIVED_OFFICIAL,2025-Mittelwert − offizielle Veränderung 2022→2025 (Table I.2.6),
M302 (Karte),Portugal,2022,math,Mittelwert,472,DERIVED_OFFICIAL,2025-Mittelwert − offizielle Veränderung 2022→2025 (Table I.2.6),
M302 (Karte),Portugal,2018,math,Mittelwert,493,COMPUTED_MICRODATA,"OECD-Mikrodaten (Public Use Files 2012/2015/2018/2022), aufbereitet in kevinwang09/learningtower; gewichteter Mittelwert (W_FSTUWT) eines Plausible Value je Domäne",
M302 (Karte),Portugal,2018,read,Mittelwert,492,COMPUTED_MICRODATA,"OECD-Mikrodaten (Public Use Files 2012/2015/2018/2022), aufbereitet in kevinwang09/learningtower; gewichteter Mittelwert (W_FSTUWT) eines Plausible Value je Domäne",
M302 (Karte),Portugal,2018,sci,Mittelwert,492,COMPUTED_MICRODATA,"OECD-Mikrodaten (Public Use Files 2012/2015/2018/2022), aufbereitet in kevinwang09/learningtower; gewichteter Mittelwert (W_FSTUWT) eines Plausible Value je Domäne",
M302 (Karte),Slovak Republic,2012,math,Mittelwert,482,SECONDARY_OECDSTAT,"OECD.Stat-Extrakt 2003–2015 (Mirror kirenz/datasets, CC BY)",
M302 (Karte),Slovak Republic,2012,read,Mittelwert,463,COMPUTED_MICRODATA,"OECD-Mikrodaten (Public Use Files 2012/2015/2018/2022), aufbereitet in kevinwang09/learningtower; gewichteter Mittelwert (W_FSTUWT) eines Plausible Value je Domäne",
M302 (Karte),Slovak Republic,2012,sci,Mittelwert,471,COMPUTED_MICRODATA,"OECD-Mikrodaten (Public Use Files 2012/2015/2018/2022), aufbereitet in kevinwang09/learningtower; gewichteter Mittelwert (W_FSTUWT) eines Plausible Value je Domäne",
M302 (Karte),Slovak Republic,2015,math,Mittelwert,475,SECONDARY_OECDSTAT,"OECD.Stat-Extrakt 2003–2015 (Mirror kirenz/datasets, CC BY)",
M302 (Karte),Slovak Republic,2015,read,Mittelwert,453,COMPUTED_MICRODATA,"OECD-Mikrodaten (Public Use Files 2012/2015/2018/2022), aufbereitet in kevinwang09/learningtower; gewichteter Mittelwert (W_FSTUWT) eines Plausible Value je Domäne",
M302 (Karte),Slovak Republic,2015,sci,Mittelwert,462,COMPUTED_MICRODATA,"OECD-Mikrodaten (Public Use Files 2012/2015/2018/2022), aufbereitet in kevinwang09/learningtower; gewichteter Mittelwert (W_FSTUWT) eines Plausible Value je Domäne",
M302 (Karte),Slovak Republic,2022,sci,Mittelwert,462,DERIVED_OFFICIAL,2025-Mittelwert − offizielle Veränderung 2022→2025 (Table I.2.6),
M302 (Karte),Slovak Republic,2022,read,Mittelwert,447,DERIVED_OFFICIAL,2025-Mittelwert − offizielle Veränderung 2022→2025 (Table I.2.6),
M302 (Karte),Slovak Republic,2022,math,Mittelwert,464,DERIVED_OFFICIAL,2025-Mittelwert − offizielle Veränderung 2022→2025 (Table I.2.6),
M302 (Karte),Slovak Republic,2018,math,Mittelwert,488,COMPUTED_MICRODATA,"OECD-Mikrodaten (Public Use Files 2012/2015/2018/2022), aufbereitet in kevinwang09/learningtower; gewichteter Mittelwert (W_FSTUWT) eines Plausible Value je Domäne",
M302 (Karte),Slovak Republic,2018,read,Mittelwert,458,COMPUTED_MICRODATA,"OECD-Mikrodaten (Public Use Files 2012/2015/2018/2022), aufbereitet in kevinwang09/learningtower; gewichteter Mittelwert (W_FSTUWT) eines Plausible Value je Domäne",
M302 (Karte),Slovak Republic,2018,sci,Mittelwert,464,COMPUTED_MICRODATA,"OECD-Mikrodaten (Public Use Files 2012/2015/2018/2022), aufbereitet in kevinwang09/learningtower; gewichteter Mittelwert (W_FSTUWT) eines Plausible Value je Domäne",
M302 (Karte),Spain,2012,math,Mittelwert,484,SECONDARY_OECDSTAT,"OECD.Stat-Extrakt 2003–2015 (Mirror kirenz/datasets, CC BY)",
M302 (Karte),Spain,2012,read,Mittelwert,488,COMPUTED_MICRODATA,"OECD-Mikrodaten (Public Use Files 2012/2015/2018/2022), aufbereitet in kevinwang09/learningtower; gewichteter Mittelwert (W_FSTUWT) eines Plausible Value je Domäne",
M302 (Karte),Spain,2012,sci,Mittelwert,496,COMPUTED_MICRODATA,"OECD-Mikrodaten (Public Use Files 2012/2015/2018/2022), aufbereitet in kevinwang09/learningtower; gewichteter Mittelwert (W_FSTUWT) eines Plausible Value je Domäne",
M302 (Karte),Spain,2015,math,Mittelwert,486,SECONDARY_OECDSTAT,"OECD.Stat-Extrakt 2003–2015 (Mirror kirenz/datasets, CC BY)",
M302 (Karte),Spain,2015,read,Mittelwert,495,COMPUTED_MICRODATA,"OECD-Mikrodaten (Public Use Files 2012/2015/2018/2022), aufbereitet in kevinwang09/learningtower; gewichteter Mittelwert (W_FSTUWT) eines Plausible Value je Domäne",
M302 (Karte),Spain,2015,sci,Mittelwert,493,COMPUTED_MICRODATA,"OECD-Mikrodaten (Public Use Files 2012/2015/2018/2022), aufbereitet in kevinwang09/learningtower; gewichteter Mittelwert (W_FSTUWT) eines Plausible Value je Domäne",
M302 (Karte),Spain,2022,sci,Mittelwert,484,DERIVED_OFFICIAL,2025-Mittelwert − offizielle Veränderung 2022→2025 (Table I.2.6),
M302 (Karte),Spain,2022,read,Mittelwert,474,DERIVED_OFFICIAL,2025-Mittelwert − offizielle Veränderung 2022→2025 (Table I.2.6),
M302 (Karte),Spain,2022,math,Mittelwert,473,DERIVED_OFFICIAL,2025-Mittelwert − offizielle Veränderung 2022→2025 (Table I.2.6),
M302 (Karte),Spain,2018,math,Mittelwert,482,COMPUTED_MICRODATA,"OECD-Mikrodaten (Public Use Files 2012/2015/2018/2022), aufbereitet in kevinwang09/learningtower; gewichteter Mittelwert (W_FSTUWT) eines Plausible Value je Domäne",
M302 (Karte),Spain,2018,read,Mittelwert,477,COMPUTED_MICRODATA,"OECD-Mikrodaten (Public Use Files 2012/2015/2018/2022), aufbereitet in kevinwang09/learningtower; gewichteter Mittelwert (W_FSTUWT) eines Plausible Value je Domäne",
M302 (Karte),Spain,2018,sci,Mittelwert,483,COMPUTED_MICRODATA,"OECD-Mikrodaten (Public Use Files 2012/2015/2018/2022), aufbereitet in kevinwang09/learningtower; gewichteter Mittelwert (W_FSTUWT) eines Plausible Value je Domäne",
M302 (Karte),Sweden,2012,math,Mittelwert,478,SECONDARY_OECDSTAT,"OECD.Stat-Extrakt 2003–2015 (Mirror kirenz/datasets, CC BY)",
M302 (Karte),Sweden,2012,read,Mittelwert,484,COMPUTED_MICRODATA,"OECD-Mikrodaten (Public Use Files 2012/2015/2018/2022), aufbereitet in kevinwang09/learningtower; gewichteter Mittelwert (W_FSTUWT) eines Plausible Value je Domäne",
M302 (Karte),Sweden,2012,sci,Mittelwert,484,COMPUTED_MICRODATA,"OECD-Mikrodaten (Public Use Files 2012/2015/2018/2022), aufbereitet in kevinwang09/learningtower; gewichteter Mittelwert (W_FSTUWT) eines Plausible Value je Domäne",
M302 (Karte),Sweden,2015,math,Mittelwert,494,SECONDARY_OECDSTAT,"OECD.Stat-Extrakt 2003–2015 (Mirror kirenz/datasets, CC BY)",
M302 (Karte),Sweden,2015,read,Mittelwert,500,COMPUTED_MICRODATA,"OECD-Mikrodaten (Public Use Files 2012/2015/2018/2022), aufbereitet in kevinwang09/learningtower; gewichteter Mittelwert (W_FSTUWT) eines Plausible Value je Domäne",
M302 (Karte),Sweden,2015,sci,Mittelwert,493,COMPUTED_MICRODATA,"OECD-Mikrodaten (Public Use Files 2012/2015/2018/2022), aufbereitet in kevinwang09/learningtower; gewichteter Mittelwert (W_FSTUWT) eines Plausible Value je Domäne",
M302 (Karte),Sweden,2022,sci,Mittelwert,494,DERIVED_OFFICIAL,2025-Mittelwert − offizielle Veränderung 2022→2025 (Table I.2.6),
M302 (Karte),Sweden,2022,read,Mittelwert,487,DERIVED_OFFICIAL,2025-Mittelwert − offizielle Veränderung 2022→2025 (Table I.2.6),
M302 (Karte),Sweden,2022,math,Mittelwert,482,DERIVED_OFFICIAL,2025-Mittelwert − offizielle Veränderung 2022→2025 (Table I.2.6),
M302 (Karte),Sweden,2018,math,Mittelwert,503,COMPUTED_MICRODATA,"OECD-Mikrodaten (Public Use Files 2012/2015/2018/2022), aufbereitet in kevinwang09/learningtower; gewichteter Mittelwert (W_FSTUWT) eines Plausible Value je Domäne",
M302 (Karte),Sweden,2018,read,Mittelwert,506,COMPUTED_MICRODATA,"OECD-Mikrodaten (Public Use Files 2012/2015/2018/2022), aufbereitet in kevinwang09/learningtower; gewichteter Mittelwert (W_FSTUWT) eines Plausible Value je Domäne",
M302 (Karte),Sweden,2018,sci,Mittelwert,499,COMPUTED_MICRODATA,"OECD-Mikrodaten (Public Use Files 2012/2015/2018/2022), aufbereitet in kevinwang09/learningtower; gewichteter Mittelwert (W_FSTUWT) eines Plausible Value je Domäne",
M302 (Karte),Switzerland,2012,math,Mittelwert,531,SECONDARY_OECDSTAT,"OECD.Stat-Extrakt 2003–2015 (Mirror kirenz/datasets, CC BY)",
M302 (Karte),Switzerland,2012,read,Mittelwert,508,COMPUTED_MICRODATA,"OECD-Mikrodaten (Public Use Files 2012/2015/2018/2022), aufbereitet in kevinwang09/learningtower; gewichteter Mittelwert (W_FSTUWT) eines Plausible Value je Domäne",
M302 (Karte),Switzerland,2012,sci,Mittelwert,515,COMPUTED_MICRODATA,"OECD-Mikrodaten (Public Use Files 2012/2015/2018/2022), aufbereitet in kevinwang09/learningtower; gewichteter Mittelwert (W_FSTUWT) eines Plausible Value je Domäne",
M302 (Karte),Switzerland,2015,math,Mittelwert,521,SECONDARY_OECDSTAT,"OECD.Stat-Extrakt 2003–2015 (Mirror kirenz/datasets, CC BY)",
M302 (Karte),Switzerland,2015,read,Mittelwert,492,COMPUTED_MICRODATA,"OECD-Mikrodaten (Public Use Files 2012/2015/2018/2022), aufbereitet in kevinwang09/learningtower; gewichteter Mittelwert (W_FSTUWT) eines Plausible Value je Domäne",
M302 (Karte),Switzerland,2015,sci,Mittelwert,506,COMPUTED_MICRODATA,"OECD-Mikrodaten (Public Use Files 2012/2015/2018/2022), aufbereitet in kevinwang09/learningtower; gewichteter Mittelwert (W_FSTUWT) eines Plausible Value je Domäne",
M302 (Karte),Switzerland,2022,sci,Mittelwert,502,DERIVED_OFFICIAL,2025-Mittelwert − offizielle Veränderung 2022→2025 (Table I.2.6),
M302 (Karte),Switzerland,2022,read,Mittelwert,483,DERIVED_OFFICIAL,2025-Mittelwert − offizielle Veränderung 2022→2025 (Table I.2.6),
M302 (Karte),Switzerland,2022,math,Mittelwert,508,DERIVED_OFFICIAL,2025-Mittelwert − offizielle Veränderung 2022→2025 (Table I.2.6),
M302 (Karte),Switzerland,2018,math,Mittelwert,515,COMPUTED_MICRODATA,"OECD-Mikrodaten (Public Use Files 2012/2015/2018/2022), aufbereitet in kevinwang09/learningtower; gewichteter Mittelwert (W_FSTUWT) eines Plausible Value je Domäne",
M302 (Karte),Switzerland,2018,read,Mittelwert,484,COMPUTED_MICRODATA,"OECD-Mikrodaten (Public Use Files 2012/2015/2018/2022), aufbereitet in kevinwang09/learningtower; gewichteter Mittelwert (W_FSTUWT) eines Plausible Value je Domäne",
M302 (Karte),Switzerland,2018,sci,Mittelwert,496,COMPUTED_MICRODATA,"OECD-Mikrodaten (Public Use Files 2012/2015/2018/2022), aufbereitet in kevinwang09/learningtower; gewichteter Mittelwert (W_FSTUWT) eines Plausible Value je Domäne",
M302 (Karte),Türkiye,2012,math,Mittelwert,448,SECONDARY_OECDSTAT,"OECD.Stat-Extrakt 2003–2015 (Mirror kirenz/datasets, CC BY)",
M302 (Karte),Türkiye,2012,read,Mittelwert,475,COMPUTED_MICRODATA,"OECD-Mikrodaten (Public Use Files 2012/2015/2018/2022), aufbereitet in kevinwang09/learningtower; gewichteter Mittelwert (W_FSTUWT) eines Plausible Value je Domäne",
M302 (Karte),Türkiye,2012,sci,Mittelwert,463,COMPUTED_MICRODATA,"OECD-Mikrodaten (Public Use Files 2012/2015/2018/2022), aufbereitet in kevinwang09/learningtower; gewichteter Mittelwert (W_FSTUWT) eines Plausible Value je Domäne",
M302 (Karte),Türkiye,2015,math,Mittelwert,420,SECONDARY_OECDSTAT,"OECD.Stat-Extrakt 2003–2015 (Mirror kirenz/datasets, CC BY)",
M302 (Karte),Türkiye,2015,read,Mittelwert,429,COMPUTED_MICRODATA,"OECD-Mikrodaten (Public Use Files 2012/2015/2018/2022), aufbereitet in kevinwang09/learningtower; gewichteter Mittelwert (W_FSTUWT) eines Plausible Value je Domäne",
M302 (Karte),Türkiye,2015,sci,Mittelwert,426,COMPUTED_MICRODATA,"OECD-Mikrodaten (Public Use Files 2012/2015/2018/2022), aufbereitet in kevinwang09/learningtower; gewichteter Mittelwert (W_FSTUWT) eines Plausible Value je Domäne",
M302 (Karte),Türkiye,2022,sci,Mittelwert,476,DERIVED_OFFICIAL,2025-Mittelwert − offizielle Veränderung 2022→2025 (Table I.2.6),
M302 (Karte),Türkiye,2022,read,Mittelwert,456,DERIVED_OFFICIAL,2025-Mittelwert − offizielle Veränderung 2022→2025 (Table I.2.6),
M302 (Karte),Türkiye,2022,math,Mittelwert,453,DERIVED_OFFICIAL,2025-Mittelwert − offizielle Veränderung 2022→2025 (Table I.2.6),
M302 (Karte),Türkiye,2018,math,Mittelwert,454,COMPUTED_MICRODATA,"OECD-Mikrodaten (Public Use Files 2012/2015/2018/2022), aufbereitet in kevinwang09/learningtower; gewichteter Mittelwert (W_FSTUWT) eines Plausible Value je Domäne",
M302 (Karte),Türkiye,2018,read,Mittelwert,465,COMPUTED_MICRODATA,"OECD-Mikrodaten (Public Use Files 2012/2015/2018/2022), aufbereitet in kevinwang09/learningtower; gewichteter Mittelwert (W_FSTUWT) eines Plausible Value je Domäne",
M302 (Karte),Türkiye,2018,sci,Mittelwert,468,COMPUTED_MICRODATA,"OECD-Mikrodaten (Public Use Files 2012/2015/2018/2022), aufbereitet in kevinwang09/learningtower; gewichteter Mittelwert (W_FSTUWT) eines Plausible Value je Domäne",
M302 (Karte),United Kingdom,2012,math,Mittelwert,494,SECONDARY_OECDSTAT,"OECD.Stat-Extrakt 2003–2015 (Mirror kirenz/datasets, CC BY)",
M302 (Karte),United Kingdom,2012,read,Mittelwert,500,COMPUTED_MICRODATA,"OECD-Mikrodaten (Public Use Files 2012/2015/2018/2022), aufbereitet in kevinwang09/learningtower; gewichteter Mittelwert (W_FSTUWT) eines Plausible Value je Domäne",
M302 (Karte),United Kingdom,2012,sci,Mittelwert,514,COMPUTED_MICRODATA,"OECD-Mikrodaten (Public Use Files 2012/2015/2018/2022), aufbereitet in kevinwang09/learningtower; gewichteter Mittelwert (W_FSTUWT) eines Plausible Value je Domäne",
M302 (Karte),United Kingdom,2015,math,Mittelwert,492,SECONDARY_OECDSTAT,"OECD.Stat-Extrakt 2003–2015 (Mirror kirenz/datasets, CC BY)",
M302 (Karte),United Kingdom,2015,read,Mittelwert,497,COMPUTED_MICRODATA,"OECD-Mikrodaten (Public Use Files 2012/2015/2018/2022), aufbereitet in kevinwang09/learningtower; gewichteter Mittelwert (W_FSTUWT) eines Plausible Value je Domäne",
M302 (Karte),United Kingdom,2015,sci,Mittelwert,510,COMPUTED_MICRODATA,"OECD-Mikrodaten (Public Use Files 2012/2015/2018/2022), aufbereitet in kevinwang09/learningtower; gewichteter Mittelwert (W_FSTUWT) eines Plausible Value je Domäne",
M302 (Karte),United Kingdom,2022,sci,Mittelwert,500,DERIVED_OFFICIAL,2025-Mittelwert − offizielle Veränderung 2022→2025 (Table I.2.6),
M302 (Karte),United Kingdom,2022,read,Mittelwert,494,DERIVED_OFFICIAL,2025-Mittelwert − offizielle Veränderung 2022→2025 (Table I.2.6),
M302 (Karte),United Kingdom,2022,math,Mittelwert,489,DERIVED_OFFICIAL,2025-Mittelwert − offizielle Veränderung 2022→2025 (Table I.2.6),
M302 (Karte),United Kingdom,2018,math,Mittelwert,502,COMPUTED_MICRODATA,"OECD-Mikrodaten (Public Use Files 2012/2015/2018/2022), aufbereitet in kevinwang09/learningtower; gewichteter Mittelwert (W_FSTUWT) eines Plausible Value je Domäne",
M302 (Karte),United Kingdom,2018,read,Mittelwert,504,COMPUTED_MICRODATA,"OECD-Mikrodaten (Public Use Files 2012/2015/2018/2022), aufbereitet in kevinwang09/learningtower; gewichteter Mittelwert (W_FSTUWT) eines Plausible Value je Domäne",
M302 (Karte),United Kingdom,2018,sci,Mittelwert,504,COMPUTED_MICRODATA,"OECD-Mikrodaten (Public Use Files 2012/2015/2018/2022), aufbereitet in kevinwang09/learningtower; gewichteter Mittelwert (W_FSTUWT) eines Plausible Value je Domäne",
M302 (Karte),United States,2012,math,Mittelwert,481,SECONDARY_OECDSTAT,"OECD.Stat-Extrakt 2003–2015 (Mirror kirenz/datasets, CC BY)",
M302 (Karte),United States,2012,read,Mittelwert,497,COMPUTED_MICRODATA,"OECD-Mikrodaten (Public Use Files 2012/2015/2018/2022), aufbereitet in kevinwang09/learningtower; gewichteter Mittelwert (W_FSTUWT) eines Plausible Value je Domäne",
M302 (Karte),United States,2012,sci,Mittelwert,497,COMPUTED_MICRODATA,"OECD-Mikrodaten (Public Use Files 2012/2015/2018/2022), aufbereitet in kevinwang09/learningtower; gewichteter Mittelwert (W_FSTUWT) eines Plausible Value je Domäne",
M302 (Karte),United States,2015,math,Mittelwert,470,SECONDARY_OECDSTAT,"OECD.Stat-Extrakt 2003–2015 (Mirror kirenz/datasets, CC BY)",
M302 (Karte),United States,2015,read,Mittelwert,496,COMPUTED_MICRODATA,"OECD-Mikrodaten (Public Use Files 2012/2015/2018/2022), aufbereitet in kevinwang09/learningtower; gewichteter Mittelwert (W_FSTUWT) eines Plausible Value je Domäne",
M302 (Karte),United States,2015,sci,Mittelwert,496,COMPUTED_MICRODATA,"OECD-Mikrodaten (Public Use Files 2012/2015/2018/2022), aufbereitet in kevinwang09/learningtower; gewichteter Mittelwert (W_FSTUWT) eines Plausible Value je Domäne",
M302 (Karte),United States,2022,sci,Mittelwert,499,DERIVED_OFFICIAL,2025-Mittelwert − offizielle Veränderung 2022→2025 (Table I.2.6),
M302 (Karte),United States,2022,read,Mittelwert,504,DERIVED_OFFICIAL,2025-Mittelwert − offizielle Veränderung 2022→2025 (Table I.2.6),
M302 (Karte),United States,2022,math,Mittelwert,465,DERIVED_OFFICIAL,2025-Mittelwert − offizielle Veränderung 2022→2025 (Table I.2.6),
M302 (Karte),United States,2018,math,Mittelwert,478,COMPUTED_MICRODATA,"OECD-Mikrodaten (Public Use Files 2012/2015/2018/2022), aufbereitet in kevinwang09/learningtower; gewichteter Mittelwert (W_FSTUWT) eines Plausible Value je Domäne",
M302 (Karte),United States,2018,read,Mittelwert,505,COMPUTED_MICRODATA,"OECD-Mikrodaten (Public Use Files 2012/2015/2018/2022), aufbereitet in kevinwang09/learningtower; gewichteter Mittelwert (W_FSTUWT) eines Plausible Value je Domäne",
M302 (Karte),United States,2018,sci,Mittelwert,502,COMPUTED_MICRODATA,"OECD-Mikrodaten (Public Use Files 2012/2015/2018/2022), aufbereitet in kevinwang09/learningtower; gewichteter Mittelwert (W_FSTUWT) eines Plausible Value je Domäne",
M302 (Karte),Brazil,2012,math,Mittelwert,389,SECONDARY_OECDSTAT,"OECD.Stat-Extrakt 2003–2015 (Mirror kirenz/datasets, CC BY)",
M302 (Karte),Brazil,2012,read,Mittelwert,406,COMPUTED_MICRODATA,"OECD-Mikrodaten (Public Use Files 2012/2015/2018/2022), aufbereitet in kevinwang09/learningtower; gewichteter Mittelwert (W_FSTUWT) eines Plausible Value je Domäne",
M302 (Karte),Brazil,2012,sci,Mittelwert,402,COMPUTED_MICRODATA,"OECD-Mikrodaten (Public Use Files 2012/2015/2018/2022), aufbereitet in kevinwang09/learningtower; gewichteter Mittelwert (W_FSTUWT) eines Plausible Value je Domäne",
M302 (Karte),Brazil,2015,math,Mittelwert,377,SECONDARY_OECDSTAT,"OECD.Stat-Extrakt 2003–2015 (Mirror kirenz/datasets, CC BY)",
M302 (Karte),Brazil,2015,read,Mittelwert,408,COMPUTED_MICRODATA,"OECD-Mikrodaten (Public Use Files 2012/2015/2018/2022), aufbereitet in kevinwang09/learningtower; gewichteter Mittelwert (W_FSTUWT) eines Plausible Value je Domäne",
M302 (Karte),Brazil,2015,sci,Mittelwert,401,COMPUTED_MICRODATA,"OECD-Mikrodaten (Public Use Files 2012/2015/2018/2022), aufbereitet in kevinwang09/learningtower; gewichteter Mittelwert (W_FSTUWT) eines Plausible Value je Domäne",
M302 (Karte),Brazil,2022,sci,Mittelwert,403,DERIVED_OFFICIAL,2025-Mittelwert − offizielle Veränderung 2022→2025 (Table I.2.6),
M302 (Karte),Brazil,2022,read,Mittelwert,410,DERIVED_OFFICIAL,2025-Mittelwert − offizielle Veränderung 2022→2025 (Table I.2.6),
M302 (Karte),Brazil,2022,math,Mittelwert,379,DERIVED_OFFICIAL,2025-Mittelwert − offizielle Veränderung 2022→2025 (Table I.2.6),
M302 (Karte),Brazil,2018,math,Mittelwert,383,COMPUTED_MICRODATA,"OECD-Mikrodaten (Public Use Files 2012/2015/2018/2022), aufbereitet in kevinwang09/learningtower; gewichteter Mittelwert (W_FSTUWT) eines Plausible Value je Domäne",
M302 (Karte),Brazil,2018,read,Mittelwert,413,COMPUTED_MICRODATA,"OECD-Mikrodaten (Public Use Files 2012/2015/2018/2022), aufbereitet in kevinwang09/learningtower; gewichteter Mittelwert (W_FSTUWT) eines Plausible Value je Domäne",
M302 (Karte),Brazil,2018,sci,Mittelwert,404,COMPUTED_MICRODATA,"OECD-Mikrodaten (Public Use Files 2012/2015/2018/2022), aufbereitet in kevinwang09/learningtower; gewichteter Mittelwert (W_FSTUWT) eines Plausible Value je Domäne",
M302 (Karte),Chile,2012,math,Mittelwert,423,SECONDARY_OECDSTAT,"OECD.Stat-Extrakt 2003–2015 (Mirror kirenz/datasets, CC BY)",
M302 (Karte),Chile,2012,read,Mittelwert,441,COMPUTED_MICRODATA,"OECD-Mikrodaten (Public Use Files 2012/2015/2018/2022), aufbereitet in kevinwang09/learningtower; gewichteter Mittelwert (W_FSTUWT) eines Plausible Value je Domäne",
M302 (Karte),Chile,2012,sci,Mittelwert,445,COMPUTED_MICRODATA,"OECD-Mikrodaten (Public Use Files 2012/2015/2018/2022), aufbereitet in kevinwang09/learningtower; gewichteter Mittelwert (W_FSTUWT) eines Plausible Value je Domäne",
M302 (Karte),Chile,2015,math,Mittelwert,423,SECONDARY_OECDSTAT,"OECD.Stat-Extrakt 2003–2015 (Mirror kirenz/datasets, CC BY)",
M302 (Karte),Chile,2015,read,Mittelwert,458,COMPUTED_MICRODATA,"OECD-Mikrodaten (Public Use Files 2012/2015/2018/2022), aufbereitet in kevinwang09/learningtower; gewichteter Mittelwert (W_FSTUWT) eines Plausible Value je Domäne",
M302 (Karte),Chile,2015,sci,Mittelwert,447,COMPUTED_MICRODATA,"OECD-Mikrodaten (Public Use Files 2012/2015/2018/2022), aufbereitet in kevinwang09/learningtower; gewichteter Mittelwert (W_FSTUWT) eines Plausible Value je Domäne",
M302 (Karte),Chile,2022,sci,Mittelwert,444,DERIVED_OFFICIAL,2025-Mittelwert − offizielle Veränderung 2022→2025 (Table I.2.6),
M302 (Karte),Chile,2022,read,Mittelwert,448,DERIVED_OFFICIAL,2025-Mittelwert − offizielle Veränderung 2022→2025 (Table I.2.6),
M302 (Karte),Chile,2022,math,Mittelwert,412,DERIVED_OFFICIAL,2025-Mittelwert − offizielle Veränderung 2022→2025 (Table I.2.6),
M302 (Karte),Chile,2018,math,Mittelwert,418,COMPUTED_MICRODATA,"OECD-Mikrodaten (Public Use Files 2012/2015/2018/2022), aufbereitet in kevinwang09/learningtower; gewichteter Mittelwert (W_FSTUWT) eines Plausible Value je Domäne",
M302 (Karte),Chile,2018,read,Mittelwert,453,COMPUTED_MICRODATA,"OECD-Mikrodaten (Public Use Files 2012/2015/2018/2022), aufbereitet in kevinwang09/learningtower; gewichteter Mittelwert (W_FSTUWT) eines Plausible Value je Domäne",
M302 (Karte),Chile,2018,sci,Mittelwert,443,COMPUTED_MICRODATA,"OECD-Mikrodaten (Public Use Files 2012/2015/2018/2022), aufbereitet in kevinwang09/learningtower; gewichteter Mittelwert (W_FSTUWT) eines Plausible Value je Domäne",
M302 (Karte),Estonia,2012,math,Mittelwert,521,SECONDARY_OECDSTAT,"OECD.Stat-Extrakt 2003–2015 (Mirror kirenz/datasets, CC BY)",
M302 (Karte),Estonia,2012,read,Mittelwert,516,COMPUTED_MICRODATA,"OECD-Mikrodaten (Public Use Files 2012/2015/2018/2022), aufbereitet in kevinwang09/learningtower; gewichteter Mittelwert (W_FSTUWT) eines Plausible Value je Domäne",
M302 (Karte),Estonia,2012,sci,Mittelwert,541,COMPUTED_MICRODATA,"OECD-Mikrodaten (Public Use Files 2012/2015/2018/2022), aufbereitet in kevinwang09/learningtower; gewichteter Mittelwert (W_FSTUWT) eines Plausible Value je Domäne",
M302 (Karte),Estonia,2015,math,Mittelwert,520,SECONDARY_OECDSTAT,"OECD.Stat-Extrakt 2003–2015 (Mirror kirenz/datasets, CC BY)",
M302 (Karte),Estonia,2015,read,Mittelwert,519,COMPUTED_MICRODATA,"OECD-Mikrodaten (Public Use Files 2012/2015/2018/2022), aufbereitet in kevinwang09/learningtower; gewichteter Mittelwert (W_FSTUWT) eines Plausible Value je Domäne",
M302 (Karte),Estonia,2015,sci,Mittelwert,535,COMPUTED_MICRODATA,"OECD-Mikrodaten (Public Use Files 2012/2015/2018/2022), aufbereitet in kevinwang09/learningtower; gewichteter Mittelwert (W_FSTUWT) eines Plausible Value je Domäne",
M302 (Karte),Estonia,2022,sci,Mittelwert,526,DERIVED_OFFICIAL,2025-Mittelwert − offizielle Veränderung 2022→2025 (Table I.2.6),
M302 (Karte),Estonia,2022,read,Mittelwert,511,DERIVED_OFFICIAL,2025-Mittelwert − offizielle Veränderung 2022→2025 (Table I.2.6),
M302 (Karte),Estonia,2022,math,Mittelwert,510,DERIVED_OFFICIAL,2025-Mittelwert − offizielle Veränderung 2022→2025 (Table I.2.6),
M302 (Karte),Estonia,2018,math,Mittelwert,523,COMPUTED_MICRODATA,"OECD-Mikrodaten (Public Use Files 2012/2015/2018/2022), aufbereitet in kevinwang09/learningtower; gewichteter Mittelwert (W_FSTUWT) eines Plausible Value je Domäne",
M302 (Karte),Estonia,2018,read,Mittelwert,523,COMPUTED_MICRODATA,"OECD-Mikrodaten (Public Use Files 2012/2015/2018/2022), aufbereitet in kevinwang09/learningtower; gewichteter Mittelwert (W_FSTUWT) eines Plausible Value je Domäne",
M302 (Karte),Estonia,2018,sci,Mittelwert,530,COMPUTED_MICRODATA,"OECD-Mikrodaten (Public Use Files 2012/2015/2018/2022), aufbereitet in kevinwang09/learningtower; gewichteter Mittelwert (W_FSTUWT) eines Plausible Value je Domäne",
M302 (Karte),Indonesia,2012,math,Mittelwert,375,SECONDARY_OECDSTAT,"OECD.Stat-Extrakt 2003–2015 (Mirror kirenz/datasets, CC BY)",
M302 (Karte),Indonesia,2012,read,Mittelwert,397,COMPUTED_MICRODATA,"OECD-Mikrodaten (Public Use Files 2012/2015/2018/2022), aufbereitet in kevinwang09/learningtower; gewichteter Mittelwert (W_FSTUWT) eines Plausible Value je Domäne",
M302 (Karte),Indonesia,2012,sci,Mittelwert,382,COMPUTED_MICRODATA,"OECD-Mikrodaten (Public Use Files 2012/2015/2018/2022), aufbereitet in kevinwang09/learningtower; gewichteter Mittelwert (W_FSTUWT) eines Plausible Value je Domäne",
M302 (Karte),Indonesia,2015,math,Mittelwert,386,SECONDARY_OECDSTAT,"OECD.Stat-Extrakt 2003–2015 (Mirror kirenz/datasets, CC BY)",
M302 (Karte),Indonesia,2015,read,Mittelwert,398,COMPUTED_MICRODATA,"OECD-Mikrodaten (Public Use Files 2012/2015/2018/2022), aufbereitet in kevinwang09/learningtower; gewichteter Mittelwert (W_FSTUWT) eines Plausible Value je Domäne",
M302 (Karte),Indonesia,2015,sci,Mittelwert,403,COMPUTED_MICRODATA,"OECD-Mikrodaten (Public Use Files 2012/2015/2018/2022), aufbereitet in kevinwang09/learningtower; gewichteter Mittelwert (W_FSTUWT) eines Plausible Value je Domäne",
M302 (Karte),Indonesia,2022,sci,Mittelwert,383,DERIVED_OFFICIAL,2025-Mittelwert − offizielle Veränderung 2022→2025 (Table I.2.6),
M302 (Karte),Indonesia,2022,read,Mittelwert,359,DERIVED_OFFICIAL,2025-Mittelwert − offizielle Veränderung 2022→2025 (Table I.2.6),
M302 (Karte),Indonesia,2022,math,Mittelwert,366,DERIVED_OFFICIAL,2025-Mittelwert − offizielle Veränderung 2022→2025 (Table I.2.6),
M302 (Karte),Indonesia,2018,math,Mittelwert,378,COMPUTED_MICRODATA,"OECD-Mikrodaten (Public Use Files 2012/2015/2018/2022), aufbereitet in kevinwang09/learningtower; gewichteter Mittelwert (W_FSTUWT) eines Plausible Value je Domäne",
M302 (Karte),Indonesia,2018,read,Mittelwert,371,COMPUTED_MICRODATA,"OECD-Mikrodaten (Public Use Files 2012/2015/2018/2022), aufbereitet in kevinwang09/learningtower; gewichteter Mittelwert (W_FSTUWT) eines Plausible Value je Domäne",
M302 (Karte),Indonesia,2018,sci,Mittelwert,397,COMPUTED_MICRODATA,"OECD-Mikrodaten (Public Use Files 2012/2015/2018/2022), aufbereitet in kevinwang09/learningtower; gewichteter Mittelwert (W_FSTUWT) eines Plausible Value je Domäne",
M302 (Karte),Israel,2012,math,Mittelwert,466,SECONDARY_OECDSTAT,"OECD.Stat-Extrakt 2003–2015 (Mirror kirenz/datasets, CC BY)",
M302 (Karte),Israel,2012,read,Mittelwert,486,COMPUTED_MICRODATA,"OECD-Mikrodaten (Public Use Files 2012/2015/2018/2022), aufbereitet in kevinwang09/learningtower; gewichteter Mittelwert (W_FSTUWT) eines Plausible Value je Domäne",
M302 (Karte),Israel,2012,sci,Mittelwert,470,COMPUTED_MICRODATA,"OECD-Mikrodaten (Public Use Files 2012/2015/2018/2022), aufbereitet in kevinwang09/learningtower; gewichteter Mittelwert (W_FSTUWT) eines Plausible Value je Domäne",
M302 (Karte),Israel,2015,math,Mittelwert,470,SECONDARY_OECDSTAT,"OECD.Stat-Extrakt 2003–2015 (Mirror kirenz/datasets, CC BY)",
M302 (Karte),Israel,2015,read,Mittelwert,479,COMPUTED_MICRODATA,"OECD-Mikrodaten (Public Use Files 2012/2015/2018/2022), aufbereitet in kevinwang09/learningtower; gewichteter Mittelwert (W_FSTUWT) eines Plausible Value je Domäne",
M302 (Karte),Israel,2015,sci,Mittelwert,467,COMPUTED_MICRODATA,"OECD-Mikrodaten (Public Use Files 2012/2015/2018/2022), aufbereitet in kevinwang09/learningtower; gewichteter Mittelwert (W_FSTUWT) eines Plausible Value je Domäne",
M302 (Karte),Israel,2022,sci,Mittelwert,465,DERIVED_OFFICIAL,2025-Mittelwert − offizielle Veränderung 2022→2025 (Table I.2.6),
M302 (Karte),Israel,2022,read,Mittelwert,474,DERIVED_OFFICIAL,2025-Mittelwert − offizielle Veränderung 2022→2025 (Table I.2.6),
M302 (Karte),Israel,2022,math,Mittelwert,458,DERIVED_OFFICIAL,2025-Mittelwert − offizielle Veränderung 2022→2025 (Table I.2.6),
M302 (Karte),Israel,2018,math,Mittelwert,462,COMPUTED_MICRODATA,"OECD-Mikrodaten (Public Use Files 2012/2015/2018/2022), aufbereitet in kevinwang09/learningtower; gewichteter Mittelwert (W_FSTUWT) eines Plausible Value je Domäne",
M302 (Karte),Israel,2018,read,Mittelwert,470,COMPUTED_MICRODATA,"OECD-Mikrodaten (Public Use Files 2012/2015/2018/2022), aufbereitet in kevinwang09/learningtower; gewichteter Mittelwert (W_FSTUWT) eines Plausible Value je Domäne",
M302 (Karte),Israel,2018,sci,Mittelwert,463,COMPUTED_MICRODATA,"OECD-Mikrodaten (Public Use Files 2012/2015/2018/2022), aufbereitet in kevinwang09/learningtower; gewichteter Mittelwert (W_FSTUWT) eines Plausible Value je Domäne",
M302 (Karte),Latvia,2012,math,Mittelwert,491,SECONDARY_OECDSTAT,"OECD.Stat-Extrakt 2003–2015 (Mirror kirenz/datasets, CC BY)",
M302 (Karte),Latvia,2012,read,Mittelwert,489,COMPUTED_MICRODATA,"OECD-Mikrodaten (Public Use Files 2012/2015/2018/2022), aufbereitet in kevinwang09/learningtower; gewichteter Mittelwert (W_FSTUWT) eines Plausible Value je Domäne",
M302 (Karte),Latvia,2012,sci,Mittelwert,502,COMPUTED_MICRODATA,"OECD-Mikrodaten (Public Use Files 2012/2015/2018/2022), aufbereitet in kevinwang09/learningtower; gewichteter Mittelwert (W_FSTUWT) eines Plausible Value je Domäne",
M302 (Karte),Latvia,2015,math,Mittelwert,482,SECONDARY_OECDSTAT,"OECD.Stat-Extrakt 2003–2015 (Mirror kirenz/datasets, CC BY)",
M302 (Karte),Latvia,2015,read,Mittelwert,489,COMPUTED_MICRODATA,"OECD-Mikrodaten (Public Use Files 2012/2015/2018/2022), aufbereitet in kevinwang09/learningtower; gewichteter Mittelwert (W_FSTUWT) eines Plausible Value je Domäne",
M302 (Karte),Latvia,2015,sci,Mittelwert,490,COMPUTED_MICRODATA,"OECD-Mikrodaten (Public Use Files 2012/2015/2018/2022), aufbereitet in kevinwang09/learningtower; gewichteter Mittelwert (W_FSTUWT) eines Plausible Value je Domäne",
M302 (Karte),Latvia,2022,sci,Mittelwert,494,DERIVED_OFFICIAL,2025-Mittelwert − offizielle Veränderung 2022→2025 (Table I.2.6),
M302 (Karte),Latvia,2022,read,Mittelwert,475,DERIVED_OFFICIAL,2025-Mittelwert − offizielle Veränderung 2022→2025 (Table I.2.6),
M302 (Karte),Latvia,2022,math,Mittelwert,483,DERIVED_OFFICIAL,2025-Mittelwert − offizielle Veränderung 2022→2025 (Table I.2.6),
M302 (Karte),Latvia,2018,math,Mittelwert,497,COMPUTED_MICRODATA,"OECD-Mikrodaten (Public Use Files 2012/2015/2018/2022), aufbereitet in kevinwang09/learningtower; gewichteter Mittelwert (W_FSTUWT) eines Plausible Value je Domäne",
M302 (Karte),Latvia,2018,read,Mittelwert,478,COMPUTED_MICRODATA,"OECD-Mikrodaten (Public Use Files 2012/2015/2018/2022), aufbereitet in kevinwang09/learningtower; gewichteter Mittelwert (W_FSTUWT) eines Plausible Value je Domäne",
M302 (Karte),Latvia,2018,sci,Mittelwert,488,COMPUTED_MICRODATA,"OECD-Mikrodaten (Public Use Files 2012/2015/2018/2022), aufbereitet in kevinwang09/learningtower; gewichteter Mittelwert (W_FSTUWT) eines Plausible Value je Domäne",
M302 (Karte),Russia,2012,math,Mittelwert,482,SECONDARY_OECDSTAT,"OECD.Stat-Extrakt 2003–2015 (Mirror kirenz/datasets, CC BY)",
M302 (Karte),Russia,2012,read,Mittelwert,475,COMPUTED_MICRODATA,"OECD-Mikrodaten (Public Use Files 2012/2015/2018/2022), aufbereitet in kevinwang09/learningtower; gewichteter Mittelwert (W_FSTUWT) eines Plausible Value je Domäne",
M302 (Karte),Russia,2012,sci,Mittelwert,486,COMPUTED_MICRODATA,"OECD-Mikrodaten (Public Use Files 2012/2015/2018/2022), aufbereitet in kevinwang09/learningtower; gewichteter Mittelwert (W_FSTUWT) eines Plausible Value je Domäne",
M302 (Karte),Russia,2015,math,Mittelwert,494,SECONDARY_OECDSTAT,"OECD.Stat-Extrakt 2003–2015 (Mirror kirenz/datasets, CC BY)",
M302 (Karte),Russia,2015,read,Mittelwert,496,COMPUTED_MICRODATA,"OECD-Mikrodaten (Public Use Files 2012/2015/2018/2022), aufbereitet in kevinwang09/learningtower; gewichteter Mittelwert (W_FSTUWT) eines Plausible Value je Domäne",
M302 (Karte),Russia,2015,sci,Mittelwert,486,COMPUTED_MICRODATA,"OECD-Mikrodaten (Public Use Files 2012/2015/2018/2022), aufbereitet in kevinwang09/learningtower; gewichteter Mittelwert (W_FSTUWT) eines Plausible Value je Domäne",
M302 (Karte),Russia,2018,math,Mittelwert,488,COMPUTED_MICRODATA,"OECD-Mikrodaten (Public Use Files 2012/2015/2018/2022), aufbereitet in kevinwang09/learningtower; gewichteter Mittelwert (W_FSTUWT) eines Plausible Value je Domäne",
M302 (Karte),Russia,2018,read,Mittelwert,479,COMPUTED_MICRODATA,"OECD-Mikrodaten (Public Use Files 2012/2015/2018/2022), aufbereitet in kevinwang09/learningtower; gewichteter Mittelwert (W_FSTUWT) eines Plausible Value je Domäne",
M302 (Karte),Russia,2018,sci,Mittelwert,477,COMPUTED_MICRODATA,"OECD-Mikrodaten (Public Use Files 2012/2015/2018/2022), aufbereitet in kevinwang09/learningtower; gewichteter Mittelwert (W_FSTUWT) eines Plausible Value je Domäne",
M302 (Karte),Slovenia,2012,math,Mittelwert,501,SECONDARY_OECDSTAT,"OECD.Stat-Extrakt 2003–2015 (Mirror kirenz/datasets, CC BY)",
M302 (Karte),Slovenia,2012,read,Mittelwert,480,COMPUTED_MICRODATA,"OECD-Mikrodaten (Public Use Files 2012/2015/2018/2022), aufbereitet in kevinwang09/learningtower; gewichteter Mittelwert (W_FSTUWT) eines Plausible Value je Domäne",
M302 (Karte),Slovenia,2012,sci,Mittelwert,513,COMPUTED_MICRODATA,"OECD-Mikrodaten (Public Use Files 2012/2015/2018/2022), aufbereitet in kevinwang09/learningtower; gewichteter Mittelwert (W_FSTUWT) eines Plausible Value je Domäne",
M302 (Karte),Slovenia,2015,math,Mittelwert,510,SECONDARY_OECDSTAT,"OECD.Stat-Extrakt 2003–2015 (Mirror kirenz/datasets, CC BY)",
M302 (Karte),Slovenia,2015,read,Mittelwert,505,COMPUTED_MICRODATA,"OECD-Mikrodaten (Public Use Files 2012/2015/2018/2022), aufbereitet in kevinwang09/learningtower; gewichteter Mittelwert (W_FSTUWT) eines Plausible Value je Domäne",
M302 (Karte),Slovenia,2015,sci,Mittelwert,512,COMPUTED_MICRODATA,"OECD-Mikrodaten (Public Use Files 2012/2015/2018/2022), aufbereitet in kevinwang09/learningtower; gewichteter Mittelwert (W_FSTUWT) eines Plausible Value je Domäne",
M302 (Karte),Slovenia,2022,sci,Mittelwert,500,DERIVED_OFFICIAL,2025-Mittelwert − offizielle Veränderung 2022→2025 (Table I.2.6),
M302 (Karte),Slovenia,2022,read,Mittelwert,468,DERIVED_OFFICIAL,2025-Mittelwert − offizielle Veränderung 2022→2025 (Table I.2.6),
M302 (Karte),Slovenia,2022,math,Mittelwert,484,DERIVED_OFFICIAL,2025-Mittelwert − offizielle Veränderung 2022→2025 (Table I.2.6),
M302 (Karte),Slovenia,2018,math,Mittelwert,509,COMPUTED_MICRODATA,"OECD-Mikrodaten (Public Use Files 2012/2015/2018/2022), aufbereitet in kevinwang09/learningtower; gewichteter Mittelwert (W_FSTUWT) eines Plausible Value je Domäne",
M302 (Karte),Slovenia,2018,read,Mittelwert,496,COMPUTED_MICRODATA,"OECD-Mikrodaten (Public Use Files 2012/2015/2018/2022), aufbereitet in kevinwang09/learningtower; gewichteter Mittelwert (W_FSTUWT) eines Plausible Value je Domäne",
M302 (Karte),Slovenia,2018,sci,Mittelwert,507,COMPUTED_MICRODATA,"OECD-Mikrodaten (Public Use Files 2012/2015/2018/2022), aufbereitet in kevinwang09/learningtower; gewichteter Mittelwert (W_FSTUWT) eines Plausible Value je Domäne",
M302 (Karte),OECD average,2012,math,Mittelwert,494,SECONDARY_OECDSTAT,"OECD.Stat-Extrakt 2003–2015 (Mirror kirenz/datasets, CC BY)",
M302 (Karte),OECD average,2012,read,Mittelwert,496,COMPUTED_MICRODATA,ungewichtetes Mittel der 34 OECD-Mitglieder (2012) aus Mikrodaten,
M302 (Karte),OECD average,2012,sci,Mittelwert,501,COMPUTED_MICRODATA,ungewichtetes Mittel der 34 OECD-Mitglieder (2012) aus Mikrodaten,
M302 (Karte),OECD average,2015,math,Mittelwert,490,SECONDARY_OECDSTAT,"OECD.Stat-Extrakt 2003–2015 (Mirror kirenz/datasets, CC BY)",
M302 (Karte),OECD average,2015,read,Mittelwert,492,COMPUTED_MICRODATA,ungewichtetes Mittel der 35 OECD-Mitglieder (2015) aus Mikrodaten,
M302 (Karte),OECD average,2015,sci,Mittelwert,493,COMPUTED_MICRODATA,ungewichtetes Mittel der 35 OECD-Mitglieder (2015) aus Mikrodaten,
M302 (Karte),OECD average,2022,read,Mittelwert,476,OFFICIAL_COUNTRYNOTE,OECD PISA 2022 Band I (verifiziert),
M302 (Karte),OECD average,2022,math,Mittelwert,472,OFFICIAL_COUNTRYNOTE,OECD PISA 2022 Band I (verifiziert),
M302 (Karte),OECD average,2022,sci,Mittelwert,485,OFFICIAL_COUNTRYNOTE,OECD PISA 2022 Band I (verifiziert),
M302 (Karte),OECD average,2018,math,Mittelwert,490,COMPUTED_MICRODATA,ungewichtetes Mittel der 37 OECD-Mitglieder (2018) aus Mikrodaten,
M302 (Karte),OECD average,2018,read,Mittelwert,487,COMPUTED_MICRODATA,ungewichtetes Mittel der 37 OECD-Mitglieder (2018) aus Mikrodaten,
M302 (Karte),OECD average,2018,sci,Mittelwert,489,COMPUTED_MICRODATA,ungewichtetes Mittel der 37 OECD-Mitglieder (2018) aus Mikrodaten,
M302 (Karte),Colombia,2015,math,Mittelwert,390,SECONDARY_OECDSTAT,"OECD.Stat-Extrakt 2003–2015 (Mirror kirenz/datasets, CC BY)",
M302 (Karte),Colombia,2015,read,Mittelwert,425,COMPUTED_MICRODATA,"OECD-Mikrodaten (Public Use Files 2012/2015/2018/2022), aufbereitet in kevinwang09/learningtower; gewichteter Mittelwert (W_FSTUWT) eines Plausible Value je Domäne",
M302 (Karte),Colombia,2015,sci,Mittelwert,416,COMPUTED_MICRODATA,"OECD-Mikrodaten (Public Use Files 2012/2015/2018/2022), aufbereitet in kevinwang09/learningtower; gewichteter Mittelwert (W_FSTUWT) eines Plausible Value je Domäne",
M302 (Karte),Colombia,2022,sci,Mittelwert,411,DERIVED_OFFICIAL,2025-Mittelwert − offizielle Veränderung 2022→2025 (Table I.2.6),
M302 (Karte),Colombia,2022,read,Mittelwert,409,DERIVED_OFFICIAL,2025-Mittelwert − offizielle Veränderung 2022→2025 (Table I.2.6),
M302 (Karte),Colombia,2022,math,Mittelwert,383,DERIVED_OFFICIAL,2025-Mittelwert − offizielle Veränderung 2022→2025 (Table I.2.6),
M302 (Karte),Colombia,2012,math,Mittelwert,377,COMPUTED_MICRODATA,"OECD-Mikrodaten (Public Use Files 2012/2015/2018/2022), aufbereitet in kevinwang09/learningtower; gewichteter Mittelwert (W_FSTUWT) eines Plausible Value je Domäne",
M302 (Karte),Colombia,2012,read,Mittelwert,404,COMPUTED_MICRODATA,"OECD-Mikrodaten (Public Use Files 2012/2015/2018/2022), aufbereitet in kevinwang09/learningtower; gewichteter Mittelwert (W_FSTUWT) eines Plausible Value je Domäne",
M302 (Karte),Colombia,2012,sci,Mittelwert,398,COMPUTED_MICRODATA,"OECD-Mikrodaten (Public Use Files 2012/2015/2018/2022), aufbereitet in kevinwang09/learningtower; gewichteter Mittelwert (W_FSTUWT) eines Plausible Value je Domäne",
M302 (Karte),Colombia,2018,math,Mittelwert,391,COMPUTED_MICRODATA,"OECD-Mikrodaten (Public Use Files 2012/2015/2018/2022), aufbereitet in kevinwang09/learningtower; gewichteter Mittelwert (W_FSTUWT) eines Plausible Value je Domäne",
M302 (Karte),Colombia,2018,read,Mittelwert,412,COMPUTED_MICRODATA,"OECD-Mikrodaten (Public Use Files 2012/2015/2018/2022), aufbereitet in kevinwang09/learningtower; gewichteter Mittelwert (W_FSTUWT) eines Plausible Value je Domäne",
M302 (Karte),Colombia,2018,sci,Mittelwert,412,COMPUTED_MICRODATA,"OECD-Mikrodaten (Public Use Files 2012/2015/2018/2022), aufbereitet in kevinwang09/learningtower; gewichteter Mittelwert (W_FSTUWT) eines Plausible Value je Domäne",
M302 (Karte),Hong Kong (China),2015,math,Mittelwert,548,SECONDARY_OECDSTAT,"OECD.Stat-Extrakt 2003–2015 (Mirror kirenz/datasets, CC BY)",
M302 (Karte),Hong Kong (China),2015,read,Mittelwert,526,COMPUTED_MICRODATA,"OECD-Mikrodaten (Public Use Files 2012/2015/2018/2022), aufbereitet in kevinwang09/learningtower; gewichteter Mittelwert (W_FSTUWT) eines Plausible Value je Domäne",
M302 (Karte),Hong Kong (China),2015,sci,Mittelwert,523,COMPUTED_MICRODATA,"OECD-Mikrodaten (Public Use Files 2012/2015/2018/2022), aufbereitet in kevinwang09/learningtower; gewichteter Mittelwert (W_FSTUWT) eines Plausible Value je Domäne",
M302 (Karte),Hong Kong (China),2022,sci,Mittelwert,520,DERIVED_OFFICIAL,2025-Mittelwert − offizielle Veränderung 2022→2025 (Table I.2.6),
M302 (Karte),Hong Kong (China),2022,read,Mittelwert,500,DERIVED_OFFICIAL,2025-Mittelwert − offizielle Veränderung 2022→2025 (Table I.2.6),
M302 (Karte),Hong Kong (China),2022,math,Mittelwert,540,DERIVED_OFFICIAL,2025-Mittelwert − offizielle Veränderung 2022→2025 (Table I.2.6),
M302 (Karte),Hong Kong (China),2012,math,Mittelwert,561,COMPUTED_MICRODATA,"OECD-Mikrodaten (Public Use Files 2012/2015/2018/2022), aufbereitet in kevinwang09/learningtower; gewichteter Mittelwert (W_FSTUWT) eines Plausible Value je Domäne",
M302 (Karte),Hong Kong (China),2012,read,Mittelwert,545,COMPUTED_MICRODATA,"OECD-Mikrodaten (Public Use Files 2012/2015/2018/2022), aufbereitet in kevinwang09/learningtower; gewichteter Mittelwert (W_FSTUWT) eines Plausible Value je Domäne",
M302 (Karte),Hong Kong (China),2012,sci,Mittelwert,555,COMPUTED_MICRODATA,"OECD-Mikrodaten (Public Use Files 2012/2015/2018/2022), aufbereitet in kevinwang09/learningtower; gewichteter Mittelwert (W_FSTUWT) eines Plausible Value je Domäne",
M302 (Karte),Hong Kong (China),2018,math,Mittelwert,552,COMPUTED_MICRODATA,"OECD-Mikrodaten (Public Use Files 2012/2015/2018/2022), aufbereitet in kevinwang09/learningtower; gewichteter Mittelwert (W_FSTUWT) eines Plausible Value je Domäne",
M302 (Karte),Hong Kong (China),2018,read,Mittelwert,524,COMPUTED_MICRODATA,"OECD-Mikrodaten (Public Use Files 2012/2015/2018/2022), aufbereitet in kevinwang09/learningtower; gewichteter Mittelwert (W_FSTUWT) eines Plausible Value je Domäne",
M302 (Karte),Hong Kong (China),2018,sci,Mittelwert,518,COMPUTED_MICRODATA,"OECD-Mikrodaten (Public Use Files 2012/2015/2018/2022), aufbereitet in kevinwang09/learningtower; gewichteter Mittelwert (W_FSTUWT) eines Plausible Value je Domäne",
M302 (Karte),Peru,2015,math,Mittelwert,387,SECONDARY_OECDSTAT,"OECD.Stat-Extrakt 2003–2015 (Mirror kirenz/datasets, CC BY)",
M302 (Karte),Peru,2015,read,Mittelwert,397,COMPUTED_MICRODATA,"OECD-Mikrodaten (Public Use Files 2012/2015/2018/2022), aufbereitet in kevinwang09/learningtower; gewichteter Mittelwert (W_FSTUWT) eines Plausible Value je Domäne",
M302 (Karte),Peru,2015,sci,Mittelwert,397,COMPUTED_MICRODATA,"OECD-Mikrodaten (Public Use Files 2012/2015/2018/2022), aufbereitet in kevinwang09/learningtower; gewichteter Mittelwert (W_FSTUWT) eines Plausible Value je Domäne",
M302 (Karte),Peru,2022,sci,Mittelwert,408,DERIVED_OFFICIAL,2025-Mittelwert − offizielle Veränderung 2022→2025 (Table I.2.6),
M302 (Karte),Peru,2022,read,Mittelwert,408,DERIVED_OFFICIAL,2025-Mittelwert − offizielle Veränderung 2022→2025 (Table I.2.6),
M302 (Karte),Peru,2022,math,Mittelwert,391,DERIVED_OFFICIAL,2025-Mittelwert − offizielle Veränderung 2022→2025 (Table I.2.6),
M302 (Karte),Peru,2012,math,Mittelwert,368,COMPUTED_MICRODATA,"OECD-Mikrodaten (Public Use Files 2012/2015/2018/2022), aufbereitet in kevinwang09/learningtower; gewichteter Mittelwert (W_FSTUWT) eines Plausible Value je Domäne",
M302 (Karte),Peru,2012,read,Mittelwert,384,COMPUTED_MICRODATA,"OECD-Mikrodaten (Public Use Files 2012/2015/2018/2022), aufbereitet in kevinwang09/learningtower; gewichteter Mittelwert (W_FSTUWT) eines Plausible Value je Domäne",
M302 (Karte),Peru,2012,sci,Mittelwert,373,COMPUTED_MICRODATA,"OECD-Mikrodaten (Public Use Files 2012/2015/2018/2022), aufbereitet in kevinwang09/learningtower; gewichteter Mittelwert (W_FSTUWT) eines Plausible Value je Domäne",
M302 (Karte),Peru,2018,math,Mittelwert,399,COMPUTED_MICRODATA,"OECD-Mikrodaten (Public Use Files 2012/2015/2018/2022), aufbereitet in kevinwang09/learningtower; gewichteter Mittelwert (W_FSTUWT) eines Plausible Value je Domäne",
M302 (Karte),Peru,2018,read,Mittelwert,400,COMPUTED_MICRODATA,"OECD-Mikrodaten (Public Use Files 2012/2015/2018/2022), aufbereitet in kevinwang09/learningtower; gewichteter Mittelwert (W_FSTUWT) eines Plausible Value je Domäne",
M302 (Karte),Peru,2018,sci,Mittelwert,404,COMPUTED_MICRODATA,"OECD-Mikrodaten (Public Use Files 2012/2015/2018/2022), aufbereitet in kevinwang09/learningtower; gewichteter Mittelwert (W_FSTUWT) eines Plausible Value je Domäne",
M302 (Karte),Singapore,2015,math,Mittelwert,564,SECONDARY_OECDSTAT,"OECD.Stat-Extrakt 2003–2015 (Mirror kirenz/datasets, CC BY)",
M302 (Karte),Singapore,2015,read,Mittelwert,534,COMPUTED_MICRODATA,"OECD-Mikrodaten (Public Use Files 2012/2015/2018/2022), aufbereitet in kevinwang09/learningtower; gewichteter Mittelwert (W_FSTUWT) eines Plausible Value je Domäne",
M302 (Karte),Singapore,2015,sci,Mittelwert,555,COMPUTED_MICRODATA,"OECD-Mikrodaten (Public Use Files 2012/2015/2018/2022), aufbereitet in kevinwang09/learningtower; gewichteter Mittelwert (W_FSTUWT) eines Plausible Value je Domäne",
M302 (Karte),Singapore,2022,sci,Mittelwert,562,DERIVED_OFFICIAL,2025-Mittelwert − offizielle Veränderung 2022→2025 (Table I.2.6),
M302 (Karte),Singapore,2022,read,Mittelwert,543,DERIVED_OFFICIAL,2025-Mittelwert − offizielle Veränderung 2022→2025 (Table I.2.6),
M302 (Karte),Singapore,2022,math,Mittelwert,575,DERIVED_OFFICIAL,2025-Mittelwert − offizielle Veränderung 2022→2025 (Table I.2.6),
M302 (Karte),Singapore,2012,math,Mittelwert,573,COMPUTED_MICRODATA,"OECD-Mikrodaten (Public Use Files 2012/2015/2018/2022), aufbereitet in kevinwang09/learningtower; gewichteter Mittelwert (W_FSTUWT) eines Plausible Value je Domäne",
M302 (Karte),Singapore,2012,read,Mittelwert,542,COMPUTED_MICRODATA,"OECD-Mikrodaten (Public Use Files 2012/2015/2018/2022), aufbereitet in kevinwang09/learningtower; gewichteter Mittelwert (W_FSTUWT) eines Plausible Value je Domäne",
M302 (Karte),Singapore,2012,sci,Mittelwert,551,COMPUTED_MICRODATA,"OECD-Mikrodaten (Public Use Files 2012/2015/2018/2022), aufbereitet in kevinwang09/learningtower; gewichteter Mittelwert (W_FSTUWT) eines Plausible Value je Domäne",
M302 (Karte),Singapore,2018,math,Mittelwert,567,COMPUTED_MICRODATA,"OECD-Mikrodaten (Public Use Files 2012/2015/2018/2022), aufbereitet in kevinwang09/learningtower; gewichteter Mittelwert (W_FSTUWT) eines Plausible Value je Domäne",
M302 (Karte),Singapore,2018,read,Mittelwert,550,COMPUTED_MICRODATA,"OECD-Mikrodaten (Public Use Files 2012/2015/2018/2022), aufbereitet in kevinwang09/learningtower; gewichteter Mittelwert (W_FSTUWT) eines Plausible Value je Domäne",
M302 (Karte),Singapore,2018,sci,Mittelwert,550,COMPUTED_MICRODATA,"OECD-Mikrodaten (Public Use Files 2012/2015/2018/2022), aufbereitet in kevinwang09/learningtower; gewichteter Mittelwert (W_FSTUWT) eines Plausible Value je Domäne",
M302 (Karte),Chinese Taipei,2015,math,Mittelwert,542,SECONDARY_OECDSTAT,"OECD.Stat-Extrakt 2003–2015 (Mirror kirenz/datasets, CC BY)",
M302 (Karte),Chinese Taipei,2015,read,Mittelwert,497,COMPUTED_MICRODATA,"OECD-Mikrodaten (Public Use Files 2012/2015/2018/2022), aufbereitet in kevinwang09/learningtower; gewichteter Mittelwert (W_FSTUWT) eines Plausible Value je Domäne",
M302 (Karte),Chinese Taipei,2015,sci,Mittelwert,533,COMPUTED_MICRODATA,"OECD-Mikrodaten (Public Use Files 2012/2015/2018/2022), aufbereitet in kevinwang09/learningtower; gewichteter Mittelwert (W_FSTUWT) eines Plausible Value je Domäne",
M302 (Karte),Chinese Taipei,2022,sci,Mittelwert,537,DERIVED_OFFICIAL,2025-Mittelwert − offizielle Veränderung 2022→2025 (Table I.2.6),
M302 (Karte),Chinese Taipei,2022,read,Mittelwert,515,DERIVED_OFFICIAL,2025-Mittelwert − offizielle Veränderung 2022→2025 (Table I.2.6),
M302 (Karte),Chinese Taipei,2022,math,Mittelwert,547,DERIVED_OFFICIAL,2025-Mittelwert − offizielle Veränderung 2022→2025 (Table I.2.6),
M302 (Karte),Chinese Taipei,2012,math,Mittelwert,559,COMPUTED_MICRODATA,"OECD-Mikrodaten (Public Use Files 2012/2015/2018/2022), aufbereitet in kevinwang09/learningtower; gewichteter Mittelwert (W_FSTUWT) eines Plausible Value je Domäne",
M302 (Karte),Chinese Taipei,2012,read,Mittelwert,523,COMPUTED_MICRODATA,"OECD-Mikrodaten (Public Use Files 2012/2015/2018/2022), aufbereitet in kevinwang09/learningtower; gewichteter Mittelwert (W_FSTUWT) eines Plausible Value je Domäne",
M302 (Karte),Chinese Taipei,2012,sci,Mittelwert,523,COMPUTED_MICRODATA,"OECD-Mikrodaten (Public Use Files 2012/2015/2018/2022), aufbereitet in kevinwang09/learningtower; gewichteter Mittelwert (W_FSTUWT) eines Plausible Value je Domäne",
M302 (Karte),Chinese Taipei,2018,math,Mittelwert,532,COMPUTED_MICRODATA,"OECD-Mikrodaten (Public Use Files 2012/2015/2018/2022), aufbereitet in kevinwang09/learningtower; gewichteter Mittelwert (W_FSTUWT) eines Plausible Value je Domäne",
M302 (Karte),Chinese Taipei,2018,read,Mittelwert,502,COMPUTED_MICRODATA,"OECD-Mikrodaten (Public Use Files 2012/2015/2018/2022), aufbereitet in kevinwang09/learningtower; gewichteter Mittelwert (W_FSTUWT) eines Plausible Value je Domäne",
M302 (Karte),Chinese Taipei,2018,sci,Mittelwert,515,COMPUTED_MICRODATA,"OECD-Mikrodaten (Public Use Files 2012/2015/2018/2022), aufbereitet in kevinwang09/learningtower; gewichteter Mittelwert (W_FSTUWT) eines Plausible Value je Domäne",
M302 (Karte),Macao (China),2015,math,Mittelwert,544,SECONDARY_OECDSTAT,"OECD.Stat-Extrakt 2003–2015 (Mirror kirenz/datasets, CC BY)",
M302 (Karte),Macao (China),2015,read,Mittelwert,508,COMPUTED_MICRODATA,"OECD-Mikrodaten (Public Use Files 2012/2015/2018/2022), aufbereitet in kevinwang09/learningtower; gewichteter Mittelwert (W_FSTUWT) eines Plausible Value je Domäne",
M302 (Karte),Macao (China),2015,sci,Mittelwert,528,COMPUTED_MICRODATA,"OECD-Mikrodaten (Public Use Files 2012/2015/2018/2022), aufbereitet in kevinwang09/learningtower; gewichteter Mittelwert (W_FSTUWT) eines Plausible Value je Domäne",
M302 (Karte),Macao (China),2022,sci,Mittelwert,543,DERIVED_OFFICIAL,2025-Mittelwert − offizielle Veränderung 2022→2025 (Table I.2.6),
M302 (Karte),Macao (China),2022,read,Mittelwert,510,DERIVED_OFFICIAL,2025-Mittelwert − offizielle Veränderung 2022→2025 (Table I.2.6),
M302 (Karte),Macao (China),2022,math,Mittelwert,552,DERIVED_OFFICIAL,2025-Mittelwert − offizielle Veränderung 2022→2025 (Table I.2.6),
M302 (Karte),Macao (China),2012,math,Mittelwert,538,COMPUTED_MICRODATA,"OECD-Mikrodaten (Public Use Files 2012/2015/2018/2022), aufbereitet in kevinwang09/learningtower; gewichteter Mittelwert (W_FSTUWT) eines Plausible Value je Domäne",
M302 (Karte),Macao (China),2012,read,Mittelwert,509,COMPUTED_MICRODATA,"OECD-Mikrodaten (Public Use Files 2012/2015/2018/2022), aufbereitet in kevinwang09/learningtower; gewichteter Mittelwert (W_FSTUWT) eines Plausible Value je Domäne",
M302 (Karte),Macao (China),2012,sci,Mittelwert,521,COMPUTED_MICRODATA,"OECD-Mikrodaten (Public Use Files 2012/2015/2018/2022), aufbereitet in kevinwang09/learningtower; gewichteter Mittelwert (W_FSTUWT) eines Plausible Value je Domäne",
M302 (Karte),Macao (China),2018,math,Mittelwert,557,COMPUTED_MICRODATA,"OECD-Mikrodaten (Public Use Files 2012/2015/2018/2022), aufbereitet in kevinwang09/learningtower; gewichteter Mittelwert (W_FSTUWT) eines Plausible Value je Domäne",
M302 (Karte),Macao (China),2018,read,Mittelwert,525,COMPUTED_MICRODATA,"OECD-Mikrodaten (Public Use Files 2012/2015/2018/2022), aufbereitet in kevinwang09/learningtower; gewichteter Mittelwert (W_FSTUWT) eines Plausible Value je Domäne",
M302 (Karte),Macao (China),2018,sci,Mittelwert,542,COMPUTED_MICRODATA,"OECD-Mikrodaten (Public Use Files 2012/2015/2018/2022), aufbereitet in kevinwang09/learningtower; gewichteter Mittelwert (W_FSTUWT) eines Plausible Value je Domäne",
M302 (Karte),B-S-J-Z (China),2018,math,Mittelwert,591,COMPUTED_MICRODATA,"OECD-Mikrodaten (Public Use Files 2012/2015/2018/2022), aufbereitet in kevinwang09/learningtower; gewichteter Mittelwert (W_FSTUWT) eines Plausible Value je Domäne",
M302 (Karte),B-S-J-Z (China),2018,read,Mittelwert,555,COMPUTED_MICRODATA,"OECD-Mikrodaten (Public Use Files 2012/2015/2018/2022), aufbereitet in kevinwang09/learningtower; gewichteter Mittelwert (W_FSTUWT) eines Plausible Value je Domäne",
M302 (Karte),B-S-J-Z (China),2018,sci,Mittelwert,590,COMPUTED_MICRODATA,"OECD-Mikrodaten (Public Use Files 2012/2015/2018/2022), aufbereitet in kevinwang09/learningtower; gewichteter Mittelwert (W_FSTUWT) eines Plausible Value je Domäne",
M302 (Karte),Croatia,2022,sci,Mittelwert,483,DERIVED_OFFICIAL,2025-Mittelwert − offizielle Veränderung 2022→2025 (Table I.2.6),
M302 (Karte),Croatia,2022,read,Mittelwert,476,DERIVED_OFFICIAL,2025-Mittelwert − offizielle Veränderung 2022→2025 (Table I.2.6),
M302 (Karte),Croatia,2022,math,Mittelwert,463,DERIVED_OFFICIAL,2025-Mittelwert − offizielle Veränderung 2022→2025 (Table I.2.6),
M302 (Karte),Croatia,2012,math,Mittelwert,471,COMPUTED_MICRODATA,"OECD-Mikrodaten (Public Use Files 2012/2015/2018/2022), aufbereitet in kevinwang09/learningtower; gewichteter Mittelwert (W_FSTUWT) eines Plausible Value je Domäne",
M302 (Karte),Croatia,2012,read,Mittelwert,485,COMPUTED_MICRODATA,"OECD-Mikrodaten (Public Use Files 2012/2015/2018/2022), aufbereitet in kevinwang09/learningtower; gewichteter Mittelwert (W_FSTUWT) eines Plausible Value je Domäne",
M302 (Karte),Croatia,2012,sci,Mittelwert,491,COMPUTED_MICRODATA,"OECD-Mikrodaten (Public Use Files 2012/2015/2018/2022), aufbereitet in kevinwang09/learningtower; gewichteter Mittelwert (W_FSTUWT) eines Plausible Value je Domäne",
M302 (Karte),Croatia,2015,math,Mittelwert,463,COMPUTED_MICRODATA,"OECD-Mikrodaten (Public Use Files 2012/2015/2018/2022), aufbereitet in kevinwang09/learningtower; gewichteter Mittelwert (W_FSTUWT) eines Plausible Value je Domäne",
M302 (Karte),Croatia,2015,read,Mittelwert,487,COMPUTED_MICRODATA,"OECD-Mikrodaten (Public Use Files 2012/2015/2018/2022), aufbereitet in kevinwang09/learningtower; gewichteter Mittelwert (W_FSTUWT) eines Plausible Value je Domäne",
M302 (Karte),Croatia,2015,sci,Mittelwert,475,COMPUTED_MICRODATA,"OECD-Mikrodaten (Public Use Files 2012/2015/2018/2022), aufbereitet in kevinwang09/learningtower; gewichteter Mittelwert (W_FSTUWT) eines Plausible Value je Domäne",
M302 (Karte),Croatia,2018,math,Mittelwert,464,COMPUTED_MICRODATA,"OECD-Mikrodaten (Public Use Files 2012/2015/2018/2022), aufbereitet in kevinwang09/learningtower; gewichteter Mittelwert (W_FSTUWT) eines Plausible Value je Domäne",
M302 (Karte),Croatia,2018,read,Mittelwert,479,COMPUTED_MICRODATA,"OECD-Mikrodaten (Public Use Files 2012/2015/2018/2022), aufbereitet in kevinwang09/learningtower; gewichteter Mittelwert (W_FSTUWT) eines Plausible Value je Domäne",
M302 (Karte),Croatia,2018,sci,Mittelwert,473,COMPUTED_MICRODATA,"OECD-Mikrodaten (Public Use Files 2012/2015/2018/2022), aufbereitet in kevinwang09/learningtower; gewichteter Mittelwert (W_FSTUWT) eines Plausible Value je Domäne",
M302 (Karte),Lithuania,2022,sci,Mittelwert,484,DERIVED_OFFICIAL,2025-Mittelwert − offizielle Veränderung 2022→2025 (Table I.2.6),
M302 (Karte),Lithuania,2022,read,Mittelwert,472,DERIVED_OFFICIAL,2025-Mittelwert − offizielle Veränderung 2022→2025 (Table I.2.6),
M302 (Karte),Lithuania,2022,math,Mittelwert,475,DERIVED_OFFICIAL,2025-Mittelwert − offizielle Veränderung 2022→2025 (Table I.2.6),
M302 (Karte),Lithuania,2012,math,Mittelwert,478,COMPUTED_MICRODATA,"OECD-Mikrodaten (Public Use Files 2012/2015/2018/2022), aufbereitet in kevinwang09/learningtower; gewichteter Mittelwert (W_FSTUWT) eines Plausible Value je Domäne",
M302 (Karte),Lithuania,2012,read,Mittelwert,477,COMPUTED_MICRODATA,"OECD-Mikrodaten (Public Use Files 2012/2015/2018/2022), aufbereitet in kevinwang09/learningtower; gewichteter Mittelwert (W_FSTUWT) eines Plausible Value je Domäne",
M302 (Karte),Lithuania,2012,sci,Mittelwert,496,COMPUTED_MICRODATA,"OECD-Mikrodaten (Public Use Files 2012/2015/2018/2022), aufbereitet in kevinwang09/learningtower; gewichteter Mittelwert (W_FSTUWT) eines Plausible Value je Domäne",
M302 (Karte),Lithuania,2015,math,Mittelwert,479,COMPUTED_MICRODATA,"OECD-Mikrodaten (Public Use Files 2012/2015/2018/2022), aufbereitet in kevinwang09/learningtower; gewichteter Mittelwert (W_FSTUWT) eines Plausible Value je Domäne",
M302 (Karte),Lithuania,2015,read,Mittelwert,472,COMPUTED_MICRODATA,"OECD-Mikrodaten (Public Use Files 2012/2015/2018/2022), aufbereitet in kevinwang09/learningtower; gewichteter Mittelwert (W_FSTUWT) eines Plausible Value je Domäne",
M302 (Karte),Lithuania,2015,sci,Mittelwert,476,COMPUTED_MICRODATA,"OECD-Mikrodaten (Public Use Files 2012/2015/2018/2022), aufbereitet in kevinwang09/learningtower; gewichteter Mittelwert (W_FSTUWT) eines Plausible Value je Domäne",
M302 (Karte),Lithuania,2018,math,Mittelwert,484,COMPUTED_MICRODATA,"OECD-Mikrodaten (Public Use Files 2012/2015/2018/2022), aufbereitet in kevinwang09/learningtower; gewichteter Mittelwert (W_FSTUWT) eines Plausible Value je Domäne",
M302 (Karte),Lithuania,2018,read,Mittelwert,476,COMPUTED_MICRODATA,"OECD-Mikrodaten (Public Use Files 2012/2015/2018/2022), aufbereitet in kevinwang09/learningtower; gewichteter Mittelwert (W_FSTUWT) eines Plausible Value je Domäne",
M302 (Karte),Lithuania,2018,sci,Mittelwert,482,COMPUTED_MICRODATA,"OECD-Mikrodaten (Public Use Files 2012/2015/2018/2022), aufbereitet in kevinwang09/learningtower; gewichteter Mittelwert (W_FSTUWT) eines Plausible Value je Domäne",
M302 (Karte),Ukrainian regions (17 of 27),2022,sci,Mittelwert,449,DERIVED_OFFICIAL,2025-Mittelwert − offizielle Veränderung 2022→2025 (Table I.2.6),
M302 (Karte),Ukrainian regions (17 of 27),2022,read,Mittelwert,427,DERIVED_OFFICIAL,2025-Mittelwert − offizielle Veränderung 2022→2025 (Table I.2.6),
M302 (Karte),Ukrainian regions (17 of 27),2022,math,Mittelwert,440,DERIVED_OFFICIAL,2025-Mittelwert − offizielle Veränderung 2022→2025 (Table I.2.6),
M302 (Karte),Ukrainian regions (17 of 27),2015,math,Mittelwert,500,COMPUTED_MICRODATA,"OECD-Mikrodaten (Public Use Files 2012/2015/2018/2022), aufbereitet in kevinwang09/learningtower; gewichteter Mittelwert (W_FSTUWT) eines Plausible Value je Domäne",
M302 (Karte),Ukrainian regions (17 of 27),2015,read,Mittelwert,527,COMPUTED_MICRODATA,"OECD-Mikrodaten (Public Use Files 2012/2015/2018/2022), aufbereitet in kevinwang09/learningtower; gewichteter Mittelwert (W_FSTUWT) eines Plausible Value je Domäne",
M302 (Karte),Ukrainian regions (17 of 27),2015,sci,Mittelwert,531,COMPUTED_MICRODATA,"OECD-Mikrodaten (Public Use Files 2012/2015/2018/2022), aufbereitet in kevinwang09/learningtower; gewichteter Mittelwert (W_FSTUWT) eines Plausible Value je Domäne",
M302 (Karte),Ukrainian regions (17 of 27),2018,math,Mittelwert,453,COMPUTED_MICRODATA,"OECD-Mikrodaten (Public Use Files 2012/2015/2018/2022), aufbereitet in kevinwang09/learningtower; gewichteter Mittelwert (W_FSTUWT) eines Plausible Value je Domäne",
M302 (Karte),Ukrainian regions (17 of 27),2018,read,Mittelwert,465,COMPUTED_MICRODATA,"OECD-Mikrodaten (Public Use Files 2012/2015/2018/2022), aufbereitet in kevinwang09/learningtower; gewichteter Mittelwert (W_FSTUWT) eines Plausible Value je Domäne",
M302 (Karte),Ukrainian regions (17 of 27),2018,sci,Mittelwert,469,COMPUTED_MICRODATA,"OECD-Mikrodaten (Public Use Files 2012/2015/2018/2022), aufbereitet in kevinwang09/learningtower; gewichteter Mittelwert (W_FSTUWT) eines Plausible Value je Domäne",
M302 (Karte),Malta,2022,sci,Mittelwert,466,DERIVED_OFFICIAL,2025-Mittelwert − offizielle Veränderung 2022→2025 (Table I.2.6),
M302 (Karte),Malta,2022,read,Mittelwert,445,DERIVED_OFFICIAL,2025-Mittelwert − offizielle Veränderung 2022→2025 (Table I.2.6),
M302 (Karte),Malta,2022,math,Mittelwert,466,DERIVED_OFFICIAL,2025-Mittelwert − offizielle Veränderung 2022→2025 (Table I.2.6),
M302 (Karte),Malta,2015,math,Mittelwert,477,COMPUTED_MICRODATA,"OECD-Mikrodaten (Public Use Files 2012/2015/2018/2022), aufbereitet in kevinwang09/learningtower; gewichteter Mittelwert (W_FSTUWT) eines Plausible Value je Domäne",
M302 (Karte),Malta,2015,read,Mittelwert,448,COMPUTED_MICRODATA,"OECD-Mikrodaten (Public Use Files 2012/2015/2018/2022), aufbereitet in kevinwang09/learningtower; gewichteter Mittelwert (W_FSTUWT) eines Plausible Value je Domäne",
M302 (Karte),Malta,2015,sci,Mittelwert,466,COMPUTED_MICRODATA,"OECD-Mikrodaten (Public Use Files 2012/2015/2018/2022), aufbereitet in kevinwang09/learningtower; gewichteter Mittelwert (W_FSTUWT) eines Plausible Value je Domäne",
M302 (Karte),Malta,2018,math,Mittelwert,471,COMPUTED_MICRODATA,"OECD-Mikrodaten (Public Use Files 2012/2015/2018/2022), aufbereitet in kevinwang09/learningtower; gewichteter Mittelwert (W_FSTUWT) eines Plausible Value je Domäne",
M302 (Karte),Malta,2018,read,Mittelwert,448,COMPUTED_MICRODATA,"OECD-Mikrodaten (Public Use Files 2012/2015/2018/2022), aufbereitet in kevinwang09/learningtower; gewichteter Mittelwert (W_FSTUWT) eines Plausible Value je Domäne",
M302 (Karte),Malta,2018,sci,Mittelwert,457,COMPUTED_MICRODATA,"OECD-Mikrodaten (Public Use Files 2012/2015/2018/2022), aufbereitet in kevinwang09/learningtower; gewichteter Mittelwert (W_FSTUWT) eines Plausible Value je Domäne",
M302 (Karte),Serbia,2022,sci,Mittelwert,448,DERIVED_OFFICIAL,2025-Mittelwert − offizielle Veränderung 2022→2025 (Table I.2.6),
M302 (Karte),Serbia,2022,read,Mittelwert,440,DERIVED_OFFICIAL,2025-Mittelwert − offizielle Veränderung 2022→2025 (Table I.2.6),
M302 (Karte),Serbia,2022,math,Mittelwert,440,DERIVED_OFFICIAL,2025-Mittelwert − offizielle Veränderung 2022→2025 (Table I.2.6),
M302 (Karte),Serbia,2012,math,Mittelwert,449,COMPUTED_MICRODATA,"OECD-Mikrodaten (Public Use Files 2012/2015/2018/2022), aufbereitet in kevinwang09/learningtower; gewichteter Mittelwert (W_FSTUWT) eines Plausible Value je Domäne",
M302 (Karte),Serbia,2012,read,Mittelwert,446,COMPUTED_MICRODATA,"OECD-Mikrodaten (Public Use Files 2012/2015/2018/2022), aufbereitet in kevinwang09/learningtower; gewichteter Mittelwert (W_FSTUWT) eines Plausible Value je Domäne",
M302 (Karte),Serbia,2012,sci,Mittelwert,444,COMPUTED_MICRODATA,"OECD-Mikrodaten (Public Use Files 2012/2015/2018/2022), aufbereitet in kevinwang09/learningtower; gewichteter Mittelwert (W_FSTUWT) eines Plausible Value je Domäne",
M302 (Karte),Serbia,2018,math,Mittelwert,448,COMPUTED_MICRODATA,"OECD-Mikrodaten (Public Use Files 2012/2015/2018/2022), aufbereitet in kevinwang09/learningtower; gewichteter Mittelwert (W_FSTUWT) eines Plausible Value je Domäne",
M302 (Karte),Serbia,2018,read,Mittelwert,439,COMPUTED_MICRODATA,"OECD-Mikrodaten (Public Use Files 2012/2015/2018/2022), aufbereitet in kevinwang09/learningtower; gewichteter Mittelwert (W_FSTUWT) eines Plausible Value je Domäne",
M302 (Karte),Serbia,2018,sci,Mittelwert,438,COMPUTED_MICRODATA,"OECD-Mikrodaten (Public Use Files 2012/2015/2018/2022), aufbereitet in kevinwang09/learningtower; gewichteter Mittelwert (W_FSTUWT) eines Plausible Value je Domäne",
M302 (Karte),United Arab Emirates,2022,sci,Mittelwert,432,DERIVED_OFFICIAL,2025-Mittelwert − offizielle Veränderung 2022→2025 (Table I.2.6),
M302 (Karte),United Arab Emirates,2022,read,Mittelwert,417,DERIVED_OFFICIAL,2025-Mittelwert − offizielle Veränderung 2022→2025 (Table I.2.6),
M302 (Karte),United Arab Emirates,2022,math,Mittelwert,431,DERIVED_OFFICIAL,2025-Mittelwert − offizielle Veränderung 2022→2025 (Table I.2.6),
M302 (Karte),United Arab Emirates,2012,math,Mittelwert,434,COMPUTED_MICRODATA,"OECD-Mikrodaten (Public Use Files 2012/2015/2018/2022), aufbereitet in kevinwang09/learningtower; gewichteter Mittelwert (W_FSTUWT) eines Plausible Value je Domäne",
M302 (Karte),United Arab Emirates,2012,read,Mittelwert,442,COMPUTED_MICRODATA,"OECD-Mikrodaten (Public Use Files 2012/2015/2018/2022), aufbereitet in kevinwang09/learningtower; gewichteter Mittelwert (W_FSTUWT) eines Plausible Value je Domäne",
M302 (Karte),United Arab Emirates,2012,sci,Mittelwert,449,COMPUTED_MICRODATA,"OECD-Mikrodaten (Public Use Files 2012/2015/2018/2022), aufbereitet in kevinwang09/learningtower; gewichteter Mittelwert (W_FSTUWT) eines Plausible Value je Domäne",
M302 (Karte),United Arab Emirates,2015,math,Mittelwert,427,COMPUTED_MICRODATA,"OECD-Mikrodaten (Public Use Files 2012/2015/2018/2022), aufbereitet in kevinwang09/learningtower; gewichteter Mittelwert (W_FSTUWT) eines Plausible Value je Domäne",
M302 (Karte),United Arab Emirates,2015,read,Mittelwert,432,COMPUTED_MICRODATA,"OECD-Mikrodaten (Public Use Files 2012/2015/2018/2022), aufbereitet in kevinwang09/learningtower; gewichteter Mittelwert (W_FSTUWT) eines Plausible Value je Domäne",
M302 (Karte),United Arab Emirates,2015,sci,Mittelwert,437,COMPUTED_MICRODATA,"OECD-Mikrodaten (Public Use Files 2012/2015/2018/2022), aufbereitet in kevinwang09/learningtower; gewichteter Mittelwert (W_FSTUWT) eines Plausible Value je Domäne",
M302 (Karte),United Arab Emirates,2018,math,Mittelwert,437,COMPUTED_MICRODATA,"OECD-Mikrodaten (Public Use Files 2012/2015/2018/2022), aufbereitet in kevinwang09/learningtower; gewichteter Mittelwert (W_FSTUWT) eines Plausible Value je Domäne",
M302 (Karte),United Arab Emirates,2018,read,Mittelwert,431,COMPUTED_MICRODATA,"OECD-Mikrodaten (Public Use Files 2012/2015/2018/2022), aufbereitet in kevinwang09/learningtower; gewichteter Mittelwert (W_FSTUWT) eines Plausible Value je Domäne",
M302 (Karte),United Arab Emirates,2018,sci,Mittelwert,433,COMPUTED_MICRODATA,"OECD-Mikrodaten (Public Use Files 2012/2015/2018/2022), aufbereitet in kevinwang09/learningtower; gewichteter Mittelwert (W_FSTUWT) eines Plausible Value je Domäne",
M302 (Karte),Romania,2022,sci,Mittelwert,428,DERIVED_OFFICIAL,2025-Mittelwert − offizielle Veränderung 2022→2025 (Table I.2.6),
M302 (Karte),Romania,2022,read,Mittelwert,428,DERIVED_OFFICIAL,2025-Mittelwert − offizielle Veränderung 2022→2025 (Table I.2.6),
M302 (Karte),Romania,2022,math,Mittelwert,428,DERIVED_OFFICIAL,2025-Mittelwert − offizielle Veränderung 2022→2025 (Table I.2.6),
M302 (Karte),Romania,2012,math,Mittelwert,445,COMPUTED_MICRODATA,"OECD-Mikrodaten (Public Use Files 2012/2015/2018/2022), aufbereitet in kevinwang09/learningtower; gewichteter Mittelwert (W_FSTUWT) eines Plausible Value je Domäne",
M302 (Karte),Romania,2012,read,Mittelwert,438,COMPUTED_MICRODATA,"OECD-Mikrodaten (Public Use Files 2012/2015/2018/2022), aufbereitet in kevinwang09/learningtower; gewichteter Mittelwert (W_FSTUWT) eines Plausible Value je Domäne",
M302 (Karte),Romania,2012,sci,Mittelwert,439,COMPUTED_MICRODATA,"OECD-Mikrodaten (Public Use Files 2012/2015/2018/2022), aufbereitet in kevinwang09/learningtower; gewichteter Mittelwert (W_FSTUWT) eines Plausible Value je Domäne",
M302 (Karte),Romania,2015,math,Mittelwert,443,COMPUTED_MICRODATA,"OECD-Mikrodaten (Public Use Files 2012/2015/2018/2022), aufbereitet in kevinwang09/learningtower; gewichteter Mittelwert (W_FSTUWT) eines Plausible Value je Domäne",
M302 (Karte),Romania,2015,read,Mittelwert,433,COMPUTED_MICRODATA,"OECD-Mikrodaten (Public Use Files 2012/2015/2018/2022), aufbereitet in kevinwang09/learningtower; gewichteter Mittelwert (W_FSTUWT) eines Plausible Value je Domäne",
M302 (Karte),Romania,2015,sci,Mittelwert,435,COMPUTED_MICRODATA,"OECD-Mikrodaten (Public Use Files 2012/2015/2018/2022), aufbereitet in kevinwang09/learningtower; gewichteter Mittelwert (W_FSTUWT) eines Plausible Value je Domäne",
M302 (Karte),Romania,2018,math,Mittelwert,431,COMPUTED_MICRODATA,"OECD-Mikrodaten (Public Use Files 2012/2015/2018/2022), aufbereitet in kevinwang09/learningtower; gewichteter Mittelwert (W_FSTUWT) eines Plausible Value je Domäne",
M302 (Karte),Romania,2018,read,Mittelwert,427,COMPUTED_MICRODATA,"OECD-Mikrodaten (Public Use Files 2012/2015/2018/2022), aufbereitet in kevinwang09/learningtower; gewichteter Mittelwert (W_FSTUWT) eines Plausible Value je Domäne",
M302 (Karte),Romania,2018,sci,Mittelwert,425,COMPUTED_MICRODATA,"OECD-Mikrodaten (Public Use Files 2012/2015/2018/2022), aufbereitet in kevinwang09/learningtower; gewichteter Mittelwert (W_FSTUWT) eines Plausible Value je Domäne",
M302 (Karte),Uruguay,2022,sci,Mittelwert,435,DERIVED_OFFICIAL,2025-Mittelwert − offizielle Veränderung 2022→2025 (Table I.2.6),
M302 (Karte),Uruguay,2022,read,Mittelwert,430,DERIVED_OFFICIAL,2025-Mittelwert − offizielle Veränderung 2022→2025 (Table I.2.6),
M302 (Karte),Uruguay,2022,math,Mittelwert,409,DERIVED_OFFICIAL,2025-Mittelwert − offizielle Veränderung 2022→2025 (Table I.2.6),
M302 (Karte),Uruguay,2012,math,Mittelwert,409,COMPUTED_MICRODATA,"OECD-Mikrodaten (Public Use Files 2012/2015/2018/2022), aufbereitet in kevinwang09/learningtower; gewichteter Mittelwert (W_FSTUWT) eines Plausible Value je Domäne",
M302 (Karte),Uruguay,2012,read,Mittelwert,412,COMPUTED_MICRODATA,"OECD-Mikrodaten (Public Use Files 2012/2015/2018/2022), aufbereitet in kevinwang09/learningtower; gewichteter Mittelwert (W_FSTUWT) eines Plausible Value je Domäne",
M302 (Karte),Uruguay,2012,sci,Mittelwert,416,COMPUTED_MICRODATA,"OECD-Mikrodaten (Public Use Files 2012/2015/2018/2022), aufbereitet in kevinwang09/learningtower; gewichteter Mittelwert (W_FSTUWT) eines Plausible Value je Domäne",
M302 (Karte),Uruguay,2015,math,Mittelwert,420,COMPUTED_MICRODATA,"OECD-Mikrodaten (Public Use Files 2012/2015/2018/2022), aufbereitet in kevinwang09/learningtower; gewichteter Mittelwert (W_FSTUWT) eines Plausible Value je Domäne",
M302 (Karte),Uruguay,2015,read,Mittelwert,438,COMPUTED_MICRODATA,"OECD-Mikrodaten (Public Use Files 2012/2015/2018/2022), aufbereitet in kevinwang09/learningtower; gewichteter Mittelwert (W_FSTUWT) eines Plausible Value je Domäne",
M302 (Karte),Uruguay,2015,sci,Mittelwert,435,COMPUTED_MICRODATA,"OECD-Mikrodaten (Public Use Files 2012/2015/2018/2022), aufbereitet in kevinwang09/learningtower; gewichteter Mittelwert (W_FSTUWT) eines Plausible Value je Domäne",
M302 (Karte),Uruguay,2018,math,Mittelwert,416,COMPUTED_MICRODATA,"OECD-Mikrodaten (Public Use Files 2012/2015/2018/2022), aufbereitet in kevinwang09/learningtower; gewichteter Mittelwert (W_FSTUWT) eines Plausible Value je Domäne",
M302 (Karte),Uruguay,2018,read,Mittelwert,426,COMPUTED_MICRODATA,"OECD-Mikrodaten (Public Use Files 2012/2015/2018/2022), aufbereitet in kevinwang09/learningtower; gewichteter Mittelwert (W_FSTUWT) eines Plausible Value je Domäne",
M302 (Karte),Uruguay,2018,sci,Mittelwert,426,COMPUTED_MICRODATA,"OECD-Mikrodaten (Public Use Files 2012/2015/2018/2022), aufbereitet in kevinwang09/learningtower; gewichteter Mittelwert (W_FSTUWT) eines Plausible Value je Domäne",
M302 (Karte),Costa Rica,2022,sci,Mittelwert,411,DERIVED_OFFICIAL,2025-Mittelwert − offizielle Veränderung 2022→2025 (Table I.2.6),
M302 (Karte),Costa Rica,2022,read,Mittelwert,415,DERIVED_OFFICIAL,2025-Mittelwert − offizielle Veränderung 2022→2025 (Table I.2.6),
M302 (Karte),Costa Rica,2022,math,Mittelwert,385,DERIVED_OFFICIAL,2025-Mittelwert − offizielle Veränderung 2022→2025 (Table I.2.6),
M302 (Karte),Costa Rica,2012,math,Mittelwert,407,COMPUTED_MICRODATA,"OECD-Mikrodaten (Public Use Files 2012/2015/2018/2022), aufbereitet in kevinwang09/learningtower; gewichteter Mittelwert (W_FSTUWT) eines Plausible Value je Domäne",
M302 (Karte),Costa Rica,2012,read,Mittelwert,441,COMPUTED_MICRODATA,"OECD-Mikrodaten (Public Use Files 2012/2015/2018/2022), aufbereitet in kevinwang09/learningtower; gewichteter Mittelwert (W_FSTUWT) eines Plausible Value je Domäne",
M302 (Karte),Costa Rica,2012,sci,Mittelwert,430,COMPUTED_MICRODATA,"OECD-Mikrodaten (Public Use Files 2012/2015/2018/2022), aufbereitet in kevinwang09/learningtower; gewichteter Mittelwert (W_FSTUWT) eines Plausible Value je Domäne",
M302 (Karte),Costa Rica,2015,math,Mittelwert,400,COMPUTED_MICRODATA,"OECD-Mikrodaten (Public Use Files 2012/2015/2018/2022), aufbereitet in kevinwang09/learningtower; gewichteter Mittelwert (W_FSTUWT) eines Plausible Value je Domäne",
M302 (Karte),Costa Rica,2015,read,Mittelwert,427,COMPUTED_MICRODATA,"OECD-Mikrodaten (Public Use Files 2012/2015/2018/2022), aufbereitet in kevinwang09/learningtower; gewichteter Mittelwert (W_FSTUWT) eines Plausible Value je Domäne",
M302 (Karte),Costa Rica,2015,sci,Mittelwert,420,COMPUTED_MICRODATA,"OECD-Mikrodaten (Public Use Files 2012/2015/2018/2022), aufbereitet in kevinwang09/learningtower; gewichteter Mittelwert (W_FSTUWT) eines Plausible Value je Domäne",
M302 (Karte),Costa Rica,2018,math,Mittelwert,404,COMPUTED_MICRODATA,"OECD-Mikrodaten (Public Use Files 2012/2015/2018/2022), aufbereitet in kevinwang09/learningtower; gewichteter Mittelwert (W_FSTUWT) eines Plausible Value je Domäne",
M302 (Karte),Costa Rica,2018,read,Mittelwert,427,COMPUTED_MICRODATA,"OECD-Mikrodaten (Public Use Files 2012/2015/2018/2022), aufbereitet in kevinwang09/learningtower; gewichteter Mittelwert (W_FSTUWT) eines Plausible Value je Domäne",
M302 (Karte),Costa Rica,2018,sci,Mittelwert,415,COMPUTED_MICRODATA,"OECD-Mikrodaten (Public Use Files 2012/2015/2018/2022), aufbereitet in kevinwang09/learningtower; gewichteter Mittelwert (W_FSTUWT) eines Plausible Value je Domäne",
M302 (Karte),Moldova,2022,sci,Mittelwert,417,DERIVED_OFFICIAL,2025-Mittelwert − offizielle Veränderung 2022→2025 (Table I.2.6),
M302 (Karte),Moldova,2022,read,Mittelwert,411,DERIVED_OFFICIAL,2025-Mittelwert − offizielle Veränderung 2022→2025 (Table I.2.6),
M302 (Karte),Moldova,2022,math,Mittelwert,414,DERIVED_OFFICIAL,2025-Mittelwert − offizielle Veränderung 2022→2025 (Table I.2.6),
M302 (Karte),Moldova,2015,math,Mittelwert,419,COMPUTED_MICRODATA,"OECD-Mikrodaten (Public Use Files 2012/2015/2018/2022), aufbereitet in kevinwang09/learningtower; gewichteter Mittelwert (W_FSTUWT) eines Plausible Value je Domäne",
M302 (Karte),Moldova,2015,read,Mittelwert,417,COMPUTED_MICRODATA,"OECD-Mikrodaten (Public Use Files 2012/2015/2018/2022), aufbereitet in kevinwang09/learningtower; gewichteter Mittelwert (W_FSTUWT) eines Plausible Value je Domäne",
M302 (Karte),Moldova,2015,sci,Mittelwert,428,COMPUTED_MICRODATA,"OECD-Mikrodaten (Public Use Files 2012/2015/2018/2022), aufbereitet in kevinwang09/learningtower; gewichteter Mittelwert (W_FSTUWT) eines Plausible Value je Domäne",
M302 (Karte),Moldova,2018,math,Mittelwert,419,COMPUTED_MICRODATA,"OECD-Mikrodaten (Public Use Files 2012/2015/2018/2022), aufbereitet in kevinwang09/learningtower; gewichteter Mittelwert (W_FSTUWT) eines Plausible Value je Domäne",
M302 (Karte),Moldova,2018,read,Mittelwert,424,COMPUTED_MICRODATA,"OECD-Mikrodaten (Public Use Files 2012/2015/2018/2022), aufbereitet in kevinwang09/learningtower; gewichteter Mittelwert (W_FSTUWT) eines Plausible Value je Domäne",
M302 (Karte),Moldova,2018,sci,Mittelwert,428,COMPUTED_MICRODATA,"OECD-Mikrodaten (Public Use Files 2012/2015/2018/2022), aufbereitet in kevinwang09/learningtower; gewichteter Mittelwert (W_FSTUWT) eines Plausible Value je Domäne",
M302 (Karte),Montenegro,2022,sci,Mittelwert,403,DERIVED_OFFICIAL,2025-Mittelwert − offizielle Veränderung 2022→2025 (Table I.2.6),
M302 (Karte),Montenegro,2022,read,Mittelwert,405,DERIVED_OFFICIAL,2025-Mittelwert − offizielle Veränderung 2022→2025 (Table I.2.6),
M302 (Karte),Montenegro,2022,math,Mittelwert,406,DERIVED_OFFICIAL,2025-Mittelwert − offizielle Veränderung 2022→2025 (Table I.2.6),
M302 (Karte),Montenegro,2012,math,Mittelwert,410,COMPUTED_MICRODATA,"OECD-Mikrodaten (Public Use Files 2012/2015/2018/2022), aufbereitet in kevinwang09/learningtower; gewichteter Mittelwert (W_FSTUWT) eines Plausible Value je Domäne",
M302 (Karte),Montenegro,2012,read,Mittelwert,422,COMPUTED_MICRODATA,"OECD-Mikrodaten (Public Use Files 2012/2015/2018/2022), aufbereitet in kevinwang09/learningtower; gewichteter Mittelwert (W_FSTUWT) eines Plausible Value je Domäne",
M302 (Karte),Montenegro,2012,sci,Mittelwert,410,COMPUTED_MICRODATA,"OECD-Mikrodaten (Public Use Files 2012/2015/2018/2022), aufbereitet in kevinwang09/learningtower; gewichteter Mittelwert (W_FSTUWT) eines Plausible Value je Domäne",
M302 (Karte),Montenegro,2015,math,Mittelwert,416,COMPUTED_MICRODATA,"OECD-Mikrodaten (Public Use Files 2012/2015/2018/2022), aufbereitet in kevinwang09/learningtower; gewichteter Mittelwert (W_FSTUWT) eines Plausible Value je Domäne",
M302 (Karte),Montenegro,2015,read,Mittelwert,426,COMPUTED_MICRODATA,"OECD-Mikrodaten (Public Use Files 2012/2015/2018/2022), aufbereitet in kevinwang09/learningtower; gewichteter Mittelwert (W_FSTUWT) eines Plausible Value je Domäne",
M302 (Karte),Montenegro,2015,sci,Mittelwert,412,COMPUTED_MICRODATA,"OECD-Mikrodaten (Public Use Files 2012/2015/2018/2022), aufbereitet in kevinwang09/learningtower; gewichteter Mittelwert (W_FSTUWT) eines Plausible Value je Domäne",
M302 (Karte),Montenegro,2018,math,Mittelwert,429,COMPUTED_MICRODATA,"OECD-Mikrodaten (Public Use Files 2012/2015/2018/2022), aufbereitet in kevinwang09/learningtower; gewichteter Mittelwert (W_FSTUWT) eines Plausible Value je Domäne",
M302 (Karte),Montenegro,2018,read,Mittelwert,421,COMPUTED_MICRODATA,"OECD-Mikrodaten (Public Use Files 2012/2015/2018/2022), aufbereitet in kevinwang09/learningtower; gewichteter Mittelwert (W_FSTUWT) eines Plausible Value je Domäne",
M302 (Karte),Montenegro,2018,sci,Mittelwert,415,COMPUTED_MICRODATA,"OECD-Mikrodaten (Public Use Files 2012/2015/2018/2022), aufbereitet in kevinwang09/learningtower; gewichteter Mittelwert (W_FSTUWT) eines Plausible Value je Domäne",
M302 (Karte),Bulgaria,2022,sci,Mittelwert,421,DERIVED_OFFICIAL,2025-Mittelwert − offizielle Veränderung 2022→2025 (Table I.2.6),
M302 (Karte),Bulgaria,2022,read,Mittelwert,404,DERIVED_OFFICIAL,2025-Mittelwert − offizielle Veränderung 2022→2025 (Table I.2.6),
M302 (Karte),Bulgaria,2022,math,Mittelwert,417,DERIVED_OFFICIAL,2025-Mittelwert − offizielle Veränderung 2022→2025 (Table I.2.6),
M302 (Karte),Bulgaria,2012,math,Mittelwert,438,COMPUTED_MICRODATA,"OECD-Mikrodaten (Public Use Files 2012/2015/2018/2022), aufbereitet in kevinwang09/learningtower; gewichteter Mittelwert (W_FSTUWT) eines Plausible Value je Domäne",
M302 (Karte),Bulgaria,2012,read,Mittelwert,437,COMPUTED_MICRODATA,"OECD-Mikrodaten (Public Use Files 2012/2015/2018/2022), aufbereitet in kevinwang09/learningtower; gewichteter Mittelwert (W_FSTUWT) eines Plausible Value je Domäne",
M302 (Karte),Bulgaria,2012,sci,Mittelwert,446,COMPUTED_MICRODATA,"OECD-Mikrodaten (Public Use Files 2012/2015/2018/2022), aufbereitet in kevinwang09/learningtower; gewichteter Mittelwert (W_FSTUWT) eines Plausible Value je Domäne",
M302 (Karte),Bulgaria,2015,math,Mittelwert,442,COMPUTED_MICRODATA,"OECD-Mikrodaten (Public Use Files 2012/2015/2018/2022), aufbereitet in kevinwang09/learningtower; gewichteter Mittelwert (W_FSTUWT) eines Plausible Value je Domäne",
M302 (Karte),Bulgaria,2015,read,Mittelwert,431,COMPUTED_MICRODATA,"OECD-Mikrodaten (Public Use Files 2012/2015/2018/2022), aufbereitet in kevinwang09/learningtower; gewichteter Mittelwert (W_FSTUWT) eines Plausible Value je Domäne",
M302 (Karte),Bulgaria,2015,sci,Mittelwert,445,COMPUTED_MICRODATA,"OECD-Mikrodaten (Public Use Files 2012/2015/2018/2022), aufbereitet in kevinwang09/learningtower; gewichteter Mittelwert (W_FSTUWT) eines Plausible Value je Domäne",
M302 (Karte),Bulgaria,2018,math,Mittelwert,437,COMPUTED_MICRODATA,"OECD-Mikrodaten (Public Use Files 2012/2015/2018/2022), aufbereitet in kevinwang09/learningtower; gewichteter Mittelwert (W_FSTUWT) eines Plausible Value je Domäne",
M302 (Karte),Bulgaria,2018,read,Mittelwert,420,COMPUTED_MICRODATA,"OECD-Mikrodaten (Public Use Files 2012/2015/2018/2022), aufbereitet in kevinwang09/learningtower; gewichteter Mittelwert (W_FSTUWT) eines Plausible Value je Domäne",
M302 (Karte),Bulgaria,2018,sci,Mittelwert,423,COMPUTED_MICRODATA,"OECD-Mikrodaten (Public Use Files 2012/2015/2018/2022), aufbereitet in kevinwang09/learningtower; gewichteter Mittelwert (W_FSTUWT) eines Plausible Value je Domäne",
M302 (Karte),Jordan,2022,sci,Mittelwert,374,DERIVED_OFFICIAL,2025-Mittelwert − offizielle Veränderung 2022→2025 (Table I.2.6),
M302 (Karte),Jordan,2022,read,Mittelwert,342,DERIVED_OFFICIAL,2025-Mittelwert − offizielle Veränderung 2022→2025 (Table I.2.6),
M302 (Karte),Jordan,2022,math,Mittelwert,361,DERIVED_OFFICIAL,2025-Mittelwert − offizielle Veränderung 2022→2025 (Table I.2.6),
M302 (Karte),Jordan,2012,math,Mittelwert,386,COMPUTED_MICRODATA,"OECD-Mikrodaten (Public Use Files 2012/2015/2018/2022), aufbereitet in kevinwang09/learningtower; gewichteter Mittelwert (W_FSTUWT) eines Plausible Value je Domäne",
M302 (Karte),Jordan,2012,read,Mittelwert,398,COMPUTED_MICRODATA,"OECD-Mikrodaten (Public Use Files 2012/2015/2018/2022), aufbereitet in kevinwang09/learningtower; gewichteter Mittelwert (W_FSTUWT) eines Plausible Value je Domäne",
M302 (Karte),Jordan,2012,sci,Mittelwert,409,COMPUTED_MICRODATA,"OECD-Mikrodaten (Public Use Files 2012/2015/2018/2022), aufbereitet in kevinwang09/learningtower; gewichteter Mittelwert (W_FSTUWT) eines Plausible Value je Domäne",
M302 (Karte),Jordan,2015,math,Mittelwert,381,COMPUTED_MICRODATA,"OECD-Mikrodaten (Public Use Files 2012/2015/2018/2022), aufbereitet in kevinwang09/learningtower; gewichteter Mittelwert (W_FSTUWT) eines Plausible Value je Domäne",
M302 (Karte),Jordan,2015,read,Mittelwert,408,COMPUTED_MICRODATA,"OECD-Mikrodaten (Public Use Files 2012/2015/2018/2022), aufbereitet in kevinwang09/learningtower; gewichteter Mittelwert (W_FSTUWT) eines Plausible Value je Domäne",
M302 (Karte),Jordan,2015,sci,Mittelwert,408,COMPUTED_MICRODATA,"OECD-Mikrodaten (Public Use Files 2012/2015/2018/2022), aufbereitet in kevinwang09/learningtower; gewichteter Mittelwert (W_FSTUWT) eines Plausible Value je Domäne",
M302 (Karte),Jordan,2018,math,Mittelwert,400,COMPUTED_MICRODATA,"OECD-Mikrodaten (Public Use Files 2012/2015/2018/2022), aufbereitet in kevinwang09/learningtower; gewichteter Mittelwert (W_FSTUWT) eines Plausible Value je Domäne",
M302 (Karte),Jordan,2018,read,Mittelwert,419,COMPUTED_MICRODATA,"OECD-Mikrodaten (Public Use Files 2012/2015/2018/2022), aufbereitet in kevinwang09/learningtower; gewichteter Mittelwert (W_FSTUWT) eines Plausible Value je Domäne",
M302 (Karte),Jordan,2018,sci,Mittelwert,430,COMPUTED_MICRODATA,"OECD-Mikrodaten (Public Use Files 2012/2015/2018/2022), aufbereitet in kevinwang09/learningtower; gewichteter Mittelwert (W_FSTUWT) eines Plausible Value je Domäne",
M302 (Karte),Malaysia,2022,sci,Mittelwert,416,DERIVED_OFFICIAL,2025-Mittelwert − offizielle Veränderung 2022→2025 (Table I.2.6),
M302 (Karte),Malaysia,2022,read,Mittelwert,388,DERIVED_OFFICIAL,2025-Mittelwert − offizielle Veränderung 2022→2025 (Table I.2.6),
M302 (Karte),Malaysia,2022,math,Mittelwert,409,DERIVED_OFFICIAL,2025-Mittelwert − offizielle Veränderung 2022→2025 (Table I.2.6),
M302 (Karte),Malaysia,2012,math,Mittelwert,421,COMPUTED_MICRODATA,"OECD-Mikrodaten (Public Use Files 2012/2015/2018/2022), aufbereitet in kevinwang09/learningtower; gewichteter Mittelwert (W_FSTUWT) eines Plausible Value je Domäne",
M302 (Karte),Malaysia,2012,read,Mittelwert,398,COMPUTED_MICRODATA,"OECD-Mikrodaten (Public Use Files 2012/2015/2018/2022), aufbereitet in kevinwang09/learningtower; gewichteter Mittelwert (W_FSTUWT) eines Plausible Value je Domäne",
M302 (Karte),Malaysia,2012,sci,Mittelwert,420,COMPUTED_MICRODATA,"OECD-Mikrodaten (Public Use Files 2012/2015/2018/2022), aufbereitet in kevinwang09/learningtower; gewichteter Mittelwert (W_FSTUWT) eines Plausible Value je Domäne",
M302 (Karte),Malaysia,2018,math,Mittelwert,441,COMPUTED_MICRODATA,"OECD-Mikrodaten (Public Use Files 2012/2015/2018/2022), aufbereitet in kevinwang09/learningtower; gewichteter Mittelwert (W_FSTUWT) eines Plausible Value je Domäne",
M302 (Karte),Malaysia,2018,read,Mittelwert,415,COMPUTED_MICRODATA,"OECD-Mikrodaten (Public Use Files 2012/2015/2018/2022), aufbereitet in kevinwang09/learningtower; gewichteter Mittelwert (W_FSTUWT) eines Plausible Value je Domäne",
M302 (Karte),Malaysia,2018,sci,Mittelwert,438,COMPUTED_MICRODATA,"OECD-Mikrodaten (Public Use Files 2012/2015/2018/2022), aufbereitet in kevinwang09/learningtower; gewichteter Mittelwert (W_FSTUWT) eines Plausible Value je Domäne",
M302 (Karte),Brunei Darussalam,2022,sci,Mittelwert,446,DERIVED_OFFICIAL,2025-Mittelwert − offizielle Veränderung 2022→2025 (Table I.2.6),
M302 (Karte),Brunei Darussalam,2022,read,Mittelwert,429,DERIVED_OFFICIAL,2025-Mittelwert − offizielle Veränderung 2022→2025 (Table I.2.6),
M302 (Karte),Brunei Darussalam,2022,math,Mittelwert,442,DERIVED_OFFICIAL,2025-Mittelwert − offizielle Veränderung 2022→2025 (Table I.2.6),
M302 (Karte),Brunei Darussalam,2018,math,Mittelwert,429,COMPUTED_MICRODATA,"OECD-Mikrodaten (Public Use Files 2012/2015/2018/2022), aufbereitet in kevinwang09/learningtower; gewichteter Mittelwert (W_FSTUWT) eines Plausible Value je Domäne",
M302 (Karte),Brunei Darussalam,2018,read,Mittelwert,409,COMPUTED_MICRODATA,"OECD-Mikrodaten (Public Use Files 2012/2015/2018/2022), aufbereitet in kevinwang09/learningtower; gewichteter Mittelwert (W_FSTUWT) eines Plausible Value je Domäne",
M302 (Karte),Brunei Darussalam,2018,sci,Mittelwert,431,COMPUTED_MICRODATA,"OECD-Mikrodaten (Public Use Files 2012/2015/2018/2022), aufbereitet in kevinwang09/learningtower; gewichteter Mittelwert (W_FSTUWT) eines Plausible Value je Domäne",
M302 (Karte),Qatar,2022,sci,Mittelwert,432,DERIVED_OFFICIAL,2025-Mittelwert − offizielle Veränderung 2022→2025 (Table I.2.6),
M302 (Karte),Qatar,2022,read,Mittelwert,419,DERIVED_OFFICIAL,2025-Mittelwert − offizielle Veränderung 2022→2025 (Table I.2.6),
M302 (Karte),Qatar,2022,math,Mittelwert,414,DERIVED_OFFICIAL,2025-Mittelwert − offizielle Veränderung 2022→2025 (Table I.2.6),
M302 (Karte),Qatar,2012,math,Mittelwert,377,COMPUTED_MICRODATA,"OECD-Mikrodaten (Public Use Files 2012/2015/2018/2022), aufbereitet in kevinwang09/learningtower; gewichteter Mittelwert (W_FSTUWT) eines Plausible Value je Domäne",
M302 (Karte),Qatar,2012,read,Mittelwert,388,COMPUTED_MICRODATA,"OECD-Mikrodaten (Public Use Files 2012/2015/2018/2022), aufbereitet in kevinwang09/learningtower; gewichteter Mittelwert (W_FSTUWT) eines Plausible Value je Domäne",
M302 (Karte),Qatar,2012,sci,Mittelwert,384,COMPUTED_MICRODATA,"OECD-Mikrodaten (Public Use Files 2012/2015/2018/2022), aufbereitet in kevinwang09/learningtower; gewichteter Mittelwert (W_FSTUWT) eines Plausible Value je Domäne",
M302 (Karte),Qatar,2015,math,Mittelwert,402,COMPUTED_MICRODATA,"OECD-Mikrodaten (Public Use Files 2012/2015/2018/2022), aufbereitet in kevinwang09/learningtower; gewichteter Mittelwert (W_FSTUWT) eines Plausible Value je Domäne",
M302 (Karte),Qatar,2015,read,Mittelwert,402,COMPUTED_MICRODATA,"OECD-Mikrodaten (Public Use Files 2012/2015/2018/2022), aufbereitet in kevinwang09/learningtower; gewichteter Mittelwert (W_FSTUWT) eines Plausible Value je Domäne",
M302 (Karte),Qatar,2015,sci,Mittelwert,417,COMPUTED_MICRODATA,"OECD-Mikrodaten (Public Use Files 2012/2015/2018/2022), aufbereitet in kevinwang09/learningtower; gewichteter Mittelwert (W_FSTUWT) eines Plausible Value je Domäne",
M302 (Karte),Qatar,2018,math,Mittelwert,415,COMPUTED_MICRODATA,"OECD-Mikrodaten (Public Use Files 2012/2015/2018/2022), aufbereitet in kevinwang09/learningtower; gewichteter Mittelwert (W_FSTUWT) eines Plausible Value je Domäne",
M302 (Karte),Qatar,2018,read,Mittelwert,407,COMPUTED_MICRODATA,"OECD-Mikrodaten (Public Use Files 2012/2015/2018/2022), aufbereitet in kevinwang09/learningtower; gewichteter Mittelwert (W_FSTUWT) eines Plausible Value je Domäne",
M302 (Karte),Qatar,2018,sci,Mittelwert,419,COMPUTED_MICRODATA,"OECD-Mikrodaten (Public Use Files 2012/2015/2018/2022), aufbereitet in kevinwang09/learningtower; gewichteter Mittelwert (W_FSTUWT) eines Plausible Value je Domäne",
M302 (Karte),Albania,2012,math,Mittelwert,395,COMPUTED_MICRODATA,"OECD-Mikrodaten (Public Use Files 2012/2015/2018/2022), aufbereitet in kevinwang09/learningtower; gewichteter Mittelwert (W_FSTUWT) eines Plausible Value je Domäne",
M302 (Karte),Albania,2012,read,Mittelwert,394,COMPUTED_MICRODATA,"OECD-Mikrodaten (Public Use Files 2012/2015/2018/2022), aufbereitet in kevinwang09/learningtower; gewichteter Mittelwert (W_FSTUWT) eines Plausible Value je Domäne",
M302 (Karte),Albania,2012,sci,Mittelwert,398,COMPUTED_MICRODATA,"OECD-Mikrodaten (Public Use Files 2012/2015/2018/2022), aufbereitet in kevinwang09/learningtower; gewichteter Mittelwert (W_FSTUWT) eines Plausible Value je Domäne",
M302 (Karte),Albania,2015,math,Mittelwert,412,COMPUTED_MICRODATA,"OECD-Mikrodaten (Public Use Files 2012/2015/2018/2022), aufbereitet in kevinwang09/learningtower; gewichteter Mittelwert (W_FSTUWT) eines Plausible Value je Domäne",
M302 (Karte),Albania,2015,read,Mittelwert,405,COMPUTED_MICRODATA,"OECD-Mikrodaten (Public Use Files 2012/2015/2018/2022), aufbereitet in kevinwang09/learningtower; gewichteter Mittelwert (W_FSTUWT) eines Plausible Value je Domäne",
M302 (Karte),Albania,2015,sci,Mittelwert,427,COMPUTED_MICRODATA,"OECD-Mikrodaten (Public Use Files 2012/2015/2018/2022), aufbereitet in kevinwang09/learningtower; gewichteter Mittelwert (W_FSTUWT) eines Plausible Value je Domäne",
M302 (Karte),Albania,2018,math,Mittelwert,437,COMPUTED_MICRODATA,"OECD-Mikrodaten (Public Use Files 2012/2015/2018/2022), aufbereitet in kevinwang09/learningtower; gewichteter Mittelwert (W_FSTUWT) eines Plausible Value je Domäne",
M302 (Karte),Albania,2018,read,Mittelwert,405,COMPUTED_MICRODATA,"OECD-Mikrodaten (Public Use Files 2012/2015/2018/2022), aufbereitet in kevinwang09/learningtower; gewichteter Mittelwert (W_FSTUWT) eines Plausible Value je Domäne",
M302 (Karte),Albania,2018,sci,Mittelwert,416,COMPUTED_MICRODATA,"OECD-Mikrodaten (Public Use Files 2012/2015/2018/2022), aufbereitet in kevinwang09/learningtower; gewichteter Mittelwert (W_FSTUWT) eines Plausible Value je Domäne",
M302 (Karte),Albania,2022,math,Mittelwert,368,COMPUTED_MICRODATA,"OECD-Mikrodaten (Public Use Files 2012/2015/2018/2022), aufbereitet in kevinwang09/learningtower; gewichteter Mittelwert (W_FSTUWT) eines Plausible Value je Domäne",
M302 (Karte),Albania,2022,read,Mittelwert,358,COMPUTED_MICRODATA,"OECD-Mikrodaten (Public Use Files 2012/2015/2018/2022), aufbereitet in kevinwang09/learningtower; gewichteter Mittelwert (W_FSTUWT) eines Plausible Value je Domäne",
M302 (Karte),Albania,2022,sci,Mittelwert,375,COMPUTED_MICRODATA,"OECD-Mikrodaten (Public Use Files 2012/2015/2018/2022), aufbereitet in kevinwang09/learningtower; gewichteter Mittelwert (W_FSTUWT) eines Plausible Value je Domäne",
M302 (Karte),Argentina,2022,sci,Mittelwert,406,DERIVED_OFFICIAL,2025-Mittelwert − offizielle Veränderung 2022→2025 (Table I.2.6),
M302 (Karte),Argentina,2022,read,Mittelwert,401,DERIVED_OFFICIAL,2025-Mittelwert − offizielle Veränderung 2022→2025 (Table I.2.6),
M302 (Karte),Argentina,2022,math,Mittelwert,378,DERIVED_OFFICIAL,2025-Mittelwert − offizielle Veränderung 2022→2025 (Table I.2.6),
M302 (Karte),Argentina,2012,math,Mittelwert,388,COMPUTED_MICRODATA,"OECD-Mikrodaten (Public Use Files 2012/2015/2018/2022), aufbereitet in kevinwang09/learningtower; gewichteter Mittelwert (W_FSTUWT) eines Plausible Value je Domäne",
M302 (Karte),Argentina,2012,read,Mittelwert,396,COMPUTED_MICRODATA,"OECD-Mikrodaten (Public Use Files 2012/2015/2018/2022), aufbereitet in kevinwang09/learningtower; gewichteter Mittelwert (W_FSTUWT) eines Plausible Value je Domäne",
M302 (Karte),Argentina,2012,sci,Mittelwert,406,COMPUTED_MICRODATA,"OECD-Mikrodaten (Public Use Files 2012/2015/2018/2022), aufbereitet in kevinwang09/learningtower; gewichteter Mittelwert (W_FSTUWT) eines Plausible Value je Domäne",
M302 (Karte),Argentina,2018,math,Mittelwert,380,COMPUTED_MICRODATA,"OECD-Mikrodaten (Public Use Files 2012/2015/2018/2022), aufbereitet in kevinwang09/learningtower; gewichteter Mittelwert (W_FSTUWT) eines Plausible Value je Domäne",
M302 (Karte),Argentina,2018,read,Mittelwert,401,COMPUTED_MICRODATA,"OECD-Mikrodaten (Public Use Files 2012/2015/2018/2022), aufbereitet in kevinwang09/learningtower; gewichteter Mittelwert (W_FSTUWT) eines Plausible Value je Domäne",
M302 (Karte),Argentina,2018,sci,Mittelwert,406,COMPUTED_MICRODATA,"OECD-Mikrodaten (Public Use Files 2012/2015/2018/2022), aufbereitet in kevinwang09/learningtower; gewichteter Mittelwert (W_FSTUWT) eines Plausible Value je Domäne",
M302 (Karte),Saudi Arabia,2022,sci,Mittelwert,390,DERIVED_OFFICIAL,2025-Mittelwert − offizielle Veränderung 2022→2025 (Table I.2.6),
M302 (Karte),Saudi Arabia,2022,read,Mittelwert,383,DERIVED_OFFICIAL,2025-Mittelwert − offizielle Veränderung 2022→2025 (Table I.2.6),
M302 (Karte),Saudi Arabia,2022,math,Mittelwert,389,DERIVED_OFFICIAL,2025-Mittelwert − offizielle Veränderung 2022→2025 (Table I.2.6),
M302 (Karte),Saudi Arabia,2018,math,Mittelwert,374,COMPUTED_MICRODATA,"OECD-Mikrodaten (Public Use Files 2012/2015/2018/2022), aufbereitet in kevinwang09/learningtower; gewichteter Mittelwert (W_FSTUWT) eines Plausible Value je Domäne",
M302 (Karte),Saudi Arabia,2018,read,Mittelwert,399,COMPUTED_MICRODATA,"OECD-Mikrodaten (Public Use Files 2012/2015/2018/2022), aufbereitet in kevinwang09/learningtower; gewichteter Mittelwert (W_FSTUWT) eines Plausible Value je Domäne",
M302 (Karte),Saudi Arabia,2018,sci,Mittelwert,386,COMPUTED_MICRODATA,"OECD-Mikrodaten (Public Use Files 2012/2015/2018/2022), aufbereitet in kevinwang09/learningtower; gewichteter Mittelwert (W_FSTUWT) eines Plausible Value je Domäne",
M302 (Karte),Thailand,2022,sci,Mittelwert,409,DERIVED_OFFICIAL,2025-Mittelwert − offizielle Veränderung 2022→2025 (Table I.2.6),
M302 (Karte),Thailand,2022,read,Mittelwert,379,DERIVED_OFFICIAL,2025-Mittelwert − offizielle Veränderung 2022→2025 (Table I.2.6),
M302 (Karte),Thailand,2022,math,Mittelwert,394,DERIVED_OFFICIAL,2025-Mittelwert − offizielle Veränderung 2022→2025 (Table I.2.6),
M302 (Karte),Thailand,2012,math,Mittelwert,427,COMPUTED_MICRODATA,"OECD-Mikrodaten (Public Use Files 2012/2015/2018/2022), aufbereitet in kevinwang09/learningtower; gewichteter Mittelwert (W_FSTUWT) eines Plausible Value je Domäne",
M302 (Karte),Thailand,2012,read,Mittelwert,441,COMPUTED_MICRODATA,"OECD-Mikrodaten (Public Use Files 2012/2015/2018/2022), aufbereitet in kevinwang09/learningtower; gewichteter Mittelwert (W_FSTUWT) eines Plausible Value je Domäne",
M302 (Karte),Thailand,2012,sci,Mittelwert,444,COMPUTED_MICRODATA,"OECD-Mikrodaten (Public Use Files 2012/2015/2018/2022), aufbereitet in kevinwang09/learningtower; gewichteter Mittelwert (W_FSTUWT) eines Plausible Value je Domäne",
M302 (Karte),Thailand,2015,math,Mittelwert,415,COMPUTED_MICRODATA,"OECD-Mikrodaten (Public Use Files 2012/2015/2018/2022), aufbereitet in kevinwang09/learningtower; gewichteter Mittelwert (W_FSTUWT) eines Plausible Value je Domäne",
M302 (Karte),Thailand,2015,read,Mittelwert,408,COMPUTED_MICRODATA,"OECD-Mikrodaten (Public Use Files 2012/2015/2018/2022), aufbereitet in kevinwang09/learningtower; gewichteter Mittelwert (W_FSTUWT) eines Plausible Value je Domäne",
M302 (Karte),Thailand,2015,sci,Mittelwert,422,COMPUTED_MICRODATA,"OECD-Mikrodaten (Public Use Files 2012/2015/2018/2022), aufbereitet in kevinwang09/learningtower; gewichteter Mittelwert (W_FSTUWT) eines Plausible Value je Domäne",
M302 (Karte),Thailand,2018,math,Mittelwert,418,COMPUTED_MICRODATA,"OECD-Mikrodaten (Public Use Files 2012/2015/2018/2022), aufbereitet in kevinwang09/learningtower; gewichteter Mittelwert (W_FSTUWT) eines Plausible Value je Domäne",
M302 (Karte),Thailand,2018,read,Mittelwert,393,COMPUTED_MICRODATA,"OECD-Mikrodaten (Public Use Files 2012/2015/2018/2022), aufbereitet in kevinwang09/learningtower; gewichteter Mittelwert (W_FSTUWT) eines Plausible Value je Domäne",
M302 (Karte),Thailand,2018,sci,Mittelwert,425,COMPUTED_MICRODATA,"OECD-Mikrodaten (Public Use Files 2012/2015/2018/2022), aufbereitet in kevinwang09/learningtower; gewichteter Mittelwert (W_FSTUWT) eines Plausible Value je Domäne",
M302 (Karte),North Macedonia,2022,sci,Mittelwert,380,DERIVED_OFFICIAL,2025-Mittelwert − offizielle Veränderung 2022→2025 (Table I.2.6),
M302 (Karte),North Macedonia,2022,read,Mittelwert,358,DERIVED_OFFICIAL,2025-Mittelwert − offizielle Veränderung 2022→2025 (Table I.2.6),
M302 (Karte),North Macedonia,2022,math,Mittelwert,389,DERIVED_OFFICIAL,2025-Mittelwert − offizielle Veränderung 2022→2025 (Table I.2.6),
M302 (Karte),North Macedonia,2015,math,Mittelwert,372,COMPUTED_MICRODATA,"OECD-Mikrodaten (Public Use Files 2012/2015/2018/2022), aufbereitet in kevinwang09/learningtower; gewichteter Mittelwert (W_FSTUWT) eines Plausible Value je Domäne",
M302 (Karte),North Macedonia,2015,read,Mittelwert,352,COMPUTED_MICRODATA,"OECD-Mikrodaten (Public Use Files 2012/2015/2018/2022), aufbereitet in kevinwang09/learningtower; gewichteter Mittelwert (W_FSTUWT) eines Plausible Value je Domäne",
M302 (Karte),North Macedonia,2015,sci,Mittelwert,384,COMPUTED_MICRODATA,"OECD-Mikrodaten (Public Use Files 2012/2015/2018/2022), aufbereitet in kevinwang09/learningtower; gewichteter Mittelwert (W_FSTUWT) eines Plausible Value je Domäne",
M302 (Karte),North Macedonia,2018,math,Mittelwert,393,COMPUTED_MICRODATA,"OECD-Mikrodaten (Public Use Files 2012/2015/2018/2022), aufbereitet in kevinwang09/learningtower; gewichteter Mittelwert (W_FSTUWT) eines Plausible Value je Domäne",
M302 (Karte),North Macedonia,2018,read,Mittelwert,392,COMPUTED_MICRODATA,"OECD-Mikrodaten (Public Use Files 2012/2015/2018/2022), aufbereitet in kevinwang09/learningtower; gewichteter Mittelwert (W_FSTUWT) eines Plausible Value je Domäne",
M302 (Karte),North Macedonia,2018,sci,Mittelwert,412,COMPUTED_MICRODATA,"OECD-Mikrodaten (Public Use Files 2012/2015/2018/2022), aufbereitet in kevinwang09/learningtower; gewichteter Mittelwert (W_FSTUWT) eines Plausible Value je Domäne",
M302 (Karte),Kazakhstan,2022,sci,Mittelwert,423,DERIVED_OFFICIAL,2025-Mittelwert − offizielle Veränderung 2022→2025 (Table I.2.6),
M302 (Karte),Kazakhstan,2022,read,Mittelwert,386,DERIVED_OFFICIAL,2025-Mittelwert − offizielle Veränderung 2022→2025 (Table I.2.6),
M302 (Karte),Kazakhstan,2022,math,Mittelwert,425,DERIVED_OFFICIAL,2025-Mittelwert − offizielle Veränderung 2022→2025 (Table I.2.6),
M302 (Karte),Kazakhstan,2012,math,Mittelwert,432,COMPUTED_MICRODATA,"OECD-Mikrodaten (Public Use Files 2012/2015/2018/2022), aufbereitet in kevinwang09/learningtower; gewichteter Mittelwert (W_FSTUWT) eines Plausible Value je Domäne",
M302 (Karte),Kazakhstan,2012,read,Mittelwert,393,COMPUTED_MICRODATA,"OECD-Mikrodaten (Public Use Files 2012/2015/2018/2022), aufbereitet in kevinwang09/learningtower; gewichteter Mittelwert (W_FSTUWT) eines Plausible Value je Domäne",
M302 (Karte),Kazakhstan,2012,sci,Mittelwert,424,COMPUTED_MICRODATA,"OECD-Mikrodaten (Public Use Files 2012/2015/2018/2022), aufbereitet in kevinwang09/learningtower; gewichteter Mittelwert (W_FSTUWT) eines Plausible Value je Domäne",
M302 (Karte),Kazakhstan,2018,math,Mittelwert,423,COMPUTED_MICRODATA,"OECD-Mikrodaten (Public Use Files 2012/2015/2018/2022), aufbereitet in kevinwang09/learningtower; gewichteter Mittelwert (W_FSTUWT) eines Plausible Value je Domäne",
M302 (Karte),Kazakhstan,2018,read,Mittelwert,387,COMPUTED_MICRODATA,"OECD-Mikrodaten (Public Use Files 2012/2015/2018/2022), aufbereitet in kevinwang09/learningtower; gewichteter Mittelwert (W_FSTUWT) eines Plausible Value je Domäne",
M302 (Karte),Kazakhstan,2018,sci,Mittelwert,396,COMPUTED_MICRODATA,"OECD-Mikrodaten (Public Use Files 2012/2015/2018/2022), aufbereitet in kevinwang09/learningtower; gewichteter Mittelwert (W_FSTUWT) eines Plausible Value je Domäne",
M302 (Karte),Georgia,2022,sci,Mittelwert,384,DERIVED_OFFICIAL,2025-Mittelwert − offizielle Veränderung 2022→2025 (Table I.2.6),
M302 (Karte),Georgia,2022,read,Mittelwert,374,DERIVED_OFFICIAL,2025-Mittelwert − offizielle Veränderung 2022→2025 (Table I.2.6),
M302 (Karte),Georgia,2022,math,Mittelwert,390,DERIVED_OFFICIAL,2025-Mittelwert − offizielle Veränderung 2022→2025 (Table I.2.6),
M302 (Karte),Georgia,2015,math,Mittelwert,405,COMPUTED_MICRODATA,"OECD-Mikrodaten (Public Use Files 2012/2015/2018/2022), aufbereitet in kevinwang09/learningtower; gewichteter Mittelwert (W_FSTUWT) eines Plausible Value je Domäne",
M302 (Karte),Georgia,2015,read,Mittelwert,402,COMPUTED_MICRODATA,"OECD-Mikrodaten (Public Use Files 2012/2015/2018/2022), aufbereitet in kevinwang09/learningtower; gewichteter Mittelwert (W_FSTUWT) eines Plausible Value je Domäne",
M302 (Karte),Georgia,2015,sci,Mittelwert,411,COMPUTED_MICRODATA,"OECD-Mikrodaten (Public Use Files 2012/2015/2018/2022), aufbereitet in kevinwang09/learningtower; gewichteter Mittelwert (W_FSTUWT) eines Plausible Value je Domäne",
M302 (Karte),Georgia,2018,math,Mittelwert,399,COMPUTED_MICRODATA,"OECD-Mikrodaten (Public Use Files 2012/2015/2018/2022), aufbereitet in kevinwang09/learningtower; gewichteter Mittelwert (W_FSTUWT) eines Plausible Value je Domäne",
M302 (Karte),Georgia,2018,read,Mittelwert,380,COMPUTED_MICRODATA,"OECD-Mikrodaten (Public Use Files 2012/2015/2018/2022), aufbereitet in kevinwang09/learningtower; gewichteter Mittelwert (W_FSTUWT) eines Plausible Value je Domäne",
M302 (Karte),Georgia,2018,sci,Mittelwert,383,COMPUTED_MICRODATA,"OECD-Mikrodaten (Public Use Files 2012/2015/2018/2022), aufbereitet in kevinwang09/learningtower; gewichteter Mittelwert (W_FSTUWT) eines Plausible Value je Domäne",
M302 (Karte),Morocco,2022,sci,Mittelwert,365,DERIVED_OFFICIAL,2025-Mittelwert − offizielle Veränderung 2022→2025 (Table I.2.6),
M302 (Karte),Morocco,2022,read,Mittelwert,339,DERIVED_OFFICIAL,2025-Mittelwert − offizielle Veränderung 2022→2025 (Table I.2.6),
M302 (Karte),Morocco,2022,math,Mittelwert,365,DERIVED_OFFICIAL,2025-Mittelwert − offizielle Veränderung 2022→2025 (Table I.2.6),
M302 (Karte),Morocco,2018,math,Mittelwert,369,COMPUTED_MICRODATA,"OECD-Mikrodaten (Public Use Files 2012/2015/2018/2022), aufbereitet in kevinwang09/learningtower; gewichteter Mittelwert (W_FSTUWT) eines Plausible Value je Domäne",
M302 (Karte),Morocco,2018,read,Mittelwert,360,COMPUTED_MICRODATA,"OECD-Mikrodaten (Public Use Files 2012/2015/2018/2022), aufbereitet in kevinwang09/learningtower; gewichteter Mittelwert (W_FSTUWT) eines Plausible Value je Domäne",
M302 (Karte),Morocco,2018,sci,Mittelwert,378,COMPUTED_MICRODATA,"OECD-Mikrodaten (Public Use Files 2012/2015/2018/2022), aufbereitet in kevinwang09/learningtower; gewichteter Mittelwert (W_FSTUWT) eines Plausible Value je Domäne",
M302 (Karte),Lebanon,2015,math,Mittelwert,398,COMPUTED_MICRODATA,"OECD-Mikrodaten (Public Use Files 2012/2015/2018/2022), aufbereitet in kevinwang09/learningtower; gewichteter Mittelwert (W_FSTUWT) eines Plausible Value je Domäne",
M302 (Karte),Lebanon,2015,read,Mittelwert,347,COMPUTED_MICRODATA,"OECD-Mikrodaten (Public Use Files 2012/2015/2018/2022), aufbereitet in kevinwang09/learningtower; gewichteter Mittelwert (W_FSTUWT) eines Plausible Value je Domäne",
M302 (Karte),Lebanon,2015,sci,Mittelwert,387,COMPUTED_MICRODATA,"OECD-Mikrodaten (Public Use Files 2012/2015/2018/2022), aufbereitet in kevinwang09/learningtower; gewichteter Mittelwert (W_FSTUWT) eines Plausible Value je Domäne",
M302 (Karte),Lebanon,2018,math,Mittelwert,394,COMPUTED_MICRODATA,"OECD-Mikrodaten (Public Use Files 2012/2015/2018/2022), aufbereitet in kevinwang09/learningtower; gewichteter Mittelwert (W_FSTUWT) eines Plausible Value je Domäne",
M302 (Karte),Lebanon,2018,read,Mittelwert,353,COMPUTED_MICRODATA,"OECD-Mikrodaten (Public Use Files 2012/2015/2018/2022), aufbereitet in kevinwang09/learningtower; gewichteter Mittelwert (W_FSTUWT) eines Plausible Value je Domäne",
M302 (Karte),Lebanon,2018,sci,Mittelwert,385,COMPUTED_MICRODATA,"OECD-Mikrodaten (Public Use Files 2012/2015/2018/2022), aufbereitet in kevinwang09/learningtower; gewichteter Mittelwert (W_FSTUWT) eines Plausible Value je Domäne",
M302 (Karte),Kosovo,2022,sci,Mittelwert,357,DERIVED_OFFICIAL,2025-Mittelwert − offizielle Veränderung 2022→2025 (Table I.2.6),
M302 (Karte),Kosovo,2022,read,Mittelwert,342,DERIVED_OFFICIAL,2025-Mittelwert − offizielle Veränderung 2022→2025 (Table I.2.6),
M302 (Karte),Kosovo,2022,math,Mittelwert,355,DERIVED_OFFICIAL,2025-Mittelwert − offizielle Veränderung 2022→2025 (Table I.2.6),
M302 (Karte),Kosovo,2015,math,Mittelwert,362,COMPUTED_MICRODATA,"OECD-Mikrodaten (Public Use Files 2012/2015/2018/2022), aufbereitet in kevinwang09/learningtower; gewichteter Mittelwert (W_FSTUWT) eines Plausible Value je Domäne",
M302 (Karte),Kosovo,2015,read,Mittelwert,347,COMPUTED_MICRODATA,"OECD-Mikrodaten (Public Use Files 2012/2015/2018/2022), aufbereitet in kevinwang09/learningtower; gewichteter Mittelwert (W_FSTUWT) eines Plausible Value je Domäne",
M302 (Karte),Kosovo,2015,sci,Mittelwert,378,COMPUTED_MICRODATA,"OECD-Mikrodaten (Public Use Files 2012/2015/2018/2022), aufbereitet in kevinwang09/learningtower; gewichteter Mittelwert (W_FSTUWT) eines Plausible Value je Domäne",
M302 (Karte),Kosovo,2018,math,Mittelwert,365,COMPUTED_MICRODATA,"OECD-Mikrodaten (Public Use Files 2012/2015/2018/2022), aufbereitet in kevinwang09/learningtower; gewichteter Mittelwert (W_FSTUWT) eines Plausible Value je Domäne",
M302 (Karte),Kosovo,2018,read,Mittelwert,352,COMPUTED_MICRODATA,"OECD-Mikrodaten (Public Use Files 2012/2015/2018/2022), aufbereitet in kevinwang09/learningtower; gewichteter Mittelwert (W_FSTUWT) eines Plausible Value je Domäne",
M302 (Karte),Kosovo,2018,sci,Mittelwert,365,COMPUTED_MICRODATA,"OECD-Mikrodaten (Public Use Files 2012/2015/2018/2022), aufbereitet in kevinwang09/learningtower; gewichteter Mittelwert (W_FSTUWT) eines Plausible Value je Domäne",
M302 (Karte),Dominican Republic,2022,sci,Mittelwert,360,DERIVED_OFFICIAL,2025-Mittelwert − offizielle Veränderung 2022→2025 (Table I.2.6),
M302 (Karte),Dominican Republic,2022,read,Mittelwert,351,DERIVED_OFFICIAL,2025-Mittelwert − offizielle Veränderung 2022→2025 (Table I.2.6),
M302 (Karte),Dominican Republic,2022,math,Mittelwert,339,DERIVED_OFFICIAL,2025-Mittelwert − offizielle Veränderung 2022→2025 (Table I.2.6),
M302 (Karte),Dominican Republic,2015,math,Mittelwert,329,COMPUTED_MICRODATA,"OECD-Mikrodaten (Public Use Files 2012/2015/2018/2022), aufbereitet in kevinwang09/learningtower; gewichteter Mittelwert (W_FSTUWT) eines Plausible Value je Domäne",
M302 (Karte),Dominican Republic,2015,read,Mittelwert,358,COMPUTED_MICRODATA,"OECD-Mikrodaten (Public Use Files 2012/2015/2018/2022), aufbereitet in kevinwang09/learningtower; gewichteter Mittelwert (W_FSTUWT) eines Plausible Value je Domäne",
M302 (Karte),Dominican Republic,2015,sci,Mittelwert,331,COMPUTED_MICRODATA,"OECD-Mikrodaten (Public Use Files 2012/2015/2018/2022), aufbereitet in kevinwang09/learningtower; gewichteter Mittelwert (W_FSTUWT) eines Plausible Value je Domäne",
M302 (Karte),Dominican Republic,2018,math,Mittelwert,324,COMPUTED_MICRODATA,"OECD-Mikrodaten (Public Use Files 2012/2015/2018/2022), aufbereitet in kevinwang09/learningtower; gewichteter Mittelwert (W_FSTUWT) eines Plausible Value je Domäne",
M302 (Karte),Dominican Republic,2018,read,Mittelwert,341,COMPUTED_MICRODATA,"OECD-Mikrodaten (Public Use Files 2012/2015/2018/2022), aufbereitet in kevinwang09/learningtower; gewichteter Mittelwert (W_FSTUWT) eines Plausible Value je Domäne",
M302 (Karte),Dominican Republic,2018,sci,Mittelwert,335,COMPUTED_MICRODATA,"OECD-Mikrodaten (Public Use Files 2012/2015/2018/2022), aufbereitet in kevinwang09/learningtower; gewichteter Mittelwert (W_FSTUWT) eines Plausible Value je Domäne",
M302 (Karte),Philippines,2022,sci,Mittelwert,356,DERIVED_OFFICIAL,2025-Mittelwert − offizielle Veränderung 2022→2025 (Table I.2.6),
M302 (Karte),Philippines,2022,read,Mittelwert,346,DERIVED_OFFICIAL,2025-Mittelwert − offizielle Veränderung 2022→2025 (Table I.2.6),
M302 (Karte),Philippines,2022,math,Mittelwert,355,DERIVED_OFFICIAL,2025-Mittelwert − offizielle Veränderung 2022→2025 (Table I.2.6),
M302 (Karte),Philippines,2018,math,Mittelwert,352,COMPUTED_MICRODATA,"OECD-Mikrodaten (Public Use Files 2012/2015/2018/2022), aufbereitet in kevinwang09/learningtower; gewichteter Mittelwert (W_FSTUWT) eines Plausible Value je Domäne",
M302 (Karte),Philippines,2018,read,Mittelwert,340,COMPUTED_MICRODATA,"OECD-Mikrodaten (Public Use Files 2012/2015/2018/2022), aufbereitet in kevinwang09/learningtower; gewichteter Mittelwert (W_FSTUWT) eines Plausible Value je Domäne",
M302 (Karte),Philippines,2018,sci,Mittelwert,358,COMPUTED_MICRODATA,"OECD-Mikrodaten (Public Use Files 2012/2015/2018/2022), aufbereitet in kevinwang09/learningtower; gewichteter Mittelwert (W_FSTUWT) eines Plausible Value je Domäne",
M302 (Karte),Viet Nam,2012,math,Mittelwert,511,COMPUTED_MICRODATA,"OECD-Mikrodaten (Public Use Files 2012/2015/2018/2022), aufbereitet in kevinwang09/learningtower; gewichteter Mittelwert (W_FSTUWT) eines Plausible Value je Domäne",
M302 (Karte),Viet Nam,2012,read,Mittelwert,508,COMPUTED_MICRODATA,"OECD-Mikrodaten (Public Use Files 2012/2015/2018/2022), aufbereitet in kevinwang09/learningtower; gewichteter Mittelwert (W_FSTUWT) eines Plausible Value je Domäne",
M302 (Karte),Viet Nam,2012,sci,Mittelwert,528,COMPUTED_MICRODATA,"OECD-Mikrodaten (Public Use Files 2012/2015/2018/2022), aufbereitet in kevinwang09/learningtower; gewichteter Mittelwert (W_FSTUWT) eines Plausible Value je Domäne",
M302 (Karte),Viet Nam,2015,math,Mittelwert,493,COMPUTED_MICRODATA,"OECD-Mikrodaten (Public Use Files 2012/2015/2018/2022), aufbereitet in kevinwang09/learningtower; gewichteter Mittelwert (W_FSTUWT) eines Plausible Value je Domäne",
M302 (Karte),Viet Nam,2015,read,Mittelwert,488,COMPUTED_MICRODATA,"OECD-Mikrodaten (Public Use Files 2012/2015/2018/2022), aufbereitet in kevinwang09/learningtower; gewichteter Mittelwert (W_FSTUWT) eines Plausible Value je Domäne",
M302 (Karte),Viet Nam,2015,sci,Mittelwert,524,COMPUTED_MICRODATA,"OECD-Mikrodaten (Public Use Files 2012/2015/2018/2022), aufbereitet in kevinwang09/learningtower; gewichteter Mittelwert (W_FSTUWT) eines Plausible Value je Domäne",
M302 (Karte),Viet Nam,2022,math,Mittelwert,470,COMPUTED_MICRODATA,"OECD-Mikrodaten (Public Use Files 2012/2015/2018/2022), aufbereitet in kevinwang09/learningtower; gewichteter Mittelwert (W_FSTUWT) eines Plausible Value je Domäne",
M302 (Karte),Viet Nam,2022,read,Mittelwert,462,COMPUTED_MICRODATA,"OECD-Mikrodaten (Public Use Files 2012/2015/2018/2022), aufbereitet in kevinwang09/learningtower; gewichteter Mittelwert (W_FSTUWT) eines Plausible Value je Domäne",
M302 (Karte),Viet Nam,2022,sci,Mittelwert,474,COMPUTED_MICRODATA,"OECD-Mikrodaten (Public Use Files 2012/2015/2018/2022), aufbereitet in kevinwang09/learningtower; gewichteter Mittelwert (W_FSTUWT) eines Plausible Value je Domäne",
M302 (Karte),Uzbekistan,2022,math,Mittelwert,364,COMPUTED_MICRODATA,"OECD-Mikrodaten (Public Use Files 2012/2015/2018/2022), aufbereitet in kevinwang09/learningtower; gewichteter Mittelwert (W_FSTUWT) eines Plausible Value je Domäne",
M302 (Karte),Uzbekistan,2022,read,Mittelwert,336,COMPUTED_MICRODATA,"OECD-Mikrodaten (Public Use Files 2012/2015/2018/2022), aufbereitet in kevinwang09/learningtower; gewichteter Mittelwert (W_FSTUWT) eines Plausible Value je Domäne",
M302 (Karte),Uzbekistan,2022,sci,Mittelwert,355,COMPUTED_MICRODATA,"OECD-Mikrodaten (Public Use Files 2012/2015/2018/2022), aufbereitet in kevinwang09/learningtower; gewichteter Mittelwert (W_FSTUWT) eines Plausible Value je Domäne",
M302 (Karte),Mongolia,2022,sci,Mittelwert,412,DERIVED_OFFICIAL,2025-Mittelwert − offizielle Veränderung 2022→2025 (Table I.2.6),
M302 (Karte),Mongolia,2022,read,Mittelwert,378,DERIVED_OFFICIAL,2025-Mittelwert − offizielle Veränderung 2022→2025 (Table I.2.6),
M302 (Karte),Mongolia,2022,math,Mittelwert,425,DERIVED_OFFICIAL,2025-Mittelwert − offizielle Veränderung 2022→2025 (Table I.2.6),
M302 (Karte),El Salvador,2022,sci,Mittelwert,373,DERIVED_OFFICIAL,2025-Mittelwert − offizielle Veränderung 2022→2025 (Table I.2.6),
M302 (Karte),El Salvador,2022,read,Mittelwert,365,DERIVED_OFFICIAL,2025-Mittelwert − offizielle Veränderung 2022→2025 (Table I.2.6),
M302 (Karte),El Salvador,2022,math,Mittelwert,343,DERIVED_OFFICIAL,2025-Mittelwert − offizielle Veränderung 2022→2025 (Table I.2.6),
M302 (Karte),Cambodia,2022,sci,Mittelwert,347,DERIVED_OFFICIAL,2025-Mittelwert − offizielle Veränderung 2022→2025 (Table I.2.6),
M302 (Karte),Cambodia,2022,read,Mittelwert,329,DERIVED_OFFICIAL,2025-Mittelwert − offizielle Veränderung 2022→2025 (Table I.2.6),
M302 (Karte),Cambodia,2022,math,Mittelwert,336,DERIVED_OFFICIAL,2025-Mittelwert − offizielle Veränderung 2022→2025 (Table I.2.6),
M302 (Karte),Palestinian Authority,2022,sci,Mittelwert,376,DERIVED_OFFICIAL,2025-Mittelwert − offizielle Veränderung 2022→2025 (Table I.2.6),
M302 (Karte),Palestinian Authority,2022,read,Mittelwert,356,DERIVED_OFFICIAL,2025-Mittelwert − offizielle Veränderung 2022→2025 (Table I.2.6),
M302 (Karte),Palestinian Authority,2022,math,Mittelwert,372,DERIVED_OFFICIAL,2025-Mittelwert − offizielle Veränderung 2022→2025 (Table I.2.6),
M302 (Karte),Paraguay,2022,sci,Mittelwert,368,DERIVED_OFFICIAL,2025-Mittelwert − offizielle Veränderung 2022→2025 (Table I.2.6),
M302 (Karte),Paraguay,2022,read,Mittelwert,373,DERIVED_OFFICIAL,2025-Mittelwert − offizielle Veränderung 2022→2025 (Table I.2.6),
M302 (Karte),Paraguay,2022,math,Mittelwert,338,DERIVED_OFFICIAL,2025-Mittelwert − offizielle Veränderung 2022→2025 (Table I.2.6),
M302 (Karte),Guatemala,2022,sci,Mittelwert,373,DERIVED_OFFICIAL,2025-Mittelwert − offizielle Veränderung 2022→2025 (Table I.2.6),
M302 (Karte),Guatemala,2022,read,Mittelwert,374,DERIVED_OFFICIAL,2025-Mittelwert − offizielle Veränderung 2022→2025 (Table I.2.6),
M302 (Karte),Guatemala,2022,math,Mittelwert,344,DERIVED_OFFICIAL,2025-Mittelwert − offizielle Veränderung 2022→2025 (Table I.2.6),
M302 (Karte),Shanghai (China),2012,math,Mittelwert,612,COMPUTED_MICRODATA,"OECD-Mikrodaten (Public Use Files 2012/2015/2018/2022), aufbereitet in kevinwang09/learningtower; gewichteter Mittelwert (W_FSTUWT) eines Plausible Value je Domäne",
M302 (Karte),Shanghai (China),2012,read,Mittelwert,568,COMPUTED_MICRODATA,"OECD-Mikrodaten (Public Use Files 2012/2015/2018/2022), aufbereitet in kevinwang09/learningtower; gewichteter Mittelwert (W_FSTUWT) eines Plausible Value je Domäne",
M302 (Karte),Shanghai (China),2012,sci,Mittelwert,579,COMPUTED_MICRODATA,"OECD-Mikrodaten (Public Use Files 2012/2015/2018/2022), aufbereitet in kevinwang09/learningtower; gewichteter Mittelwert (W_FSTUWT) eines Plausible Value je Domäne",
M302 (Karte),Tunisia,2012,math,Mittelwert,388,COMPUTED_MICRODATA,"OECD-Mikrodaten (Public Use Files 2012/2015/2018/2022), aufbereitet in kevinwang09/learningtower; gewichteter Mittelwert (W_FSTUWT) eines Plausible Value je Domäne",
M302 (Karte),Tunisia,2012,read,Mittelwert,404,COMPUTED_MICRODATA,"OECD-Mikrodaten (Public Use Files 2012/2015/2018/2022), aufbereitet in kevinwang09/learningtower; gewichteter Mittelwert (W_FSTUWT) eines Plausible Value je Domäne",
M302 (Karte),Tunisia,2012,sci,Mittelwert,398,COMPUTED_MICRODATA,"OECD-Mikrodaten (Public Use Files 2012/2015/2018/2022), aufbereitet in kevinwang09/learningtower; gewichteter Mittelwert (W_FSTUWT) eines Plausible Value je Domäne",
M302 (Karte),Tunisia,2015,math,Mittelwert,365,COMPUTED_MICRODATA,"OECD-Mikrodaten (Public Use Files 2012/2015/2018/2022), aufbereitet in kevinwang09/learningtower; gewichteter Mittelwert (W_FSTUWT) eines Plausible Value je Domäne",
M302 (Karte),Tunisia,2015,read,Mittelwert,359,COMPUTED_MICRODATA,"OECD-Mikrodaten (Public Use Files 2012/2015/2018/2022), aufbereitet in kevinwang09/learningtower; gewichteter Mittelwert (W_FSTUWT) eines Plausible Value je Domäne",
M302 (Karte),Tunisia,2015,sci,Mittelwert,385,COMPUTED_MICRODATA,"OECD-Mikrodaten (Public Use Files 2012/2015/2018/2022), aufbereitet in kevinwang09/learningtower; gewichteter Mittelwert (W_FSTUWT) eines Plausible Value je Domäne",
M302 (Karte),Algeria,2015,math,Mittelwert,360,COMPUTED_MICRODATA,"OECD-Mikrodaten (Public Use Files 2012/2015/2018/2022), aufbereitet in kevinwang09/learningtower; gewichteter Mittelwert (W_FSTUWT) eines Plausible Value je Domäne",
M302 (Karte),Algeria,2015,read,Mittelwert,348,COMPUTED_MICRODATA,"OECD-Mikrodaten (Public Use Files 2012/2015/2018/2022), aufbereitet in kevinwang09/learningtower; gewichteter Mittelwert (W_FSTUWT) eines Plausible Value je Domäne",
M302 (Karte),Algeria,2015,sci,Mittelwert,377,COMPUTED_MICRODATA,"OECD-Mikrodaten (Public Use Files 2012/2015/2018/2022), aufbereitet in kevinwang09/learningtower; gewichteter Mittelwert (W_FSTUWT) eines Plausible Value je Domäne",
M302 (Karte),Argentina (CABA),2015,math,Mittelwert,458,COMPUTED_MICRODATA,"OECD-Mikrodaten (Public Use Files 2012/2015/2018/2022), aufbereitet in kevinwang09/learningtower; gewichteter Mittelwert (W_FSTUWT) eines Plausible Value je Domäne",
M302 (Karte),Argentina (CABA),2015,read,Mittelwert,474,COMPUTED_MICRODATA,"OECD-Mikrodaten (Public Use Files 2012/2015/2018/2022), aufbereitet in kevinwang09/learningtower; gewichteter Mittelwert (W_FSTUWT) eines Plausible Value je Domäne",
M302 (Karte),Argentina (CABA),2015,sci,Mittelwert,476,COMPUTED_MICRODATA,"OECD-Mikrodaten (Public Use Files 2012/2015/2018/2022), aufbereitet in kevinwang09/learningtower; gewichteter Mittelwert (W_FSTUWT) eines Plausible Value je Domäne",
M302 (Karte),B-S-J-G (China),2015,math,Mittelwert,530,COMPUTED_MICRODATA,"OECD-Mikrodaten (Public Use Files 2012/2015/2018/2022), aufbereitet in kevinwang09/learningtower; gewichteter Mittelwert (W_FSTUWT) eines Plausible Value je Domäne",
M302 (Karte),B-S-J-G (China),2015,read,Mittelwert,494,COMPUTED_MICRODATA,"OECD-Mikrodaten (Public Use Files 2012/2015/2018/2022), aufbereitet in kevinwang09/learningtower; gewichteter Mittelwert (W_FSTUWT) eines Plausible Value je Domäne",
M302 (Karte),B-S-J-G (China),2015,sci,Mittelwert,518,COMPUTED_MICRODATA,"OECD-Mikrodaten (Public Use Files 2012/2015/2018/2022), aufbereitet in kevinwang09/learningtower; gewichteter Mittelwert (W_FSTUWT) eines Plausible Value je Domäne",
M302 (Karte),Spain (regions),2015,math,Mittelwert,485,COMPUTED_MICRODATA,"OECD-Mikrodaten (Public Use Files 2012/2015/2018/2022), aufbereitet in kevinwang09/learningtower; gewichteter Mittelwert (W_FSTUWT) eines Plausible Value je Domäne",
M302 (Karte),Spain (regions),2015,read,Mittelwert,496,COMPUTED_MICRODATA,"OECD-Mikrodaten (Public Use Files 2012/2015/2018/2022), aufbereitet in kevinwang09/learningtower; gewichteter Mittelwert (W_FSTUWT) eines Plausible Value je Domäne",
M302 (Karte),Spain (regions),2015,sci,Mittelwert,494,COMPUTED_MICRODATA,"OECD-Mikrodaten (Public Use Files 2012/2015/2018/2022), aufbereitet in kevinwang09/learningtower; gewichteter Mittelwert (W_FSTUWT) eines Plausible Value je Domäne",
M302 (Karte),Dubai (UAE),2015,math,Mittelwert,379,COMPUTED_MICRODATA,"OECD-Mikrodaten (Public Use Files 2012/2015/2018/2022), aufbereitet in kevinwang09/learningtower; gewichteter Mittelwert (W_FSTUWT) eines Plausible Value je Domäne",
M302 (Karte),Dubai (UAE),2015,read,Mittelwert,410,COMPUTED_MICRODATA,"OECD-Mikrodaten (Public Use Files 2012/2015/2018/2022), aufbereitet in kevinwang09/learningtower; gewichteter Mittelwert (W_FSTUWT) eines Plausible Value je Domäne",
M302 (Karte),Dubai (UAE),2015,sci,Mittelwert,403,COMPUTED_MICRODATA,"OECD-Mikrodaten (Public Use Files 2012/2015/2018/2022), aufbereitet in kevinwang09/learningtower; gewichteter Mittelwert (W_FSTUWT) eines Plausible Value je Domäne",
M302 (Karte),Trinidad and Tobago,2015,math,Mittelwert,419,COMPUTED_MICRODATA,"OECD-Mikrodaten (Public Use Files 2012/2015/2018/2022), aufbereitet in kevinwang09/learningtower; gewichteter Mittelwert (W_FSTUWT) eines Plausible Value je Domäne",
M302 (Karte),Trinidad and Tobago,2015,read,Mittelwert,428,COMPUTED_MICRODATA,"OECD-Mikrodaten (Public Use Files 2012/2015/2018/2022), aufbereitet in kevinwang09/learningtower; gewichteter Mittelwert (W_FSTUWT) eines Plausible Value je Domäne",
M302 (Karte),Trinidad and Tobago,2015,sci,Mittelwert,425,COMPUTED_MICRODATA,"OECD-Mikrodaten (Public Use Files 2012/2015/2018/2022), aufbereitet in kevinwang09/learningtower; gewichteter Mittelwert (W_FSTUWT) eines Plausible Value je Domäne",
M302 (Karte),Bosnia and Herzegovina,2018,math,Mittelwert,407,COMPUTED_MICRODATA,"OECD-Mikrodaten (Public Use Files 2012/2015/2018/2022), aufbereitet in kevinwang09/learningtower; gewichteter Mittelwert (W_FSTUWT) eines Plausible Value je Domäne",
M302 (Karte),Bosnia and Herzegovina,2018,read,Mittelwert,403,COMPUTED_MICRODATA,"OECD-Mikrodaten (Public Use Files 2012/2015/2018/2022), aufbereitet in kevinwang09/learningtower; gewichteter Mittelwert (W_FSTUWT) eines Plausible Value je Domäne",
M302 (Karte),Bosnia and Herzegovina,2018,sci,Mittelwert,398,COMPUTED_MICRODATA,"OECD-Mikrodaten (Public Use Files 2012/2015/2018/2022), aufbereitet in kevinwang09/learningtower; gewichteter Mittelwert (W_FSTUWT) eines Plausible Value je Domäne",
M302 (Karte),Belarus,2018,math,Mittelwert,472,COMPUTED_MICRODATA,"OECD-Mikrodaten (Public Use Files 2012/2015/2018/2022), aufbereitet in kevinwang09/learningtower; gewichteter Mittelwert (W_FSTUWT) eines Plausible Value je Domäne",
M302 (Karte),Belarus,2018,read,Mittelwert,474,COMPUTED_MICRODATA,"OECD-Mikrodaten (Public Use Files 2012/2015/2018/2022), aufbereitet in kevinwang09/learningtower; gewichteter Mittelwert (W_FSTUWT) eines Plausible Value je Domäne",
M302 (Karte),Belarus,2018,sci,Mittelwert,472,COMPUTED_MICRODATA,"OECD-Mikrodaten (Public Use Files 2012/2015/2018/2022), aufbereitet in kevinwang09/learningtower; gewichteter Mittelwert (W_FSTUWT) eines Plausible Value je Domäne",
M302 (Karte),Panama,2018,math,Mittelwert,352,COMPUTED_MICRODATA,"OECD-Mikrodaten (Public Use Files 2012/2015/2018/2022), aufbereitet in kevinwang09/learningtower; gewichteter Mittelwert (W_FSTUWT) eines Plausible Value je Domäne",
M302 (Karte),Panama,2018,read,Mittelwert,378,COMPUTED_MICRODATA,"OECD-Mikrodaten (Public Use Files 2012/2015/2018/2022), aufbereitet in kevinwang09/learningtower; gewichteter Mittelwert (W_FSTUWT) eines Plausible Value je Domäne",
M302 (Karte),Panama,2018,sci,Mittelwert,365,COMPUTED_MICRODATA,"OECD-Mikrodaten (Public Use Files 2012/2015/2018/2022), aufbereitet in kevinwang09/learningtower; gewichteter Mittelwert (W_FSTUWT) eines Plausible Value je Domäne",
M302 (Karte),Panama,2022,math,Mittelwert,357,COMPUTED_MICRODATA,"OECD-Mikrodaten (Public Use Files 2012/2015/2018/2022), aufbereitet in kevinwang09/learningtower; gewichteter Mittelwert (W_FSTUWT) eines Plausible Value je Domäne",
M302 (Karte),Panama,2022,read,Mittelwert,392,COMPUTED_MICRODATA,"OECD-Mikrodaten (Public Use Files 2012/2015/2018/2022), aufbereitet in kevinwang09/learningtower; gewichteter Mittelwert (W_FSTUWT) eines Plausible Value je Domäne",
M302 (Karte),Panama,2022,sci,Mittelwert,389,COMPUTED_MICRODATA,"OECD-Mikrodaten (Public Use Files 2012/2015/2018/2022), aufbereitet in kevinwang09/learningtower; gewichteter Mittelwert (W_FSTUWT) eines Plausible Value je Domäne",
M302 (Karte),Baku (Azerbaijan),2018,math,Mittelwert,420,COMPUTED_MICRODATA,"OECD-Mikrodaten (Public Use Files 2012/2015/2018/2022), aufbereitet in kevinwang09/learningtower; gewichteter Mittelwert (W_FSTUWT) eines Plausible Value je Domäne",
M302 (Karte),Baku (Azerbaijan),2018,read,Mittelwert,390,COMPUTED_MICRODATA,"OECD-Mikrodaten (Public Use Files 2012/2015/2018/2022), aufbereitet in kevinwang09/learningtower; gewichteter Mittelwert (W_FSTUWT) eines Plausible Value je Domäne",
M302 (Karte),Baku (Azerbaijan),2018,sci,Mittelwert,397,COMPUTED_MICRODATA,"OECD-Mikrodaten (Public Use Files 2012/2015/2018/2022), aufbereitet in kevinwang09/learningtower; gewichteter Mittelwert (W_FSTUWT) eines Plausible Value je Domäne",
M302 (Karte),Baku (Azerbaijan),2022,math,Mittelwert,398,COMPUTED_MICRODATA,"OECD-Mikrodaten (Public Use Files 2012/2015/2018/2022), aufbereitet in kevinwang09/learningtower; gewichteter Mittelwert (W_FSTUWT) eines Plausible Value je Domäne",
M302 (Karte),Baku (Azerbaijan),2022,read,Mittelwert,365,COMPUTED_MICRODATA,"OECD-Mikrodaten (Public Use Files 2012/2015/2018/2022), aufbereitet in kevinwang09/learningtower; gewichteter Mittelwert (W_FSTUWT) eines Plausible Value je Domäne",
M302 (Karte),Baku (Azerbaijan),2022,sci,Mittelwert,380,COMPUTED_MICRODATA,"OECD-Mikrodaten (Public Use Files 2012/2015/2018/2022), aufbereitet in kevinwang09/learningtower; gewichteter Mittelwert (W_FSTUWT) eines Plausible Value je Domäne",
M302 (Karte),Moscow region (Russia),2018,math,Mittelwert,494,COMPUTED_MICRODATA,"OECD-Mikrodaten (Public Use Files 2012/2015/2018/2022), aufbereitet in kevinwang09/learningtower; gewichteter Mittelwert (W_FSTUWT) eines Plausible Value je Domäne",
M302 (Karte),Moscow region (Russia),2018,read,Mittelwert,487,COMPUTED_MICRODATA,"OECD-Mikrodaten (Public Use Files 2012/2015/2018/2022), aufbereitet in kevinwang09/learningtower; gewichteter Mittelwert (W_FSTUWT) eines Plausible Value je Domäne",
M302 (Karte),Moscow region (Russia),2018,sci,Mittelwert,484,COMPUTED_MICRODATA,"OECD-Mikrodaten (Public Use Files 2012/2015/2018/2022), aufbereitet in kevinwang09/learningtower; gewichteter Mittelwert (W_FSTUWT) eines Plausible Value je Domäne",
M302 (Karte),Tatarstan (Russia),2018,math,Mittelwert,476,COMPUTED_MICRODATA,"OECD-Mikrodaten (Public Use Files 2012/2015/2018/2022), aufbereitet in kevinwang09/learningtower; gewichteter Mittelwert (W_FSTUWT) eines Plausible Value je Domäne",
M302 (Karte),Tatarstan (Russia),2018,read,Mittelwert,462,COMPUTED_MICRODATA,"OECD-Mikrodaten (Public Use Files 2012/2015/2018/2022), aufbereitet in kevinwang09/learningtower; gewichteter Mittelwert (W_FSTUWT) eines Plausible Value je Domäne",
M302 (Karte),Tatarstan (Russia),2018,sci,Mittelwert,462,COMPUTED_MICRODATA,"OECD-Mikrodaten (Public Use Files 2012/2015/2018/2022), aufbereitet in kevinwang09/learningtower; gewichteter Mittelwert (W_FSTUWT) eines Plausible Value je Domäne",
